scenario,attack_ratio,seed,sim_time_us,mote,record_type,time_ticks,actual_rank,advertised_rank,decrement,time_s
50n_10p_seed1,0.1,1,8616000,39,DRA_ADVERTISE,8478,357,128,512,8.478
50n_10p_seed1,0.1,1,8874000,39,DRA_ADVERTISE,8736,357,128,512,8.736
50n_10p_seed1,0.1,1,9801000,39,DRA_ADVERTISE,9663,357,128,512,9.663
50n_10p_seed1,0.1,1,12059000,39,DRA_ADVERTISE,11921,357,128,512,11.921
50n_10p_seed1,0.1,1,14710000,39,DRA_ADVERTISE,14572,357,128,512,14.572
50n_10p_seed1,0.1,1,16209000,28,DRA_ADVERTISE,15789,355,128,512,15.789
50n_10p_seed1,0.1,1,16666000,28,DRA_ADVERTISE,16246,355,128,512,16.246
50n_10p_seed1,0.1,1,17803000,28,DRA_ADVERTISE,17383,355,128,512,17.383
50n_10p_seed1,0.1,1,18897000,28,DRA_ADVERTISE,18477,355,128,512,18.477
50n_10p_seed1,0.1,1,18932008,39,DRA_ADVERTISE,18794,357,128,512,18.794
50n_10p_seed1,0.1,1,19291000,28,DRA_ADVERTISE,18871,355,128,512,18.871
50n_10p_seed1,0.1,1,20034000,28,DRA_ADVERTISE,19614,355,128,512,19.614
50n_10p_seed1,0.1,1,20282000,28,DRA_ADVERTISE,19862,355,128,512,19.862
50n_10p_seed1,0.1,1,20874000,28,DRA_ADVERTISE,20454,345,128,512,20.454
50n_10p_seed1,0.1,1,20900008,39,DRA_ADVERTISE,20762,346,128,512,20.762
50n_10p_seed1,0.1,1,20929000,6,DRA_ADVERTISE,20115,518,128,512,20.115
50n_10p_seed1,0.1,1,21179000,39,DRA_ADVERTISE,21041,339,128,512,21.041
50n_10p_seed1,0.1,1,21330000,6,DRA_ADVERTISE,20516,518,128,512,20.516
50n_10p_seed1,0.1,1,21564000,28,DRA_ADVERTISE,21144,345,128,512,21.144
50n_10p_seed1,0.1,1,21850008,39,DRA_ADVERTISE,21712,339,128,512,21.712
50n_10p_seed1,0.1,1,22011000,6,DRA_ADVERTISE,21197,518,128,512,21.197
50n_10p_seed1,0.1,1,22188000,24,DRA_ADVERTISE,22009,306,128,512,22.009
50n_10p_seed1,0.1,1,22668000,24,DRA_ADVERTISE,22489,306,128,512,22.489
50n_10p_seed1,0.1,1,22866952,39,DRA_ADVERTISE,22728,330,128,512,22.728
50n_10p_seed1,0.1,1,23482000,24,DRA_ADVERTISE,23303,306,128,512,23.303
50n_10p_seed1,0.1,1,23754000,28,DRA_ADVERTISE,23334,345,128,512,23.334
50n_10p_seed1,0.1,1,23854008,28,DRA_ADVERTISE,23434,345,128,512,23.434
50n_10p_seed1,0.1,1,24315000,6,DRA_ADVERTISE,23501,510,128,512,23.501
50n_10p_seed1,0.1,1,24420008,28,DRA_ADVERTISE,24000,336,128,512,24.0
50n_10p_seed1,0.1,1,25455000,24,DRA_ADVERTISE,25276,306,128,512,25.276
50n_10p_seed1,0.1,1,26237000,28,DRA_ADVERTISE,25817,328,128,512,25.817
50n_10p_seed1,0.1,1,26797000,6,DRA_ADVERTISE,25983,503,128,512,25.983
50n_10p_seed1,0.1,1,27946008,28,DRA_ADVERTISE,27526,320,128,512,27.526
50n_10p_seed1,0.1,1,29011008,6,DRA_ADVERTISE,28197,503,128,512,28.197
50n_10p_seed1,0.1,1,29369000,24,DRA_ADVERTISE,29190,306,128,512,29.19
50n_10p_seed1,0.1,1,31136952,28,DRA_ADVERTISE,30716,313,128,512,30.716
50n_10p_seed1,0.1,1,31888920,24,DRA_ADVERTISE,31709,306,128,512,31.709
50n_10p_seed1,0.1,1,32795000,9,DRA_ADVERTISE,32556,305,128,512,32.556
50n_10p_seed1,0.1,1,33221000,9,DRA_ADVERTISE,32982,305,128,512,32.982
50n_10p_seed1,0.1,1,33546952,28,DRA_ADVERTISE,33126,307,128,512,33.126
50n_10p_seed1,0.1,1,33620000,28,DRA_ADVERTISE,33200,301,128,512,33.2
50n_10p_seed1,0.1,1,33915000,9,DRA_ADVERTISE,33676,305,128,512,33.676
50n_10p_seed1,0.1,1,34346000,6,DRA_ADVERTISE,33532,490,128,512,33.532
50n_10p_seed1,0.1,1,36165000,24,DRA_ADVERTISE,35986,292,128,512,35.986
50n_10p_seed1,0.1,1,36404000,9,DRA_ADVERTISE,36165,305,128,512,36.165
50n_10p_seed1,0.1,1,37725000,39,DRA_ADVERTISE,37587,289,128,512,37.587
50n_10p_seed1,0.1,1,39162000,9,DRA_ADVERTISE,38923,305,128,512,38.923
50n_10p_seed1,0.1,1,44780000,9,DRA_ADVERTISE,44541,305,128,512,44.541
50n_10p_seed1,0.1,1,45907920,6,DRA_ADVERTISE,45093,485,128,512,45.093
50n_10p_seed1,0.1,1,52373000,28,DRA_ADVERTISE,51953,288,128,512,51.953
50n_10p_seed1,0.1,1,52776000,6,DRA_ADVERTISE,51962,456,128,512,51.962
50n_10p_seed1,0.1,1,53545000,39,DRA_ADVERTISE,53407,285,128,512,53.407
50n_10p_seed1,0.1,1,54512000,24,DRA_ADVERTISE,54333,288,128,512,54.333
50n_10p_seed1,0.1,1,54821000,39,DRA_ADVERTISE,54683,285,128,512,54.683
50n_10p_seed1,0.1,1,63171000,28,DRA_ADVERTISE,62751,284,128,512,62.751
50n_10p_seed1,0.1,1,64382000,9,DRA_ADVERTISE,64143,300,128,512,64.143
50n_10p_seed1,0.1,1,66995000,28,DRA_ADVERTISE,66575,284,128,512,66.575
50n_10p_seed1,0.1,1,68658000,6,DRA_ADVERTISE,67844,439,128,512,67.844
50n_10p_seed1,0.1,1,69525000,6,DRA_ADVERTISE,68711,439,128,512,68.711
50n_10p_seed1,0.1,1,69657920,6,DRA_ADVERTISE,68843,439,128,512,68.843
50n_10p_seed1,0.1,1,69793000,24,DRA_ADVERTISE,69614,281,128,512,69.614
50n_10p_seed1,0.1,1,71801000,39,DRA_ADVERTISE,71663,276,128,512,71.663
50n_10p_seed1,0.1,1,75510000,9,DRA_ADVERTISE,75271,300,128,512,75.271
50n_10p_seed1,0.1,1,77824000,24,DRA_ADVERTISE,77645,278,128,512,77.645
50n_10p_seed1,0.1,1,84164000,28,DRA_ADVERTISE,83744,275,128,512,83.744
50n_10p_seed1,0.1,1,84860000,6,DRA_ADVERTISE,84046,425,128,512,84.046
50n_10p_seed1,0.1,1,87054000,24,DRA_ADVERTISE,86875,275,128,512,86.875
50n_10p_seed1,0.1,1,87236000,39,DRA_ADVERTISE,87098,265,128,512,87.098
50n_10p_seed1,0.1,1,90843000,9,DRA_ADVERTISE,90604,295,128,512,90.604
50n_10p_seed1,0.1,1,93635000,28,DRA_ADVERTISE,93215,271,128,512,93.215
50n_10p_seed1,0.1,1,95383000,9,DRA_ADVERTISE,95144,295,128,512,95.144
50n_10p_seed1,0.1,1,95963000,24,DRA_ADVERTISE,95784,275,128,512,95.784
50n_10p_seed1,0.1,1,99659000,6,DRA_ADVERTISE,98845,425,128,512,98.845
50n_10p_seed1,0.1,1,101819000,39,DRA_ADVERTISE,101681,261,128,512,101.681
50n_10p_seed1,0.1,1,106331000,9,DRA_ADVERTISE,106092,295,128,512,106.092
50n_10p_seed1,0.1,1,106820952,6,DRA_ADVERTISE,106006,425,128,512,106.006
50n_10p_seed1,0.1,1,113426000,6,DRA_ADVERTISE,112612,417,128,512,112.612
50n_10p_seed1,0.1,1,115798000,28,DRA_ADVERTISE,115378,263,128,512,115.378
50n_10p_seed1,0.1,1,116998000,39,DRA_ADVERTISE,116860,256,128,512,116.86
50n_10p_seed1,0.1,1,119131000,24,DRA_ADVERTISE,118952,269,128,512,118.952
50n_10p_seed1,0.1,1,123347000,9,DRA_ADVERTISE,123108,291,128,512,123.108
50n_10p_seed1,0.1,1,124131000,39,DRA_ADVERTISE,123993,256,128,512,123.993
50n_10p_seed1,0.1,1,125977000,6,DRA_ADVERTISE,125163,414,128,512,125.163
50n_10p_seed1,0.1,1,130270000,28,DRA_ADVERTISE,129850,261,128,512,129.85
50n_10p_seed1,0.1,1,132650000,6,DRA_ADVERTISE,131836,414,128,512,131.836
50n_10p_seed1,0.1,1,135599000,24,DRA_ADVERTISE,135420,267,128,512,135.42
50n_10p_seed1,0.1,1,135619192,6,DRA_ADVERTISE,134805,407,128,512,134.805
50n_10p_seed1,0.1,1,137853000,39,DRA_ADVERTISE,137715,256,128,512,137.715
50n_10p_seed1,0.1,1,142990000,28,DRA_ADVERTISE,142570,258,128,512,142.57
50n_10p_seed1,0.1,1,146831000,9,DRA_ADVERTISE,146592,287,128,512,146.592
50n_10p_seed1,0.1,1,146844000,6,DRA_ADVERTISE,146030,403,128,512,146.03
50n_10p_seed1,0.1,1,148105000,24,DRA_ADVERTISE,147926,264,128,512,147.926
50n_10p_seed1,0.1,1,149483000,24,DRA_ADVERTISE,149304,264,128,512,149.304
50n_10p_seed1,0.1,1,151953000,28,DRA_ADVERTISE,151533,258,128,512,151.533
50n_10p_seed1,0.1,1,154452000,39,DRA_ADVERTISE,154314,256,128,512,154.314
50n_10p_seed1,0.1,1,161634000,9,DRA_ADVERTISE,161395,287,128,512,161.395
50n_10p_seed1,0.1,1,161962000,28,DRA_ADVERTISE,161542,268,128,512,161.542
50n_10p_seed1,0.1,1,162948000,6,DRA_ADVERTISE,162134,401,128,512,162.134
50n_10p_seed1,0.1,1,163886000,39,DRA_ADVERTISE,163748,256,128,512,163.748
50n_10p_seed1,0.1,1,169033000,24,DRA_ADVERTISE,168854,262,128,512,168.854
50n_10p_seed1,0.1,1,169392000,9,DRA_ADVERTISE,169153,283,128,512,169.153
50n_10p_seed1,0.1,1,169989952,6,DRA_ADVERTISE,169175,401,128,512,169.175
50n_10p_seed1,0.1,1,177401000,9,DRA_ADVERTISE,177162,283,128,512,177.162
50n_10p_seed1,0.1,1,177655000,39,DRA_ADVERTISE,177517,256,128,512,177.517
50n_10p_seed1,0.1,1,177863000,6,DRA_ADVERTISE,177049,399,128,512,177.049
50n_10p_seed1,0.1,1,178192000,24,DRA_ADVERTISE,178013,261,128,512,178.013
50n_10p_seed1,0.1,1,183312000,28,DRA_ADVERTISE,182892,265,128,512,182.892
50n_10p_seed1,0.1,1,185442000,39,DRA_ADVERTISE,185304,256,128,512,185.304
50n_10p_seed1,0.1,1,191196000,9,DRA_ADVERTISE,190957,283,128,512,190.957
50n_10p_seed1,0.1,1,198565000,28,DRA_ADVERTISE,198145,261,128,512,198.145
50n_10p_seed1,0.1,1,199360952,6,DRA_ADVERTISE,198546,397,128,512,198.546
50n_10p_seed1,0.1,1,199589000,6,DRA_ADVERTISE,198775,395,128,512,198.775
50n_10p_seed1,0.1,1,199663000,24,DRA_ADVERTISE,199484,259,128,512,199.484
50n_10p_seed1,0.1,1,200937984,39,DRA_ADVERTISE,200799,266,128,512,200.799
50n_10p_seed1,0.1,1,201671000,39,DRA_ADVERTISE,201533,265,128,512,201.533
50n_10p_seed1,0.1,1,209848000,6,DRA_ADVERTISE,209034,395,128,512,209.034
50n_10p_seed1,0.1,1,211225000,28,DRA_ADVERTISE,210805,259,128,512,210.805
50n_10p_seed1,0.1,1,212258000,9,DRA_ADVERTISE,212019,280,128,512,212.019
50n_10p_seed1,0.1,1,213338000,24,DRA_ADVERTISE,213159,258,128,512,213.159
50n_10p_seed1,0.1,1,215119000,28,DRA_ADVERTISE,214699,259,128,512,214.699
50n_10p_seed1,0.1,1,215131000,6,DRA_ADVERTISE,214317,393,128,512,214.317
50n_10p_seed1,0.1,1,219993000,39,DRA_ADVERTISE,219855,265,128,512,219.855
50n_10p_seed1,0.1,1,220810240,39,DRA_ADVERTISE,220672,265,128,512,220.672
50n_10p_seed1,0.1,1,224559240,39,DRA_ADVERTISE,224421,262,128,512,224.421
50n_10p_seed1,0.1,1,226151952,6,DRA_ADVERTISE,225337,393,128,512,225.337
50n_10p_seed1,0.1,1,226909000,24,DRA_ADVERTISE,226730,256,128,512,226.73
50n_10p_seed1,0.1,1,228512000,9,DRA_ADVERTISE,228273,277,128,512,228.273
50n_10p_seed1,0.1,1,229266000,28,DRA_ADVERTISE,228846,256,128,512,228.846
50n_10p_seed1,0.1,1,233020000,6,DRA_ADVERTISE,232206,392,128,512,232.206
50n_10p_seed1,0.1,1,236782000,39,DRA_ADVERTISE,236644,258,128,512,236.644
50n_10p_seed1,0.1,1,237095984,39,DRA_ADVERTISE,236957,258,128,512,236.957
50n_10p_seed1,0.1,1,237821000,9,DRA_ADVERTISE,237582,277,128,512,237.582
50n_10p_seed1,0.1,1,239448000,9,DRA_ADVERTISE,239209,277,128,512,239.209
50n_10p_seed1,0.1,1,244610000,28,DRA_ADVERTISE,244190,256,128,512,244.19
50n_10p_seed1,0.1,1,244753240,39,DRA_ADVERTISE,244615,257,128,512,244.615
50n_10p_seed1,0.1,1,245001000,6,DRA_ADVERTISE,244187,392,128,512,244.187
50n_10p_seed1,0.1,1,246784000,39,DRA_ADVERTISE,246646,256,128,512,246.646
50n_10p_seed1,0.1,1,248929000,24,DRA_ADVERTISE,248750,256,128,512,248.75
50n_10p_seed1,0.1,1,249565192,6,DRA_ADVERTISE,248751,391,128,512,248.751
50n_10p_seed1,0.1,1,253353000,39,DRA_ADVERTISE,253215,256,128,512,253.215
50n_10p_seed1,0.1,1,255412000,24,DRA_ADVERTISE,255233,256,128,512,255.233
50n_10p_seed1,0.1,1,257087000,9,DRA_ADVERTISE,256848,274,128,512,256.848
50n_10p_seed1,0.1,1,259390000,28,DRA_ADVERTISE,258970,256,128,512,258.97
50n_10p_seed1,0.1,1,261142000,6,DRA_ADVERTISE,260328,390,128,512,260.328
50n_10p_seed1,0.1,1,262757000,6,DRA_ADVERTISE,261943,390,128,512,261.943
50n_10p_seed1,0.1,1,266679000,24,DRA_ADVERTISE,266500,256,128,512,266.5
50n_10p_seed1,0.1,1,267346000,39,DRA_ADVERTISE,267208,256,128,512,267.208
50n_10p_seed1,0.1,1,272566952,6,DRA_ADVERTISE,271752,390,128,512,271.752
50n_10p_seed1,0.1,1,275884000,6,DRA_ADVERTISE,275070,388,128,512,275.07
50n_10p_seed1,0.1,1,275975000,9,DRA_ADVERTISE,275736,272,128,512,275.736
50n_10p_seed1,0.1,1,277068000,24,DRA_ADVERTISE,276889,256,128,512,276.889
50n_10p_seed1,0.1,1,278038000,28,DRA_ADVERTISE,277618,256,128,512,277.618
50n_10p_seed1,0.1,1,283423000,39,DRA_ADVERTISE,283285,256,128,512,283.285
50n_10p_seed1,0.1,1,283509000,28,DRA_ADVERTISE,283089,256,128,512,283.089
50n_10p_seed1,0.1,1,287931000,9,DRA_ADVERTISE,287692,272,128,512,287.692
50n_10p_seed1,0.1,1,294093192,6,DRA_ADVERTISE,293279,387,128,512,293.279
50n_10p_seed1,0.1,1,294516000,6,DRA_ADVERTISE,293702,387,128,512,293.702
50n_10p_seed1,0.1,1,296125000,28,DRA_ADVERTISE,295705,256,128,512,295.705
50n_10p_seed1,0.1,1,296374000,9,DRA_ADVERTISE,296135,272,128,512,296.135
50n_10p_seed1,0.1,1,298586000,24,DRA_ADVERTISE,298407,256,128,512,298.407
50n_10p_seed1,0.1,1,300780000,39,DRA_ADVERTISE,300642,256,128,512,300.642
50n_10p_seed1,0.1,1,305759000,9,DRA_ADVERTISE,305520,270,128,512,305.52
50n_10p_seed1,0.1,1,311258000,6,DRA_ADVERTISE,310444,386,128,512,310.444
50n_10p_seed1,0.1,1,313838000,24,DRA_ADVERTISE,313659,256,128,512,313.659
50n_10p_seed1,0.1,1,314326000,39,DRA_ADVERTISE,314188,256,128,512,314.188
50n_10p_seed1,0.1,1,314411000,28,DRA_ADVERTISE,313991,256,128,512,313.991
50n_10p_seed1,0.1,1,322660984,6,DRA_ADVERTISE,321846,386,128,512,321.846
50n_10p_seed1,0.1,1,324885000,39,DRA_ADVERTISE,324747,256,128,512,324.747
50n_10p_seed1,0.1,1,324896000,9,DRA_ADVERTISE,324657,268,128,512,324.657
50n_10p_seed1,0.1,1,324937000,28,DRA_ADVERTISE,324517,256,128,512,324.517
50n_10p_seed1,0.1,1,325047000,6,DRA_ADVERTISE,324233,385,128,512,324.233
50n_10p_seed1,0.1,1,326733000,24,DRA_ADVERTISE,326554,256,128,512,326.554
50n_10p_seed1,0.1,1,327949000,39,DRA_ADVERTISE,327811,256,128,512,327.811
50n_10p_seed1,0.1,1,330708000,24,DRA_ADVERTISE,330529,256,128,512,330.529
50n_10p_seed1,0.1,1,336404000,9,DRA_ADVERTISE,336165,268,128,512,336.165
50n_10p_seed1,0.1,1,341877000,28,DRA_ADVERTISE,341457,256,128,512,341.457
50n_10p_seed1,0.1,1,343846984,6,DRA_ADVERTISE,343032,384,128,512,343.032
50n_10p_seed1,0.1,1,344367000,24,DRA_ADVERTISE,344188,256,128,512,344.188
50n_10p_seed1,0.1,1,344451000,28,DRA_ADVERTISE,344031,256,128,512,344.031
50n_10p_seed1,0.1,1,344807000,6,DRA_ADVERTISE,343993,384,128,512,343.993
50n_10p_seed1,0.1,1,348184000,39,DRA_ADVERTISE,348046,256,128,512,348.046
50n_10p_seed1,0.1,1,358644000,24,DRA_ADVERTISE,358465,256,128,512,358.465
50n_10p_seed1,0.1,1,359236000,6,DRA_ADVERTISE,358422,384,128,512,358.422
50n_10p_seed1,0.1,1,359554000,9,DRA_ADVERTISE,359315,266,128,512,359.315
50n_10p_seed1,0.1,1,362629000,6,DRA_ADVERTISE,361815,384,128,512,361.815
50n_10p_seed1,0.1,1,362837000,28,DRA_ADVERTISE,362417,256,128,512,362.417
50n_10p_seed1,0.1,1,363470000,39,DRA_ADVERTISE,363332,256,128,512,363.332
50n_10p_seed1,0.1,1,364865000,9,DRA_ADVERTISE,364626,266,128,512,364.626
50n_10p_seed1,0.1,1,370941984,6,DRA_ADVERTISE,370127,384,128,512,370.127
50n_10p_seed1,0.1,1,371129000,9,DRA_ADVERTISE,370890,266,128,512,370.89
50n_10p_seed1,0.1,1,373240000,39,DRA_ADVERTISE,373102,256,128,512,373.102
50n_10p_seed1,0.1,1,375379000,28,DRA_ADVERTISE,374959,256,128,512,374.959
50n_10p_seed1,0.1,1,377001000,6,DRA_ADVERTISE,376187,384,128,512,376.187
50n_10p_seed1,0.1,1,379711000,24,DRA_ADVERTISE,379532,256,128,512,379.532
50n_10p_seed1,0.1,1,383865000,39,DRA_ADVERTISE,383727,256,128,512,383.727
50n_10p_seed1,0.1,1,384793000,9,DRA_ADVERTISE,384554,265,128,512,384.554
50n_10p_seed1,0.1,1,388540000,28,DRA_ADVERTISE,388120,256,128,512,388.12
50n_10p_seed1,0.1,1,392488000,6,DRA_ADVERTISE,391674,384,128,512,391.674
50n_10p_seed1,0.1,1,394358000,24,DRA_ADVERTISE,394179,256,128,512,394.179
50n_10p_seed1,0.1,1,397415000,39,DRA_ADVERTISE,397277,256,128,512,397.277
50n_10p_seed1,0.1,1,405434000,9,DRA_ADVERTISE,405195,265,128,512,405.195
50n_10p_seed1,0.1,1,406423984,6,DRA_ADVERTISE,405609,384,128,512,405.609
50n_10p_seed1,0.1,1,410016000,28,DRA_ADVERTISE,409596,256,128,512,409.596
50n_10p_seed1,0.1,1,411709000,6,DRA_ADVERTISE,410895,384,128,512,410.895
50n_10p_seed1,0.1,1,412465000,39,DRA_ADVERTISE,412327,256,128,512,412.327
50n_10p_seed1,0.1,1,412482000,24,DRA_ADVERTISE,412303,256,128,512,412.303
50n_10p_seed1,0.1,1,418313000,9,DRA_ADVERTISE,418074,264,128,512,418.074
50n_10p_seed1,0.1,1,418691000,9,DRA_ADVERTISE,418452,264,128,512,418.452
50n_10p_seed1,0.1,1,419756000,24,DRA_ADVERTISE,419577,256,128,512,419.577
50n_10p_seed1,0.1,1,425328000,6,DRA_ADVERTISE,424514,384,128,512,424.514
50n_10p_seed1,0.1,1,429306000,28,DRA_ADVERTISE,428886,256,128,512,428.886
50n_10p_seed1,0.1,1,429909000,24,DRA_ADVERTISE,429730,256,128,512,429.73
50n_10p_seed1,0.1,1,432512000,39,DRA_ADVERTISE,432374,256,128,512,432.374
50n_10p_seed1,0.1,1,440080000,9,DRA_ADVERTISE,439841,264,128,512,439.841
50n_10p_seed1,0.1,1,440579984,6,DRA_ADVERTISE,439765,384,128,512,439.765
50n_10p_seed1,0.1,1,441853000,6,DRA_ADVERTISE,441039,384,128,512,441.039
50n_10p_seed1,0.1,1,443763000,39,DRA_ADVERTISE,443625,256,128,512,443.625
50n_10p_seed1,0.1,1,443842000,28,DRA_ADVERTISE,443422,256,128,512,443.422
50n_10p_seed1,0.1,1,444225000,24,DRA_ADVERTISE,444046,256,128,512,444.046
50n_10p_seed1,0.1,1,445744000,28,DRA_ADVERTISE,445324,256,128,512,445.324
50n_10p_seed1,0.1,1,448109000,39,DRA_ADVERTISE,447971,256,128,512,447.971
50n_10p_seed1,0.1,1,456205000,6,DRA_ADVERTISE,455391,384,128,512,455.391
50n_10p_seed1,0.1,1,456288000,24,DRA_ADVERTISE,456109,256,128,512,456.109
50n_10p_seed1,0.1,1,457686000,9,DRA_ADVERTISE,457447,263,128,512,457.447
50n_10p_seed1,0.1,1,458460000,28,DRA_ADVERTISE,458040,256,128,512,458.04
50n_10p_seed1,0.1,1,461098984,6,DRA_ADVERTISE,460284,384,128,512,460.284
50n_10p_seed1,0.1,1,464135000,39,DRA_ADVERTISE,463997,256,128,512,463.997
50n_10p_seed1,0.1,1,465899000,6,DRA_ADVERTISE,465085,384,128,512,465.085
50n_10p_seed1,0.1,1,472760000,28,DRA_ADVERTISE,472340,256,128,512,472.34
50n_10p_seed1,0.1,1,473922000,9,DRA_ADVERTISE,473683,262,128,512,473.683
50n_10p_seed1,0.1,1,474044000,6,DRA_ADVERTISE,473230,384,128,512,473.23
50n_10p_seed1,0.1,1,475031000,24,DRA_ADVERTISE,474852,256,128,512,474.852
50n_10p_seed1,0.1,1,477432000,39,DRA_ADVERTISE,477294,256,128,512,477.294
50n_10p_seed1,0.1,1,486129000,9,DRA_ADVERTISE,485890,262,128,512,485.89
50n_10p_seed1,0.1,1,488472000,6,DRA_ADVERTISE,487658,384,128,512,487.658
50n_10p_seed1,0.1,1,489702000,28,DRA_ADVERTISE,489282,256,128,512,489.282
50n_10p_seed1,0.1,1,492731000,39,DRA_ADVERTISE,492593,256,128,512,492.593
50n_10p_seed1,0.1,1,494650000,24,DRA_ADVERTISE,494471,256,128,512,494.471
50n_10p_seed1,0.1,1,500664984,6,DRA_ADVERTISE,499850,384,128,512,499.85
50n_10p_seed1,0.1,1,501253000,9,DRA_ADVERTISE,501014,287,128,512,501.014
50n_10p_seed1,0.1,1,504421000,6,DRA_ADVERTISE,503607,384,128,512,503.607
50n_10p_seed1,0.1,1,507444000,24,DRA_ADVERTISE,507265,256,128,512,507.265
50n_10p_seed1,0.1,1,509031000,28,DRA_ADVERTISE,508611,256,128,512,508.611
50n_10p_seed1,0.1,1,511791000,39,DRA_ADVERTISE,511653,256,128,512,511.653
50n_10p_seed1,0.1,1,512405000,24,DRA_ADVERTISE,512226,268,128,512,512.226
50n_10p_seed1,0.1,1,516044000,9,DRA_ADVERTISE,515805,283,128,512,515.805
50n_10p_seed1,0.1,1,517574000,39,DRA_ADVERTISE,517436,256,128,512,517.436
50n_10p_seed1,0.1,1,520533000,9,DRA_ADVERTISE,520294,283,128,512,520.294
50n_10p_seed1,0.1,1,521913000,6,DRA_ADVERTISE,521099,384,128,512,521.099
50n_10p_seed1,0.1,1,523394000,24,DRA_ADVERTISE,523215,266,128,512,523.215
50n_10p_seed1,0.1,1,524685000,28,DRA_ADVERTISE,524265,256,128,512,524.265
50n_10p_seed1,0.1,1,530577984,6,DRA_ADVERTISE,529763,384,128,512,529.763
50n_10p_seed1,0.1,1,530975000,39,DRA_ADVERTISE,530837,256,128,512,530.837
50n_10p_seed1,0.1,1,536946000,9,DRA_ADVERTISE,536707,283,128,512,536.707
50n_10p_seed1,0.1,1,537146000,28,DRA_ADVERTISE,536726,256,128,512,536.726
50n_10p_seed1,0.1,1,537460000,6,DRA_ADVERTISE,536646,384,128,512,536.646
50n_10p_seed1,0.1,1,538900984,24,DRA_ADVERTISE,538721,266,128,512,538.721
50n_10p_seed1,0.1,1,542397000,24,DRA_ADVERTISE,542218,277,128,512,542.218
50n_10p_seed1,0.1,1,547241000,39,DRA_ADVERTISE,547103,256,128,512,547.103
50n_10p_seed1,0.1,1,553213984,6,DRA_ADVERTISE,552399,409,128,512,552.399
50n_10p_seed1,0.1,1,553467000,6,DRA_ADVERTISE,552653,409,128,512,552.653
50n_10p_seed1,0.1,1,554645000,24,DRA_ADVERTISE,554466,272,128,512,554.466
50n_10p_seed1,0.1,1,555018000,28,DRA_ADVERTISE,554598,256,128,512,554.598
50n_10p_seed1,0.1,1,555666000,9,DRA_ADVERTISE,555427,280,128,512,555.427
50n_10p_seed1,0.1,1,559744000,28,DRA_ADVERTISE,559324,256,128,512,559.324
50n_10p_seed1,0.1,1,563830000,39,DRA_ADVERTISE,563692,256,128,512,563.692
50n_10p_seed1,0.1,1,566997000,9,DRA_ADVERTISE,566758,280,128,512,566.758
50n_10p_seed1,0.1,1,568010000,6,DRA_ADVERTISE,567196,401,128,512,567.196
50n_10p_seed1,0.1,1,569894984,24,DRA_ADVERTISE,569715,272,128,512,569.715
50n_10p_seed1,0.1,1,571501000,6,DRA_ADVERTISE,570687,397,128,512,570.687
50n_10p_seed1,0.1,1,572824000,28,DRA_ADVERTISE,572404,256,128,512,572.404
50n_10p_seed1,0.1,1,574946000,39,DRA_ADVERTISE,574808,256,128,512,574.808
50n_10p_seed1,0.1,1,575903000,24,DRA_ADVERTISE,575724,268,128,512,575.724
50n_10p_seed1,0.1,1,584572000,9,DRA_ADVERTISE,584333,277,128,512,584.333
50n_10p_seed1,0.1,1,585343000,28,DRA_ADVERTISE,584923,256,128,512,584.923
50n_10p_seed1,0.1,1,585382000,39,DRA_ADVERTISE,585244,256,128,512,585.244
50n_10p_seed1,0.1,1,587720000,24,DRA_ADVERTISE,587541,266,128,512,587.541
50n_10p_seed1,0.1,1,590098984,6,DRA_ADVERTISE,589284,393,128,512,589.284
50n_10p_seed1,0.1,1,591274000,6,DRA_ADVERTISE,590460,393,128,512,590.46
50n_10p_seed1,0.1,1,596583000,39,DRA_ADVERTISE,596445,256,128,512,596.445
50n_10p_seed1,0.1,1,596685984,24,DRA_ADVERTISE,596506,266,128,512,596.506
50n_10p_seed1,0.1,1,599691000,9,DRA_ADVERTISE,599452,277,128,512,599.452
50n_20p_seed1,0.2,1,9336000,29,DRA_ADVERTISE,9299,343,128,512,9.299
50n_20p_seed1,0.2,1,9765000,29,DRA_ADVERTISE,9728,343,128,512,9.728
50n_20p_seed1,0.2,1,10535000,29,DRA_ADVERTISE,10498,343,128,512,10.498
50n_20p_seed1,0.2,1,11495000,36,DRA_ADVERTISE,10812,333,128,512,10.812
50n_20p_seed1,0.2,1,11974000,36,DRA_ADVERTISE,11291,333,128,512,11.291
50n_20p_seed1,0.2,1,12370000,29,DRA_ADVERTISE,12333,343,128,512,12.333
50n_20p_seed1,0.2,1,12999000,36,DRA_ADVERTISE,12316,333,128,512,12.316
50n_20p_seed1,0.2,1,14380000,32,DRA_ADVERTISE,13638,311,128,512,13.638
50n_20p_seed1,0.2,1,14567000,36,DRA_ADVERTISE,13884,333,128,512,13.884
50n_20p_seed1,0.2,1,14700000,38,DRA_ADVERTISE,13730,343,128,512,13.73
50n_20p_seed1,0.2,1,14705000,32,DRA_ADVERTISE,13963,311,128,512,13.963
50n_20p_seed1,0.2,1,15247000,38,DRA_ADVERTISE,14277,343,128,512,14.277
50n_20p_seed1,0.2,1,15884000,22,DRA_ADVERTISE,15164,343,128,512,15.164
50n_20p_seed1,0.2,1,15884000,32,DRA_ADVERTISE,15142,311,128,512,15.142
50n_20p_seed1,0.2,1,16035000,47,DRA_ADVERTISE,15611,299,128,512,15.611
50n_20p_seed1,0.2,1,16099000,36,DRA_ADVERTISE,15416,333,128,512,15.416
50n_20p_seed1,0.2,1,16179000,38,DRA_ADVERTISE,15209,343,128,512,15.209
50n_20p_seed1,0.2,1,16219000,22,DRA_ADVERTISE,15499,343,128,512,15.499
50n_20p_seed1,0.2,1,16447000,47,DRA_ADVERTISE,16023,299,128,512,16.023
50n_20p_seed1,0.2,1,16629000,36,DRA_ADVERTISE,15946,333,128,512,15.946
50n_20p_seed1,0.2,1,16633000,22,DRA_ADVERTISE,15913,343,128,512,15.913
50n_20p_seed1,0.2,1,16909000,29,DRA_ADVERTISE,16872,343,128,512,16.872
50n_20p_seed1,0.2,1,17250000,32,DRA_ADVERTISE,16508,311,128,512,16.508
50n_20p_seed1,0.2,1,17273000,36,DRA_ADVERTISE,16590,325,128,512,16.59
50n_20p_seed1,0.2,1,17318000,22,DRA_ADVERTISE,16598,343,128,512,16.598
50n_20p_seed1,0.2,1,17327000,47,DRA_ADVERTISE,16903,299,128,512,16.903
50n_20p_seed1,0.2,1,18062000,38,DRA_ADVERTISE,17092,343,128,512,17.092
50n_20p_seed1,0.2,1,18513000,6,DRA_ADVERTISE,17699,525,128,512,17.699
50n_20p_seed1,0.2,1,18813000,22,DRA_ADVERTISE,18093,343,128,512,18.093
50n_20p_seed1,0.2,1,18860000,36,DRA_ADVERTISE,18177,325,128,512,18.177
50n_20p_seed1,0.2,1,19143000,47,DRA_ADVERTISE,18719,299,128,512,18.719
50n_20p_seed1,0.2,1,19250000,22,DRA_ADVERTISE,18530,343,128,512,18.53
50n_20p_seed1,0.2,1,19267000,36,DRA_ADVERTISE,18584,325,128,512,18.584
50n_20p_seed1,0.2,1,19576008,29,DRA_ADVERTISE,19539,343,128,512,19.539
50n_20p_seed1,0.2,1,19816000,22,DRA_ADVERTISE,19096,343,128,512,19.096
50n_20p_seed1,0.2,1,19864000,44,DRA_ADVERTISE,19444,310,128,512,19.444
50n_20p_seed1,0.2,1,19979000,36,DRA_ADVERTISE,19296,325,128,512,19.296
50n_20p_seed1,0.2,1,20398000,6,DRA_ADVERTISE,19584,518,128,512,19.584
50n_20p_seed1,0.2,1,20439000,44,DRA_ADVERTISE,20019,310,128,512,20.019
50n_20p_seed1,0.2,1,20550000,32,DRA_ADVERTISE,19808,311,128,512,19.808
50n_20p_seed1,0.2,1,20617000,22,DRA_ADVERTISE,19897,343,128,512,19.897
50n_20p_seed1,0.2,1,20968000,6,DRA_ADVERTISE,20154,510,128,512,20.154
50n_20p_seed1,0.2,1,21027008,29,DRA_ADVERTISE,20990,326,128,512,20.99
50n_20p_seed1,0.2,1,21174000,44,DRA_ADVERTISE,20754,310,128,512,20.754
50n_20p_seed1,0.2,1,21415000,38,DRA_ADVERTISE,20445,343,128,512,20.445
50n_20p_seed1,0.2,1,21589000,6,DRA_ADVERTISE,20775,510,128,512,20.775
50n_20p_seed1,0.2,1,21742008,36,DRA_ADVERTISE,21059,325,128,512,21.059
50n_20p_seed1,0.2,1,21790296,36,DRA_ADVERTISE,21107,318,128,512,21.107
50n_20p_seed1,0.2,1,21939000,22,DRA_ADVERTISE,21219,343,128,512,21.219
50n_20p_seed1,0.2,1,22707000,29,DRA_ADVERTISE,22670,319,128,512,22.67
50n_20p_seed1,0.2,1,23105000,44,DRA_ADVERTISE,22685,310,128,512,22.685
50n_20p_seed1,0.2,1,23316000,47,DRA_ADVERTISE,22892,299,128,512,22.892
50n_20p_seed1,0.2,1,23477000,6,DRA_ADVERTISE,22663,510,128,512,22.663
50n_20p_seed1,0.2,1,24205952,29,DRA_ADVERTISE,24168,319,128,512,24.168
50n_20p_seed1,0.2,1,25786000,36,DRA_ADVERTISE,25103,291,128,512,25.103
50n_20p_seed1,0.2,1,25965000,44,DRA_ADVERTISE,25545,304,128,512,25.545
50n_20p_seed1,0.2,1,26328000,22,DRA_ADVERTISE,25608,334,128,512,25.608
50n_20p_seed1,0.2,1,26390000,32,DRA_ADVERTISE,25648,305,128,512,25.648
50n_20p_seed1,0.2,1,26596296,29,DRA_ADVERTISE,26559,312,128,512,26.559
50n_20p_seed1,0.2,1,26883008,22,DRA_ADVERTISE,26163,334,128,512,26.163
50n_20p_seed1,0.2,1,26979000,50,DRA_ADVERTISE,25982,323,128,512,25.982
50n_20p_seed1,0.2,1,27192000,6,DRA_ADVERTISE,26378,510,128,512,26.378
50n_20p_seed1,0.2,1,27371000,50,DRA_ADVERTISE,26374,323,128,512,26.374
50n_20p_seed1,0.2,1,28379000,50,DRA_ADVERTISE,27382,323,128,512,27.382
50n_20p_seed1,0.2,1,29134008,47,DRA_ADVERTISE,28710,299,128,512,28.71
50n_20p_seed1,0.2,1,29171000,38,DRA_ADVERTISE,28201,334,128,512,28.201
50n_20p_seed1,0.2,1,29334008,22,DRA_ADVERTISE,28614,326,128,512,28.614
50n_20p_seed1,0.2,1,29437000,33,DRA_ADVERTISE,29329,299,128,512,29.329
50n_20p_seed1,0.2,1,29827000,50,DRA_ADVERTISE,28830,323,128,512,28.83
50n_20p_seed1,0.2,1,29908000,33,DRA_ADVERTISE,29800,299,128,512,29.8
50n_20p_seed1,0.2,1,30656000,33,DRA_ADVERTISE,30548,299,128,512,30.548
50n_20p_seed1,0.2,1,31036000,36,DRA_ADVERTISE,30353,283,128,512,30.353
50n_20p_seed1,0.2,1,32311000,22,DRA_ADVERTISE,31591,306,128,512,31.591
50n_20p_seed1,0.2,1,32417000,6,DRA_ADVERTISE,31603,510,128,512,31.603
50n_20p_seed1,0.2,1,32540000,33,DRA_ADVERTISE,32432,299,128,512,32.432
50n_20p_seed1,0.2,1,32706920,22,DRA_ADVERTISE,31986,306,128,512,31.986
50n_20p_seed1,0.2,1,33084000,50,DRA_ADVERTISE,32087,323,128,512,32.087
50n_20p_seed1,0.2,1,33298000,44,DRA_ADVERTISE,32878,299,128,512,32.878
50n_20p_seed1,0.2,1,35594008,6,DRA_ADVERTISE,34780,504,128,512,34.78
50n_20p_seed1,0.2,1,36547000,33,DRA_ADVERTISE,36439,299,128,512,36.439
50n_20p_seed1,0.2,1,40959000,50,DRA_ADVERTISE,39962,316,128,512,39.962
50n_20p_seed1,0.2,1,41600000,29,DRA_ADVERTISE,41563,288,128,512,41.563
50n_20p_seed1,0.2,1,43203000,33,DRA_ADVERTISE,43095,299,128,512,43.095
50n_20p_seed1,0.2,1,43892952,22,DRA_ADVERTISE,43172,301,128,512,43.172
50n_20p_seed1,0.2,1,44218000,38,DRA_ADVERTISE,43248,334,128,512,43.248
50n_20p_seed1,0.2,1,45253000,32,DRA_ADVERTISE,44511,280,128,512,44.511
50n_20p_seed1,0.2,1,47703000,47,DRA_ADVERTISE,47279,303,128,512,47.279
50n_20p_seed1,0.2,1,48493000,36,DRA_ADVERTISE,47810,274,128,512,47.81
50n_20p_seed1,0.2,1,49254000,22,DRA_ADVERTISE,48534,296,128,512,48.534
50n_20p_seed1,0.2,1,51186000,44,DRA_ADVERTISE,50766,294,128,512,50.766
50n_20p_seed1,0.2,1,51811000,6,DRA_ADVERTISE,50997,474,128,512,50.997
50n_20p_seed1,0.2,1,53424920,6,DRA_ADVERTISE,52610,474,128,512,52.61
50n_20p_seed1,0.2,1,53621000,29,DRA_ADVERTISE,53584,288,128,512,53.584
50n_20p_seed1,0.2,1,54357000,33,DRA_ADVERTISE,54249,299,128,512,54.249
50n_20p_seed1,0.2,1,56258952,47,DRA_ADVERTISE,55834,303,128,512,55.834
50n_20p_seed1,0.2,1,56937000,38,DRA_ADVERTISE,55967,326,128,512,55.967
50n_20p_seed1,0.2,1,57334872,22,DRA_ADVERTISE,56614,292,128,512,56.614
50n_20p_seed1,0.2,1,57544000,50,DRA_ADVERTISE,56547,316,128,512,56.547
50n_20p_seed1,0.2,1,57780000,29,DRA_ADVERTISE,57743,288,128,512,57.743
50n_20p_seed1,0.2,1,58350000,47,DRA_ADVERTISE,57926,298,128,512,57.926
50n_20p_seed1,0.2,1,60732000,22,DRA_ADVERTISE,60012,288,128,512,60.012
50n_20p_seed1,0.2,1,60853000,32,DRA_ADVERTISE,60111,268,128,512,60.111
50n_20p_seed1,0.2,1,62639000,36,DRA_ADVERTISE,61956,263,128,512,61.956
50n_20p_seed1,0.2,1,62813000,44,DRA_ADVERTISE,62393,290,128,512,62.393
50n_20p_seed1,0.2,1,66282000,6,DRA_ADVERTISE,65468,456,128,512,65.468
50n_20p_seed1,0.2,1,67119000,36,DRA_ADVERTISE,66436,263,128,512,66.436
50n_20p_seed1,0.2,1,72462000,32,DRA_ADVERTISE,71720,268,128,512,71.72
50n_20p_seed1,0.2,1,72901000,29,DRA_ADVERTISE,72864,275,128,512,72.864
50n_20p_seed1,0.2,1,74965000,38,DRA_ADVERTISE,73995,319,128,512,73.995
50n_20p_seed1,0.2,1,75111000,50,DRA_ADVERTISE,74114,310,128,512,74.114
50n_20p_seed1,0.2,1,75784000,33,DRA_ADVERTISE,75676,294,128,512,75.676
50n_20p_seed1,0.2,1,77947000,47,DRA_ADVERTISE,77523,293,128,512,77.523
50n_20p_seed1,0.2,1,79051000,22,DRA_ADVERTISE,78331,281,128,512,78.331
50n_20p_seed1,0.2,1,79061000,6,DRA_ADVERTISE,78247,448,128,512,78.247
50n_20p_seed1,0.2,1,79915000,36,DRA_ADVERTISE,79232,261,128,512,79.232
50n_20p_seed1,0.2,1,80114000,32,DRA_ADVERTISE,79372,266,128,512,79.372
50n_20p_seed1,0.2,1,82169000,44,DRA_ADVERTISE,81749,286,128,512,81.749
50n_20p_seed1,0.2,1,85270000,50,DRA_ADVERTISE,84273,310,128,512,84.273
50n_20p_seed1,0.2,1,85300000,22,DRA_ADVERTISE,84580,281,128,512,84.58
50n_20p_seed1,0.2,1,87123000,33,DRA_ADVERTISE,87015,290,128,512,87.015
50n_20p_seed1,0.2,1,89641000,29,DRA_ADVERTISE,89604,273,128,512,89.604
50n_20p_seed1,0.2,1,90272000,38,DRA_ADVERTISE,89302,319,128,512,89.302
50n_20p_seed1,0.2,1,90577920,6,DRA_ADVERTISE,89763,444,128,512,89.763
50n_20p_seed1,0.2,1,90880000,32,DRA_ADVERTISE,90138,262,128,512,90.138
50n_20p_seed1,0.2,1,93514000,22,DRA_ADVERTISE,92794,273,128,512,92.794
50n_20p_seed1,0.2,1,93607000,50,DRA_ADVERTISE,92610,310,128,512,92.61
50n_20p_seed1,0.2,1,93781000,47,DRA_ADVERTISE,93357,289,128,512,93.357
50n_20p_seed1,0.2,1,96021000,38,DRA_ADVERTISE,95051,319,128,512,95.051
50n_20p_seed1,0.2,1,96226000,36,DRA_ADVERTISE,95543,258,128,512,95.543
50n_20p_seed1,0.2,1,98902000,6,DRA_ADVERTISE,98088,440,128,512,98.088
50n_20p_seed1,0.2,1,99777000,44,DRA_ADVERTISE,99357,283,128,512,99.357
50n_20p_seed1,0.2,1,100312000,6,DRA_ADVERTISE,99498,431,128,512,99.498
50n_20p_seed1,0.2,1,104360000,29,DRA_ADVERTISE,104323,265,128,512,104.323
50n_20p_seed1,0.2,1,104458000,44,DRA_ADVERTISE,104038,283,128,512,104.038
50n_20p_seed1,0.2,1,105703000,50,DRA_ADVERTISE,104706,310,128,512,104.706
50n_20p_seed1,0.2,1,105712000,47,DRA_ADVERTISE,105288,285,128,512,105.288
50n_20p_seed1,0.2,1,107832000,33,DRA_ADVERTISE,107724,290,128,512,107.724
50n_20p_seed1,0.2,1,108954000,38,DRA_ADVERTISE,107984,312,128,512,107.984
50n_20p_seed1,0.2,1,109204000,32,DRA_ADVERTISE,108462,259,128,512,108.462
50n_20p_seed1,0.2,1,109598000,47,DRA_ADVERTISE,109174,285,128,512,109.174
50n_20p_seed1,0.2,1,111203000,22,DRA_ADVERTISE,110483,271,128,512,110.483
50n_20p_seed1,0.2,1,112042000,36,DRA_ADVERTISE,111359,256,128,512,111.359
50n_20p_seed1,0.2,1,112250000,44,DRA_ADVERTISE,111830,280,128,512,111.83
50n_20p_seed1,0.2,1,114613952,6,DRA_ADVERTISE,113799,429,128,512,113.799
50n_20p_seed1,0.2,1,115557000,6,DRA_ADVERTISE,114743,426,128,512,114.743
50n_20p_seed1,0.2,1,116606000,33,DRA_ADVERTISE,116498,286,128,512,116.498
50n_20p_seed1,0.2,1,118158000,29,DRA_ADVERTISE,118121,263,128,512,118.121
50n_20p_seed1,0.2,1,121618000,29,DRA_ADVERTISE,121581,262,128,512,121.581
50n_20p_seed1,0.2,1,122427000,33,DRA_ADVERTISE,122319,286,128,512,122.319
50n_20p_seed1,0.2,1,122743000,32,DRA_ADVERTISE,122001,269,128,512,122.001
50n_20p_seed1,0.2,1,124045000,50,DRA_ADVERTISE,123048,304,128,512,123.048
50n_20p_seed1,0.2,1,127354000,22,DRA_ADVERTISE,126634,265,128,512,126.634
50n_20p_seed1,0.2,1,128053000,38,DRA_ADVERTISE,127083,312,128,512,127.083
50n_20p_seed1,0.2,1,128881000,47,DRA_ADVERTISE,128457,279,128,512,128.457
50n_20p_seed1,0.2,1,129898000,36,DRA_ADVERTISE,129215,273,128,512,129.215
50n_20p_seed1,0.2,1,132188000,6,DRA_ADVERTISE,131374,419,128,512,131.374
50n_20p_seed1,0.2,1,132209000,44,DRA_ADVERTISE,131789,277,128,512,131.789
50n_20p_seed1,0.2,1,134215000,50,DRA_ADVERTISE,133218,304,128,512,133.218
50n_20p_seed1,0.2,1,135068000,29,DRA_ADVERTISE,135031,260,128,512,135.031
50n_20p_seed1,0.2,1,136565000,36,DRA_ADVERTISE,135882,271,128,512,135.882
50n_20p_seed1,0.2,1,138577000,47,DRA_ADVERTISE,138153,276,128,512,138.153
50n_20p_seed1,0.2,1,138980000,32,DRA_ADVERTISE,138238,267,128,512,138.238
50n_20p_seed1,0.2,1,140569000,33,DRA_ADVERTISE,140461,295,128,512,140.461
50n_20p_seed1,0.2,1,142519000,32,DRA_ADVERTISE,141777,265,128,512,141.777
50n_20p_seed1,0.2,1,144391000,22,DRA_ADVERTISE,143671,262,128,512,143.671
50n_20p_seed1,0.2,1,145092000,38,DRA_ADVERTISE,144122,306,128,512,144.122
50n_20p_seed1,0.2,1,145505952,6,DRA_ADVERTISE,144691,417,128,512,144.691
50n_20p_seed1,0.2,1,146186000,44,DRA_ADVERTISE,145766,274,128,512,145.766
50n_20p_seed1,0.2,1,146330000,36,DRA_ADVERTISE,145647,264,128,512,145.647
50n_20p_seed1,0.2,1,147744000,6,DRA_ADVERTISE,146930,412,128,512,146.93
50n_20p_seed1,0.2,1,152406000,29,DRA_ADVERTISE,152369,257,128,512,152.369
50n_20p_seed1,0.2,1,154876000,50,DRA_ADVERTISE,153879,299,128,512,153.879
50n_20p_seed1,0.2,1,155329000,32,DRA_ADVERTISE,154587,262,128,512,154.587
50n_20p_seed1,0.2,1,156667000,33,DRA_ADVERTISE,156559,295,128,512,156.559
50n_20p_seed1,0.2,1,157872000,47,DRA_ADVERTISE,157448,276,128,512,157.448
50n_20p_seed1,0.2,1,160979000,38,DRA_ADVERTISE,160009,306,128,512,160.009
50n_20p_seed1,0.2,1,162464000,44,DRA_ADVERTISE,162044,272,128,512,162.044
50n_20p_seed1,0.2,1,163862000,36,DRA_ADVERTISE,163179,260,128,512,163.179
50n_20p_seed1,0.2,1,164584000,6,DRA_ADVERTISE,163770,412,128,512,163.77
50n_20p_seed1,0.2,1,164978000,50,DRA_ADVERTISE,163981,294,128,512,163.981
50n_20p_seed1,0.2,1,165534000,22,DRA_ADVERTISE,164814,259,128,512,164.814
50n_20p_seed1,0.2,1,166777000,50,DRA_ADVERTISE,165780,294,128,512,165.78
50n_20p_seed1,0.2,1,167300000,29,DRA_ADVERTISE,167263,256,128,512,167.263
50n_20p_seed1,0.2,1,168869952,6,DRA_ADVERTISE,168055,405,128,512,168.055
50n_20p_seed1,0.2,1,171164000,32,DRA_ADVERTISE,170422,260,128,512,170.422
50n_20p_seed1,0.2,1,171750000,33,DRA_ADVERTISE,171642,291,128,512,171.642
50n_20p_seed1,0.2,1,172368000,38,DRA_ADVERTISE,171398,306,128,512,171.398
50n_20p_seed1,0.2,1,175703000,44,DRA_ADVERTISE,175283,270,128,512,175.283
50n_20p_seed1,0.2,1,176035000,47,DRA_ADVERTISE,175611,272,128,512,175.611
50n_20p_seed1,0.2,1,176177000,36,DRA_ADVERTISE,175494,268,128,512,175.494
50n_20p_seed1,0.2,1,177272000,6,DRA_ADVERTISE,176458,403,128,512,176.458
50n_20p_seed1,0.2,1,179727000,44,DRA_ADVERTISE,179307,270,128,512,179.307
50n_20p_seed1,0.2,1,180422000,22,DRA_ADVERTISE,179702,256,128,512,179.702
50n_20p_seed1,0.2,1,184115000,6,DRA_ADVERTISE,183301,400,128,512,183.301
50n_20p_seed1,0.2,1,185935000,33,DRA_ADVERTISE,185827,291,128,512,185.827
50n_20p_seed1,0.2,1,187706000,29,DRA_ADVERTISE,187669,256,128,512,187.669
50n_20p_seed1,0.2,1,188522000,50,DRA_ADVERTISE,187525,294,128,512,187.525
50n_20p_seed1,0.2,1,191432000,32,DRA_ADVERTISE,190690,256,128,512,190.69
50n_20p_seed1,0.2,1,191752000,38,DRA_ADVERTISE,190782,301,128,512,190.782
50n_20p_seed1,0.2,1,194262000,47,DRA_ADVERTISE,193838,272,128,512,193.838
50n_20p_seed1,0.2,1,194592000,22,DRA_ADVERTISE,193872,256,128,512,193.872
50n_20p_seed1,0.2,1,195570000,22,DRA_ADVERTISE,194850,256,128,512,194.85
50n_20p_seed1,0.2,1,196405000,29,DRA_ADVERTISE,196368,256,128,512,196.368
50n_20p_seed1,0.2,1,198400000,36,DRA_ADVERTISE,197717,274,128,512,197.717
50n_20p_seed1,0.2,1,198752000,6,DRA_ADVERTISE,197938,399,128,512,197.938
50n_20p_seed1,0.2,1,199325000,29,DRA_ADVERTISE,199288,256,128,512,199.288
50n_20p_seed1,0.2,1,199511000,44,DRA_ADVERTISE,199091,268,128,512,199.091
50n_20p_seed1,0.2,1,200086000,38,DRA_ADVERTISE,199116,301,128,512,199.116
50n_20p_seed1,0.2,1,201399952,6,DRA_ADVERTISE,200585,397,128,512,200.585
50n_20p_seed1,0.2,1,201912000,50,DRA_ADVERTISE,200915,290,128,512,200.915
50n_20p_seed1,0.2,1,202327000,32,DRA_ADVERTISE,201585,256,128,512,201.585
50n_20p_seed1,0.2,1,203825000,33,DRA_ADVERTISE,203717,287,128,512,203.717
50n_20p_seed1,0.2,1,204129000,32,DRA_ADVERTISE,203387,256,128,512,203.387
50n_20p_seed1,0.2,1,204145000,33,DRA_ADVERTISE,204037,287,128,512,204.037
50n_20p_seed1,0.2,1,205258000,38,DRA_ADVERTISE,204288,301,128,512,204.288
50n_20p_seed1,0.2,1,206556000,47,DRA_ADVERTISE,206132,268,128,512,206.132
50n_20p_seed1,0.2,1,210107000,47,DRA_ADVERTISE,209683,268,128,512,209.683
50n_20p_seed1,0.2,1,212161000,44,DRA_ADVERTISE,211741,265,128,512,211.741
50n_20p_seed1,0.2,1,213887000,36,DRA_ADVERTISE,213204,266,128,512,213.204
50n_20p_seed1,0.2,1,214651000,22,DRA_ADVERTISE,213931,256,128,512,213.931
50n_20p_seed1,0.2,1,214669000,6,DRA_ADVERTISE,213855,395,128,512,213.855
50n_20p_seed1,0.2,1,215350000,29,DRA_ADVERTISE,215313,256,128,512,215.313
50n_20p_seed1,0.2,1,216635000,50,DRA_ADVERTISE,215638,290,128,512,215.638
50n_20p_seed1,0.2,1,220925000,33,DRA_ADVERTISE,220817,283,128,512,220.817
50n_20p_seed1,0.2,1,223189000,47,DRA_ADVERTISE,222765,266,128,512,222.765
50n_20p_seed1,0.2,1,223580000,32,DRA_ADVERTISE,222838,256,128,512,222.838
50n_20p_seed1,0.2,1,223686000,36,DRA_ADVERTISE,223003,262,128,512,223.003
50n_20p_seed1,0.2,1,224888000,36,DRA_ADVERTISE,224205,262,128,512,224.205
50n_20p_seed1,0.2,1,225307000,22,DRA_ADVERTISE,224587,256,128,512,224.587
50n_20p_seed1,0.2,1,225887000,38,DRA_ADVERTISE,224917,296,128,512,224.917
50n_20p_seed1,0.2,1,226586000,44,DRA_ADVERTISE,226166,265,128,512,226.166
50n_20p_seed1,0.2,1,227435000,44,DRA_ADVERTISE,227015,265,128,512,227.015
50n_20p_seed1,0.2,1,228794952,6,DRA_ADVERTISE,227980,392,128,512,227.98
50n_20p_seed1,0.2,1,232558000,6,DRA_ADVERTISE,231744,391,128,512,231.744
50n_20p_seed1,0.2,1,235023000,33,DRA_ADVERTISE,234915,283,128,512,234.915
50n_20p_seed1,0.2,1,237850000,29,DRA_ADVERTISE,237813,256,128,512,237.813
50n_20p_seed1,0.2,1,239095000,38,DRA_ADVERTISE,238125,296,128,512,238.125
50n_20p_seed1,0.2,1,239392000,50,DRA_ADVERTISE,238395,286,128,512,238.395
50n_20p_seed1,0.2,1,240236000,32,DRA_ADVERTISE,239494,256,128,512,239.494
50n_20p_seed1,0.2,1,241001000,36,DRA_ADVERTISE,240318,259,128,512,240.318
50n_20p_seed1,0.2,1,242958000,22,DRA_ADVERTISE,242238,256,128,512,242.238
50n_20p_seed1,0.2,1,243812000,47,DRA_ADVERTISE,243388,264,128,512,243.388
50n_20p_seed1,0.2,1,245039000,44,DRA_ADVERTISE,244619,263,128,512,244.619
50n_20p_seed1,0.2,1,245513000,6,DRA_ADVERTISE,244699,391,128,512,244.699
50n_20p_seed1,0.2,1,247565000,29,DRA_ADVERTISE,247528,256,128,512,247.528
50n_20p_seed1,0.2,1,249028000,50,DRA_ADVERTISE,248031,286,128,512,248.031
50n_20p_seed1,0.2,1,252502000,6,DRA_ADVERTISE,251688,390,128,512,251.688
50n_20p_seed1,0.2,1,252589000,32,DRA_ADVERTISE,251847,256,128,512,251.847
50n_20p_seed1,0.2,1,253804000,38,DRA_ADVERTISE,252834,292,128,512,252.834
50n_20p_seed1,0.2,1,254744000,32,DRA_ADVERTISE,254002,256,128,512,254.002
50n_20p_seed1,0.2,1,255804952,6,DRA_ADVERTISE,254990,390,128,512,254.99
50n_20p_seed1,0.2,1,257015000,50,DRA_ADVERTISE,256018,283,128,512,256.018
50n_20p_seed1,0.2,1,257548000,44,DRA_ADVERTISE,257128,262,128,512,257.128
50n_20p_seed1,0.2,1,258288000,33,DRA_ADVERTISE,258180,280,128,512,258.18
50n_20p_seed1,0.2,1,260732000,47,DRA_ADVERTISE,260308,264,128,512,260.308
50n_20p_seed1,0.2,1,262045000,22,DRA_ADVERTISE,261325,256,128,512,261.325
50n_20p_seed1,0.2,1,263115000,36,DRA_ADVERTISE,262432,256,128,512,262.432
50n_20p_seed1,0.2,1,265526000,6,DRA_ADVERTISE,264712,389,128,512,264.712
50n_20p_seed1,0.2,1,265629000,22,DRA_ADVERTISE,264909,256,128,512,264.909
50n_20p_seed1,0.2,1,265897000,29,DRA_ADVERTISE,265860,256,128,512,265.86
50n_20p_seed1,0.2,1,266009000,33,DRA_ADVERTISE,265901,280,128,512,265.901
50n_20p_seed1,0.2,1,268413000,50,DRA_ADVERTISE,267416,283,128,512,267.416
50n_20p_seed1,0.2,1,268842000,36,DRA_ADVERTISE,268159,256,128,512,268.159
50n_20p_seed1,0.2,1,272202000,47,DRA_ADVERTISE,271778,262,128,512,271.778
50n_20p_seed1,0.2,1,272373000,29,DRA_ADVERTISE,272336,256,128,512,272.336
50n_20p_seed1,0.2,1,273743000,36,DRA_ADVERTISE,273060,256,128,512,273.06
50n_20p_seed1,0.2,1,273984000,38,DRA_ADVERTISE,273014,292,128,512,273.014
50n_20p_seed1,0.2,1,274447000,33,DRA_ADVERTISE,274339,277,128,512,274.339
50n_20p_seed1,0.2,1,275928000,32,DRA_ADVERTISE,275186,256,128,512,275.186
50n_20p_seed1,0.2,1,277866000,44,DRA_ADVERTISE,277446,261,128,512,277.446
50n_20p_seed1,0.2,1,279111000,22,DRA_ADVERTISE,278391,256,128,512,278.391
50n_20p_seed1,0.2,1,279955000,38,DRA_ADVERTISE,278985,288,128,512,278.985
50n_20p_seed1,0.2,1,280404000,6,DRA_ADVERTISE,279590,389,128,512,279.59
50n_20p_seed1,0.2,1,284065000,50,DRA_ADVERTISE,283068,283,128,512,283.068
50n_20p_seed1,0.2,1,284364000,29,DRA_ADVERTISE,284327,256,128,512,284.327
50n_20p_seed1,0.2,1,286982000,38,DRA_ADVERTISE,286012,288,128,512,286.012
50n_20p_seed1,0.2,1,287039000,47,DRA_ADVERTISE,286615,261,128,512,286.615
50n_20p_seed1,0.2,1,287499000,32,DRA_ADVERTISE,286757,256,128,512,286.757
50n_20p_seed1,0.2,1,288088000,47,DRA_ADVERTISE,287664,261,128,512,287.664
50n_20p_seed1,0.2,1,288129000,33,DRA_ADVERTISE,288021,277,128,512,288.021
50n_20p_seed1,0.2,1,291849192,6,DRA_ADVERTISE,291035,387,128,512,291.035
50n_20p_seed1,0.2,1,293325000,36,DRA_ADVERTISE,292642,256,128,512,292.642
50n_20p_seed1,0.2,1,294054000,6,DRA_ADVERTISE,293240,387,128,512,293.24
50n_20p_seed1,0.2,1,294708000,22,DRA_ADVERTISE,293988,256,128,512,293.988
50n_20p_seed1,0.2,1,294780000,44,DRA_ADVERTISE,294360,259,128,512,294.36
50n_20p_seed1,0.2,1,295705000,44,DRA_ADVERTISE,295285,259,128,512,295.285
50n_20p_seed1,0.2,1,296724000,29,DRA_ADVERTISE,296687,256,128,512,296.687
50n_20p_seed1,0.2,1,298263744,36,DRA_ADVERTISE,297580,268,128,512,297.58
50n_20p_seed1,0.2,1,301435000,32,DRA_ADVERTISE,300693,268,128,512,300.693
50n_20p_seed1,0.2,1,302190000,50,DRA_ADVERTISE,301193,280,128,512,301.193
50n_20p_seed1,0.2,1,302585000,33,DRA_ADVERTISE,302477,274,128,512,302.477
50n_20p_seed1,0.2,1,303548000,50,DRA_ADVERTISE,302551,280,128,512,302.551
50n_20p_seed1,0.2,1,304896000,38,DRA_ADVERTISE,303926,288,128,512,303.926
50n_20p_seed1,0.2,1,306438000,47,DRA_ADVERTISE,306014,260,128,512,306.014
50n_20p_seed1,0.2,1,308963000,32,DRA_ADVERTISE,308221,266,128,512,308.221
50n_20p_seed1,0.2,1,310796000,6,DRA_ADVERTISE,309982,386,128,512,309.982
50n_20p_seed1,0.2,1,311208000,22,DRA_ADVERTISE,310488,256,128,512,310.488
50n_20p_seed1,0.2,1,311411000,44,DRA_ADVERTISE,310991,259,128,512,310.991
50n_20p_seed1,0.2,1,311702000,36,DRA_ADVERTISE,311019,265,128,512,311.019
50n_20p_seed1,0.2,1,313079000,29,DRA_ADVERTISE,313042,256,128,512,313.042
50n_20p_seed1,0.2,1,314737000,50,DRA_ADVERTISE,313740,280,128,512,313.74
50n_20p_seed1,0.2,1,316629000,36,DRA_ADVERTISE,315946,265,128,512,315.946
50n_20p_seed1,0.2,1,317060000,32,DRA_ADVERTISE,316318,265,128,512,316.318
50n_20p_seed1,0.2,1,317167000,33,DRA_ADVERTISE,317059,274,128,512,317.059
50n_20p_seed1,0.2,1,320418952,6,DRA_ADVERTISE,319604,386,128,512,319.604
50n_20p_seed1,0.2,1,321347000,47,DRA_ADVERTISE,320923,259,128,512,320.923
50n_20p_seed1,0.2,1,321887000,38,DRA_ADVERTISE,320917,284,128,512,320.917
50n_20p_seed1,0.2,1,324339000,22,DRA_ADVERTISE,323619,256,128,512,323.619
50n_20p_seed1,0.2,1,324483000,36,DRA_ADVERTISE,323800,263,128,512,323.8
50n_20p_seed1,0.2,1,324585000,6,DRA_ADVERTISE,323771,385,128,512,323.771
50n_20p_seed1,0.2,1,325410000,22,DRA_ADVERTISE,324690,256,128,512,324.69
50n_20p_seed1,0.2,1,325831000,44,DRA_ADVERTISE,325411,259,128,512,325.411
50n_20p_seed1,0.2,1,327118000,38,DRA_ADVERTISE,326148,284,128,512,326.148
50n_20p_seed1,0.2,1,331067000,6,DRA_ADVERTISE,330253,385,128,512,330.253
50n_20p_seed1,0.2,1,332224000,33,DRA_ADVERTISE,332116,274,128,512,332.116
50n_20p_seed1,0.2,1,334106000,50,DRA_ADVERTISE,333109,277,128,512,333.109
50n_20p_seed1,0.2,1,336039000,47,DRA_ADVERTISE,335615,258,128,512,335.615
50n_20p_seed1,0.2,1,336277000,29,DRA_ADVERTISE,336240,256,128,512,336.24
50n_20p_seed1,0.2,1,337908000,47,DRA_ADVERTISE,337484,258,128,512,337.484
50n_20p_seed1,0.2,1,338130000,33,DRA_ADVERTISE,338022,272,128,512,338.022
50n_20p_seed1,0.2,1,338735000,32,DRA_ADVERTISE,337993,260,128,512,337.993
50n_20p_seed1,0.2,1,338779000,36,DRA_ADVERTISE,338096,258,128,512,338.096
50n_20p_seed1,0.2,1,338995000,38,DRA_ADVERTISE,338025,281,128,512,338.025
50n_20p_seed1,0.2,1,342211984,6,DRA_ADVERTISE,341397,385,128,512,341.397
50n_20p_seed1,0.2,1,344481000,22,DRA_ADVERTISE,343761,256,128,512,343.761
50n_20p_seed1,0.2,1,345543000,29,DRA_ADVERTISE,345506,256,128,512,345.506
50n_20p_seed1,0.2,1,346570000,6,DRA_ADVERTISE,345756,384,128,512,345.756
50n_20p_seed1,0.2,1,346959000,44,DRA_ADVERTISE,346539,257,128,512,346.539
50n_20p_seed1,0.2,1,348119000,50,DRA_ADVERTISE,347122,277,128,512,347.122
50n_20p_seed1,0.2,1,348625000,33,DRA_ADVERTISE,348517,272,128,512,348.517
50n_20p_seed1,0.2,1,354443000,38,DRA_ADVERTISE,353473,278,128,512,353.473
50n_20p_seed1,0.2,1,355395000,22,DRA_ADVERTISE,354675,256,128,512,354.675
50n_20p_seed1,0.2,1,355578000,32,DRA_ADVERTISE,354836,257,128,512,354.836
50n_20p_seed1,0.2,1,356222000,44,DRA_ADVERTISE,355802,256,128,512,355.802
50n_20p_seed1,0.2,1,356540000,47,DRA_ADVERTISE,356116,257,128,512,356.116
50n_20p_seed1,0.2,1,356945000,6,DRA_ADVERTISE,356131,384,128,512,356.131
50n_20p_seed1,0.2,1,360135000,36,DRA_ADVERTISE,359452,256,128,512,359.452
50n_20p_seed1,0.2,1,362432000,29,DRA_ADVERTISE,362395,256,128,512,362.395
50n_20p_seed1,0.2,1,365957000,33,DRA_ADVERTISE,365849,270,128,512,365.849
50n_20p_seed1,0.2,1,366103000,29,DRA_ADVERTISE,366066,256,128,512,366.066
50n_20p_seed1,0.2,1,368987000,50,DRA_ADVERTISE,367990,274,128,512,367.99
50n_20p_seed1,0.2,1,369284984,6,DRA_ADVERTISE,368470,384,128,512,368.47
50n_20p_seed1,0.2,1,369556000,47,DRA_ADVERTISE,369132,256,128,512,369.132
50n_20p_seed1,0.2,1,371259000,32,DRA_ADVERTISE,370517,256,128,512,370.517
50n_20p_seed1,0.2,1,371602000,50,DRA_ADVERTISE,370605,274,128,512,370.605
50n_20p_seed1,0.2,1,372917000,22,DRA_ADVERTISE,372197,256,128,512,372.197
50n_20p_seed1,0.2,1,374449000,38,DRA_ADVERTISE,373479,278,128,512,373.479
50n_20p_seed1,0.2,1,375908000,44,DRA_ADVERTISE,375488,256,128,512,375.488
50n_20p_seed1,0.2,1,376216000,32,DRA_ADVERTISE,375474,256,128,512,375.474
50n_20p_seed1,0.2,1,376437000,36,DRA_ADVERTISE,375754,256,128,512,375.754
50n_20p_seed1,0.2,1,380252000,6,DRA_ADVERTISE,379438,384,128,512,379.438
50n_20p_seed1,0.2,1,380664000,29,DRA_ADVERTISE,380627,256,128,512,380.627
50n_20p_seed1,0.2,1,381972000,50,DRA_ADVERTISE,380975,274,128,512,380.975
50n_20p_seed1,0.2,1,383450000,44,DRA_ADVERTISE,383030,256,128,512,383.03
50n_20p_seed1,0.2,1,385971000,38,DRA_ADVERTISE,385001,275,128,512,385.001
50n_20p_seed1,0.2,1,387767000,36,DRA_ADVERTISE,387084,256,128,512,387.084
50n_20p_seed1,0.2,1,388443000,33,DRA_ADVERTISE,388335,268,128,512,388.335
50n_20p_seed1,0.2,1,389424000,6,DRA_ADVERTISE,388610,384,128,512,388.61
50n_20p_seed1,0.2,1,390491000,32,DRA_ADVERTISE,389749,256,128,512,389.749
50n_20p_seed1,0.2,1,391197000,47,DRA_ADVERTISE,390773,256,128,512,390.773
50n_20p_seed1,0.2,1,392191000,22,DRA_ADVERTISE,391471,256,128,512,391.471
50n_20p_seed1,0.2,1,393474000,44,DRA_ADVERTISE,393054,256,128,512,393.054
50n_20p_seed1,0.2,1,396172000,50,DRA_ADVERTISE,395175,272,128,512,395.175
50n_20p_seed1,0.2,1,399716000,29,DRA_ADVERTISE,399679,256,128,512,399.679
50n_20p_seed1,0.2,1,399976000,38,DRA_ADVERTISE,399006,275,128,512,399.006
50n_20p_seed1,0.2,1,401431000,47,DRA_ADVERTISE,401007,256,128,512,401.007
50n_20p_seed1,0.2,1,401462000,32,DRA_ADVERTISE,400720,256,128,512,400.72
50n_20p_seed1,0.2,1,402091000,38,DRA_ADVERTISE,401121,275,128,512,401.121
50n_20p_seed1,0.2,1,405292000,33,DRA_ADVERTISE,405184,268,128,512,405.184
50n_20p_seed1,0.2,1,405510000,6,DRA_ADVERTISE,404696,384,128,512,404.696
50n_20p_seed1,0.2,1,407452000,6,DRA_ADVERTISE,406638,384,128,512,406.638
50n_20p_seed1,0.2,1,408069984,6,DRA_ADVERTISE,407255,384,128,512,407.255
50n_20p_seed1,0.2,1,408825000,44,DRA_ADVERTISE,408405,256,128,512,408.405
50n_20p_seed1,0.2,1,410592000,22,DRA_ADVERTISE,409872,256,128,512,409.872
50n_20p_seed1,0.2,1,410782000,36,DRA_ADVERTISE,410099,256,128,512,410.099
50n_20p_seed1,0.2,1,413196000,29,DRA_ADVERTISE,413159,256,128,512,413.159
50n_20p_seed1,0.2,1,413943000,22,DRA_ADVERTISE,413223,256,128,512,413.223
50n_20p_seed1,0.2,1,414042000,50,DRA_ADVERTISE,413045,272,128,512,413.045
50n_20p_seed1,0.2,1,418561000,38,DRA_ADVERTISE,417591,273,128,512,417.591
50n_20p_seed1,0.2,1,419155000,36,DRA_ADVERTISE,418472,256,128,512,418.472
50n_20p_seed1,0.2,1,420420000,32,DRA_ADVERTISE,419678,256,128,512,419.678
50n_20p_seed1,0.2,1,421523000,47,DRA_ADVERTISE,421099,268,128,512,421.099
50n_20p_seed1,0.2,1,421902000,29,DRA_ADVERTISE,421865,256,128,512,421.865
50n_20p_seed1,0.2,1,422037000,33,DRA_ADVERTISE,421929,266,128,512,421.929
50n_20p_seed1,0.2,1,423335000,44,DRA_ADVERTISE,422915,256,128,512,422.915
50n_20p_seed1,0.2,1,423614000,22,DRA_ADVERTISE,422894,256,128,512,422.894
50n_20p_seed1,0.2,1,424097000,36,DRA_ADVERTISE,423414,256,128,512,423.414
50n_20p_seed1,0.2,1,424807000,47,DRA_ADVERTISE,424383,268,128,512,424.383
50n_20p_seed1,0.2,1,424903000,6,DRA_ADVERTISE,424089,384,128,512,424.089
50n_20p_seed1,0.2,1,429574000,50,DRA_ADVERTISE,428577,270,128,512,428.577
50n_20p_seed1,0.2,1,430371000,44,DRA_ADVERTISE,429951,256,128,512,429.951
50n_20p_seed1,0.2,1,431463000,33,DRA_ADVERTISE,431355,266,128,512,431.355
50n_20p_seed1,0.2,1,434845000,29,DRA_ADVERTISE,434808,256,128,512,434.808
50n_20p_seed1,0.2,1,436258000,32,DRA_ADVERTISE,435516,256,128,512,435.516
50n_20p_seed1,0.2,1,437817000,32,DRA_ADVERTISE,437075,256,128,512,437.075
50n_20p_seed1,0.2,1,438074000,36,DRA_ADVERTISE,437391,256,128,512,437.391
50n_20p_seed1,0.2,1,438549000,22,DRA_ADVERTISE,437829,256,128,512,437.829
50n_20p_seed1,0.2,1,439881000,47,DRA_ADVERTISE,439457,268,128,512,439.457
50n_20p_seed1,0.2,1,439954000,38,DRA_ADVERTISE,438984,273,128,512,438.984
50n_20p_seed1,0.2,1,441434000,6,DRA_ADVERTISE,440620,384,128,512,440.62
50n_20p_seed1,0.2,1,441900000,44,DRA_ADVERTISE,441480,256,128,512,441.48
50n_20p_seed1,0.2,1,441932000,33,DRA_ADVERTISE,441824,266,128,512,441.824
50n_20p_seed1,0.2,1,442203016,47,DRA_ADVERTISE,441779,268,128,512,441.779
50n_20p_seed1,0.2,1,442426984,6,DRA_ADVERTISE,441612,384,128,512,441.612
50n_20p_seed1,0.2,1,444467000,29,DRA_ADVERTISE,444430,256,128,512,444.43
50n_20p_seed1,0.2,1,450503000,47,DRA_ADVERTISE,450079,266,128,512,450.079
50n_20p_seed1,0.2,1,451312000,50,DRA_ADVERTISE,450315,270,128,512,450.315
50n_20p_seed1,0.2,1,451917000,33,DRA_ADVERTISE,451809,265,128,512,451.809
50n_20p_seed1,0.2,1,452575000,38,DRA_ADVERTISE,451605,271,128,512,451.605
50n_20p_seed1,0.2,1,453436000,36,DRA_ADVERTISE,452753,256,128,512,452.753
50n_20p_seed1,0.2,1,453439000,32,DRA_ADVERTISE,452697,256,128,512,452.697
50n_20p_seed1,0.2,1,457679000,44,DRA_ADVERTISE,457259,256,128,512,457.259
50n_20p_seed1,0.2,1,458464000,6,DRA_ADVERTISE,457650,384,128,512,457.65
50n_20p_seed1,0.2,1,459786000,22,DRA_ADVERTISE,459066,256,128,512,459.066
50n_20p_seed1,0.2,1,460385000,29,DRA_ADVERTISE,460348,256,128,512,460.348
50n_20p_seed1,0.2,1,464324000,50,DRA_ADVERTISE,463327,268,128,512,463.327
50n_20p_seed1,0.2,1,465626000,38,DRA_ADVERTISE,464656,271,128,512,464.656
50n_20p_seed1,0.2,1,469052000,32,DRA_ADVERTISE,468310,256,128,512,468.31
50n_20p_seed1,0.2,1,470060000,33,DRA_ADVERTISE,469952,265,128,512,469.952
50n_20p_seed1,0.2,1,470683000,36,DRA_ADVERTISE,470000,256,128,512,470.0
50n_20p_seed1,0.2,1,470917000,36,DRA_ADVERTISE,470234,256,128,512,470.234
50n_20p_seed1,0.2,1,471432000,22,DRA_ADVERTISE,470712,256,128,512,470.712
50n_20p_seed1,0.2,1,473782000,47,DRA_ADVERTISE,473358,265,128,512,473.358
50n_20p_seed1,0.2,1,474151000,6,DRA_ADVERTISE,473337,384,128,512,473.337
50n_20p_seed1,0.2,1,477285000,29,DRA_ADVERTISE,477248,256,128,512,477.248
50n_20p_seed1,0.2,1,477678000,44,DRA_ADVERTISE,477258,256,128,512,477.258
50n_20p_seed1,0.2,1,478896000,50,DRA_ADVERTISE,477899,268,128,512,477.899
50n_20p_seed1,0.2,1,480399256,6,DRA_ADVERTISE,479585,384,128,512,479.585
50n_20p_seed1,0.2,1,481340000,32,DRA_ADVERTISE,480598,256,128,512,480.598
50n_20p_seed1,0.2,1,481471000,50,DRA_ADVERTISE,480474,268,128,512,480.474
50n_20p_seed1,0.2,1,485458000,33,DRA_ADVERTISE,485350,264,128,512,485.35
50n_20p_seed1,0.2,1,487384000,47,DRA_ADVERTISE,486960,263,128,512,486.96
50n_20p_seed1,0.2,1,488001000,6,DRA_ADVERTISE,487187,384,128,512,487.187
50n_20p_seed1,0.2,1,489135000,38,DRA_ADVERTISE,488165,269,128,512,488.165
50n_20p_seed1,0.2,1,490154000,36,DRA_ADVERTISE,489471,256,128,512,489.471
50n_20p_seed1,0.2,1,491584000,22,DRA_ADVERTISE,490864,256,128,512,490.864
50n_20p_seed1,0.2,1,493003000,44,DRA_ADVERTISE,492583,256,128,512,492.583
50n_20p_seed1,0.2,1,494605000,22,DRA_ADVERTISE,493885,256,128,512,493.885
50n_20p_seed1,0.2,1,495685000,29,DRA_ADVERTISE,495648,256,128,512,495.648
50n_20p_seed1,0.2,1,496420000,29,DRA_ADVERTISE,496383,256,128,512,496.383
50n_20p_seed1,0.2,1,498765000,50,DRA_ADVERTISE,497768,266,128,512,497.768
50n_20p_seed1,0.2,1,500268000,32,DRA_ADVERTISE,499526,256,128,512,499.526
50n_20p_seed1,0.2,1,501099000,33,DRA_ADVERTISE,500991,264,128,512,500.991
50n_20p_seed1,0.2,1,501893000,38,DRA_ADVERTISE,500923,267,128,512,500.923
50n_20p_seed1,0.2,1,503301000,22,DRA_ADVERTISE,502581,256,128,512,502.581
50n_20p_seed1,0.2,1,503959000,6,DRA_ADVERTISE,503145,384,128,512,503.145
50n_20p_seed1,0.2,1,504081000,36,DRA_ADVERTISE,503398,256,128,512,503.398
50n_20p_seed1,0.2,1,505064000,47,DRA_ADVERTISE,504640,263,128,512,504.64
50n_20p_seed1,0.2,1,506843000,47,DRA_ADVERTISE,506419,263,128,512,506.419
50n_20p_seed1,0.2,1,508396000,6,DRA_ADVERTISE,507582,384,128,512,507.582
50n_20p_seed1,0.2,1,509367000,44,DRA_ADVERTISE,508947,256,128,512,508.947
50n_20p_seed1,0.2,1,510844000,29,DRA_ADVERTISE,510807,256,128,512,510.807
50n_20p_seed1,0.2,1,512095000,38,DRA_ADVERTISE,511125,267,128,512,511.125
50n_20p_seed1,0.2,1,516712000,50,DRA_ADVERTISE,515715,266,128,512,515.715
50n_20p_seed1,0.2,1,517764000,33,DRA_ADVERTISE,517656,263,128,512,517.656
50n_20p_seed1,0.2,1,517965000,38,DRA_ADVERTISE,516995,267,128,512,516.995
50n_20p_seed1,0.2,1,518459000,47,DRA_ADVERTISE,518035,261,128,512,518.035
50n_20p_seed1,0.2,1,519941984,6,DRA_ADVERTISE,519127,384,128,512,519.127
50n_20p_seed1,0.2,1,520317000,32,DRA_ADVERTISE,519575,256,128,512,519.575
50n_20p_seed1,0.2,1,521613000,22,DRA_ADVERTISE,520893,256,128,512,520.893
50n_20p_seed1,0.2,1,521643000,32,DRA_ADVERTISE,520901,281,128,512,520.901
50n_20p_seed1,0.2,1,521783000,6,DRA_ADVERTISE,520969,384,128,512,520.969
50n_20p_seed1,0.2,1,524147000,44,DRA_ADVERTISE,523727,278,128,512,523.727
50n_20p_seed1,0.2,1,524271000,44,DRA_ADVERTISE,523851,278,128,512,523.851
50n_20p_seed1,0.2,1,524852000,36,DRA_ADVERTISE,524169,256,128,512,524.169
50n_20p_seed1,0.2,1,525671016,32,DRA_ADVERTISE,524929,281,128,512,524.929
50n_20p_seed1,0.2,1,530278000,29,DRA_ADVERTISE,530241,256,128,512,530.241
50n_20p_seed1,0.2,1,530349016,32,DRA_ADVERTISE,529607,278,128,512,529.607
50n_20p_seed1,0.2,1,530781000,38,DRA_ADVERTISE,529811,265,128,512,529.811
50n_20p_seed1,0.2,1,530928000,50,DRA_ADVERTISE,529931,265,128,512,529.931
50n_20p_seed1,0.2,1,533622000,33,DRA_ADVERTISE,533514,263,128,512,533.514
50n_20p_seed1,0.2,1,535280000,33,DRA_ADVERTISE,535172,263,128,512,535.172
50n_20p_seed1,0.2,1,535659000,22,DRA_ADVERTISE,534939,256,128,512,534.939
50n_20p_seed1,0.2,1,536268000,50,DRA_ADVERTISE,535271,265,128,512,535.271
50n_20p_seed1,0.2,1,536273000,44,DRA_ADVERTISE,535853,278,128,512,535.853
50n_20p_seed1,0.2,1,536360000,36,DRA_ADVERTISE,535677,268,128,512,535.677
50n_20p_seed1,0.2,1,536923016,32,DRA_ADVERTISE,536181,275,128,512,536.181
50n_20p_seed1,0.2,1,537243000,47,DRA_ADVERTISE,536819,260,128,512,536.819
50n_20p_seed1,0.2,1,537536000,32,DRA_ADVERTISE,536794,273,128,512,536.794
50n_20p_seed1,0.2,1,540393000,6,DRA_ADVERTISE,539579,384,128,512,539.579
50n_20p_seed1,0.2,1,540522984,6,DRA_ADVERTISE,539708,384,128,512,539.708
50n_20p_seed1,0.2,1,541056016,36,DRA_ADVERTISE,540373,266,128,512,540.373
50n_20p_seed1,0.2,1,541767016,44,DRA_ADVERTISE,541347,278,128,512,541.347
50n_20p_seed1,0.2,1,542450000,29,DRA_ADVERTISE,542413,256,128,512,542.413
50n_20p_seed1,0.2,1,548136272,36,DRA_ADVERTISE,547453,265,128,512,547.453
50n_20p_seed1,0.2,1,548143000,32,DRA_ADVERTISE,547401,271,128,512,547.401
50n_20p_seed1,0.2,1,548375000,38,DRA_ADVERTISE,547405,265,128,512,547.405
50n_20p_seed1,0.2,1,549388000,50,DRA_ADVERTISE,548391,264,128,512,548.391
50n_20p_seed1,0.2,1,549630000,33,DRA_ADVERTISE,549522,262,128,512,549.522
50n_20p_seed1,0.2,1,554043760,36,DRA_ADVERTISE,553360,262,128,512,553.36
50n_20p_seed1,0.2,1,554299000,47,DRA_ADVERTISE,553875,259,128,512,553.875
50n_20p_seed1,0.2,1,554654000,6,DRA_ADVERTISE,553840,384,128,512,553.84
50n_20p_seed1,0.2,1,554795000,36,DRA_ADVERTISE,554112,262,128,512,554.112
50n_20p_seed1,0.2,1,555360000,44,DRA_ADVERTISE,554940,275,128,512,554.94
50n_20p_seed1,0.2,1,557712016,32,DRA_ADVERTISE,556970,271,128,512,556.97
50n_20p_seed1,0.2,1,559116000,22,DRA_ADVERTISE,558396,256,128,512,558.396
50n_20p_seed1,0.2,1,559549016,32,DRA_ADVERTISE,558807,269,128,512,558.807
50n_20p_seed1,0.2,1,559722000,29,DRA_ADVERTISE,559685,256,128,512,559.685
50n_20p_seed1,0.2,1,561475984,6,DRA_ADVERTISE,560661,384,128,512,560.661
50n_20p_seed1,0.2,1,563365000,50,DRA_ADVERTISE,562368,264,128,512,562.368
50n_20p_seed1,0.2,1,563525016,32,DRA_ADVERTISE,562783,267,128,512,562.783
50n_20p_seed1,0.2,1,565401000,32,DRA_ADVERTISE,564659,265,128,512,564.659
50n_20p_seed1,0.2,1,565843000,38,DRA_ADVERTISE,564873,264,128,512,564.873
50n_20p_seed1,0.2,1,565936000,33,DRA_ADVERTISE,565828,261,128,512,565.828
50n_20p_seed1,0.2,1,566988000,6,DRA_ADVERTISE,566174,384,128,512,566.174
50n_20p_seed1,0.2,1,568161000,22,DRA_ADVERTISE,567441,256,128,512,567.441
50n_20p_seed1,0.2,1,569872016,36,DRA_ADVERTISE,569189,260,128,512,569.189
50n_20p_seed1,0.2,1,569935000,47,DRA_ADVERTISE,569511,258,128,512,569.511
50n_20p_seed1,0.2,1,570997000,44,DRA_ADVERTISE,570577,273,128,512,570.577
50n_20p_seed1,0.2,1,572229000,36,DRA_ADVERTISE,571546,257,128,512,571.546
50n_20p_seed1,0.2,1,574668000,6,DRA_ADVERTISE,573854,384,128,512,573.854
50n_20p_seed1,0.2,1,575168000,29,DRA_ADVERTISE,575131,256,128,512,575.131
50n_20p_seed1,0.2,1,576570272,36,DRA_ADVERTISE,575887,257,128,512,575.887
50n_20p_seed1,0.2,1,577099000,50,DRA_ADVERTISE,576102,264,128,512,576.102
50n_20p_seed1,0.2,1,578650016,44,DRA_ADVERTISE,578230,273,128,512,578.23
50n_20p_seed1,0.2,1,580980000,38,DRA_ADVERTISE,580010,264,128,512,580.01
50n_20p_seed1,0.2,1,581842016,32,DRA_ADVERTISE,581100,263,128,512,581.1
50n_20p_seed1,0.2,1,583057016,32,DRA_ADVERTISE,582315,262,128,512,582.315
50n_20p_seed1,0.2,1,583943000,33,DRA_ADVERTISE,583835,261,128,512,583.835
50n_20p_seed1,0.2,1,584524000,47,DRA_ADVERTISE,584100,257,128,512,584.1
50n_20p_seed1,0.2,1,584534000,33,DRA_ADVERTISE,584426,261,128,512,584.426
50n_20p_seed1,0.2,1,585462000,36,DRA_ADVERTISE,584779,256,128,512,584.779
50n_20p_seed1,0.2,1,585636000,6,DRA_ADVERTISE,584822,384,128,512,584.822
50n_20p_seed1,0.2,1,585810000,32,DRA_ADVERTISE,585068,261,128,512,585.068
50n_20p_seed1,0.2,1,589681984,6,DRA_ADVERTISE,588867,384,128,512,588.867
50n_20p_seed1,0.2,1,589835016,32,DRA_ADVERTISE,589093,260,128,512,589.093
50n_20p_seed1,0.2,1,591471000,22,DRA_ADVERTISE,590751,256,128,512,590.751
50n_20p_seed1,0.2,1,591887000,44,DRA_ADVERTISE,591467,269,128,512,591.467
50n_20p_seed1,0.2,1,592438000,29,DRA_ADVERTISE,592401,256,128,512,592.401
50n_20p_seed1,0.2,1,593624000,50,DRA_ADVERTISE,592627,263,128,512,592.627
50n_20p_seed1,0.2,1,598130000,47,DRA_ADVERTISE,597706,256,128,512,597.706
50n_20p_seed1,0.2,1,598991000,50,DRA_ADVERTISE,597994,263,128,512,597.994
50n_30p_seed1,0.3,1,8616000,39,DRA_ADVERTISE,8478,357,128,512,8.478
50n_30p_seed1,0.3,1,8874000,39,DRA_ADVERTISE,8736,357,128,512,8.736
50n_30p_seed1,0.3,1,9801000,39,DRA_ADVERTISE,9663,357,128,512,9.663
50n_30p_seed1,0.3,1,12059000,39,DRA_ADVERTISE,11921,357,128,512,11.921
50n_30p_seed1,0.3,1,14148000,15,DRA_ADVERTISE,13803,299,128,512,13.803
50n_30p_seed1,0.3,1,14380000,32,DRA_ADVERTISE,13638,311,128,512,13.638
50n_30p_seed1,0.3,1,14674000,15,DRA_ADVERTISE,14329,299,128,512,14.329
50n_30p_seed1,0.3,1,14700000,38,DRA_ADVERTISE,13730,343,128,512,13.73
50n_30p_seed1,0.3,1,14705000,32,DRA_ADVERTISE,13963,311,128,512,13.963
50n_30p_seed1,0.3,1,14710000,39,DRA_ADVERTISE,14572,357,128,512,14.572
50n_30p_seed1,0.3,1,14737000,13,DRA_ADVERTISE,14197,308,128,512,14.197
50n_30p_seed1,0.3,1,15153000,20,DRA_ADVERTISE,15141,350,128,512,15.141
50n_30p_seed1,0.3,1,15234000,13,DRA_ADVERTISE,14694,308,128,512,14.694
50n_30p_seed1,0.3,1,15247000,38,DRA_ADVERTISE,14277,343,128,512,14.277
50n_30p_seed1,0.3,1,15256000,15,DRA_ADVERTISE,14911,299,128,512,14.911
50n_30p_seed1,0.3,1,15661000,15,DRA_ADVERTISE,15316,299,128,512,15.316
50n_30p_seed1,0.3,1,15678000,20,DRA_ADVERTISE,15666,350,128,512,15.666
50n_30p_seed1,0.3,1,15884000,32,DRA_ADVERTISE,15142,311,128,512,15.142
50n_30p_seed1,0.3,1,15983000,13,DRA_ADVERTISE,15443,308,128,512,15.443
50n_30p_seed1,0.3,1,16113000,20,DRA_ADVERTISE,16101,350,128,512,16.101
50n_30p_seed1,0.3,1,16153000,13,DRA_ADVERTISE,15613,308,128,512,15.613
50n_30p_seed1,0.3,1,16179000,38,DRA_ADVERTISE,15209,343,128,512,15.209
50n_30p_seed1,0.3,1,16235000,15,DRA_ADVERTISE,15890,299,128,512,15.89
50n_30p_seed1,0.3,1,16502000,13,DRA_ADVERTISE,15962,308,128,512,15.962
50n_30p_seed1,0.3,1,16547000,20,DRA_ADVERTISE,16535,350,128,512,16.535
50n_30p_seed1,0.3,1,16714000,15,DRA_ADVERTISE,16369,299,128,512,16.369
50n_30p_seed1,0.3,1,17250000,32,DRA_ADVERTISE,16508,311,128,512,16.508
50n_30p_seed1,0.3,1,17277000,13,DRA_ADVERTISE,16737,308,128,512,16.737
50n_30p_seed1,0.3,1,17506000,20,DRA_ADVERTISE,17494,350,128,512,17.494
50n_30p_seed1,0.3,1,17659000,15,DRA_ADVERTISE,17314,299,128,512,17.314
50n_30p_seed1,0.3,1,18062000,38,DRA_ADVERTISE,17092,343,128,512,17.092
50n_30p_seed1,0.3,1,18932008,39,DRA_ADVERTISE,18794,357,128,512,18.794
50n_30p_seed1,0.3,1,19234000,15,DRA_ADVERTISE,18889,299,128,512,18.889
50n_30p_seed1,0.3,1,19237000,20,DRA_ADVERTISE,19225,350,128,512,19.225
50n_30p_seed1,0.3,1,19322000,13,DRA_ADVERTISE,18782,308,128,512,18.782
50n_30p_seed1,0.3,1,19688000,15,DRA_ADVERTISE,19343,299,128,512,19.343
50n_30p_seed1,0.3,1,19734000,20,DRA_ADVERTISE,19722,350,128,512,19.722
50n_30p_seed1,0.3,1,19787000,13,DRA_ADVERTISE,19247,308,128,512,19.247
50n_30p_seed1,0.3,1,19815000,44,DRA_ADVERTISE,19395,525,128,512,19.395
50n_30p_seed1,0.3,1,20155000,15,DRA_ADVERTISE,19810,299,128,512,19.81
50n_30p_seed1,0.3,1,20288000,20,DRA_ADVERTISE,20276,340,128,512,20.276
50n_30p_seed1,0.3,1,20390000,44,DRA_ADVERTISE,19970,525,128,512,19.97
50n_30p_seed1,0.3,1,20550000,32,DRA_ADVERTISE,19808,311,128,512,19.808
50n_30p_seed1,0.3,1,20680000,13,DRA_ADVERTISE,20140,308,128,512,20.14
50n_30p_seed1,0.3,1,20834000,20,DRA_ADVERTISE,20822,340,128,512,20.822
50n_30p_seed1,0.3,1,20900008,39,DRA_ADVERTISE,20762,346,128,512,20.762
50n_30p_seed1,0.3,1,20934000,15,DRA_ADVERTISE,20589,299,128,512,20.589
50n_30p_seed1,0.3,1,21109008,39,DRA_ADVERTISE,20971,362,128,512,20.971
50n_30p_seed1,0.3,1,21161000,44,DRA_ADVERTISE,20741,525,128,512,20.741
50n_30p_seed1,0.3,1,21179000,39,DRA_ADVERTISE,21041,351,128,512,21.041
50n_30p_seed1,0.3,1,21231000,42,DRA_ADVERTISE,20395,470,128,512,20.395
50n_30p_seed1,0.3,1,21317000,41,DRA_ADVERTISE,20928,336,128,512,20.928
50n_30p_seed1,0.3,1,21415000,38,DRA_ADVERTISE,20445,343,128,512,20.445
50n_30p_seed1,0.3,1,21523000,15,DRA_ADVERTISE,21178,299,128,512,21.178
50n_30p_seed1,0.3,1,21637000,42,DRA_ADVERTISE,20801,466,128,512,20.801
50n_30p_seed1,0.3,1,21663000,41,DRA_ADVERTISE,21274,336,128,512,21.274
50n_30p_seed1,0.3,1,21850008,39,DRA_ADVERTISE,21712,351,128,512,21.712
50n_30p_seed1,0.3,1,21885000,20,DRA_ADVERTISE,21873,340,128,512,21.873
50n_30p_seed1,0.3,1,22120000,24,DRA_ADVERTISE,21941,306,128,512,21.941
50n_30p_seed1,0.3,1,22321000,15,DRA_ADVERTISE,21976,299,128,512,21.976
50n_30p_seed1,0.3,1,22392000,34,DRA_ADVERTISE,21557,569,128,512,21.557
50n_30p_seed1,0.3,1,22454000,41,DRA_ADVERTISE,22065,336,128,512,22.065
50n_30p_seed1,0.3,1,22524000,13,DRA_ADVERTISE,21984,308,128,512,21.984
50n_30p_seed1,0.3,1,22534000,44,DRA_ADVERTISE,22114,525,128,512,22.114
50n_30p_seed1,0.3,1,22600000,24,DRA_ADVERTISE,22421,306,128,512,22.421
50n_30p_seed1,0.3,1,22744000,42,DRA_ADVERTISE,21908,466,128,512,21.908
50n_30p_seed1,0.3,1,22803000,34,DRA_ADVERTISE,21968,569,128,512,21.968
50n_30p_seed1,0.3,1,22866952,39,DRA_ADVERTISE,22728,341,128,512,22.728
50n_30p_seed1,0.3,1,22937000,20,DRA_ADVERTISE,22925,340,128,512,22.925
50n_30p_seed1,0.3,1,23323000,25,DRA_ADVERTISE,22841,302,128,512,22.841
50n_30p_seed1,0.3,1,23414000,24,DRA_ADVERTISE,23235,306,128,512,23.235
50n_30p_seed1,0.3,1,23746000,43,DRA_ADVERTISE,23533,481,128,512,23.533
50n_30p_seed1,0.3,1,23766000,34,DRA_ADVERTISE,22931,565,128,512,22.931
50n_30p_seed1,0.3,1,23880000,25,DRA_ADVERTISE,23398,297,128,512,23.398
50n_30p_seed1,0.3,1,23950000,41,DRA_ADVERTISE,23561,336,128,512,23.561
50n_30p_seed1,0.3,1,24076000,42,DRA_ADVERTISE,23240,462,128,512,23.24
50n_30p_seed1,0.3,1,24232000,43,DRA_ADVERTISE,24019,481,128,512,24.019
50n_30p_seed1,0.3,1,24565000,25,DRA_ADVERTISE,24083,297,128,512,24.083
50n_30p_seed1,0.3,1,24625000,15,DRA_ADVERTISE,24280,290,128,512,24.28
50n_30p_seed1,0.3,1,24773000,24,DRA_ADVERTISE,24594,306,128,512,24.594
50n_30p_seed1,0.3,1,24997000,43,DRA_ADVERTISE,24784,481,128,512,24.784
50n_30p_seed1,0.3,1,25126048,20,DRA_ADVERTISE,25114,331,128,512,25.114
50n_30p_seed1,0.3,1,25260048,20,DRA_ADVERTISE,25248,323,128,512,25.248
50n_30p_seed1,0.3,1,25516000,18,DRA_ADVERTISE,25265,320,128,512,25.265
50n_30p_seed1,0.3,1,25759000,34,DRA_ADVERTISE,24924,549,128,512,24.924
50n_30p_seed1,0.3,1,25889000,18,DRA_ADVERTISE,25638,320,128,512,25.638
50n_30p_seed1,0.3,1,26011000,20,DRA_ADVERTISE,25999,323,128,512,25.999
50n_30p_seed1,0.3,1,26333000,25,DRA_ADVERTISE,25851,297,128,512,25.851
50n_30p_seed1,0.3,1,26390000,32,DRA_ADVERTISE,25648,311,128,512,25.648
50n_30p_seed1,0.3,1,26535008,44,DRA_ADVERTISE,26115,502,128,512,26.115
50n_30p_seed1,0.3,1,26562000,13,DRA_ADVERTISE,26022,302,128,512,26.022
50n_30p_seed1,0.3,1,26939008,39,DRA_ADVERTISE,26801,332,128,512,26.801
50n_30p_seed1,0.3,1,26967000,44,DRA_ADVERTISE,26547,497,128,512,26.547
50n_30p_seed1,0.3,1,27008000,18,DRA_ADVERTISE,26757,320,128,512,26.757
50n_30p_seed1,0.3,1,27255000,42,DRA_ADVERTISE,26419,459,128,512,26.419
50n_30p_seed1,0.3,1,27332000,43,DRA_ADVERTISE,27119,481,128,512,27.119
50n_30p_seed1,0.3,1,27570000,15,DRA_ADVERTISE,27225,286,128,512,27.225
50n_30p_seed1,0.3,1,27810000,41,DRA_ADVERTISE,27421,328,128,512,27.421
50n_30p_seed1,0.3,1,28004000,9,DRA_ADVERTISE,27765,310,128,512,27.765
50n_30p_seed1,0.3,1,28427000,9,DRA_ADVERTISE,28188,310,128,512,28.188
50n_30p_seed1,0.3,1,28678000,24,DRA_ADVERTISE,28499,306,128,512,28.499
50n_30p_seed1,0.3,1,28861000,18,DRA_ADVERTISE,28610,320,128,512,28.61
50n_30p_seed1,0.3,1,29060000,34,DRA_ADVERTISE,28225,546,128,512,28.225
50n_30p_seed1,0.3,1,29171000,38,DRA_ADVERTISE,28201,334,128,512,28.201
50n_30p_seed1,0.3,1,29189000,9,DRA_ADVERTISE,28950,310,128,512,28.95
50n_30p_seed1,0.3,1,29334008,20,DRA_ADVERTISE,29322,323,128,512,29.322
50n_30p_seed1,0.3,1,30640000,25,DRA_ADVERTISE,30158,297,128,512,30.158
50n_30p_seed1,0.3,1,31075000,9,DRA_ADVERTISE,30836,304,128,512,30.836
50n_30p_seed1,0.3,1,31145000,43,DRA_ADVERTISE,30932,481,128,512,30.932
50n_30p_seed1,0.3,1,31894000,18,DRA_ADVERTISE,31643,320,128,512,31.643
50n_30p_seed1,0.3,1,31904920,24,DRA_ADVERTISE,31725,306,128,512,31.725
50n_30p_seed1,0.3,1,31942208,39,DRA_ADVERTISE,31804,310,128,512,31.804
50n_30p_seed1,0.3,1,32166008,24,DRA_ADVERTISE,31987,301,128,512,31.987
50n_30p_seed1,0.3,1,32180000,13,DRA_ADVERTISE,31640,297,128,512,31.64
50n_30p_seed1,0.3,1,32208296,39,DRA_ADVERTISE,32070,304,128,512,32.07
50n_30p_seed1,0.3,1,32706920,20,DRA_ADVERTISE,32694,316,128,512,32.694
50n_30p_seed1,0.3,1,35259000,9,DRA_ADVERTISE,35020,304,128,512,35.02
50n_30p_seed1,0.3,1,35267000,41,DRA_ADVERTISE,34878,328,128,512,34.878
50n_30p_seed1,0.3,1,35280000,44,DRA_ADVERTISE,34860,497,128,512,34.86
50n_30p_seed1,0.3,1,35682000,39,DRA_ADVERTISE,35544,299,128,512,35.544
50n_30p_seed1,0.3,1,35708000,20,DRA_ADVERTISE,35696,317,128,512,35.696
50n_30p_seed1,0.3,1,36091000,15,DRA_ADVERTISE,35746,274,128,512,35.746
50n_30p_seed1,0.3,1,37036000,42,DRA_ADVERTISE,36200,448,128,512,36.2
50n_30p_seed1,0.3,1,37112000,24,DRA_ADVERTISE,36933,296,128,512,36.933
50n_30p_seed1,0.3,1,37247296,20,DRA_ADVERTISE,37235,317,128,512,37.235
50n_30p_seed1,0.3,1,38083000,34,DRA_ADVERTISE,37248,540,128,512,37.248
50n_30p_seed1,0.3,1,38188000,25,DRA_ADVERTISE,37706,297,128,512,37.706
50n_30p_seed1,0.3,1,38537952,44,DRA_ADVERTISE,38117,477,128,512,38.117
50n_30p_seed1,0.3,1,38743000,43,DRA_ADVERTISE,38530,476,128,512,38.53
50n_30p_seed1,0.3,1,40184000,18,DRA_ADVERTISE,39933,307,128,512,39.933
50n_30p_seed1,0.3,1,41855000,9,DRA_ADVERTISE,41616,304,128,512,41.616
50n_30p_seed1,0.3,1,43222000,32,DRA_ADVERTISE,42480,295,128,512,42.48
50n_30p_seed1,0.3,1,44218000,38,DRA_ADVERTISE,43248,334,128,512,43.248
50n_30p_seed1,0.3,1,44849000,13,DRA_ADVERTISE,44309,288,128,512,44.309
50n_30p_seed1,0.3,1,45577000,44,DRA_ADVERTISE,45157,472,128,512,45.157
50n_30p_seed1,0.3,1,46951000,24,DRA_ADVERTISE,46772,296,128,512,46.772
50n_30p_seed1,0.3,1,49193000,25,DRA_ADVERTISE,48711,297,128,512,48.711
50n_30p_seed1,0.3,1,49394000,15,DRA_ADVERTISE,49049,274,128,512,49.049
50n_30p_seed1,0.3,1,49645000,43,DRA_ADVERTISE,49432,465,128,512,49.432
50n_30p_seed1,0.3,1,49926000,42,DRA_ADVERTISE,49090,448,128,512,49.09
50n_30p_seed1,0.3,1,50237000,41,DRA_ADVERTISE,49848,320,128,512,49.848
50n_30p_seed1,0.3,1,51325000,20,DRA_ADVERTISE,51313,299,128,512,51.313
50n_30p_seed1,0.3,1,51493000,18,DRA_ADVERTISE,51242,307,128,512,51.242
50n_30p_seed1,0.3,1,52817000,34,DRA_ADVERTISE,51982,520,128,512,51.982
50n_30p_seed1,0.3,1,52933000,9,DRA_ADVERTISE,52694,304,128,512,52.694
50n_30p_seed1,0.3,1,53545000,39,DRA_ADVERTISE,53407,280,128,512,53.407
50n_30p_seed1,0.3,1,54821000,39,DRA_ADVERTISE,54683,280,128,512,54.683
50n_30p_seed1,0.3,1,56937000,38,DRA_ADVERTISE,55967,326,128,512,55.967
50n_30p_seed1,0.3,1,57447000,20,DRA_ADVERTISE,57435,294,128,512,57.435
50n_30p_seed1,0.3,1,57532000,32,DRA_ADVERTISE,56790,295,128,512,56.79
50n_30p_seed1,0.3,1,60695000,13,DRA_ADVERTISE,60155,278,128,512,60.155
50n_30p_seed1,0.3,1,62244000,15,DRA_ADVERTISE,61899,268,128,512,61.899
50n_30p_seed1,0.3,1,63518000,15,DRA_ADVERTISE,63173,268,128,512,63.173
50n_30p_seed1,0.3,1,64681000,25,DRA_ADVERTISE,64199,292,128,512,64.199
50n_30p_seed1,0.3,1,65037000,34,DRA_ADVERTISE,64202,520,128,512,64.202
50n_30p_seed1,0.3,1,65482000,43,DRA_ADVERTISE,65269,456,128,512,65.269
50n_30p_seed1,0.3,1,66508000,42,DRA_ADVERTISE,65672,437,128,512,65.672
50n_30p_seed1,0.3,1,66636000,13,DRA_ADVERTISE,66096,278,128,512,66.096
50n_30p_seed1,0.3,1,66897000,41,DRA_ADVERTISE,66508,320,128,512,66.508
50n_30p_seed1,0.3,1,67153000,44,DRA_ADVERTISE,66733,454,128,512,66.733
50n_30p_seed1,0.3,1,67546000,25,DRA_ADVERTISE,67064,292,128,512,67.064
50n_30p_seed1,0.3,1,68121984,20,DRA_ADVERTISE,68109,286,128,512,68.109
50n_30p_seed1,0.3,1,68470000,18,DRA_ADVERTISE,68219,301,128,512,68.219
50n_30p_seed1,0.3,1,69912000,39,DRA_ADVERTISE,69774,286,128,512,69.774
50n_30p_seed1,0.3,1,70757000,24,DRA_ADVERTISE,70578,288,128,512,70.578
50n_30p_seed1,0.3,1,71222000,9,DRA_ADVERTISE,70983,299,128,512,70.983
50n_30p_seed1,0.3,1,72722000,41,DRA_ADVERTISE,72333,313,128,512,72.333
50n_30p_seed1,0.3,1,72979000,9,DRA_ADVERTISE,72740,299,128,512,72.74
50n_30p_seed1,0.3,1,73500952,44,DRA_ADVERTISE,73080,450,128,512,73.08
50n_30p_seed1,0.3,1,74965000,38,DRA_ADVERTISE,73995,319,128,512,73.995
50n_30p_seed1,0.3,1,76216000,34,DRA_ADVERTISE,75381,514,128,512,75.381
50n_30p_seed1,0.3,1,76476000,32,DRA_ADVERTISE,75734,287,128,512,75.734
50n_30p_seed1,0.3,1,77824000,24,DRA_ADVERTISE,77645,288,128,512,77.645
50n_30p_seed1,0.3,1,79755000,13,DRA_ADVERTISE,79215,275,128,512,79.215
50n_30p_seed1,0.3,1,80114000,32,DRA_ADVERTISE,79372,287,128,512,79.372
50n_30p_seed1,0.3,1,80568000,34,DRA_ADVERTISE,79733,514,128,512,79.733
50n_30p_seed1,0.3,1,82135000,20,DRA_ADVERTISE,82123,277,128,512,82.123
50n_30p_seed1,0.3,1,82858000,43,DRA_ADVERTISE,82645,448,128,512,82.645
50n_30p_seed1,0.3,1,83343000,44,DRA_ADVERTISE,82923,433,128,512,82.923
50n_30p_seed1,0.3,1,83907000,42,DRA_ADVERTISE,83071,427,128,512,83.071
50n_30p_seed1,0.3,1,84589000,15,DRA_ADVERTISE,84244,265,128,512,84.244
50n_30p_seed1,0.3,1,85282000,41,DRA_ADVERTISE,84893,313,128,512,84.893
50n_30p_seed1,0.3,1,85751000,25,DRA_ADVERTISE,85269,292,128,512,85.269
50n_30p_seed1,0.3,1,87182000,24,DRA_ADVERTISE,87003,288,128,512,87.003
50n_30p_seed1,0.3,1,87283000,18,DRA_ADVERTISE,87032,292,128,512,87.032
50n_30p_seed1,0.3,1,87384000,39,DRA_ADVERTISE,87246,274,128,512,87.246
50n_30p_seed1,0.3,1,87606000,9,DRA_ADVERTISE,87367,299,128,512,87.367
50n_30p_seed1,0.3,1,90272000,38,DRA_ADVERTISE,89302,319,128,512,89.302
50n_30p_seed1,0.3,1,93623000,32,DRA_ADVERTISE,92881,283,128,512,92.881
50n_30p_seed1,0.3,1,95764000,34,DRA_ADVERTISE,94929,497,128,512,94.929
50n_30p_seed1,0.3,1,96021000,38,DRA_ADVERTISE,95051,319,128,512,95.051
50n_30p_seed1,0.3,1,96203000,15,DRA_ADVERTISE,95858,264,128,512,95.858
50n_30p_seed1,0.3,1,96355000,13,DRA_ADVERTISE,95815,271,128,512,95.815
50n_30p_seed1,0.3,1,97561000,24,DRA_ADVERTISE,97382,284,128,512,97.382
50n_30p_seed1,0.3,1,98287000,42,DRA_ADVERTISE,97451,423,128,512,97.451
50n_30p_seed1,0.3,1,98957000,44,DRA_ADVERTISE,98537,427,128,512,98.537
50n_30p_seed1,0.3,1,99758000,20,DRA_ADVERTISE,99746,272,128,512,99.746
50n_30p_seed1,0.3,1,100450000,18,DRA_ADVERTISE,100199,292,128,512,100.199
50n_30p_seed1,0.3,1,100690000,39,DRA_ADVERTISE,100552,265,128,512,100.552
50n_30p_seed1,0.3,1,100956000,25,DRA_ADVERTISE,100474,288,128,512,100.474
50n_30p_seed1,0.3,1,101738000,9,DRA_ADVERTISE,101499,294,128,512,101.499
50n_30p_seed1,0.3,1,101992000,41,DRA_ADVERTISE,101603,313,128,512,101.603
50n_30p_seed1,0.3,1,102017000,42,DRA_ADVERTISE,101181,423,128,512,101.181
50n_30p_seed1,0.3,1,103283000,18,DRA_ADVERTISE,103032,292,128,512,103.032
50n_30p_seed1,0.3,1,104458000,44,DRA_ADVERTISE,104038,423,128,512,104.038
50n_30p_seed1,0.3,1,105006000,43,DRA_ADVERTISE,104793,438,128,512,104.793
50n_30p_seed1,0.3,1,105823984,44,DRA_ADVERTISE,105403,423,128,512,105.403
50n_30p_seed1,0.3,1,107608000,32,DRA_ADVERTISE,106866,280,128,512,106.866
50n_30p_seed1,0.3,1,108954000,38,DRA_ADVERTISE,107984,312,128,512,107.984
50n_30p_seed1,0.3,1,109844000,43,DRA_ADVERTISE,109631,438,128,512,109.631
50n_30p_seed1,0.3,1,112663000,42,DRA_ADVERTISE,111827,419,128,512,111.827
50n_30p_seed1,0.3,1,113174000,24,DRA_ADVERTISE,112995,281,128,512,112.995
50n_30p_seed1,0.3,1,114294000,34,DRA_ADVERTISE,113459,495,128,512,113.459
50n_30p_seed1,0.3,1,114846000,39,DRA_ADVERTISE,114708,262,128,512,114.708
50n_30p_seed1,0.3,1,115028000,13,DRA_ADVERTISE,114488,267,128,512,114.488
50n_30p_seed1,0.3,1,115328000,43,DRA_ADVERTISE,115115,435,128,512,115.115
50n_30p_seed1,0.3,1,115615000,15,DRA_ADVERTISE,115270,261,128,512,115.27
50n_30p_seed1,0.3,1,115645000,18,DRA_ADVERTISE,115394,284,128,512,115.394
50n_30p_seed1,0.3,1,115775000,44,DRA_ADVERTISE,115355,420,128,512,115.355
50n_30p_seed1,0.3,1,116276000,20,DRA_ADVERTISE,116264,266,128,512,116.264
50n_30p_seed1,0.3,1,117019000,41,DRA_ADVERTISE,116630,307,128,512,116.63
50n_30p_seed1,0.3,1,118164000,15,DRA_ADVERTISE,117819,261,128,512,117.819
50n_30p_seed1,0.3,1,119011000,39,DRA_ADVERTISE,118873,262,128,512,118.873
50n_30p_seed1,0.3,1,119416000,25,DRA_ADVERTISE,118934,288,128,512,118.934
50n_30p_seed1,0.3,1,121164000,32,DRA_ADVERTISE,120422,277,128,512,120.422
50n_30p_seed1,0.3,1,121753000,9,DRA_ADVERTISE,121514,294,128,512,121.514
50n_30p_seed1,0.3,1,126745000,44,DRA_ADVERTISE,126325,416,128,512,126.325
50n_30p_seed1,0.3,1,128053000,38,DRA_ADVERTISE,127083,312,128,512,127.083
50n_30p_seed1,0.3,1,129097000,20,DRA_ADVERTISE,129085,264,128,512,129.085
50n_30p_seed1,0.3,1,129535000,13,DRA_ADVERTISE,128995,265,128,512,128.995
50n_30p_seed1,0.3,1,129784000,41,DRA_ADVERTISE,129395,307,128,512,129.395
50n_30p_seed1,0.3,1,130527000,43,DRA_ADVERTISE,130314,432,128,512,130.314
50n_30p_seed1,0.3,1,130710000,15,DRA_ADVERTISE,130365,259,128,512,130.365
50n_30p_seed1,0.3,1,131545000,41,DRA_ADVERTISE,131156,307,128,512,131.156
50n_30p_seed1,0.3,1,131622000,24,DRA_ADVERTISE,131443,278,128,512,131.443
50n_30p_seed1,0.3,1,132657000,42,DRA_ADVERTISE,131821,416,128,512,131.821
50n_30p_seed1,0.3,1,132842000,18,DRA_ADVERTISE,132591,284,128,512,132.591
50n_30p_seed1,0.3,1,134951000,25,DRA_ADVERTISE,134469,288,128,512,134.469
50n_30p_seed1,0.3,1,135803000,34,DRA_ADVERTISE,134968,483,128,512,134.968
50n_30p_seed1,0.3,1,136030000,25,DRA_ADVERTISE,135548,284,128,512,135.548
50n_30p_seed1,0.3,1,136257000,39,DRA_ADVERTISE,136119,256,128,512,136.119
50n_30p_seed1,0.3,1,138215000,9,DRA_ADVERTISE,137976,290,128,512,137.976
50n_30p_seed1,0.3,1,141140000,32,DRA_ADVERTISE,140398,274,128,512,140.398
50n_30p_seed1,0.3,1,142013984,44,DRA_ADVERTISE,141593,409,128,512,141.593
50n_30p_seed1,0.3,1,144135000,13,DRA_ADVERTISE,143595,264,128,512,143.595
50n_30p_seed1,0.3,1,145092000,38,DRA_ADVERTISE,144122,306,128,512,144.122
50n_30p_seed1,0.3,1,145340000,15,DRA_ADVERTISE,144995,257,128,512,144.995
50n_30p_seed1,0.3,1,146686000,42,DRA_ADVERTISE,145850,412,128,512,145.85
50n_30p_seed1,0.3,1,147036000,20,DRA_ADVERTISE,147024,260,128,512,147.024
50n_30p_seed1,0.3,1,148029000,13,DRA_ADVERTISE,147489,263,128,512,147.489
50n_30p_seed1,0.3,1,148301000,34,DRA_ADVERTISE,147466,473,128,512,147.466
50n_30p_seed1,0.3,1,148398000,24,DRA_ADVERTISE,148219,275,128,512,148.219
50n_30p_seed1,0.3,1,148673000,18,DRA_ADVERTISE,148422,278,128,512,148.422
50n_30p_seed1,0.3,1,149709000,44,DRA_ADVERTISE,149289,407,128,512,149.289
50n_30p_seed1,0.3,1,149723000,39,DRA_ADVERTISE,149585,256,128,512,149.585
50n_30p_seed1,0.3,1,150672000,9,DRA_ADVERTISE,150433,290,128,512,150.433
50n_30p_seed1,0.3,1,151044000,41,DRA_ADVERTISE,150655,301,128,512,150.655
50n_30p_seed1,0.3,1,152183000,25,DRA_ADVERTISE,151701,284,128,512,151.701
50n_30p_seed1,0.3,1,152279000,43,DRA_ADVERTISE,152066,424,128,512,152.066
50n_30p_seed1,0.3,1,153830000,20,DRA_ADVERTISE,153818,260,128,512,153.818
50n_30p_seed1,0.3,1,155401000,43,DRA_ADVERTISE,155188,424,128,512,155.188
50n_30p_seed1,0.3,1,157688000,32,DRA_ADVERTISE,156946,272,128,512,156.946
50n_30p_seed1,0.3,1,158864000,13,DRA_ADVERTISE,158324,263,128,512,158.324
50n_30p_seed1,0.3,1,159189000,20,DRA_ADVERTISE,159177,259,128,512,159.177
50n_30p_seed1,0.3,1,159432000,44,DRA_ADVERTISE,159012,406,128,512,159.012
50n_30p_seed1,0.3,1,160620000,41,DRA_ADVERTISE,160231,296,128,512,160.231
50n_30p_seed1,0.3,1,160938000,42,DRA_ADVERTISE,160102,412,128,512,160.102
50n_30p_seed1,0.3,1,160979000,38,DRA_ADVERTISE,160009,306,128,512,160.009
50n_30p_seed1,0.3,1,161690000,42,DRA_ADVERTISE,160854,412,128,512,160.854
50n_30p_seed1,0.3,1,162932000,34,DRA_ADVERTISE,162097,473,128,512,162.097
50n_30p_seed1,0.3,1,163267984,44,DRA_ADVERTISE,162847,404,128,512,162.847
50n_30p_seed1,0.3,1,165732000,15,DRA_ADVERTISE,165387,256,128,512,165.387
50n_30p_seed1,0.3,1,167335000,25,DRA_ADVERTISE,166853,281,128,512,166.853
50n_30p_seed1,0.3,1,167688000,9,DRA_ADVERTISE,167449,286,128,512,167.449
50n_30p_seed1,0.3,1,168297000,24,DRA_ADVERTISE,168118,273,128,512,168.118
50n_30p_seed1,0.3,1,168769000,39,DRA_ADVERTISE,168631,256,128,512,168.631
50n_30p_seed1,0.3,1,170673000,43,DRA_ADVERTISE,170460,419,128,512,170.46
50n_30p_seed1,0.3,1,171862000,18,DRA_ADVERTISE,171611,273,128,512,171.611
50n_30p_seed1,0.3,1,172368000,38,DRA_ADVERTISE,171398,306,128,512,171.398
50n_30p_seed1,0.3,1,174744000,32,DRA_ADVERTISE,174002,268,128,512,174.002
50n_30p_seed1,0.3,1,175253000,34,DRA_ADVERTISE,174418,464,128,512,174.418
50n_30p_seed1,0.3,1,176301016,39,DRA_ADVERTISE,176163,256,128,512,176.163
50n_30p_seed1,0.3,1,176988000,41,DRA_ADVERTISE,176599,296,128,512,176.599
50n_30p_seed1,0.3,1,177093000,20,DRA_ADVERTISE,177081,256,128,512,177.081
50n_30p_seed1,0.3,1,177754000,9,DRA_ADVERTISE,177515,286,128,512,177.515
50n_30p_seed1,0.3,1,179285000,15,DRA_ADVERTISE,178940,256,128,512,178.94
50n_30p_seed1,0.3,1,179342000,44,DRA_ADVERTISE,178922,399,128,512,178.922
50n_30p_seed1,0.3,1,180803000,42,DRA_ADVERTISE,179967,409,128,512,179.967
50n_30p_seed1,0.3,1,180803000,24,DRA_ADVERTISE,180624,271,128,512,180.624
50n_30p_seed1,0.3,1,180938000,39,DRA_ADVERTISE,180800,256,128,512,180.8
50n_30p_seed1,0.3,1,182632000,13,DRA_ADVERTISE,182092,259,128,512,182.092
50n_30p_seed1,0.3,1,183140000,41,DRA_ADVERTISE,182751,296,128,512,182.751
50n_30p_seed1,0.3,1,183598000,25,DRA_ADVERTISE,183116,281,128,512,183.116
50n_30p_seed1,0.3,1,184029000,18,DRA_ADVERTISE,183778,271,128,512,183.778
50n_30p_seed1,0.3,1,184500000,34,DRA_ADVERTISE,183665,464,128,512,183.665
50n_30p_seed1,0.3,1,184785000,32,DRA_ADVERTISE,184043,268,128,512,184.043
50n_30p_seed1,0.3,1,186333000,24,DRA_ADVERTISE,186154,269,128,512,186.154
50n_30p_seed1,0.3,1,186530000,43,DRA_ADVERTISE,186317,417,128,512,186.317
50n_30p_seed1,0.3,1,189608000,32,DRA_ADVERTISE,188866,265,128,512,188.866
50n_30p_seed1,0.3,1,191172000,9,DRA_ADVERTISE,190933,283,128,512,190.933
50n_30p_seed1,0.3,1,191509000,44,DRA_ADVERTISE,191089,394,128,512,191.089
50n_30p_seed1,0.3,1,191752000,38,DRA_ADVERTISE,190782,301,128,512,190.782
50n_30p_seed1,0.3,1,194540000,41,DRA_ADVERTISE,194151,292,128,512,194.151
50n_30p_seed1,0.3,1,194884000,44,DRA_ADVERTISE,194464,394,128,512,194.464
50n_30p_seed1,0.3,1,196138000,13,DRA_ADVERTISE,195598,259,128,512,195.598
50n_30p_seed1,0.3,1,196142000,42,DRA_ADVERTISE,195306,406,128,512,195.306
50n_30p_seed1,0.3,1,196331000,15,DRA_ADVERTISE,195986,256,128,512,195.986
50n_30p_seed1,0.3,1,197483000,39,DRA_ADVERTISE,197345,256,128,512,197.345
50n_30p_seed1,0.3,1,198178000,20,DRA_ADVERTISE,198166,256,128,512,198.166
50n_30p_seed1,0.3,1,198771000,25,DRA_ADVERTISE,198289,281,128,512,198.289
50n_30p_seed1,0.3,1,199291000,43,DRA_ADVERTISE,199078,411,128,512,199.078
50n_30p_seed1,0.3,1,200086000,38,DRA_ADVERTISE,199116,301,128,512,199.116
50n_30p_seed1,0.3,1,200192000,34,DRA_ADVERTISE,199357,456,128,512,199.357
50n_30p_seed1,0.3,1,200533000,24,DRA_ADVERTISE,200354,269,128,512,200.354
50n_30p_seed1,0.3,1,201038984,44,DRA_ADVERTISE,200618,394,128,512,200.618
50n_30p_seed1,0.3,1,201176000,18,DRA_ADVERTISE,200925,269,128,512,200.925
50n_30p_seed1,0.3,1,201881000,43,DRA_ADVERTISE,201668,411,128,512,201.668
50n_30p_seed1,0.3,1,205258000,38,DRA_ADVERTISE,204288,301,128,512,204.288
50n_30p_seed1,0.3,1,205657000,9,DRA_ADVERTISE,205418,283,128,512,205.418
50n_30p_seed1,0.3,1,208059000,32,DRA_ADVERTISE,207317,263,128,512,207.317
50n_30p_seed1,0.3,1,210189000,13,DRA_ADVERTISE,209649,256,128,512,209.649
50n_30p_seed1,0.3,1,211098000,18,DRA_ADVERTISE,210847,267,128,512,210.847
50n_30p_seed1,0.3,1,212511000,43,DRA_ADVERTISE,212298,411,128,512,212.298
50n_30p_seed1,0.3,1,212896000,41,DRA_ADVERTISE,212507,292,128,512,212.507
50n_30p_seed1,0.3,1,213443000,42,DRA_ADVERTISE,212607,403,128,512,212.607
50n_30p_seed1,0.3,1,213575000,18,DRA_ADVERTISE,213324,267,128,512,213.324
50n_30p_seed1,0.3,1,213838000,15,DRA_ADVERTISE,213493,256,128,512,213.493
50n_30p_seed1,0.3,1,214290000,20,DRA_ADVERTISE,214278,256,128,512,214.278
50n_30p_seed1,0.3,1,214655000,15,DRA_ADVERTISE,214310,256,128,512,214.31
50n_30p_seed1,0.3,1,215152000,34,DRA_ADVERTISE,214317,456,128,512,214.317
50n_30p_seed1,0.3,1,215274000,20,DRA_ADVERTISE,215262,256,128,512,215.262
50n_30p_seed1,0.3,1,215783000,44,DRA_ADVERTISE,215363,393,128,512,215.363
50n_30p_seed1,0.3,1,216250000,25,DRA_ADVERTISE,215768,278,128,512,215.768
50n_30p_seed1,0.3,1,216307000,24,DRA_ADVERTISE,216128,267,128,512,216.128
50n_30p_seed1,0.3,1,217048000,9,DRA_ADVERTISE,216809,280,128,512,216.809
50n_30p_seed1,0.3,1,217202000,25,DRA_ADVERTISE,216720,278,128,512,216.72
50n_30p_seed1,0.3,1,219143000,32,DRA_ADVERTISE,218401,263,128,512,218.401
50n_30p_seed1,0.3,1,219394000,39,DRA_ADVERTISE,219256,256,128,512,219.256
50n_30p_seed1,0.3,1,224991000,13,DRA_ADVERTISE,224451,256,128,512,224.451
50n_30p_seed1,0.3,1,225887000,38,DRA_ADVERTISE,224917,296,128,512,224.917
50n_30p_seed1,0.3,1,225920000,42,DRA_ADVERTISE,225084,403,128,512,225.084
50n_30p_seed1,0.3,1,226507000,13,DRA_ADVERTISE,225967,256,128,512,225.967
50n_30p_seed1,0.3,1,227218000,41,DRA_ADVERTISE,226829,288,128,512,226.829
50n_30p_seed1,0.3,1,228057000,34,DRA_ADVERTISE,227222,448,128,512,227.222
50n_30p_seed1,0.3,1,228214000,15,DRA_ADVERTISE,227869,256,128,512,227.869
50n_30p_seed1,0.3,1,228605000,44,DRA_ADVERTISE,228185,392,128,512,228.185
50n_30p_seed1,0.3,1,229471984,44,DRA_ADVERTISE,229051,392,128,512,229.051
50n_30p_seed1,0.3,1,230764000,42,DRA_ADVERTISE,229928,403,128,512,229.928
50n_30p_seed1,0.3,1,231448000,39,DRA_ADVERTISE,231310,256,128,512,231.31
50n_30p_seed1,0.3,1,231762000,24,DRA_ADVERTISE,231583,265,128,512,231.583
50n_30p_seed1,0.3,1,232215000,25,DRA_ADVERTISE,231733,275,128,512,231.733
50n_30p_seed1,0.3,1,232438000,20,DRA_ADVERTISE,232426,256,128,512,232.426
50n_30p_seed1,0.3,1,235537000,9,DRA_ADVERTISE,235298,277,128,512,235.298
50n_30p_seed1,0.3,1,235848000,43,DRA_ADVERTISE,235635,407,128,512,235.635
50n_30p_seed1,0.3,1,235851000,38,DRA_ADVERTISE,234881,296,128,512,234.881
50n_30p_seed1,0.3,1,236836000,18,DRA_ADVERTISE,236585,264,128,512,236.585
50n_30p_seed1,0.3,1,237254000,32,DRA_ADVERTISE,236512,263,128,512,236.512
50n_30p_seed1,0.3,1,242021000,42,DRA_ADVERTISE,241185,401,128,512,241.185
50n_30p_seed1,0.3,1,245947000,13,DRA_ADVERTISE,245407,256,128,512,245.407
50n_30p_seed1,0.3,1,245975000,25,DRA_ADVERTISE,245493,275,128,512,245.493
50n_30p_seed1,0.3,1,246623000,15,DRA_ADVERTISE,246278,256,128,512,246.278
50n_30p_seed1,0.3,1,247046000,39,DRA_ADVERTISE,246908,256,128,512,246.908
50n_30p_seed1,0.3,1,247108000,39,DRA_ADVERTISE,246970,256,128,512,246.97
50n_30p_seed1,0.3,1,247119000,43,DRA_ADVERTISE,246906,404,128,512,246.906
50n_30p_seed1,0.3,1,247251000,43,DRA_ADVERTISE,247038,404,128,512,247.038
50n_30p_seed1,0.3,1,247283000,41,DRA_ADVERTISE,246894,284,128,512,246.894
50n_30p_seed1,0.3,1,248796000,44,DRA_ADVERTISE,248376,390,128,512,248.376
50n_30p_seed1,0.3,1,248822000,20,DRA_ADVERTISE,248810,256,128,512,248.81
50n_30p_seed1,0.3,1,250146984,44,DRA_ADVERTISE,249726,390,128,512,249.726
50n_30p_seed1,0.3,1,250317000,34,DRA_ADVERTISE,249482,448,128,512,249.482
50n_30p_seed1,0.3,1,250737000,24,DRA_ADVERTISE,250558,264,128,512,250.558
50n_30p_seed1,0.3,1,251750000,18,DRA_ADVERTISE,251499,264,128,512,251.499
50n_30p_seed1,0.3,1,251891000,38,DRA_ADVERTISE,250921,292,128,512,250.921
50n_30p_seed1,0.3,1,253161000,34,DRA_ADVERTISE,252326,454,128,512,252.326
50n_30p_seed1,0.3,1,253779000,32,DRA_ADVERTISE,253037,261,128,512,253.037
50n_30p_seed1,0.3,1,256599000,9,DRA_ADVERTISE,256360,277,128,512,256.36
50n_30p_seed1,0.3,1,259164000,13,DRA_ADVERTISE,258624,256,128,512,258.624
50n_30p_seed1,0.3,1,260695000,42,DRA_ADVERTISE,259859,401,128,512,259.859
50n_30p_seed1,0.3,1,261911000,15,DRA_ADVERTISE,261566,256,128,512,261.566
50n_30p_seed1,0.3,1,262200000,34,DRA_ADVERTISE,261365,454,128,512,261.365
50n_30p_seed1,0.3,1,262597000,25,DRA_ADVERTISE,262115,275,128,512,262.115
50n_30p_seed1,0.3,1,262824000,41,DRA_ADVERTISE,262435,284,128,512,262.435
50n_30p_seed1,0.3,1,263028000,43,DRA_ADVERTISE,262815,404,128,512,262.815
50n_30p_seed1,0.3,1,263078000,44,DRA_ADVERTISE,262658,389,128,512,262.658
50n_30p_seed1,0.3,1,263472000,41,DRA_ADVERTISE,263083,284,128,512,263.083
50n_30p_seed1,0.3,1,264139000,20,DRA_ADVERTISE,264127,256,128,512,264.127
50n_30p_seed1,0.3,1,264275000,24,DRA_ADVERTISE,264096,263,128,512,264.096
50n_30p_seed1,0.3,1,264290000,44,DRA_ADVERTISE,263870,389,128,512,263.87
50n_30p_seed1,0.3,1,267343000,39,DRA_ADVERTISE,267205,256,128,512,267.205
50n_30p_seed1,0.3,1,267383000,18,DRA_ADVERTISE,267132,263,128,512,267.132
50n_30p_seed1,0.3,1,270574000,38,DRA_ADVERTISE,269604,288,128,512,269.604
50n_30p_seed1,0.3,1,270799000,32,DRA_ADVERTISE,270057,261,128,512,270.057
50n_30p_seed1,0.3,1,272853000,9,DRA_ADVERTISE,272614,274,128,512,272.614
50n_30p_seed1,0.3,1,273087000,13,DRA_ADVERTISE,272547,256,128,512,272.547
50n_30p_seed1,0.3,1,274941000,41,DRA_ADVERTISE,274552,284,128,512,274.552
50n_30p_seed1,0.3,1,275992000,24,DRA_ADVERTISE,275813,263,128,512,275.813
50n_30p_seed1,0.3,1,276210000,32,DRA_ADVERTISE,275468,260,128,512,275.468
50n_30p_seed1,0.3,1,276336000,42,DRA_ADVERTISE,275500,399,128,512,275.5
50n_30p_seed1,0.3,1,276567000,9,DRA_ADVERTISE,276328,274,128,512,276.328
50n_30p_seed1,0.3,1,277024000,18,DRA_ADVERTISE,276773,262,128,512,276.773
50n_30p_seed1,0.3,1,277385000,43,DRA_ADVERTISE,277172,400,128,512,277.172
50n_30p_seed1,0.3,1,278519000,34,DRA_ADVERTISE,277684,447,128,512,277.684
50n_30p_seed1,0.3,1,278592000,44,DRA_ADVERTISE,278172,388,128,512,278.172
50n_30p_seed1,0.3,1,278745000,15,DRA_ADVERTISE,278400,256,128,512,278.4
50n_30p_seed1,0.3,1,279955000,38,DRA_ADVERTISE,278985,288,128,512,278.985
50n_30p_seed1,0.3,1,281036000,20,DRA_ADVERTISE,281024,256,128,512,281.024
50n_30p_seed1,0.3,1,282343000,25,DRA_ADVERTISE,281861,273,128,512,281.861
50n_30p_seed1,0.3,1,283789000,9,DRA_ADVERTISE,283550,274,128,512,283.55
50n_30p_seed1,0.3,1,284824000,39,DRA_ADVERTISE,284686,256,128,512,284.686
50n_30p_seed1,0.3,1,285593000,18,DRA_ADVERTISE,285342,262,128,512,285.342
50n_30p_seed1,0.3,1,286805984,44,DRA_ADVERTISE,286385,388,128,512,286.385
50n_30p_seed1,0.3,1,287217000,38,DRA_ADVERTISE,286247,288,128,512,286.247
50n_30p_seed1,0.3,1,287263000,13,DRA_ADVERTISE,286723,256,128,512,286.723
50n_30p_seed1,0.3,1,288498000,25,DRA_ADVERTISE,288016,271,128,512,288.016
50n_30p_seed1,0.3,1,291000000,15,DRA_ADVERTISE,290655,256,128,512,290.655
50n_30p_seed1,0.3,1,291268000,44,DRA_ADVERTISE,290848,387,128,512,290.848
50n_30p_seed1,0.3,1,291319000,32,DRA_ADVERTISE,290577,259,128,512,290.577
50n_30p_seed1,0.3,1,291597000,13,DRA_ADVERTISE,291057,256,128,512,291.057
50n_30p_seed1,0.3,1,292746000,15,DRA_ADVERTISE,292401,256,128,512,292.401
50n_30p_seed1,0.3,1,293218000,42,DRA_ADVERTISE,292382,399,128,512,292.382
50n_30p_seed1,0.3,1,293747000,34,DRA_ADVERTISE,292912,447,128,512,292.912
50n_30p_seed1,0.3,1,294123000,43,DRA_ADVERTISE,293910,400,128,512,293.91
50n_30p_seed1,0.3,1,295246000,39,DRA_ADVERTISE,295108,256,128,512,295.108
50n_30p_seed1,0.3,1,295271000,24,DRA_ADVERTISE,295092,261,128,512,295.092
50n_30p_seed1,0.3,1,296533000,41,DRA_ADVERTISE,296144,281,128,512,296.144
50n_30p_seed1,0.3,1,296555000,20,DRA_ADVERTISE,296543,256,128,512,296.543
50n_30p_seed1,0.3,1,296657000,43,DRA_ADVERTISE,296444,400,128,512,296.444
50n_30p_seed1,0.3,1,296996000,24,DRA_ADVERTISE,296817,261,128,512,296.817
50n_30p_seed1,0.3,1,300488000,25,DRA_ADVERTISE,300006,271,128,512,300.006
50n_30p_seed1,0.3,1,300649000,18,DRA_ADVERTISE,300398,261,128,512,300.398
50n_30p_seed1,0.3,1,301318000,32,DRA_ADVERTISE,300576,258,128,512,300.576
50n_30p_seed1,0.3,1,301428000,9,DRA_ADVERTISE,301189,272,128,512,301.189
50n_30p_seed1,0.3,1,305502000,38,DRA_ADVERTISE,304532,284,128,512,304.532
50n_30p_seed1,0.3,1,310742000,15,DRA_ADVERTISE,310397,256,128,512,310.397
50n_30p_seed1,0.3,1,311175000,13,DRA_ADVERTISE,310635,268,128,512,310.635
50n_30p_seed1,0.3,1,311640000,44,DRA_ADVERTISE,311220,386,128,512,311.22
50n_30p_seed1,0.3,1,311770000,39,DRA_ADVERTISE,311632,256,128,512,311.632
50n_30p_seed1,0.3,1,313200000,43,DRA_ADVERTISE,312987,396,128,512,312.987
50n_30p_seed1,0.3,1,313405000,42,DRA_ADVERTISE,312569,397,128,512,312.569
50n_30p_seed1,0.3,1,313669000,25,DRA_ADVERTISE,313187,269,128,512,313.187
50n_30p_seed1,0.3,1,314377000,41,DRA_ADVERTISE,313988,281,128,512,313.988
50n_30p_seed1,0.3,1,314651000,20,DRA_ADVERTISE,314639,256,128,512,314.639
50n_30p_seed1,0.3,1,315653000,34,DRA_ADVERTISE,314818,440,128,512,314.818
50n_30p_seed1,0.3,1,315674000,34,DRA_ADVERTISE,314839,440,128,512,314.839
50n_30p_seed1,0.3,1,315713000,24,DRA_ADVERTISE,315534,260,128,512,315.534
50n_30p_seed1,0.3,1,317283000,32,DRA_ADVERTISE,316541,257,128,512,316.541
50n_30p_seed1,0.3,1,318579000,42,DRA_ADVERTISE,317743,397,128,512,317.743
50n_30p_seed1,0.3,1,319433000,20,DRA_ADVERTISE,319421,256,128,512,319.421
50n_30p_seed1,0.3,1,319916000,18,DRA_ADVERTISE,319665,260,128,512,319.665
50n_30p_seed1,0.3,1,320316000,9,DRA_ADVERTISE,320077,270,128,512,320.077
50n_30p_seed1,0.3,1,322387000,38,DRA_ADVERTISE,321417,284,128,512,321.417
50n_30p_seed1,0.3,1,323960000,13,DRA_ADVERTISE,323420,268,128,512,323.42
50n_30p_seed1,0.3,1,324301000,15,DRA_ADVERTISE,323956,256,128,512,323.956
50n_30p_seed1,0.3,1,324635000,20,DRA_ADVERTISE,324623,256,128,512,324.623
50n_30p_seed1,0.3,1,325329000,24,DRA_ADVERTISE,325150,259,128,512,325.15
50n_30p_seed1,0.3,1,326373984,44,DRA_ADVERTISE,325953,385,128,512,325.953
50n_30p_seed1,0.3,1,327168000,43,DRA_ADVERTISE,326955,396,128,512,326.955
50n_30p_seed1,0.3,1,328922000,42,DRA_ADVERTISE,328086,395,128,512,328.086
50n_30p_seed1,0.3,1,329259000,34,DRA_ADVERTISE,328424,434,128,512,328.424
50n_30p_seed1,0.3,1,330658000,44,DRA_ADVERTISE,330238,384,128,512,330.238
50n_30p_seed1,0.3,1,330905000,41,DRA_ADVERTISE,330516,278,128,512,330.516
50n_30p_seed1,0.3,1,331687000,25,DRA_ADVERTISE,331205,269,128,512,331.205
50n_30p_seed1,0.3,1,331824000,39,DRA_ADVERTISE,331686,256,128,512,331.686
50n_30p_seed1,0.3,1,332272000,9,DRA_ADVERTISE,332033,270,128,512,332.033
50n_30p_seed1,0.3,1,333480000,32,DRA_ADVERTISE,332738,256,128,512,332.738
50n_30p_seed1,0.3,1,334256000,18,DRA_ADVERTISE,334005,258,128,512,334.005
50n_30p_seed1,0.3,1,334834000,18,DRA_ADVERTISE,334583,258,128,512,334.583
50n_30p_seed1,0.3,1,335120000,9,DRA_ADVERTISE,334881,270,128,512,334.881
50n_30p_seed1,0.3,1,336440000,38,DRA_ADVERTISE,335470,281,128,512,335.47
50n_30p_seed1,0.3,1,336610000,32,DRA_ADVERTISE,335868,256,128,512,335.868
50n_30p_seed1,0.3,1,340656000,41,DRA_ADVERTISE,340267,278,128,512,340.267
50n_30p_seed1,0.3,1,341202000,20,DRA_ADVERTISE,341190,256,128,512,341.19
50n_30p_seed1,0.3,1,341594000,34,DRA_ADVERTISE,340759,434,128,512,340.759
50n_30p_seed1,0.3,1,341728000,24,DRA_ADVERTISE,341549,259,128,512,341.549
50n_30p_seed1,0.3,1,342536000,24,DRA_ADVERTISE,342357,259,128,512,342.357
50n_30p_seed1,0.3,1,342606000,42,DRA_ADVERTISE,341770,395,128,512,341.77
50n_30p_seed1,0.3,1,342654000,13,DRA_ADVERTISE,342114,265,128,512,342.114
50n_30p_seed1,0.3,1,343180000,25,DRA_ADVERTISE,342698,267,128,512,342.698
50n_30p_seed1,0.3,1,346100000,41,DRA_ADVERTISE,345711,278,128,512,345.711
50n_30p_seed1,0.3,1,346462000,43,DRA_ADVERTISE,346249,393,128,512,346.249
50n_30p_seed1,0.3,1,346895000,44,DRA_ADVERTISE,346475,384,128,512,346.475
50n_30p_seed1,0.3,1,347153000,15,DRA_ADVERTISE,346808,256,128,512,346.808
50n_30p_seed1,0.3,1,347420000,39,DRA_ADVERTISE,347282,256,128,512,347.282
50n_30p_seed1,0.3,1,347434000,25,DRA_ADVERTISE,346952,267,128,512,346.952
50n_30p_seed1,0.3,1,347813000,38,DRA_ADVERTISE,346843,281,128,512,346.843
50n_30p_seed1,0.3,1,349950000,39,DRA_ADVERTISE,349812,256,128,512,349.812
50n_30p_seed1,0.3,1,349963000,9,DRA_ADVERTISE,349724,268,128,512,349.724
50n_30p_seed1,0.3,1,350099000,32,DRA_ADVERTISE,349357,256,128,512,349.357
50n_30p_seed1,0.3,1,350621000,18,DRA_ADVERTISE,350370,258,128,512,350.37
50n_30p_seed1,0.3,1,351748000,44,DRA_ADVERTISE,351328,384,128,512,351.328
50n_30p_seed1,0.3,1,352768000,38,DRA_ADVERTISE,351798,278,128,512,351.798
50n_30p_seed1,0.3,1,357297000,13,DRA_ADVERTISE,356757,263,128,512,356.757
50n_30p_seed1,0.3,1,357377000,41,DRA_ADVERTISE,356988,275,128,512,356.988
50n_30p_seed1,0.3,1,358531000,20,DRA_ADVERTISE,358519,256,128,512,358.519
50n_30p_seed1,0.3,1,359401000,24,DRA_ADVERTISE,359222,257,128,512,359.222
50n_30p_seed1,0.3,1,360043000,15,DRA_ADVERTISE,359698,256,128,512,359.698
50n_30p_seed1,0.3,1,360129000,44,DRA_ADVERTISE,359709,384,128,512,359.709
50n_30p_seed1,0.3,1,360197000,43,DRA_ADVERTISE,359984,393,128,512,359.984
50n_30p_seed1,0.3,1,361025016,44,DRA_ADVERTISE,360605,384,128,512,360.605
50n_30p_seed1,0.3,1,361093000,42,DRA_ADVERTISE,360257,402,128,512,360.257
50n_30p_seed1,0.3,1,361983000,18,DRA_ADVERTISE,361732,258,128,512,361.732
50n_30p_seed1,0.3,1,363272000,25,DRA_ADVERTISE,362790,267,128,512,362.79
50n_30p_seed1,0.3,1,364467000,34,DRA_ADVERTISE,363632,439,128,512,363.632
50n_30p_seed1,0.3,1,364479000,39,DRA_ADVERTISE,364341,256,128,512,364.341
50n_30p_seed1,0.3,1,369237000,9,DRA_ADVERTISE,368998,266,128,512,368.998
50n_30p_seed1,0.3,1,370400000,32,DRA_ADVERTISE,369658,256,128,512,369.658
50n_30p_seed1,0.3,1,372212000,13,DRA_ADVERTISE,371672,263,128,512,371.672
50n_30p_seed1,0.3,1,374449000,38,DRA_ADVERTISE,373479,278,128,512,373.479
50n_30p_seed1,0.3,1,374851000,20,DRA_ADVERTISE,374839,256,128,512,374.839
50n_30p_seed1,0.3,1,374879000,41,DRA_ADVERTISE,374490,275,128,512,374.49
50n_30p_seed1,0.3,1,376403000,15,DRA_ADVERTISE,376058,256,128,512,376.058
50n_30p_seed1,0.3,1,376649000,43,DRA_ADVERTISE,376436,392,128,512,376.436
50n_30p_seed1,0.3,1,376705000,42,DRA_ADVERTISE,375869,398,128,512,375.869
50n_30p_seed1,0.3,1,376962000,34,DRA_ADVERTISE,376127,435,128,512,376.127
50n_30p_seed1,0.3,1,377508000,13,DRA_ADVERTISE,376968,260,128,512,376.968
50n_30p_seed1,0.3,1,377555000,39,DRA_ADVERTISE,377417,256,128,512,377.417
50n_30p_seed1,0.3,1,378797000,24,DRA_ADVERTISE,378618,256,128,512,378.618
50n_30p_seed1,0.3,1,379322000,25,DRA_ADVERTISE,378840,265,128,512,378.84
50n_30p_seed1,0.3,1,379434000,18,DRA_ADVERTISE,379183,256,128,512,379.183
50n_30p_seed1,0.3,1,379785000,44,DRA_ADVERTISE,379365,384,128,512,379.365
50n_30p_seed1,0.3,1,380745000,9,DRA_ADVERTISE,380506,266,128,512,380.506
50n_30p_seed1,0.3,1,382291000,43,DRA_ADVERTISE,382078,392,128,512,382.078
50n_30p_seed1,0.3,1,385971000,38,DRA_ADVERTISE,385001,275,128,512,385.001
50n_30p_seed1,0.3,1,386956000,32,DRA_ADVERTISE,386214,256,128,512,386.214
50n_30p_seed1,0.3,1,387715000,13,DRA_ADVERTISE,387175,260,128,512,387.175
50n_30p_seed1,0.3,1,388287016,44,DRA_ADVERTISE,387867,384,128,512,387.867
50n_30p_seed1,0.3,1,389513000,15,DRA_ADVERTISE,389168,256,128,512,389.168
50n_30p_seed1,0.3,1,390323016,39,DRA_ADVERTISE,390185,268,128,512,390.185
50n_30p_seed1,0.3,1,390964000,20,DRA_ADVERTISE,390952,256,128,512,390.952
50n_30p_seed1,0.3,1,391254000,18,DRA_ADVERTISE,391003,256,128,512,391.003
50n_30p_seed1,0.3,1,392696000,44,DRA_ADVERTISE,392276,384,128,512,392.276
50n_30p_seed1,0.3,1,393051000,20,DRA_ADVERTISE,393039,256,128,512,393.039
50n_30p_seed1,0.3,1,393205000,15,DRA_ADVERTISE,392860,256,128,512,392.86
50n_30p_seed1,0.3,1,393423000,42,DRA_ADVERTISE,392587,396,128,512,392.587
50n_30p_seed1,0.3,1,394795000,41,DRA_ADVERTISE,394406,273,128,512,394.406
50n_30p_seed1,0.3,1,395529000,24,DRA_ADVERTISE,395350,256,128,512,395.35
50n_30p_seed1,0.3,1,396052000,34,DRA_ADVERTISE,395217,428,128,512,395.217
50n_30p_seed1,0.3,1,397363000,25,DRA_ADVERTISE,396881,265,128,512,396.881
50n_30p_seed1,0.3,1,397619000,39,DRA_ADVERTISE,397481,277,128,512,397.481
50n_30p_seed1,0.3,1,398034000,43,DRA_ADVERTISE,397821,391,128,512,397.821
50n_30p_seed1,0.3,1,398622000,25,DRA_ADVERTISE,398140,265,128,512,398.14
50n_30p_seed1,0.3,1,398664016,39,DRA_ADVERTISE,398526,277,128,512,398.526
50n_30p_seed1,0.3,1,399102000,39,DRA_ADVERTISE,398964,274,128,512,398.964
50n_30p_seed1,0.3,1,399104000,18,DRA_ADVERTISE,398853,256,128,512,398.853
50n_30p_seed1,0.3,1,399976000,38,DRA_ADVERTISE,399006,275,128,512,399.006
50n_30p_seed1,0.3,1,403895000,9,DRA_ADVERTISE,403656,265,128,512,403.656
50n_30p_seed1,0.3,1,405260016,39,DRA_ADVERTISE,405122,274,128,512,405.122
50n_30p_seed1,0.3,1,405434000,24,DRA_ADVERTISE,405255,256,128,512,405.255
50n_30p_seed1,0.3,1,406008000,15,DRA_ADVERTISE,405663,256,128,512,405.663
50n_30p_seed1,0.3,1,406753000,24,DRA_ADVERTISE,406574,256,128,512,406.574
50n_30p_seed1,0.3,1,407008000,32,DRA_ADVERTISE,406266,256,128,512,406.266
50n_30p_seed1,0.3,1,408507000,44,DRA_ADVERTISE,408087,384,128,512,408.087
50n_30p_seed1,0.3,1,410034000,13,DRA_ADVERTISE,409494,258,128,512,409.494
50n_30p_seed1,0.3,1,410424000,34,DRA_ADVERTISE,409589,424,128,512,409.589
50n_30p_seed1,0.3,1,411672000,9,DRA_ADVERTISE,411433,265,128,512,411.433
50n_30p_seed1,0.3,1,412146000,42,DRA_ADVERTISE,411310,391,128,512,411.31
50n_30p_seed1,0.3,1,412203000,20,DRA_ADVERTISE,412191,256,128,512,412.191
50n_30p_seed1,0.3,1,413234000,25,DRA_ADVERTISE,412752,264,128,512,412.752
50n_30p_seed1,0.3,1,413318000,41,DRA_ADVERTISE,412929,271,128,512,412.929
50n_30p_seed1,0.3,1,413628000,39,DRA_ADVERTISE,413490,272,128,512,413.49
50n_30p_seed1,0.3,1,414163016,39,DRA_ADVERTISE,414025,272,128,512,414.025
50n_30p_seed1,0.3,1,414603000,18,DRA_ADVERTISE,414352,256,128,512,414.352
50n_30p_seed1,0.3,1,414788000,43,DRA_ADVERTISE,414575,391,128,512,414.575
50n_30p_seed1,0.3,1,415179000,42,DRA_ADVERTISE,414343,391,128,512,414.343
50n_30p_seed1,0.3,1,415470000,9,DRA_ADVERTISE,415231,265,128,512,415.231
50n_30p_seed1,0.3,1,417228000,32,DRA_ADVERTISE,416486,256,128,512,416.486
50n_30p_seed1,0.3,1,421131000,34,DRA_ADVERTISE,420296,420,128,512,420.296
50n_30p_seed1,0.3,1,423790000,38,DRA_ADVERTISE,422820,273,128,512,422.82
50n_30p_seed1,0.3,1,424112000,24,DRA_ADVERTISE,423933,256,128,512,423.933
50n_30p_seed1,0.3,1,424230000,13,DRA_ADVERTISE,423690,257,128,512,423.69
50n_30p_seed1,0.3,1,424550000,41,DRA_ADVERTISE,424161,271,128,512,424.161
50n_30p_seed1,0.3,1,424966000,34,DRA_ADVERTISE,424131,420,128,512,424.131
50n_30p_seed1,0.3,1,425818000,25,DRA_ADVERTISE,425336,264,128,512,425.336
50n_30p_seed1,0.3,1,426548000,15,DRA_ADVERTISE,426203,256,128,512,426.203
50n_30p_seed1,0.3,1,426752016,44,DRA_ADVERTISE,426332,384,128,512,426.332
50n_30p_seed1,0.3,1,427360000,38,DRA_ADVERTISE,426390,273,128,512,426.39
50n_30p_seed1,0.3,1,427663016,39,DRA_ADVERTISE,427525,266,128,512,427.525
50n_30p_seed1,0.3,1,427966000,41,DRA_ADVERTISE,427577,271,128,512,427.577
50n_30p_seed1,0.3,1,428147000,32,DRA_ADVERTISE,427405,256,128,512,427.405
50n_30p_seed1,0.3,1,428177272,39,DRA_ADVERTISE,428039,265,128,512,428.039
50n_30p_seed1,0.3,1,428399000,44,DRA_ADVERTISE,427979,384,128,512,427.979
50n_30p_seed1,0.3,1,428426000,42,DRA_ADVERTISE,427590,391,128,512,427.59
50n_30p_seed1,0.3,1,428879000,20,DRA_ADVERTISE,428867,256,128,512,428.867
50n_30p_seed1,0.3,1,429134000,9,DRA_ADVERTISE,428895,264,128,512,428.895
50n_30p_seed1,0.3,1,429560000,43,DRA_ADVERTISE,429347,390,128,512,429.347
50n_30p_seed1,0.3,1,430184000,39,DRA_ADVERTISE,430046,264,128,512,430.046
50n_30p_seed1,0.3,1,431384000,18,DRA_ADVERTISE,431133,256,128,512,431.133
50n_30p_seed1,0.3,1,436784000,38,DRA_ADVERTISE,435814,273,128,512,435.814
50n_30p_seed1,0.3,1,436811016,39,DRA_ADVERTISE,436673,264,128,512,436.673
50n_30p_seed1,0.3,1,438791000,32,DRA_ADVERTISE,438049,256,128,512,438.049
50n_30p_seed1,0.3,1,440754000,42,DRA_ADVERTISE,439918,390,128,512,439.918
50n_30p_seed1,0.3,1,441076000,15,DRA_ADVERTISE,440731,256,128,512,440.731
50n_30p_seed1,0.3,1,441879000,44,DRA_ADVERTISE,441459,384,128,512,441.459
50n_30p_seed1,0.3,1,442213000,20,DRA_ADVERTISE,442201,256,128,512,442.201
50n_30p_seed1,0.3,1,443000000,39,DRA_ADVERTISE,442862,261,128,512,442.862
50n_30p_seed1,0.3,1,443545000,13,DRA_ADVERTISE,443005,256,128,512,443.005
50n_30p_seed1,0.3,1,443767000,25,DRA_ADVERTISE,443285,263,128,512,443.285
50n_30p_seed1,0.3,1,443923000,43,DRA_ADVERTISE,443710,389,128,512,443.71
50n_30p_seed1,0.3,1,443929000,44,DRA_ADVERTISE,443509,384,128,512,443.509
50n_30p_seed1,0.3,1,444846000,41,DRA_ADVERTISE,444457,269,128,512,444.457
50n_30p_seed1,0.3,1,445179000,24,DRA_ADVERTISE,445000,256,128,512,445.0
50n_30p_seed1,0.3,1,445350000,34,DRA_ADVERTISE,444515,416,128,512,444.515
50n_30p_seed1,0.3,1,445654000,25,DRA_ADVERTISE,445172,263,128,512,445.172
50n_30p_seed1,0.3,1,445777000,43,DRA_ADVERTISE,445564,389,128,512,445.564
50n_30p_seed1,0.3,1,447447000,18,DRA_ADVERTISE,447196,256,128,512,447.196
50n_30p_seed1,0.3,1,449775000,9,DRA_ADVERTISE,449536,264,128,512,449.536
50n_30p_seed1,0.3,1,452575000,38,DRA_ADVERTISE,451605,271,128,512,451.605
50n_30p_seed1,0.3,1,453352272,39,DRA_ADVERTISE,453214,259,128,512,453.214
50n_30p_seed1,0.3,1,454413016,39,DRA_ADVERTISE,454275,258,128,512,454.275
50n_30p_seed1,0.3,1,454523000,32,DRA_ADVERTISE,453781,268,128,512,453.781
50n_30p_seed1,0.3,1,455849000,41,DRA_ADVERTISE,455460,269,128,512,455.46
50n_30p_seed1,0.3,1,456394000,42,DRA_ADVERTISE,455558,390,128,512,455.558
50n_30p_seed1,0.3,1,456482000,44,DRA_ADVERTISE,456062,384,128,512,456.062
50n_30p_seed1,0.3,1,456830000,15,DRA_ADVERTISE,456485,256,128,512,456.485
50n_30p_seed1,0.3,1,457574000,15,DRA_ADVERTISE,457229,256,128,512,457.229
50n_30p_seed1,0.3,1,458177000,13,DRA_ADVERTISE,457637,256,128,512,457.637
50n_30p_seed1,0.3,1,458516000,24,DRA_ADVERTISE,458337,256,128,512,458.337
50n_30p_seed1,0.3,1,459035000,39,DRA_ADVERTISE,458897,257,128,512,458.897
50n_30p_seed1,0.3,1,459691000,20,DRA_ADVERTISE,459679,256,128,512,459.679
50n_30p_seed1,0.3,1,459872000,34,DRA_ADVERTISE,459037,416,128,512,459.037
50n_30p_seed1,0.3,1,459983016,44,DRA_ADVERTISE,459563,384,128,512,459.563
50n_30p_seed1,0.3,1,460232000,39,DRA_ADVERTISE,460094,257,128,512,460.094
50n_30p_seed1,0.3,1,461448000,25,DRA_ADVERTISE,460966,262,128,512,460.966
50n_30p_seed1,0.3,1,461582000,24,DRA_ADVERTISE,461403,256,128,512,461.403
50n_30p_seed1,0.3,1,462654000,9,DRA_ADVERTISE,462415,263,128,512,462.415
50n_30p_seed1,0.3,1,464515000,18,DRA_ADVERTISE,464264,256,128,512,464.264
50n_30p_seed1,0.3,1,465334000,43,DRA_ADVERTISE,465121,389,128,512,465.121
50n_30p_seed1,0.3,1,465414000,13,DRA_ADVERTISE,464874,256,128,512,464.874
50n_30p_seed1,0.3,1,465498000,9,DRA_ADVERTISE,465259,263,128,512,465.259
50n_30p_seed1,0.3,1,465626000,38,DRA_ADVERTISE,464656,271,128,512,464.656
50n_30p_seed1,0.3,1,465926000,18,DRA_ADVERTISE,465675,256,128,512,465.675
50n_30p_seed1,0.3,1,472094000,32,DRA_ADVERTISE,471352,265,128,512,471.352
50n_30p_seed1,0.3,1,473638000,32,DRA_ADVERTISE,472896,265,128,512,472.896
50n_30p_seed1,0.3,1,474582000,20,DRA_ADVERTISE,474570,268,128,512,474.57
50n_30p_seed1,0.3,1,474926000,44,DRA_ADVERTISE,474506,384,128,512,474.506
50n_30p_seed1,0.3,1,475047000,34,DRA_ADVERTISE,474212,412,128,512,474.212
50n_30p_seed1,0.3,1,475394000,13,DRA_ADVERTISE,474854,256,128,512,474.854
50n_30p_seed1,0.3,1,476254000,24,DRA_ADVERTISE,476075,256,128,512,476.075
50n_30p_seed1,0.3,1,476613000,20,DRA_ADVERTISE,476601,268,128,512,476.601
50n_30p_seed1,0.3,1,476885000,18,DRA_ADVERTISE,476634,256,128,512,476.634
50n_30p_seed1,0.3,1,477395000,39,DRA_ADVERTISE,477257,279,128,512,477.257
50n_30p_seed1,0.3,1,478677000,41,DRA_ADVERTISE,478288,267,128,512,478.288
50n_30p_seed1,0.3,1,478904000,15,DRA_ADVERTISE,478559,256,128,512,478.559
50n_30p_seed1,0.3,1,478967000,25,DRA_ADVERTISE,478485,262,128,512,478.485
50n_30p_seed1,0.3,1,479545000,42,DRA_ADVERTISE,478709,389,128,512,478.709
50n_30p_seed1,0.3,1,479765000,42,DRA_ADVERTISE,478929,389,128,512,478.929
50n_30p_seed1,0.3,1,481671000,43,DRA_ADVERTISE,481458,389,128,512,481.458
50n_30p_seed1,0.3,1,484421000,9,DRA_ADVERTISE,484182,262,128,512,484.182
50n_30p_seed1,0.3,1,485423984,20,DRA_ADVERTISE,485411,266,128,512,485.411
50n_30p_seed1,0.3,1,485942000,32,DRA_ADVERTISE,485200,265,128,512,485.2
50n_30p_seed1,0.3,1,487069000,44,DRA_ADVERTISE,486649,384,128,512,486.649
50n_30p_seed1,0.3,1,489135000,38,DRA_ADVERTISE,488165,269,128,512,488.165
50n_30p_seed1,0.3,1,489673272,20,DRA_ADVERTISE,489661,265,128,512,489.661
50n_30p_seed1,0.3,1,490084016,39,DRA_ADVERTISE,489946,279,128,512,489.946
50n_30p_seed1,0.3,1,490159000,42,DRA_ADVERTISE,489323,389,128,512,489.323
50n_30p_seed1,0.3,1,490566272,39,DRA_ADVERTISE,490428,276,128,512,490.428
50n_30p_seed1,0.3,1,491006000,34,DRA_ADVERTISE,490171,412,128,512,490.171
50n_30p_seed1,0.3,1,492613000,43,DRA_ADVERTISE,492400,388,128,512,492.4
50n_30p_seed1,0.3,1,492715000,13,DRA_ADVERTISE,492175,256,128,512,492.175
50n_30p_seed1,0.3,1,492856000,24,DRA_ADVERTISE,492677,256,128,512,492.677
50n_30p_seed1,0.3,1,492981000,39,DRA_ADVERTISE,492843,274,128,512,492.843
50n_30p_seed1,0.3,1,492997016,20,DRA_ADVERTISE,492985,264,128,512,492.985
50n_30p_seed1,0.3,1,493141000,15,DRA_ADVERTISE,492796,256,128,512,492.796
50n_30p_seed1,0.3,1,493486016,39,DRA_ADVERTISE,493348,274,128,512,493.348
50n_30p_seed1,0.3,1,493560000,20,DRA_ADVERTISE,493548,263,128,512,493.548
50n_30p_seed1,0.3,1,493777016,39,DRA_ADVERTISE,493639,272,128,512,493.639
50n_30p_seed1,0.3,1,494262000,34,DRA_ADVERTISE,493427,412,128,512,493.427
50n_30p_seed1,0.3,1,495236000,41,DRA_ADVERTISE,494847,267,128,512,494.847
50n_30p_seed1,0.3,1,495900000,18,DRA_ADVERTISE,495649,256,128,512,495.649
50n_30p_seed1,0.3,1,496886016,44,DRA_ADVERTISE,496466,384,128,512,496.466
50n_30p_seed1,0.3,1,497235000,25,DRA_ADVERTISE,496753,261,128,512,496.753
50n_30p_seed1,0.3,1,501893000,38,DRA_ADVERTISE,500923,267,128,512,500.923
50n_30p_seed1,0.3,1,502027000,9,DRA_ADVERTISE,501788,262,128,512,501.788
50n_30p_seed1,0.3,1,504414016,39,DRA_ADVERTISE,504276,268,128,512,504.276
50n_30p_seed1,0.3,1,504469016,39,DRA_ADVERTISE,504331,266,128,512,504.331
50n_30p_seed1,0.3,1,504594000,32,DRA_ADVERTISE,503852,263,128,512,503.852
50n_30p_seed1,0.3,1,505468000,41,DRA_ADVERTISE,505079,265,128,512,505.079
50n_30p_seed1,0.3,1,506019000,42,DRA_ADVERTISE,505183,388,128,512,505.183
50n_30p_seed1,0.3,1,506348000,34,DRA_ADVERTISE,505513,412,128,512,505.513
50n_30p_seed1,0.3,1,506854000,15,DRA_ADVERTISE,506509,256,128,512,506.509
50n_30p_seed1,0.3,1,508041000,13,DRA_ADVERTISE,507501,256,128,512,507.501
50n_30p_seed1,0.3,1,508921000,44,DRA_ADVERTISE,508501,384,128,512,508.501
50n_30p_seed1,0.3,1,509115000,39,DRA_ADVERTISE,508977,265,128,512,508.977
50n_30p_seed1,0.3,1,509273000,18,DRA_ADVERTISE,509022,256,128,512,509.022
50n_30p_seed1,0.3,1,509525000,20,DRA_ADVERTISE,509513,262,128,512,509.513
50n_30p_seed1,0.3,1,510790000,43,DRA_ADVERTISE,510577,387,128,512,510.577
50n_30p_seed1,0.3,1,510801000,24,DRA_ADVERTISE,510622,256,128,512,510.622
50n_30p_seed1,0.3,1,511440000,25,DRA_ADVERTISE,510958,261,128,512,510.958
50n_30p_seed1,0.3,1,514273000,32,DRA_ADVERTISE,513531,261,128,512,513.531
50n_30p_seed1,0.3,1,515421000,39,DRA_ADVERTISE,515283,265,128,512,515.283
50n_30p_seed1,0.3,1,515891000,41,DRA_ADVERTISE,515502,265,128,512,515.502
50n_30p_seed1,0.3,1,517885016,39,DRA_ADVERTISE,517747,265,128,512,517.747
50n_30p_seed1,0.3,1,517965000,38,DRA_ADVERTISE,516995,267,128,512,516.995
50n_30p_seed1,0.3,1,518263000,9,DRA_ADVERTISE,518024,261,128,512,518.024
50n_30p_seed1,0.3,1,521417000,43,DRA_ADVERTISE,521204,387,128,512,521.204
50n_30p_seed1,0.3,1,521593272,39,DRA_ADVERTISE,521455,263,128,512,521.455
50n_30p_seed1,0.3,1,521793000,44,DRA_ADVERTISE,521373,384,128,512,521.373
50n_30p_seed1,0.3,1,522013016,44,DRA_ADVERTISE,521593,384,128,512,521.593
50n_30p_seed1,0.3,1,523637000,32,DRA_ADVERTISE,522895,261,128,512,522.895
50n_30p_seed1,0.3,1,524203000,20,DRA_ADVERTISE,524191,260,128,512,524.191
50n_30p_seed1,0.3,1,524452000,13,DRA_ADVERTISE,523912,256,128,512,523.912
50n_30p_seed1,0.3,1,524462000,34,DRA_ADVERTISE,523627,409,128,512,523.627
50n_30p_seed1,0.3,1,525103000,41,DRA_ADVERTISE,524714,265,128,512,524.714
50n_30p_seed1,0.3,1,525502000,15,DRA_ADVERTISE,525157,256,128,512,525.157
50n_30p_seed1,0.3,1,526087000,25,DRA_ADVERTISE,525605,260,128,512,525.605
50n_30p_seed1,0.3,1,526285000,24,DRA_ADVERTISE,526106,256,128,512,526.106
50n_30p_seed1,0.3,1,526526016,39,DRA_ADVERTISE,526388,262,128,512,526.388
50n_30p_seed1,0.3,1,526929000,42,DRA_ADVERTISE,526093,388,128,512,526.093
50n_30p_seed1,0.3,1,527424000,39,DRA_ADVERTISE,527286,261,128,512,527.286
50n_30p_seed1,0.3,1,527714064,39,DRA_ADVERTISE,527576,260,128,512,527.576
50n_30p_seed1,0.3,1,527850000,18,DRA_ADVERTISE,527599,256,128,512,527.599
50n_30p_seed1,0.3,1,527902000,43,DRA_ADVERTISE,527689,387,128,512,527.689
50n_30p_seed1,0.3,1,528724288,20,DRA_ADVERTISE,528712,259,128,512,528.712
50n_30p_seed1,0.3,1,530470000,9,DRA_ADVERTISE,530231,261,128,512,530.231
50n_30p_seed1,0.3,1,530607016,20,DRA_ADVERTISE,530595,259,128,512,530.595
50n_30p_seed1,0.3,1,531567000,25,DRA_ADVERTISE,531085,260,128,512,531.085
50n_30p_seed1,0.3,1,533557000,13,DRA_ADVERTISE,533017,256,128,512,533.017
50n_30p_seed1,0.3,1,535033000,13,DRA_ADVERTISE,534493,256,128,512,534.493
50n_30p_seed1,0.3,1,535597000,38,DRA_ADVERTISE,534627,265,128,512,534.627
50n_30p_seed1,0.3,1,535809000,18,DRA_ADVERTISE,535558,256,128,512,535.558
50n_30p_seed1,0.3,1,536097000,38,DRA_ADVERTISE,535127,265,128,512,535.127
50n_30p_seed1,0.3,1,536735000,44,DRA_ADVERTISE,536315,384,128,512,536.315
50n_30p_seed1,0.3,1,536796000,32,DRA_ADVERTISE,536054,261,128,512,536.054
50n_30p_seed1,0.3,1,537123000,20,DRA_ADVERTISE,537111,270,128,512,537.111
50n_30p_seed1,0.3,1,537798000,15,DRA_ADVERTISE,537453,256,128,512,537.453
50n_30p_seed1,0.3,1,539017000,42,DRA_ADVERTISE,538181,387,128,512,538.181
50n_30p_seed1,0.3,1,539839000,34,DRA_ADVERTISE,539004,406,128,512,539.004
50n_30p_seed1,0.3,1,540386000,44,DRA_ADVERTISE,539966,384,128,512,539.966
50n_30p_seed1,0.3,1,540833000,43,DRA_ADVERTISE,540620,386,128,512,540.62
50n_30p_seed1,0.3,1,540895000,42,DRA_ADVERTISE,540059,387,128,512,540.059
50n_30p_seed1,0.3,1,542213000,41,DRA_ADVERTISE,541824,264,128,512,541.824
50n_30p_seed1,0.3,1,543116000,24,DRA_ADVERTISE,542937,256,128,512,542.937
50n_30p_seed1,0.3,1,545594000,9,DRA_ADVERTISE,545355,260,128,512,545.355
50n_30p_seed1,0.3,1,546136000,18,DRA_ADVERTISE,545885,256,128,512,545.885
50n_30p_seed1,0.3,1,546301000,25,DRA_ADVERTISE,545819,259,128,512,545.819
50n_30p_seed1,0.3,1,547523000,39,DRA_ADVERTISE,547385,256,128,512,547.385
50n_30p_seed1,0.3,1,548375000,38,DRA_ADVERTISE,547405,265,128,512,547.405
50n_30p_seed1,0.3,1,550982000,20,DRA_ADVERTISE,550970,268,128,512,550.97
50n_30p_seed1,0.3,1,551912000,24,DRA_ADVERTISE,551733,256,128,512,551.733
50n_30p_seed1,0.3,1,552272000,32,DRA_ADVERTISE,551530,259,128,512,551.53
50n_30p_seed1,0.3,1,553346000,15,DRA_ADVERTISE,553001,256,128,512,553.001
50n_30p_seed1,0.3,1,554199016,20,DRA_ADVERTISE,554187,268,128,512,554.187
50n_30p_seed1,0.3,1,554526000,24,DRA_ADVERTISE,554347,256,128,512,554.347
50n_30p_seed1,0.3,1,555512984,20,DRA_ADVERTISE,555500,266,128,512,555.5
50n_30p_seed1,0.3,1,555610000,20,DRA_ADVERTISE,555598,265,128,512,555.598
50n_30p_seed1,0.3,1,556150000,41,DRA_ADVERTISE,555761,264,128,512,555.761
50n_30p_seed1,0.3,1,556350000,44,DRA_ADVERTISE,555930,384,128,512,555.93
50n_30p_seed1,0.3,1,556957016,44,DRA_ADVERTISE,556537,384,128,512,556.537
50n_30p_seed1,0.3,1,557192000,43,DRA_ADVERTISE,556979,386,128,512,556.979
50n_30p_seed1,0.3,1,557791000,25,DRA_ADVERTISE,557309,259,128,512,557.309
50n_30p_seed1,0.3,1,558048000,39,DRA_ADVERTISE,557910,256,128,512,557.91
50n_30p_seed1,0.3,1,558590000,13,DRA_ADVERTISE,558050,256,128,512,558.05
50n_30p_seed1,0.3,1,559187000,18,DRA_ADVERTISE,558936,256,128,512,558.936
50n_30p_seed1,0.3,1,559487000,42,DRA_ADVERTISE,558651,387,128,512,558.651
50n_30p_seed1,0.3,1,560084000,34,DRA_ADVERTISE,559249,406,128,512,559.249
50n_30p_seed1,0.3,1,560886000,9,DRA_ADVERTISE,560647,260,128,512,560.647
50n_30p_seed1,0.3,1,561161016,20,DRA_ADVERTISE,561149,265,128,512,561.149
50n_30p_seed1,0.3,1,561670000,15,DRA_ADVERTISE,561325,256,128,512,561.325
50n_30p_seed1,0.3,1,562851000,9,DRA_ADVERTISE,562612,259,128,512,562.612
50n_30p_seed1,0.3,1,563297272,20,DRA_ADVERTISE,563285,264,128,512,563.285
50n_30p_seed1,0.3,1,569064000,32,DRA_ADVERTISE,568322,259,128,512,568.322
50n_30p_seed1,0.3,1,569068000,38,DRA_ADVERTISE,568098,264,128,512,568.098
50n_30p_seed1,0.3,1,569434000,20,DRA_ADVERTISE,569422,263,128,512,569.422
50n_30p_seed1,0.3,1,570979000,13,DRA_ADVERTISE,570439,256,128,512,570.439
50n_30p_seed1,0.3,1,571039000,34,DRA_ADVERTISE,570204,403,128,512,570.204
50n_30p_seed1,0.3,1,571045000,42,DRA_ADVERTISE,570209,387,128,512,570.209
50n_30p_seed1,0.3,1,571603000,15,DRA_ADVERTISE,571258,256,128,512,571.258
50n_30p_seed1,0.3,1,573639000,25,DRA_ADVERTISE,573157,259,128,512,573.157
50n_30p_seed1,0.3,1,574497000,43,DRA_ADVERTISE,574284,385,128,512,574.284
50n_30p_seed1,0.3,1,575480000,44,DRA_ADVERTISE,575060,384,128,512,575.06
50n_30p_seed1,0.3,1,576503000,24,DRA_ADVERTISE,576324,256,128,512,576.324
50n_30p_seed1,0.3,1,577676000,41,DRA_ADVERTISE,577287,263,128,512,577.287
50n_30p_seed1,0.3,1,580696000,18,DRA_ADVERTISE,580445,256,128,512,580.445
50n_30p_seed1,0.3,1,580980000,38,DRA_ADVERTISE,580010,264,128,512,580.01
50n_30p_seed1,0.3,1,581043000,39,DRA_ADVERTISE,580905,256,128,512,580.905
50n_30p_seed1,0.3,1,581697000,32,DRA_ADVERTISE,580955,258,128,512,580.955
50n_30p_seed1,0.3,1,582311000,43,DRA_ADVERTISE,582098,385,128,512,582.098
50n_30p_seed1,0.3,1,583214000,9,DRA_ADVERTISE,582975,259,128,512,582.975
50n_30p_seed1,0.3,1,585790000,13,DRA_ADVERTISE,585250,256,128,512,585.25
50n_30p_seed1,0.3,1,586360000,41,DRA_ADVERTISE,585971,263,128,512,585.971
50n_30p_seed1,0.3,1,588468000,34,DRA_ADVERTISE,587633,403,128,512,587.633
50n_30p_seed1,0.3,1,589064984,15,DRA_ADVERTISE,588719,266,128,512,588.719
50n_30p_seed1,0.3,1,590151000,43,DRA_ADVERTISE,589938,385,128,512,589.938
50n_30p_seed1,0.3,1,590235000,18,DRA_ADVERTISE,589984,256,128,512,589.984
50n_30p_seed1,0.3,1,590363984,15,DRA_ADVERTISE,590018,265,128,512,590.018
50n_30p_seed1,0.3,1,591450000,15,DRA_ADVERTISE,591105,264,128,512,591.105
50n_30p_seed1,0.3,1,591568000,24,DRA_ADVERTISE,591389,256,128,512,591.389
50n_30p_seed1,0.3,1,592231000,39,DRA_ADVERTISE,592093,256,128,512,592.093
50n_30p_seed1,0.3,1,592358000,20,DRA_ADVERTISE,592346,261,128,512,592.346
50n_30p_seed1,0.3,1,592511000,44,DRA_ADVERTISE,592091,384,128,512,592.091
50n_30p_seed1,0.3,1,593418984,20,DRA_ADVERTISE,593406,261,128,512,593.406
50n_30p_seed1,0.3,1,593521000,42,DRA_ADVERTISE,592685,386,128,512,592.685
50n_30p_seed1,0.3,1,593852016,44,DRA_ADVERTISE,593432,384,128,512,593.432
50n_30p_seed1,0.3,1,594098000,13,DRA_ADVERTISE,593558,256,128,512,593.558
50n_30p_seed1,0.3,1,594255000,34,DRA_ADVERTISE,593420,401,128,512,593.42
50n_30p_seed1,0.3,1,595104000,39,DRA_ADVERTISE,594966,256,128,512,594.966
50n_30p_seed1,0.3,1,595129016,20,DRA_ADVERTISE,595117,260,128,512,595.117
50n_30p_seed1,0.3,1,595270000,25,DRA_ADVERTISE,594788,258,128,512,594.788
50n_30p_seed1,0.3,1,596245016,15,DRA_ADVERTISE,595900,264,128,512,595.9
50n_30p_seed1,0.3,1,596772272,20,DRA_ADVERTISE,596760,259,128,512,596.76
50n_30p_seed1,0.3,1,597672000,9,DRA_ADVERTISE,597433,258,128,512,597.433
50n_30p_seed1,0.3,1,598042000,18,DRA_ADVERTISE,597791,256,128,512,597.791
50n_30p_seed1,0.3,1,598419000,32,DRA_ADVERTISE,597677,256,128,512,597.677
