scenario,attack_ratio,seed,sim_time_us,mote,record_type,event,time_ticks,node,role,attack,seq,rank,dag_rank,parent,parent_rank,parent_metric,etx,rssi,nbrs,delay_ticks,time_s,bucket_end_s,snapshot_id,advertised_rank,actual_rank_from_dio,rank_decrement,rank_delta,tx_count,rx_success_count,mean_delivery_delay_ticks,pdr
50n_10p_seed1,0.1,1,60392984,1,TRACE,rx,59844,1,root,0,1,128,1,0,65535,65535,65535,32767,21,18446744073709551192,59.844,60,50n_10p_seed1_t00060,128.0,128.0,,0.0,0,0,0.0,0.0
50n_10p_seed1,0.1,1,50765000,2,TRACE,periodic,50001,2,benign,0,0,706,5,19,514,192,192,-75,7,0,50.001,60,50n_10p_seed1_t00060,706.0,706.0,,0.0,0,0,0.0,0.0
50n_10p_seed1,0.1,1,50642000,3,TRACE,periodic,50001,3,benign,0,1,346,2,6,128,218,218,-91,11,0,50.001,60,50n_10p_seed1_t00060,346.0,346.0,,0.0,1,1,189.0,1.0
50n_10p_seed1,0.1,1,50971000,4,TRACE,periodic,50001,4,benign,0,1,488,3,21,288,200,200,-84,12,0,50.001,60,50n_10p_seed1_t00060,488.0,488.0,,0.0,1,1,472.0,1.0
50n_10p_seed1,0.1,1,50065000,5,TRACE,periodic,50001,5,benign,0,1,477,3,21,288,189,189,-72,13,0,50.001,60,50n_10p_seed1_t00060,477.0,477.0,,0.0,1,1,1.8446744073709552e+19,1.0
50n_10p_seed1,0.1,1,60003000,6,TRACE,tx,59189,6,attacker,1,1,456,3,21,288,168,168,-80,13,0,59.189,60,50n_10p_seed1_t00060,128.0,456.0,512.0,328.0,2,2,326.5,1.0
50n_10p_seed1,0.1,1,50505000,7,TRACE,periodic,50001,7,benign,0,1,295,2,24,128,167,167,-89,12,0,50.001,60,50n_10p_seed1_t00060,295.0,295.0,,0.0,1,1,42.0,1.0
50n_10p_seed1,0.1,1,50907000,8,TRACE,periodic,50001,8,benign,0,1,448,3,14,277,171,171,-86,10,0,50.001,60,50n_10p_seed1_t00060,448.0,448.0,,0.0,1,1,432.0,1.0
50n_10p_seed1,0.1,1,50240000,9,TRACE,periodic,50001,9,attacker,1,0,305,2,24,128,177,177,-85,7,0,50.001,60,50n_10p_seed1_t00060,128.0,305.0,512.0,177.0,0,0,0.0,0.0
50n_10p_seed1,0.1,1,57465000,10,TRACE,tx,57164,10,benign,0,1,485,3,27,273,212,212,-81,10,0,57.164,60,50n_10p_seed1_t00060,485.0,485.0,,0.0,2,2,1.8446744073709552e+19,1.0
50n_10p_seed1,0.1,1,50137000,11,TRACE,periodic,50001,11,benign,0,1,455,3,14,277,178,178,-91,13,0,50.001,60,50n_10p_seed1_t00060,455.0,455.0,,0.0,1,1,1.8446744073709552e+19,1.0
50n_10p_seed1,0.1,1,50999000,12,TRACE,periodic,50001,12,benign,0,1,300,2,28,128,172,172,-85,17,0,50.001,60,50n_10p_seed1_t00060,300.0,300.0,,0.0,1,1,474.0,1.0
50n_10p_seed1,0.1,1,50541000,13,TRACE,periodic,50001,13,benign,0,1,302,2,1,128,174,174,-83,19,0,50.001,60,50n_10p_seed1_t00060,302.0,302.0,,0.0,1,1,0.0,1.0
50n_10p_seed1,0.1,1,50692000,14,TRACE,periodic,50001,14,benign,0,1,277,2,1,128,149,149,-82,19,0,50.001,60,50n_10p_seed1_t00060,277.0,277.0,,0.0,1,1,181.0,1.0
50n_10p_seed1,0.1,1,55201000,15,TRACE,tx,54856,15,benign,0,1,286,2,1,128,158,158,-94,18,0,54.856,60,50n_10p_seed1_t00060,286.0,286.0,,0.0,2,2,1.8446744073709552e+19,1.0
50n_10p_seed1,0.1,1,60844000,16,TRACE,tx,59983,16,benign,0,1,477,3,14,277,200,200,-73,15,0,59.983,60,50n_10p_seed1_t00060,477.0,477.0,,0.0,2,1,375.0,0.5
50n_10p_seed1,0.1,1,50086000,17,TRACE,periodic,50001,17,benign,0,1,488,3,23,312,176,176,-82,10,0,50.001,60,50n_10p_seed1_t00060,488.0,488.0,,0.0,1,2,1.8446744073709552e+19,2.0
50n_10p_seed1,0.1,1,57135000,18,TRACE,tx,56884,18,benign,0,1,297,2,28,128,169,169,-87,12,0,56.884,60,50n_10p_seed1_t00060,297.0,297.0,,0.0,2,2,1.8446744073709552e+19,1.0
50n_10p_seed1,0.1,1,50369000,19,TRACE,periodic,50001,19,benign,0,1,514,4,36,305,209,209,-92,17,0,50.001,60,50n_10p_seed1_t00060,514.0,514.0,,0.0,1,1,1.8446744073709552e+19,1.0
50n_10p_seed1,0.1,1,50013000,20,TRACE,periodic,50001,20,benign,0,2,331,2,1,128,203,203,-63,22,0,50.001,60,50n_10p_seed1_t00060,331.0,331.0,,0.0,2,2,1.8446744073709552e+19,1.0
50n_10p_seed1,0.1,1,50926000,21,TRACE,periodic,50001,21,benign,0,1,288,2,1,128,160,160,-51,21,0,50.001,60,50n_10p_seed1_t00060,288.0,288.0,,0.0,1,1,406.0,1.0
50n_10p_seed1,0.1,1,57024000,22,TRACE,tx,56304,22,benign,0,1,334,2,1,128,206,206,-47,23,0,56.304,60,50n_10p_seed1_t00060,334.0,334.0,,0.0,2,2,193.5,1.0
50n_10p_seed1,0.1,1,50290000,23,TRACE,periodic,50001,23,benign,0,1,312,2,1,128,184,184,-65,23,0,50.001,60,50n_10p_seed1_t00060,312.0,312.0,,0.0,1,1,1.8446744073709552e+19,1.0
50n_10p_seed1,0.1,1,50180000,24,TRACE,periodic,50001,24,attacker,1,1,288,2,39,128,160,160,-84,17,0,50.001,60,50n_10p_seed1_t00060,128.0,288.0,512.0,160.0,1,1,1.8446744073709552e+19,1.0
50n_10p_seed1,0.1,1,58539000,25,TRACE,tx,58057,25,benign,0,1,455,3,15,286,169,169,-87,13,0,58.057,60,50n_10p_seed1_t00060,455.0,455.0,,0.0,2,2,9.223372036854776e+18,1.0
50n_10p_seed1,0.1,1,50427000,26,TRACE,periodic,50001,26,benign,0,1,351,2,28,128,223,223,-71,11,0,50.001,60,50n_10p_seed1_t00060,351.0,351.0,,0.0,1,1,1.8446744073709552e+19,1.0
50n_10p_seed1,0.1,1,50666000,27,TRACE,periodic,50001,27,benign,0,1,273,2,1,128,145,145,-88,18,0,50.001,60,50n_10p_seed1_t00060,273.0,273.0,,0.0,1,1,151.0,1.0
50n_10p_seed1,0.1,1,50421000,28,TRACE,periodic,50001,28,attacker,1,2,288,2,1,128,160,160,-50,21,0,50.001,60,50n_10p_seed1_t00060,128.0,288.0,512.0,160.0,2,2,1.8446744073709552e+19,1.0
50n_10p_seed1,0.1,1,50038000,29,TRACE,periodic,50001,29,benign,0,1,309,2,1,128,181,181,-25,21,0,50.001,60,50n_10p_seed1_t00060,309.0,309.0,,0.0,1,1,1.8446744073709552e+19,1.0
50n_10p_seed1,0.1,1,50052000,30,TRACE,periodic,50001,30,benign,0,2,326,2,1,128,198,198,-19,21,0,50.001,60,50n_10p_seed1_t00060,326.0,326.0,,0.0,2,2,1.8446744073709552e+19,1.0
50n_10p_seed1,0.1,1,54483000,31,TRACE,tx,53770,31,benign,0,1,370,2,1,128,242,242,-59,21,0,53.77,60,50n_10p_seed1_t00060,370.0,370.0,,0.0,2,2,195.5,1.0
50n_10p_seed1,0.1,1,60742000,32,TRACE,periodic,60000,32,benign,0,1,305,2,1,128,177,177,-81,18,0,60.0,60,50n_10p_seed1_t00060,305.0,305.0,,0.0,1,1,233.0,1.0
50n_10p_seed1,0.1,1,50109000,33,TRACE,periodic,50001,33,benign,0,2,308,2,39,128,180,180,-74,13,0,50.001,60,50n_10p_seed1_t00060,308.0,308.0,,0.0,2,2,1.8446744073709552e+19,1.0
50n_10p_seed1,0.1,1,50836000,34,TRACE,periodic,50001,34,benign,0,2,532,4,27,281,251,251,-53,11,0,50.001,60,50n_10p_seed1_t00060,532.0,532.0,,0.0,2,2,342.5,1.0
50n_10p_seed1,0.1,1,58265000,35,TRACE,tx,57654,35,benign,0,1,485,3,29,309,176,176,-81,16,0,57.654,60,50n_10p_seed1_t00060,485.0,485.0,,0.0,2,2,121.0,1.0
50n_10p_seed1,0.1,1,50684000,36,TRACE,periodic,50001,36,benign,0,1,305,2,1,128,177,177,-66,18,0,50.001,60,50n_10p_seed1_t00060,305.0,305.0,,0.0,1,1,176.0,1.0
50n_10p_seed1,0.1,1,50183000,37,TRACE,periodic,50001,37,benign,0,1,334,2,1,128,206,206,-42,18,0,50.001,60,50n_10p_seed1_t00060,334.0,334.0,,0.0,1,1,1.8446744073709552e+19,1.0
50n_10p_seed1,0.1,1,50971000,38,TRACE,periodic,50001,38,benign,0,2,326,2,1,128,198,198,-49,19,0,50.001,60,50n_10p_seed1_t00060,326.0,326.0,,0.0,2,2,442.5,1.0
50n_10p_seed1,0.1,1,50139000,39,TRACE,periodic,50001,39,attacker,1,1,289,2,1,128,161,161,-73,18,0,50.001,60,50n_10p_seed1_t00060,128.0,285.0,512.0,157.0,1,1,1.8446744073709552e+19,1.0
50n_10p_seed1,0.1,1,50203000,40,TRACE,periodic,50001,40,benign,0,2,290,2,1,128,162,162,-90,16,0,50.001,60,50n_10p_seed1_t00060,290.0,290.0,,0.0,2,2,1.8446744073709552e+19,1.0
50n_10p_seed1,0.1,1,50390000,41,TRACE,periodic,50001,41,benign,0,2,320,2,39,128,192,192,-64,10,0,50.001,60,50n_10p_seed1_t00060,320.0,320.0,,0.0,2,2,1.8446744073709552e+19,1.0
50n_10p_seed1,0.1,1,54718000,42,TRACE,tx,53882,42,benign,0,1,446,3,27,273,173,173,-84,8,0,53.882,60,50n_10p_seed1_t00060,446.0,446.0,,0.0,2,2,321.5,1.0
50n_10p_seed1,0.1,1,50214000,43,TRACE,periodic,50001,43,benign,0,1,307,2,28,128,179,179,-79,12,0,50.001,60,50n_10p_seed1_t00060,307.0,307.0,,0.0,1,1,1.8446744073709552e+19,1.0
50n_10p_seed1,0.1,1,54600000,44,TRACE,tx,54180,44,benign,0,1,485,3,29,309,176,176,-91,13,0,54.18,60,50n_10p_seed1_t00060,485.0,485.0,,0.0,2,2,1.8446744073709552e+19,1.0
50n_10p_seed1,0.1,1,50792000,45,TRACE,periodic,50001,45,benign,0,1,305,2,1,128,177,177,-81,13,0,50.001,60,50n_10p_seed1_t00060,305.0,305.0,,0.0,1,1,261.0,1.0
50n_10p_seed1,0.1,1,50201000,46,TRACE,periodic,50001,46,benign,0,2,299,2,1,128,171,171,-82,15,0,50.001,60,50n_10p_seed1_t00060,299.0,299.0,,0.0,2,2,1.8446744073709552e+19,1.0
50n_10p_seed1,0.1,1,50425000,47,TRACE,periodic,50001,47,benign,0,1,294,2,1,128,166,166,-92,14,0,50.001,60,50n_10p_seed1_t00060,294.0,294.0,,0.0,1,1,1.8446744073709552e+19,1.0
50n_10p_seed1,0.1,1,57602000,48,TRACE,tx,57313,48,benign,0,1,334,2,39,128,206,206,-57,10,0,57.313,60,50n_10p_seed1_t00060,334.0,334.0,,0.0,2,2,1.8446744073709552e+19,1.0
50n_10p_seed1,0.1,1,53396000,49,TRACE,tx,52702,49,benign,0,0,320,2,39,128,192,192,-75,7,0,52.702,60,50n_10p_seed1_t00060,320.0,320.0,,0.0,1,1,200.0,1.0
50n_10p_seed1,0.1,1,50998000,50,TRACE,periodic,50001,50,benign,0,1,661,5,35,485,176,176,-82,5,0,50.001,60,50n_10p_seed1_t00060,661.0,661.0,,0.0,1,1,513.0,1.0
50n_10p_seed1,0.1,1,119826984,1,TRACE,rx,119278,1,root,0,3,128,1,0,65535,65535,65535,32767,21,18446744073709551190,119.278,120,50n_10p_seed1_t00120,128.0,128.0,,0.0,0,0,0.0,0.0
50n_10p_seed1,0.1,1,110765000,2,TRACE,periodic,110001,2,benign,0,2,647,5,19,468,179,179,-75,7,0,110.001,120,50n_10p_seed1_t00120,647.0,647.0,,0.0,2,2,273.0,1.0
50n_10p_seed1,0.1,1,110642000,3,TRACE,periodic,110001,3,benign,0,3,328,2,6,128,200,200,-91,11,0,110.001,120,50n_10p_seed1_t00120,328.0,328.0,,0.0,2,2,221.5,1.0
50n_10p_seed1,0.1,1,110971000,4,TRACE,periodic,110001,4,benign,0,3,454,3,21,269,185,185,-84,12,0,110.001,120,50n_10p_seed1_t00120,454.0,454.0,,0.0,2,2,458.5,1.0
50n_10p_seed1,0.1,1,119769000,5,TRACE,tx,119705,5,benign,0,3,440,3,21,264,176,176,-72,13,0,119.705,120,50n_10p_seed1_t00120,440.0,440.0,,0.0,3,3,1.8446744073709552e+19,1.0
50n_10p_seed1,0.1,1,113512000,6,TRACE,tx,112698,6,attacker,1,3,417,3,21,264,153,153,-80,13,0,112.698,120,50n_10p_seed1_t00120,128.0,417.0,512.0,289.0,2,2,307.0,1.0
50n_10p_seed1,0.1,1,110505000,7,TRACE,periodic,110001,7,benign,0,3,287,2,24,128,159,159,-89,12,0,110.001,120,50n_10p_seed1_t00120,287.0,287.0,,0.0,2,2,40.0,1.0
50n_10p_seed1,0.1,1,116520000,8,TRACE,tx,115614,8,benign,0,3,425,3,14,263,162,162,-86,10,0,115.614,120,50n_10p_seed1_t00120,425.0,425.0,,0.0,3,3,417.0,1.0
50n_10p_seed1,0.1,1,110240000,9,TRACE,periodic,110001,9,attacker,1,3,291,2,24,128,163,163,-85,7,0,110.001,120,50n_10p_seed1_t00120,128.0,295.0,512.0,167.0,3,3,1.8446744073709552e+19,1.0
50n_10p_seed1,0.1,1,115250000,10,TRACE,tx,114949,10,benign,0,3,456,3,27,261,195,195,-81,10,0,114.949,120,50n_10p_seed1_t00120,456.0,456.0,,0.0,2,2,1.8446744073709552e+19,1.0
50n_10p_seed1,0.1,1,110137000,11,TRACE,periodic,110001,11,benign,0,3,434,3,14,266,168,168,-91,13,0,110.001,120,50n_10p_seed1_t00120,434.0,434.0,,0.0,2,2,1.8446744073709552e+19,1.0
50n_10p_seed1,0.1,1,110999000,12,TRACE,periodic,110001,12,benign,0,3,291,2,28,128,163,163,-85,17,0,110.001,120,50n_10p_seed1_t00120,291.0,291.0,,0.0,2,2,513.0,1.0
50n_10p_seed1,0.1,1,110541000,13,TRACE,periodic,110001,13,benign,0,3,292,2,1,128,164,164,-83,19,0,110.001,120,50n_10p_seed1_t00120,292.0,292.0,,0.0,2,2,26.5,1.0
50n_10p_seed1,0.1,1,119268000,14,TRACE,tx,118577,14,benign,0,3,261,2,1,128,133,133,-82,19,0,118.577,120,50n_10p_seed1_t00120,261.0,261.0,,0.0,3,3,153.0,1.0
50n_10p_seed1,0.1,1,115722000,15,TRACE,tx,115377,15,benign,0,3,274,2,1,128,146,146,-94,18,0,115.377,120,50n_10p_seed1_t00120,274.0,274.0,,0.0,2,2,1.8446744073709552e+19,1.0
50n_10p_seed1,0.1,1,117375000,16,TRACE,tx,116514,16,benign,0,3,448,3,14,263,185,185,-73,15,0,116.514,120,50n_10p_seed1_t00120,448.0,448.0,,0.0,2,3,357.3333333333333,1.5
50n_10p_seed1,0.1,1,110086000,17,TRACE,periodic,110001,17,benign,0,4,450,3,23,288,162,162,-82,10,0,110.001,120,50n_10p_seed1_t00120,450.0,450.0,,0.0,3,2,1.8446744073709552e+19,0.6666666666666666
50n_10p_seed1,0.1,1,110252000,18,TRACE,periodic,110001,18,benign,0,3,288,2,28,128,160,160,-87,12,0,110.001,120,50n_10p_seed1_t00120,288.0,288.0,,0.0,1,1,1.8446744073709552e+19,1.0
50n_10p_seed1,0.1,1,110369000,19,TRACE,periodic,110001,19,benign,0,3,459,3,36,280,179,179,-92,17,0,110.001,120,50n_10p_seed1_t00120,459.0,459.0,,0.0,2,2,1.8446744073709552e+19,1.0
50n_10p_seed1,0.1,1,110013000,20,TRACE,periodic,110001,20,benign,0,4,316,2,1,128,188,188,-63,22,0,110.001,120,50n_10p_seed1_t00120,316.0,316.0,,0.0,2,2,1.8446744073709552e+19,1.0
50n_10p_seed1,0.1,1,118829000,21,TRACE,tx,117904,21,benign,0,3,263,2,1,128,135,135,-51,21,0,117.904,120,50n_10p_seed1_t00120,263.0,263.0,,0.0,3,3,402.0,1.0
50n_10p_seed1,0.1,1,110721000,22,TRACE,periodic,110001,22,benign,0,4,312,2,1,128,184,184,-47,23,0,110.001,120,50n_10p_seed1_t00120,312.0,312.0,,0.0,2,2,204.5,1.0
50n_10p_seed1,0.1,1,110290000,23,TRACE,periodic,110001,23,benign,0,3,288,2,1,128,160,160,-65,23,0,110.001,120,50n_10p_seed1_t00120,288.0,288.0,,0.0,2,2,1.8446744073709552e+19,1.0
50n_10p_seed1,0.1,1,111487000,24,TRACE,tx,111308,24,attacker,1,2,271,2,39,128,143,143,-84,17,0,111.308,120,50n_10p_seed1_t00120,128.0,269.0,512.0,141.0,2,2,1.8446744073709552e+19,1.0
50n_10p_seed1,0.1,1,110483000,25,TRACE,periodic,110001,25,benign,0,3,434,3,15,274,160,160,-87,13,0,110.001,120,50n_10p_seed1_t00120,434.0,434.0,,0.0,1,1,1.8446744073709552e+19,1.0
50n_10p_seed1,0.1,1,110427000,26,TRACE,periodic,110001,26,benign,0,3,332,2,28,128,204,204,-71,11,0,110.001,120,50n_10p_seed1_t00120,332.0,332.0,,0.0,2,2,1.8446744073709552e+19,1.0
50n_10p_seed1,0.1,1,110666000,27,TRACE,periodic,110001,27,benign,0,3,261,2,1,128,133,133,-88,18,0,110.001,120,50n_10p_seed1_t00120,261.0,261.0,,0.0,2,2,135.5,1.0
50n_10p_seed1,0.1,1,110421000,28,TRACE,periodic,110001,28,attacker,1,4,264,2,1,128,136,136,-50,21,0,110.001,120,50n_10p_seed1_t00120,128.0,263.0,512.0,135.0,2,2,1.8446744073709552e+19,1.0
50n_10p_seed1,0.1,1,110038000,29,TRACE,periodic,110001,29,benign,0,3,274,2,1,128,146,146,-25,21,0,110.001,120,50n_10p_seed1_t00120,274.0,274.0,,0.0,2,2,1.8446744073709552e+19,1.0
50n_10p_seed1,0.1,1,113527000,30,TRACE,tx,113476,30,benign,0,3,319,2,1,128,191,191,-19,21,0,113.476,120,50n_10p_seed1_t00120,319.0,319.0,,0.0,2,2,1.8446744073709552e+19,1.0
50n_10p_seed1,0.1,1,110714000,31,TRACE,periodic,110001,31,benign,0,4,337,2,1,128,209,209,-59,21,0,110.001,120,50n_10p_seed1_t00120,337.0,337.0,,0.0,2,2,193.0,1.0
50n_10p_seed1,0.1,1,120742000,32,TRACE,periodic,120000,32,benign,0,4,291,2,1,128,163,163,-81,18,0,120.0,120,50n_10p_seed1_t00120,291.0,291.0,,0.0,3,3,214.33333333333334,1.0
50n_10p_seed1,0.1,1,110109000,33,TRACE,periodic,110001,33,benign,0,4,297,2,39,128,169,169,-74,13,0,110.001,120,50n_10p_seed1_t00120,297.0,297.0,,0.0,2,2,1.8446744073709552e+19,1.0
50n_10p_seed1,0.1,1,110836000,34,TRACE,periodic,110001,34,benign,0,3,500,3,27,262,238,238,-53,11,0,110.001,120,50n_10p_seed1_t00120,500.0,500.0,,0.0,1,1,360.0,1.0
50n_10p_seed1,0.1,1,110612000,35,TRACE,periodic,110001,35,benign,0,4,434,3,29,279,155,155,-81,16,0,110.001,120,50n_10p_seed1_t00120,434.0,434.0,,0.0,2,2,95.0,1.0
50n_10p_seed1,0.1,1,110684000,36,TRACE,periodic,110001,36,benign,0,4,277,2,1,128,149,149,-66,18,0,110.001,120,50n_10p_seed1_t00120,277.0,277.0,,0.0,3,3,162.0,1.0
50n_10p_seed1,0.1,1,110183000,37,TRACE,periodic,110001,37,benign,0,3,319,2,1,128,191,191,-42,18,0,110.001,120,50n_10p_seed1_t00120,319.0,319.0,,0.0,2,2,1.8446744073709552e+19,1.0
50n_10p_seed1,0.1,1,110971000,38,TRACE,periodic,110001,38,benign,0,4,312,2,1,128,184,184,-49,19,0,110.001,120,50n_10p_seed1_t00120,312.0,312.0,,0.0,2,2,440.5,1.0
50n_10p_seed1,0.1,1,110139000,39,TRACE,periodic,110001,39,attacker,1,3,258,2,1,128,130,130,-73,18,0,110.001,120,50n_10p_seed1_t00120,128.0,256.0,512.0,128.0,2,2,1.8446744073709552e+19,1.0
50n_10p_seed1,0.1,1,110203000,40,TRACE,periodic,110001,40,benign,0,4,283,2,1,128,155,155,-90,16,0,110.001,120,50n_10p_seed1_t00120,283.0,283.0,,0.0,2,2,1.8446744073709552e+19,1.0
50n_10p_seed1,0.1,1,110390000,41,TRACE,periodic,110001,41,benign,0,4,307,2,39,128,179,179,-64,10,0,110.001,120,50n_10p_seed1_t00120,307.0,307.0,,0.0,2,2,1.8446744073709552e+19,1.0
50n_10p_seed1,0.1,1,110837000,42,TRACE,periodic,110001,42,benign,0,4,422,3,27,262,160,160,-84,8,0,110.001,120,50n_10p_seed1_t00120,422.0,422.0,,0.0,2,2,350.5,1.0
50n_10p_seed1,0.1,1,115157000,43,TRACE,tx,114944,43,benign,0,3,296,2,28,128,168,168,-79,12,0,114.944,120,50n_10p_seed1_t00120,296.0,296.0,,0.0,3,3,1.8446744073709552e+19,1.0
50n_10p_seed1,0.1,1,110490000,44,TRACE,tx,110070,44,benign,0,3,445,3,29,279,166,166,-91,13,0,110.07,120,50n_10p_seed1_t00120,445.0,445.0,,0.0,2,2,1.8446744073709552e+19,1.0
50n_10p_seed1,0.1,1,111699000,45,TRACE,tx,110908,45,benign,0,2,300,2,1,128,172,172,-81,13,0,110.908,120,50n_10p_seed1_t00120,300.0,300.0,,0.0,2,2,251.5,1.0
50n_10p_seed1,0.1,1,112197000,46,TRACE,tx,111997,46,benign,0,4,290,2,1,128,162,162,-82,15,0,111.997,120,50n_10p_seed1_t00120,290.0,290.0,,0.0,3,3,1.8446744073709552e+19,1.0
50n_10p_seed1,0.1,1,117063000,47,TRACE,tx,116639,47,benign,0,3,286,2,1,128,158,158,-92,14,0,116.639,120,50n_10p_seed1_t00120,286.0,286.0,,0.0,3,3,1.8446744073709552e+19,1.0
50n_10p_seed1,0.1,1,110290000,48,TRACE,periodic,110001,48,benign,0,4,312,2,39,128,184,184,-57,10,0,110.001,120,50n_10p_seed1_t00120,312.0,312.0,,0.0,2,2,1.8446744073709552e+19,1.0
50n_10p_seed1,0.1,1,111252000,49,TRACE,tx,110558,49,benign,0,2,307,2,39,128,179,179,-75,7,0,110.558,120,50n_10p_seed1_t00120,307.0,307.0,,0.0,2,2,181.5,1.0
50n_10p_seed1,0.1,1,110998000,50,TRACE,periodic,110001,50,benign,0,3,610,4,35,444,166,166,-82,5,0,110.001,120,50n_10p_seed1_t00120,610.0,610.0,,0.0,2,2,515.0,1.0
50n_10p_seed1,0.1,1,179396984,1,TRACE,rx,178848,1,root,0,5,128,1,0,65535,65535,65535,32767,21,313,178.848,180,50n_10p_seed1_t00180,128.0,128.0,,0.0,0,0,0.0,0.0
50n_10p_seed1,0.1,1,170765000,2,TRACE,periodic,170001,2,benign,0,4,594,4,19,426,168,168,-75,7,0,170.001,180,50n_10p_seed1_t00180,594.0,594.0,,0.0,2,2,298.0,1.0
50n_10p_seed1,0.1,1,170642000,3,TRACE,periodic,170001,3,benign,0,5,313,2,6,128,185,185,-91,11,0,170.001,180,50n_10p_seed1_t00180,313.0,313.0,,0.0,2,2,184.5,1.0
50n_10p_seed1,0.1,1,170971000,4,TRACE,periodic,170001,4,benign,0,5,429,3,21,256,173,173,-84,12,0,170.001,180,50n_10p_seed1_t00180,429.0,429.0,,0.0,2,2,474.0,1.0
50n_10p_seed1,0.1,1,170065000,5,TRACE,periodic,170001,5,benign,0,5,422,3,21,256,166,166,-72,13,0,170.001,180,50n_10p_seed1_t00180,422.0,422.0,,0.0,1,1,1.8446744073709552e+19,1.0
50n_10p_seed1,0.1,1,179350000,6,TRACE,tx,178536,6,attacker,1,5,399,3,21,256,143,143,-80,13,0,178.536,180,50n_10p_seed1_t00180,128.0,399.0,512.0,271.0,2,2,322.0,1.0
50n_10p_seed1,0.1,1,170505000,7,TRACE,periodic,170001,7,benign,0,5,280,2,24,128,152,152,-89,12,0,170.001,180,50n_10p_seed1_t00180,280.0,280.0,,0.0,2,2,62.5,1.0
50n_10p_seed1,0.1,1,170907000,8,TRACE,periodic,170001,8,benign,0,6,421,3,14,269,152,152,-86,10,0,170.001,180,50n_10p_seed1_t00180,421.0,421.0,,0.0,2,2,406.0,1.0
50n_10p_seed1,0.1,1,170240000,9,TRACE,periodic,170001,9,attacker,1,5,283,2,24,128,155,155,-85,7,0,170.001,180,50n_10p_seed1_t00180,128.0,283.0,512.0,155.0,2,2,1.8446744073709552e+19,1.0
50n_10p_seed1,0.1,1,177897000,10,TRACE,tx,177596,10,benign,0,5,438,3,27,256,182,182,-81,10,0,177.596,180,50n_10p_seed1_t00180,438.0,438.0,,0.0,2,2,1.8446744073709552e+19,1.0
50n_10p_seed1,0.1,1,170137000,11,TRACE,periodic,170001,11,benign,0,5,429,3,14,269,160,160,-91,13,0,170.001,180,50n_10p_seed1_t00180,429.0,429.0,,0.0,2,2,1.8446744073709552e+19,1.0
50n_10p_seed1,0.1,1,170999000,12,TRACE,periodic,170001,12,benign,0,5,283,2,28,128,155,155,-85,17,0,170.001,180,50n_10p_seed1_t00180,283.0,283.0,,0.0,2,2,488.0,1.0
50n_10p_seed1,0.1,1,170541000,13,TRACE,periodic,170001,13,benign,0,5,284,2,1,128,156,156,-83,19,0,170.001,180,50n_10p_seed1_t00180,284.0,284.0,,0.0,2,2,20.5,1.0
50n_10p_seed1,0.1,1,172005000,14,TRACE,tx,171314,14,benign,0,5,264,2,1,128,136,136,-82,19,0,171.314,180,50n_10p_seed1_t00180,264.0,264.0,,0.0,2,2,177.0,1.0
50n_10p_seed1,0.1,1,177915000,15,TRACE,tx,177570,15,benign,0,5,266,2,1,128,138,138,-94,18,0,177.57,180,50n_10p_seed1_t00180,266.0,266.0,,0.0,2,2,1.8446744073709552e+19,1.0
50n_10p_seed1,0.1,1,170862000,16,TRACE,periodic,170001,16,benign,0,6,437,3,14,269,168,168,-73,15,0,170.001,180,50n_10p_seed1_t00180,437.0,437.0,,0.0,2,2,357.0,1.0
50n_10p_seed1,0.1,1,170086000,17,TRACE,periodic,170001,17,benign,0,6,433,3,23,278,155,155,-82,10,0,170.001,180,50n_10p_seed1_t00180,433.0,433.0,,0.0,2,2,1.8446744073709552e+19,1.0
50n_10p_seed1,0.1,1,170252000,18,TRACE,periodic,170001,18,benign,0,5,281,2,28,128,153,153,-87,12,0,170.001,180,50n_10p_seed1_t00180,281.0,281.0,,0.0,2,2,1.8446744073709552e+19,1.0
50n_10p_seed1,0.1,1,170369000,19,TRACE,periodic,170001,19,benign,0,6,422,3,36,266,156,156,-92,17,0,170.001,180,50n_10p_seed1_t00180,422.0,422.0,,0.0,3,3,1.8446744073709552e+19,1.0
50n_10p_seed1,0.1,1,170013000,20,TRACE,periodic,170001,20,benign,0,6,304,2,1,128,176,176,-63,22,0,170.001,180,50n_10p_seed1_t00180,304.0,304.0,,0.0,2,2,1.8446744073709552e+19,1.0
50n_10p_seed1,0.1,1,170926000,21,TRACE,periodic,170001,21,benign,0,5,256,2,1,128,128,128,-51,21,0,170.001,180,50n_10p_seed1_t00180,256.0,256.0,,0.0,1,1,388.0,1.0
50n_10p_seed1,0.1,1,170721000,22,TRACE,periodic,170001,22,benign,0,6,301,2,1,128,173,173,-47,23,0,170.001,180,50n_10p_seed1_t00180,301.0,301.0,,0.0,2,2,186.5,1.0
50n_10p_seed1,0.1,1,170290000,23,TRACE,periodic,170001,23,benign,0,5,275,2,1,128,147,147,-65,23,0,170.001,180,50n_10p_seed1_t00180,275.0,275.0,,0.0,2,2,1.8446744073709552e+19,1.0
50n_10p_seed1,0.1,1,170820000,24,TRACE,tx,170641,24,attacker,1,4,262,2,39,128,134,134,-84,17,0,170.641,180,50n_10p_seed1_t00180,128.0,261.0,512.0,133.0,2,2,1.8446744073709552e+19,1.0
50n_10p_seed1,0.1,1,170483000,25,TRACE,periodic,170001,25,benign,0,5,421,3,15,268,153,153,-87,13,0,170.001,180,50n_10p_seed1_t00180,421.0,421.0,,0.0,2,2,1.8446744073709552e+19,1.0
50n_10p_seed1,0.1,1,170427000,26,TRACE,periodic,170001,26,benign,0,5,330,2,28,128,202,202,-71,11,0,170.001,180,50n_10p_seed1_t00180,330.0,330.0,,0.0,2,2,1.8446744073709552e+19,1.0
50n_10p_seed1,0.1,1,172159000,27,TRACE,tx,171494,27,benign,0,4,256,2,1,128,128,128,-88,18,0,171.494,180,50n_10p_seed1_t00180,256.0,256.0,,0.0,2,2,140.0,1.0
50n_10p_seed1,0.1,1,170421000,28,TRACE,periodic,170001,28,attacker,1,6,266,2,1,128,138,138,-50,21,0,170.001,180,50n_10p_seed1_t00180,128.0,268.0,512.0,140.0,2,2,1.8446744073709552e+19,1.0
50n_10p_seed1,0.1,1,170038000,29,TRACE,periodic,170001,29,benign,0,5,262,2,1,128,134,134,-25,21,0,170.001,180,50n_10p_seed1_t00180,262.0,262.0,,0.0,2,2,1.8446744073709552e+19,1.0
50n_10p_seed1,0.1,1,174867000,30,TRACE,tx,174816,30,benign,0,5,306,2,1,128,178,178,-19,21,0,174.816,180,50n_10p_seed1_t00180,306.0,306.0,,0.0,2,2,1.8446744073709552e+19,1.0
50n_10p_seed1,0.1,1,170714000,31,TRACE,periodic,170001,31,benign,0,6,320,2,1,128,192,192,-59,21,0,170.001,180,50n_10p_seed1_t00180,320.0,320.0,,0.0,2,2,178.0,1.0
50n_10p_seed1,0.1,1,180742000,32,TRACE,periodic,180000,32,benign,0,6,283,2,1,128,155,155,-81,18,0,180.0,180,50n_10p_seed1_t00180,283.0,283.0,,0.0,2,2,211.5,1.0
50n_10p_seed1,0.1,1,176254000,33,TRACE,tx,176146,33,benign,0,6,288,2,39,128,160,160,-74,13,0,176.146,180,50n_10p_seed1_t00180,288.0,288.0,,0.0,3,3,1.8446744073709552e+19,1.0
50n_10p_seed1,0.1,1,170836000,34,TRACE,periodic,170001,34,benign,0,5,473,3,27,256,217,217,-53,11,0,170.001,180,50n_10p_seed1_t00180,473.0,473.0,,0.0,2,2,341.5,1.0
50n_10p_seed1,0.1,1,179051000,35,TRACE,tx,178440,35,benign,0,5,408,3,29,262,146,146,-81,16,0,178.44,180,50n_10p_seed1_t00180,408.0,408.0,,0.0,2,2,90.0,1.0
50n_10p_seed1,0.1,1,170684000,36,TRACE,periodic,170001,36,benign,0,6,264,2,1,128,136,136,-66,18,0,170.001,180,50n_10p_seed1_t00180,264.0,264.0,,0.0,2,2,172.5,1.0
50n_10p_seed1,0.1,1,170183000,37,TRACE,periodic,170001,37,benign,0,5,306,2,1,128,178,178,-42,18,0,170.001,180,50n_10p_seed1_t00180,306.0,306.0,,0.0,2,2,1.8446744073709552e+19,1.0
50n_10p_seed1,0.1,1,170971000,38,TRACE,periodic,170001,38,benign,0,6,301,2,1,128,173,173,-49,19,0,170.001,180,50n_10p_seed1_t00180,301.0,301.0,,0.0,2,2,440.5,1.0
50n_10p_seed1,0.1,1,170139000,39,TRACE,periodic,170001,39,attacker,1,5,256,2,1,128,128,128,-73,18,0,170.001,180,50n_10p_seed1_t00180,128.0,256.0,512.0,128.0,2,2,1.8446744073709552e+19,1.0
50n_10p_seed1,0.1,1,170203000,40,TRACE,periodic,170001,40,benign,0,6,277,2,1,128,149,149,-90,16,0,170.001,180,50n_10p_seed1_t00180,277.0,277.0,,0.0,2,2,1.8446744073709552e+19,1.0
50n_10p_seed1,0.1,1,170390000,41,TRACE,periodic,170001,41,benign,0,6,296,2,39,128,168,168,-64,10,0,170.001,180,50n_10p_seed1_t00180,296.0,296.0,,0.0,2,2,1.8446744073709552e+19,1.0
50n_10p_seed1,0.1,1,170837000,42,TRACE,periodic,170001,42,benign,0,6,409,3,27,256,153,153,-84,8,0,170.001,180,50n_10p_seed1_t00180,409.0,409.0,,0.0,2,2,337.5,1.0
50n_10p_seed1,0.1,1,173832000,43,TRACE,tx,173619,43,benign,0,5,288,2,28,128,160,160,-79,12,0,173.619,180,50n_10p_seed1_t00180,288.0,288.0,,0.0,2,2,1.8446744073709552e+19,1.0
50n_10p_seed1,0.1,1,170421000,44,TRACE,periodic,170001,44,benign,0,6,417,3,29,262,155,155,-91,13,0,170.001,180,50n_10p_seed1_t00180,417.0,417.0,,0.0,2,2,1.8446744073709552e+19,1.0
50n_10p_seed1,0.1,1,170965000,45,TRACE,tx,170174,45,benign,0,4,291,2,1,128,163,163,-81,13,0,170.174,180,50n_10p_seed1_t00180,291.0,291.0,,0.0,2,2,269.5,1.0
50n_10p_seed1,0.1,1,174248000,46,TRACE,tx,174048,46,benign,0,6,283,2,1,128,155,155,-82,15,0,174.048,180,50n_10p_seed1_t00180,283.0,283.0,,0.0,2,2,1.8446744073709552e+19,1.0
50n_10p_seed1,0.1,1,170425000,47,TRACE,periodic,170001,47,benign,0,5,280,2,1,128,152,152,-92,14,0,170.001,180,50n_10p_seed1_t00180,280.0,280.0,,0.0,1,1,1.8446744073709552e+19,1.0
50n_10p_seed1,0.1,1,170290000,48,TRACE,periodic,170001,48,benign,0,6,301,2,39,128,173,173,-57,10,0,170.001,180,50n_10p_seed1_t00180,301.0,301.0,,0.0,2,2,1.8446744073709552e+19,1.0
50n_10p_seed1,0.1,1,170695000,49,TRACE,periodic,170001,49,benign,0,5,292,2,39,128,164,164,-75,7,0,170.001,180,50n_10p_seed1_t00180,292.0,292.0,,0.0,2,2,197.0,1.0
50n_10p_seed1,0.1,1,170998000,50,TRACE,periodic,170001,50,benign,0,5,569,4,35,411,158,158,-82,5,0,170.001,180,50n_10p_seed1_t00180,569.0,569.0,,0.0,2,2,541.5,1.0
50n_10p_seed1,0.1,1,240302728,1,TRACE,rx,239754,1,root,0,7,128,1,0,65535,65535,65535,32767,21,392,239.754,240,50n_10p_seed1_t00240,128.0,128.0,,0.0,0,0,0.0,0.0
50n_10p_seed1,0.1,1,235993000,2,TRACE,tx,235229,2,benign,0,6,563,4,19,403,160,160,-75,7,0,235.229,240,50n_10p_seed1_t00240,563.0,563.0,,0.0,3,3,280.3333333333333,1.0
50n_10p_seed1,0.1,1,230642000,3,TRACE,periodic,230001,3,benign,0,7,301,2,6,128,173,173,-91,11,0,230.001,240,50n_10p_seed1_t00240,301.0,301.0,,0.0,2,2,146.0,1.0
50n_10p_seed1,0.1,1,231859000,4,TRACE,tx,230889,4,benign,0,7,420,3,21,256,164,164,-84,12,0,230.889,240,50n_10p_seed1_t00240,420.0,420.0,,0.0,3,3,460.0,1.0
50n_10p_seed1,0.1,1,239683000,5,TRACE,tx,239619,5,benign,0,7,414,3,21,256,158,158,-72,13,0,239.619,240,50n_10p_seed1_t00240,414.0,414.0,,0.0,3,3,1.8446744073709552e+19,1.0
50n_10p_seed1,0.1,1,230815000,6,TRACE,periodic,230001,6,attacker,1,7,392,3,21,256,136,136,-80,13,0,230.001,240,50n_10p_seed1_t00240,128.0,392.0,512.0,264.0,1,1,331.0,1.0
50n_10p_seed1,0.1,1,230505000,7,TRACE,periodic,230001,7,benign,0,7,274,2,24,128,146,146,-89,12,0,230.001,240,50n_10p_seed1_t00240,274.0,274.0,,0.0,2,2,33.5,1.0
50n_10p_seed1,0.1,1,230907000,8,TRACE,periodic,230001,8,benign,0,8,402,3,14,256,146,146,-86,10,0,230.001,240,50n_10p_seed1_t00240,402.0,402.0,,0.0,2,2,410.5,1.0
50n_10p_seed1,0.1,1,230240000,9,TRACE,periodic,230001,9,attacker,1,7,277,2,24,128,149,149,-85,7,0,230.001,240,50n_10p_seed1_t00240,128.0,277.0,512.0,149.0,2,2,1.8446744073709552e+19,1.0
50n_10p_seed1,0.1,1,230302000,10,TRACE,periodic,230001,10,benign,0,8,429,3,27,263,166,166,-81,10,0,230.001,240,50n_10p_seed1_t00240,429.0,429.0,,0.0,2,2,1.8446744073709552e+19,1.0
50n_10p_seed1,0.1,1,232856000,11,TRACE,tx,232720,11,benign,0,6,412,3,14,256,156,156,-91,13,0,232.72,240,50n_10p_seed1_t00240,412.0,412.0,,0.0,2,2,1.8446744073709552e+19,1.0
50n_10p_seed1,0.1,1,230999000,12,TRACE,periodic,230001,12,benign,0,7,277,2,28,128,149,149,-85,17,0,230.001,240,50n_10p_seed1_t00240,277.0,277.0,,0.0,2,2,504.0,1.0
50n_10p_seed1,0.1,1,230541000,13,TRACE,periodic,230001,13,benign,0,7,278,2,1,128,150,150,-83,19,0,230.001,240,50n_10p_seed1_t00240,278.0,278.0,,0.0,2,2,9.223372036854776e+18,1.0
50n_10p_seed1,0.1,1,230692000,14,TRACE,periodic,230001,14,benign,0,8,256,2,1,128,128,128,-82,19,0,230.001,240,50n_10p_seed1_t00240,256.0,256.0,,0.0,2,2,175.0,1.0
50n_10p_seed1,0.1,1,234891000,15,TRACE,tx,234546,15,benign,0,7,262,2,1,128,134,134,-94,18,0,234.546,240,50n_10p_seed1_t00240,262.0,262.0,,0.0,2,2,1.8446744073709552e+19,1.0
50n_10p_seed1,0.1,1,230862000,16,TRACE,periodic,230001,16,benign,0,8,416,3,14,256,160,160,-73,15,0,230.001,240,50n_10p_seed1_t00240,416.0,416.0,,0.0,2,2,370.5,1.0
50n_10p_seed1,0.1,1,230086000,17,TRACE,periodic,230001,17,benign,0,8,418,3,23,269,149,149,-82,10,0,230.001,240,50n_10p_seed1_t00240,418.0,418.0,,0.0,2,2,1.8446744073709552e+19,1.0
50n_10p_seed1,0.1,1,230252000,18,TRACE,periodic,230001,18,benign,0,7,275,2,28,128,147,147,-87,12,0,230.001,240,50n_10p_seed1_t00240,275.0,275.0,,0.0,2,2,1.8446744073709552e+19,1.0
50n_10p_seed1,0.1,1,237150000,19,TRACE,tx,236782,19,benign,0,8,401,3,36,258,143,143,-92,17,0,236.782,240,50n_10p_seed1_t00240,401.0,401.0,,0.0,3,3,1.8446744073709552e+19,1.0
50n_10p_seed1,0.1,1,232235000,20,TRACE,tx,232223,20,benign,0,7,299,2,1,128,171,171,-63,22,0,232.223,240,50n_10p_seed1_t00240,299.0,299.0,,0.0,2,2,1.8446744073709552e+19,1.0
50n_10p_seed1,0.1,1,240288000,21,TRACE,tx,239363,21,benign,0,7,256,2,1,128,128,128,-51,21,0,239.363,240,50n_10p_seed1_t00240,256.0,256.0,,0.0,3,3,388.0,1.0
50n_10p_seed1,0.1,1,230721000,22,TRACE,periodic,230001,22,benign,0,8,292,2,1,128,164,164,-47,23,0,230.001,240,50n_10p_seed1_t00240,292.0,292.0,,0.0,2,2,192.0,1.0
50n_10p_seed1,0.1,1,234732000,23,TRACE,tx,234443,23,benign,0,6,269,2,1,128,141,141,-65,23,0,234.443,240,50n_10p_seed1_t00240,269.0,269.0,,0.0,2,2,1.8446744073709552e+19,1.0
50n_10p_seed1,0.1,1,237085000,24,TRACE,tx,236906,24,attacker,1,6,256,2,39,128,128,128,-84,17,0,236.906,240,50n_10p_seed1_t00240,128.0,256.0,512.0,128.0,2,2,1.8446744073709552e+19,1.0
50n_10p_seed1,0.1,1,230483000,25,TRACE,periodic,230001,25,benign,0,7,423,3,15,263,160,160,-87,13,0,230.001,240,50n_10p_seed1_t00240,423.0,423.0,,0.0,2,2,1.8446744073709552e+19,1.0
50n_10p_seed1,0.1,1,230427000,26,TRACE,periodic,230001,26,benign,0,7,315,2,28,128,187,187,-71,11,0,230.001,240,50n_10p_seed1_t00240,315.0,315.0,,0.0,2,2,1.8446744073709552e+19,1.0
50n_10p_seed1,0.1,1,232312000,27,TRACE,tx,231647,27,benign,0,6,262,2,1,128,134,134,-88,18,0,231.647,240,50n_10p_seed1_t00240,262.0,262.0,,0.0,2,2,142.0,1.0
50n_10p_seed1,0.1,1,230421000,28,TRACE,periodic,230001,28,attacker,1,7,256,2,1,128,128,128,-50,21,0,230.001,240,50n_10p_seed1_t00240,128.0,256.0,512.0,128.0,1,1,1.8446744073709552e+19,1.0
50n_10p_seed1,0.1,1,230038000,29,TRACE,periodic,230001,29,benign,0,8,256,2,1,128,128,128,-25,21,0,230.001,240,50n_10p_seed1_t00240,256.0,256.0,,0.0,3,3,1.8446744073709552e+19,1.0
50n_10p_seed1,0.1,1,230052000,30,TRACE,periodic,230001,30,benign,0,7,296,2,1,128,168,168,-19,21,0,230.001,240,50n_10p_seed1_t00240,296.0,296.0,,0.0,1,1,1.8446744073709552e+19,1.0
50n_10p_seed1,0.1,1,230714000,31,TRACE,periodic,230001,31,benign,0,8,307,2,1,128,179,179,-59,21,0,230.001,240,50n_10p_seed1_t00240,307.0,307.0,,0.0,2,2,186.0,1.0
50n_10p_seed1,0.1,1,240742000,32,TRACE,periodic,240000,32,benign,0,8,277,2,1,128,149,149,-81,18,0,240.0,240,50n_10p_seed1_t00240,277.0,277.0,,0.0,2,2,218.5,1.0
50n_10p_seed1,0.1,1,230109000,33,TRACE,periodic,230001,33,benign,0,9,278,2,39,128,150,150,-74,13,0,230.001,240,50n_10p_seed1_t00240,278.0,278.0,,0.0,2,2,1.8446744073709552e+19,1.0
50n_10p_seed1,0.1,1,230836000,34,TRACE,periodic,230001,34,benign,0,7,463,3,27,263,200,200,-53,11,0,230.001,240,50n_10p_seed1_t00240,463.0,463.0,,0.0,2,2,324.0,1.0
50n_10p_seed1,0.1,1,230612000,35,TRACE,periodic,230001,35,benign,0,7,396,3,29,256,140,140,-81,16,0,230.001,240,50n_10p_seed1_t00240,396.0,396.0,,0.0,1,1,111.0,1.0
50n_10p_seed1,0.1,1,230684000,36,TRACE,periodic,230001,36,benign,0,8,258,2,1,128,130,130,-66,18,0,230.001,240,50n_10p_seed1_t00240,258.0,258.0,,0.0,2,2,159.5,1.0
50n_10p_seed1,0.1,1,230183000,37,TRACE,periodic,230001,37,benign,0,7,296,2,1,128,168,168,-42,18,0,230.001,240,50n_10p_seed1_t00240,296.0,296.0,,0.0,2,2,1.8446744073709552e+19,1.0
50n_10p_seed1,0.1,1,239746000,38,TRACE,tx,238776,38,benign,0,7,296,2,1,128,168,168,-49,19,0,238.776,240,50n_10p_seed1_t00240,296.0,296.0,,0.0,2,2,434.0,1.0
50n_10p_seed1,0.1,1,230139000,39,TRACE,periodic,230001,39,attacker,1,7,259,2,1,128,131,131,-73,18,0,230.001,240,50n_10p_seed1_t00240,128.0,258.0,512.0,130.0,2,2,1.8446744073709552e+19,1.0
50n_10p_seed1,0.1,1,230203000,40,TRACE,periodic,230001,40,benign,0,8,272,2,1,128,144,144,-90,16,0,230.001,240,50n_10p_seed1_t00240,272.0,272.0,,0.0,2,2,1.8446744073709552e+19,1.0
50n_10p_seed1,0.1,1,230390000,41,TRACE,periodic,230001,41,benign,0,8,288,2,39,128,160,160,-64,10,0,230.001,240,50n_10p_seed1_t00240,288.0,288.0,,0.0,2,2,1.8446744073709552e+19,1.0
50n_10p_seed1,0.1,1,230837000,42,TRACE,periodic,230001,42,benign,0,8,410,3,27,263,147,147,-84,8,0,230.001,240,50n_10p_seed1_t00240,410.0,410.0,,0.0,2,2,319.0,1.0
50n_10p_seed1,0.1,1,230214000,43,TRACE,periodic,230001,43,benign,0,8,278,2,28,128,150,150,-79,12,0,230.001,240,50n_10p_seed1_t00240,278.0,278.0,,0.0,2,2,1.8446744073709552e+19,1.0
50n_10p_seed1,0.1,1,230421000,44,TRACE,periodic,230001,44,benign,0,8,405,3,29,256,149,149,-91,13,0,230.001,240,50n_10p_seed1_t00240,405.0,405.0,,0.0,2,2,1.8446744073709552e+19,1.0
50n_10p_seed1,0.1,1,237822000,45,TRACE,tx,237031,45,benign,0,6,283,2,1,128,155,155,-81,13,0,237.031,240,50n_10p_seed1_t00240,283.0,283.0,,0.0,2,2,262.0,1.0
50n_10p_seed1,0.1,1,230490000,46,TRACE,tx,230290,46,benign,0,8,277,2,1,128,149,149,-82,15,0,230.29,240,50n_10p_seed1_t00240,277.0,277.0,,0.0,2,2,1.8446744073709552e+19,1.0
50n_10p_seed1,0.1,1,235022000,47,TRACE,tx,234598,47,benign,0,7,274,2,1,128,146,146,-92,14,0,234.598,240,50n_10p_seed1_t00240,274.0,274.0,,0.0,3,3,1.8446744073709552e+19,1.0
50n_10p_seed1,0.1,1,230290000,48,TRACE,periodic,230001,48,benign,0,8,292,2,39,128,164,164,-57,10,0,230.001,240,50n_10p_seed1_t00240,292.0,292.0,,0.0,2,2,1.8446744073709552e+19,1.0
50n_10p_seed1,0.1,1,234247000,49,TRACE,tx,233553,49,benign,0,6,288,2,39,128,160,160,-75,7,0,233.553,240,50n_10p_seed1_t00240,288.0,288.0,,0.0,2,2,213.0,1.0
50n_10p_seed1,0.1,1,234524000,50,TRACE,tx,233527,50,benign,0,6,551,4,35,396,155,155,-82,5,0,233.527,240,50n_10p_seed1_t00240,551.0,551.0,,0.0,2,2,550.0,1.0
50n_10p_seed1,0.1,1,300504728,1,TRACE,rx,299956,1,root,0,9,128,1,0,65535,65535,65535,32767,21,18446744073709551495,299.956,300,50n_10p_seed1_t00300,128.0,128.0,,0.0,0,0,0.0,0.0
50n_10p_seed1,0.1,1,290765000,2,TRACE,periodic,290001,2,benign,0,9,543,4,19,393,150,150,-75,7,0,290.001,300,50n_10p_seed1_t00300,543.0,543.0,,0.0,2,2,306.0,1.0
50n_10p_seed1,0.1,1,294065000,3,TRACE,tx,293424,3,benign,0,9,292,2,6,128,164,164,-91,11,0,293.424,300,50n_10p_seed1_t00300,292.0,292.0,,0.0,3,3,176.66666666666666,1.0
50n_10p_seed1,0.1,1,293473000,4,TRACE,tx,292503,4,benign,0,9,412,3,21,256,156,156,-84,12,0,292.503,300,50n_10p_seed1_t00300,412.0,412.0,,0.0,2,2,484.5,1.0
50n_10p_seed1,0.1,1,290065000,5,TRACE,periodic,290001,5,benign,0,10,405,3,21,256,149,149,-72,13,0,290.001,300,50n_10p_seed1_t00300,405.0,405.0,,0.0,2,2,1.8446744073709552e+19,1.0
50n_10p_seed1,0.1,1,290815000,6,TRACE,periodic,290001,6,attacker,1,9,388,3,21,256,132,132,-80,13,0,290.001,300,50n_10p_seed1_t00300,128.0,387.0,512.0,259.0,2,2,313.5,1.0
50n_10p_seed1,0.1,1,290505000,7,TRACE,periodic,290001,7,benign,0,9,270,2,24,128,142,142,-89,12,0,290.001,300,50n_10p_seed1_t00300,270.0,270.0,,0.0,2,2,28.0,1.0
50n_10p_seed1,0.1,1,290907000,8,TRACE,periodic,290001,8,benign,0,10,398,3,14,256,142,142,-86,10,0,290.001,300,50n_10p_seed1_t00300,398.0,398.0,,0.0,2,2,396.0,1.0
50n_10p_seed1,0.1,1,298542000,9,TRACE,tx,298303,9,attacker,1,9,272,2,24,128,144,144,-85,7,0,298.303,300,50n_10p_seed1_t00300,128.0,272.0,512.0,144.0,3,3,1.8446744073709552e+19,1.0
50n_10p_seed1,0.1,1,290302000,10,TRACE,periodic,290001,10,benign,0,10,414,3,27,256,158,158,-81,10,0,290.001,300,50n_10p_seed1_t00300,414.0,414.0,,0.0,2,2,1.8446744073709552e+19,1.0
50n_10p_seed1,0.1,1,290137000,11,TRACE,periodic,290001,11,benign,0,8,406,3,14,256,150,150,-91,13,0,290.001,300,50n_10p_seed1_t00300,406.0,406.0,,0.0,1,1,1.8446744073709552e+19,1.0
50n_10p_seed1,0.1,1,297236000,12,TRACE,tx,296238,12,benign,0,9,272,2,28,128,144,144,-85,17,0,296.238,300,50n_10p_seed1_t00300,272.0,272.0,,0.0,3,3,507.6666666666667,1.0
50n_10p_seed1,0.1,1,300453000,13,TRACE,tx,299913,13,benign,0,9,273,2,1,128,145,145,-83,19,0,299.913,300,50n_10p_seed1_t00300,273.0,273.0,,0.0,3,3,11.0,1.0
50n_10p_seed1,0.1,1,290692000,14,TRACE,periodic,290001,14,benign,0,10,256,2,1,128,128,128,-82,19,0,290.001,300,50n_10p_seed1_t00300,256.0,256.0,,0.0,2,2,156.0,1.0
50n_10p_seed1,0.1,1,292753000,15,TRACE,tx,292408,15,benign,0,9,258,2,1,128,130,130,-94,18,0,292.408,300,50n_10p_seed1_t00300,258.0,258.0,,0.0,2,2,1.8446744073709552e+19,1.0
50n_10p_seed1,0.1,1,291254000,16,TRACE,tx,290393,16,benign,0,9,412,3,14,256,156,156,-73,15,0,290.393,300,50n_10p_seed1_t00300,412.0,412.0,,0.0,2,2,365.0,1.0
50n_10p_seed1,0.1,1,290086000,17,TRACE,periodic,290001,17,benign,0,11,405,3,23,263,142,142,-82,10,0,290.001,300,50n_10p_seed1_t00300,405.0,405.0,,0.0,3,3,1.8446744073709552e+19,1.0
50n_10p_seed1,0.1,1,290252000,18,TRACE,periodic,290001,18,benign,0,9,271,2,28,128,143,143,-87,12,0,290.001,300,50n_10p_seed1_t00300,271.0,271.0,,0.0,2,2,1.8446744073709552e+19,1.0
50n_10p_seed1,0.1,1,290369000,19,TRACE,periodic,290001,19,benign,0,10,392,3,36,256,136,136,-92,17,0,290.001,300,50n_10p_seed1_t00300,392.0,392.0,,0.0,1,1,1.8446744073709552e+19,1.0
50n_10p_seed1,0.1,1,295082000,20,TRACE,tx,295070,20,benign,0,9,290,2,1,128,162,162,-63,22,0,295.07,300,50n_10p_seed1_t00300,290.0,290.0,,0.0,2,2,1.8446744073709552e+19,1.0
50n_10p_seed1,0.1,1,290926000,21,TRACE,periodic,290001,21,benign,0,10,256,2,1,128,128,128,-51,21,0,290.001,300,50n_10p_seed1_t00300,256.0,256.0,,0.0,2,2,408.5,1.0
50n_10p_seed1,0.1,1,290721000,22,TRACE,periodic,290001,22,benign,0,10,284,2,1,128,156,156,-47,23,0,290.001,300,50n_10p_seed1_t00300,284.0,284.0,,0.0,2,2,193.0,1.0
50n_10p_seed1,0.1,1,292804000,23,TRACE,tx,292515,23,benign,0,8,262,2,1,128,134,134,-65,23,0,292.515,300,50n_10p_seed1_t00300,262.0,262.0,,0.0,2,2,1.8446744073709552e+19,1.0
50n_10p_seed1,0.1,1,291074000,24,TRACE,tx,290895,24,attacker,1,8,256,2,39,128,128,128,-84,17,0,290.895,300,50n_10p_seed1_t00300,128.0,256.0,512.0,128.0,2,2,1.8446744073709552e+19,1.0
50n_10p_seed1,0.1,1,290483000,25,TRACE,periodic,290001,25,benign,0,9,412,3,15,259,153,153,-87,13,0,290.001,300,50n_10p_seed1_t00300,412.0,412.0,,0.0,2,2,1.8446744073709552e+19,1.0
50n_10p_seed1,0.1,1,290427000,26,TRACE,periodic,290001,26,benign,0,9,303,2,28,128,175,175,-71,11,0,290.001,300,50n_10p_seed1_t00300,303.0,303.0,,0.0,2,2,1.8446744073709552e+19,1.0
50n_10p_seed1,0.1,1,290666000,27,TRACE,periodic,290001,27,benign,0,9,256,2,1,128,128,128,-88,18,0,290.001,300,50n_10p_seed1_t00300,256.0,256.0,,0.0,2,2,145.5,1.0
50n_10p_seed1,0.1,1,290421000,28,TRACE,periodic,290001,28,attacker,1,9,256,2,1,128,128,128,-50,21,0,290.001,300,50n_10p_seed1_t00300,128.0,256.0,512.0,128.0,2,3,1.8446744073709552e+19,1.5
50n_10p_seed1,0.1,1,294927000,29,TRACE,tx,294890,29,benign,0,10,256,2,1,128,128,128,-25,21,0,294.89,300,50n_10p_seed1_t00300,256.0,256.0,,0.0,3,3,1.8446744073709552e+19,1.0
50n_10p_seed1,0.1,1,290052000,30,TRACE,periodic,290001,30,benign,0,9,288,2,1,128,160,160,-19,21,0,290.001,300,50n_10p_seed1_t00300,288.0,288.0,,0.0,2,2,1.8446744073709552e+19,1.0
50n_10p_seed1,0.1,1,290714000,31,TRACE,periodic,290001,31,benign,0,10,296,2,1,128,168,168,-59,21,0,290.001,300,50n_10p_seed1_t00300,296.0,296.0,,0.0,2,2,198.5,1.0
50n_10p_seed1,0.1,1,300742000,32,TRACE,periodic,300000,32,benign,0,10,272,2,1,128,144,144,-81,18,0,300.0,300,50n_10p_seed1_t00300,272.0,272.0,,0.0,2,2,234.0,1.0
50n_10p_seed1,0.1,1,299002000,33,TRACE,tx,298894,33,benign,0,11,285,2,39,128,157,157,-74,13,0,298.894,300,50n_10p_seed1_t00300,285.0,285.0,,0.0,3,3,1.8446744073709552e+19,1.0
50n_10p_seed1,0.1,1,290836000,34,TRACE,periodic,290001,34,benign,0,9,441,3,27,256,185,185,-53,11,0,290.001,300,50n_10p_seed1_t00300,441.0,441.0,,0.0,2,2,361.5,1.0
50n_10p_seed1,0.1,1,290612000,35,TRACE,periodic,290001,35,benign,0,9,391,3,29,256,135,135,-81,16,0,290.001,300,50n_10p_seed1_t00300,391.0,391.0,,0.0,2,2,113.0,1.0
50n_10p_seed1,0.1,1,290684000,36,TRACE,periodic,290001,36,benign,0,10,256,2,1,128,128,128,-66,18,0,290.001,300,50n_10p_seed1_t00300,256.0,256.0,,0.0,2,2,142.5,1.0
50n_10p_seed1,0.1,1,298582000,37,TRACE,tx,298400,37,benign,0,8,292,2,1,128,164,164,-42,18,0,298.4,300,50n_10p_seed1_t00300,292.0,292.0,,0.0,2,2,1.8446744073709552e+19,1.0
50n_10p_seed1,0.1,1,292316000,38,TRACE,tx,291346,38,benign,0,9,288,2,1,128,160,160,-49,19,0,291.346,300,50n_10p_seed1_t00300,288.0,288.0,,0.0,2,2,446.0,1.0
50n_10p_seed1,0.1,1,290139000,39,TRACE,periodic,290001,39,attacker,1,9,256,2,1,128,128,128,-73,18,0,290.001,300,50n_10p_seed1_t00300,128.0,256.0,512.0,128.0,2,2,1.8446744073709552e+19,1.0
50n_10p_seed1,0.1,1,295629000,40,TRACE,tx,295427,40,benign,0,10,268,2,1,128,140,140,-90,16,0,295.427,300,50n_10p_seed1_t00300,268.0,268.0,,0.0,3,3,1.8446744073709552e+19,1.0
50n_10p_seed1,0.1,1,290390000,41,TRACE,periodic,290001,41,benign,0,10,281,2,39,128,153,153,-64,10,0,290.001,300,50n_10p_seed1_t00300,281.0,281.0,,0.0,2,2,1.8446744073709552e+19,1.0
50n_10p_seed1,0.1,1,290837000,42,TRACE,periodic,290001,42,benign,0,10,399,3,27,256,143,143,-84,8,0,290.001,300,50n_10p_seed1_t00300,399.0,399.0,,0.0,2,2,346.5,1.0
50n_10p_seed1,0.1,1,290214000,43,TRACE,periodic,290001,43,benign,0,11,271,2,28,128,143,143,-79,12,0,290.001,300,50n_10p_seed1_t00300,271.0,271.0,,0.0,3,3,1.8446744073709552e+19,1.0
50n_10p_seed1,0.1,1,299899000,44,TRACE,tx,299479,44,benign,0,10,400,3,29,256,144,144,-91,13,0,299.479,300,50n_10p_seed1_t00300,400.0,400.0,,0.0,3,3,1.8446744073709552e+19,1.0
50n_10p_seed1,0.1,1,297151000,45,TRACE,tx,296360,45,benign,0,8,277,2,1,128,149,149,-81,13,0,296.36,300,50n_10p_seed1_t00300,277.0,277.0,,0.0,2,2,270.5,1.0
50n_10p_seed1,0.1,1,292254000,46,TRACE,tx,292054,46,benign,0,10,272,2,1,128,144,144,-82,15,0,292.054,300,50n_10p_seed1_t00300,272.0,272.0,,0.0,2,2,1.8446744073709552e+19,1.0
50n_10p_seed1,0.1,1,295402000,47,TRACE,tx,294978,47,benign,0,9,270,2,1,128,142,142,-92,14,0,294.978,300,50n_10p_seed1_t00300,270.0,270.0,,0.0,2,2,1.8446744073709552e+19,1.0
50n_10p_seed1,0.1,1,290290000,48,TRACE,periodic,290001,48,benign,0,10,284,2,39,128,156,156,-57,10,0,290.001,300,50n_10p_seed1_t00300,284.0,284.0,,0.0,2,2,1.8446744073709552e+19,1.0
50n_10p_seed1,0.1,1,292617000,49,TRACE,tx,291923,49,benign,0,8,281,2,39,128,153,153,-75,7,0,291.923,300,50n_10p_seed1_t00300,281.0,281.0,,0.0,2,2,205.5,1.0
50n_10p_seed1,0.1,1,290998000,50,TRACE,periodic,290001,50,benign,0,8,540,4,35,391,149,149,-82,5,0,290.001,300,50n_10p_seed1_t00300,540.0,540.0,,0.0,1,1,545.0,1.0
50n_10p_seed1,0.1,1,360079760,1,TRACE,rx,359531,1,root,0,11,128,1,0,65535,65535,65535,32767,21,18446744073709551528,359.531,360,50n_10p_seed1_t00360,128.0,128.0,,0.0,0,0,0.0,0.0
50n_10p_seed1,0.1,1,350765000,2,TRACE,periodic,350001,2,benign,0,11,534,4,19,389,145,145,-75,7,0,350.001,360,50n_10p_seed1_t00360,534.0,534.0,,0.0,2,2,288.5,1.0
50n_10p_seed1,0.1,1,350642000,3,TRACE,periodic,350001,3,benign,0,12,281,2,6,128,153,153,-91,11,0,350.001,360,50n_10p_seed1_t00360,281.0,281.0,,0.0,2,2,146.5,1.0
50n_10p_seed1,0.1,1,356890000,4,TRACE,tx,355920,4,benign,0,11,406,3,21,256,150,150,-84,12,0,355.92,360,50n_10p_seed1_t00360,406.0,406.0,,0.0,2,2,462.0,1.0
50n_10p_seed1,0.1,1,350065000,5,TRACE,periodic,350001,5,benign,0,12,400,3,21,256,144,144,-72,13,0,350.001,360,50n_10p_seed1_t00360,400.0,400.0,,0.0,2,2,1.8446744073709552e+19,1.0
50n_10p_seed1,0.1,1,350815000,6,TRACE,periodic,350001,6,attacker,1,11,384,3,21,256,128,128,-80,13,0,350.001,360,50n_10p_seed1_t00360,128.0,384.0,512.0,256.0,2,2,299.0,1.0
50n_10p_seed1,0.1,1,350505000,7,TRACE,periodic,350001,7,benign,0,11,266,2,24,128,138,138,-89,12,0,350.001,360,50n_10p_seed1_t00360,266.0,266.0,,0.0,2,2,24.5,1.0
50n_10p_seed1,0.1,1,360868000,8,TRACE,tx,359962,8,benign,0,12,401,3,14,263,138,138,-86,10,0,359.962,360,50n_10p_seed1_t00360,401.0,401.0,,0.0,3,2,409.5,0.6666666666666666
50n_10p_seed1,0.1,1,350443000,9,TRACE,tx,350204,9,attacker,1,11,268,2,24,128,140,140,-85,7,0,350.204,360,50n_10p_seed1_t00360,128.0,266.0,512.0,138.0,2,2,1.8446744073709552e+19,1.0
50n_10p_seed1,0.1,1,350302000,10,TRACE,periodic,350001,10,benign,0,12,408,3,27,256,152,152,-81,10,0,350.001,360,50n_10p_seed1_t00360,408.0,408.0,,0.0,2,2,1.8446744073709552e+19,1.0
50n_10p_seed1,0.1,1,350137000,11,TRACE,periodic,350001,11,benign,0,10,409,3,14,264,145,145,-91,13,0,350.001,360,50n_10p_seed1_t00360,409.0,409.0,,0.0,2,2,1.8446744073709552e+19,1.0
50n_10p_seed1,0.1,1,355320000,12,TRACE,tx,354322,12,benign,0,11,268,2,28,128,140,140,-85,17,0,354.322,360,50n_10p_seed1_t00360,268.0,268.0,,0.0,2,2,476.0,1.0
50n_10p_seed1,0.1,1,350541000,13,TRACE,periodic,350001,13,benign,0,11,269,2,1,128,141,141,-83,19,0,350.001,360,50n_10p_seed1_t00360,269.0,269.0,,0.0,1,1,25.0,1.0
50n_10p_seed1,0.1,1,350692000,14,TRACE,periodic,350001,14,benign,0,12,264,2,1,128,136,136,-82,19,0,350.001,360,50n_10p_seed1_t00360,264.0,264.0,,0.0,2,2,171.0,1.0
50n_10p_seed1,0.1,1,350346000,15,TRACE,periodic,350001,15,benign,0,12,256,2,1,128,128,128,-94,18,0,350.001,360,50n_10p_seed1_t00360,256.0,256.0,,0.0,2,2,1.8446744073709552e+19,1.0
50n_10p_seed1,0.1,1,356452000,16,TRACE,tx,355591,16,benign,0,11,414,3,14,264,150,150,-73,15,0,355.591,360,50n_10p_seed1_t00360,414.0,414.0,,0.0,2,2,378.5,1.0
50n_10p_seed1,0.1,1,350086000,17,TRACE,periodic,350001,17,benign,0,13,397,3,23,259,138,138,-82,10,0,350.001,360,50n_10p_seed1_t00360,397.0,397.0,,0.0,2,2,1.8446744073709552e+19,1.0
50n_10p_seed1,0.1,1,350252000,18,TRACE,periodic,350001,18,benign,0,11,267,2,28,128,139,139,-87,12,0,350.001,360,50n_10p_seed1_t00360,267.0,267.0,,0.0,2,2,1.8446744073709552e+19,1.0
50n_10p_seed1,0.1,1,350369000,19,TRACE,periodic,350001,19,benign,0,12,388,3,36,256,132,132,-92,17,0,350.001,360,50n_10p_seed1_t00360,388.0,388.0,,0.0,2,2,1.8446744073709552e+19,1.0
50n_10p_seed1,0.1,1,358350000,20,TRACE,tx,358338,20,benign,0,11,283,2,1,128,155,155,-63,22,0,358.338,360,50n_10p_seed1_t00360,283.0,283.0,,0.0,2,2,1.8446744073709552e+19,1.0
50n_10p_seed1,0.1,1,350926000,21,TRACE,periodic,350001,21,benign,0,12,256,2,1,128,128,128,-51,21,0,350.001,360,50n_10p_seed1_t00360,256.0,256.0,,0.0,2,2,413.0,1.0
50n_10p_seed1,0.1,1,350721000,22,TRACE,periodic,350001,22,benign,0,12,278,2,1,128,150,150,-47,23,0,350.001,360,50n_10p_seed1_t00360,278.0,278.0,,0.0,2,2,194.5,1.0
50n_10p_seed1,0.1,1,352794000,23,TRACE,tx,352505,23,benign,0,10,258,2,1,128,130,130,-65,23,0,352.505,360,50n_10p_seed1_t00360,258.0,258.0,,0.0,2,2,1.8446744073709552e+19,1.0
50n_10p_seed1,0.1,1,350180000,24,TRACE,periodic,350001,24,attacker,1,10,256,2,39,128,128,128,-84,17,0,350.001,360,50n_10p_seed1_t00360,128.0,256.0,512.0,128.0,1,1,1.8446744073709552e+19,1.0
50n_10p_seed1,0.1,1,350483000,25,TRACE,periodic,350001,25,benign,0,11,403,3,15,256,147,147,-87,13,0,350.001,360,50n_10p_seed1_t00360,403.0,403.0,,0.0,2,2,1.8446744073709552e+19,1.0
50n_10p_seed1,0.1,1,350427000,26,TRACE,periodic,350001,26,benign,0,11,293,2,28,128,165,165,-71,11,0,350.001,360,50n_10p_seed1_t00360,293.0,293.0,,0.0,2,2,1.8446744073709552e+19,1.0
50n_10p_seed1,0.1,1,350666000,27,TRACE,periodic,350001,27,benign,0,11,256,2,1,128,128,128,-88,18,0,350.001,360,50n_10p_seed1_t00360,256.0,256.0,,0.0,2,2,165.0,1.0
50n_10p_seed1,0.1,1,360040000,28,TRACE,tx,359620,28,attacker,1,11,256,2,1,128,128,128,-50,21,0,359.62,360,50n_10p_seed1_t00360,128.0,256.0,512.0,128.0,3,2,1.8446744073709552e+19,0.6666666666666666
50n_10p_seed1,0.1,1,350038000,29,TRACE,periodic,350001,29,benign,0,13,256,2,1,128,128,128,-25,21,0,350.001,360,50n_10p_seed1_t00360,256.0,256.0,,0.0,2,2,1.8446744073709552e+19,1.0
50n_10p_seed1,0.1,1,350052000,30,TRACE,periodic,350001,30,benign,0,11,281,2,1,128,153,153,-19,21,0,350.001,360,50n_10p_seed1_t00360,281.0,281.0,,0.0,2,2,1.8446744073709552e+19,1.0
50n_10p_seed1,0.1,1,350714000,31,TRACE,periodic,350001,31,benign,0,12,288,2,1,128,160,160,-59,21,0,350.001,360,50n_10p_seed1_t00360,288.0,288.0,,0.0,2,2,191.5,1.0
50n_10p_seed1,0.1,1,360742000,32,TRACE,periodic,360000,32,benign,0,12,268,2,1,128,140,140,-81,18,0,360.0,360,50n_10p_seed1_t00360,268.0,268.0,,0.0,2,2,230.5,1.0
50n_10p_seed1,0.1,1,350109000,33,TRACE,periodic,350001,33,benign,0,14,276,2,39,128,148,148,-74,13,0,350.001,360,50n_10p_seed1_t00360,276.0,276.0,,0.0,2,2,1.8446744073709552e+19,1.0
50n_10p_seed1,0.1,1,350836000,34,TRACE,periodic,350001,34,benign,0,11,429,3,27,256,173,173,-53,11,0,350.001,360,50n_10p_seed1_t00360,429.0,429.0,,0.0,2,2,337.5,1.0
50n_10p_seed1,0.1,1,350612000,35,TRACE,periodic,350001,35,benign,0,11,387,3,29,256,131,131,-81,16,0,350.001,360,50n_10p_seed1_t00360,387.0,387.0,,0.0,2,2,121.5,1.0
50n_10p_seed1,0.1,1,350684000,36,TRACE,periodic,350001,36,benign,0,12,256,2,1,128,128,128,-66,18,0,350.001,360,50n_10p_seed1_t00360,256.0,256.0,,0.0,2,2,161.5,1.0
50n_10p_seed1,0.1,1,350183000,37,TRACE,periodic,350001,37,benign,0,10,284,2,1,128,156,156,-42,18,0,350.001,360,50n_10p_seed1_t00360,284.0,284.0,,0.0,1,1,1.8446744073709552e+19,1.0
50n_10p_seed1,0.1,1,352020000,38,TRACE,tx,351050,38,benign,0,11,281,2,1,128,153,153,-49,19,0,351.05,360,50n_10p_seed1_t00360,281.0,281.0,,0.0,2,2,451.5,1.0
50n_10p_seed1,0.1,1,350139000,39,TRACE,periodic,350001,39,attacker,1,11,256,2,1,128,128,128,-73,18,0,350.001,360,50n_10p_seed1_t00360,128.0,256.0,512.0,128.0,2,2,1.8446744073709552e+19,1.0
50n_10p_seed1,0.1,1,354290000,40,TRACE,tx,354088,40,benign,0,12,265,2,1,128,137,137,-90,16,0,354.088,360,50n_10p_seed1_t00360,265.0,265.0,,0.0,2,2,1.8446744073709552e+19,1.0
50n_10p_seed1,0.1,1,357136000,41,TRACE,tx,356747,41,benign,0,11,278,2,39,128,150,150,-64,10,0,356.747,360,50n_10p_seed1_t00360,278.0,278.0,,0.0,2,2,1.8446744073709552e+19,1.0
50n_10p_seed1,0.1,1,352479000,42,TRACE,tx,351643,42,benign,0,11,397,3,27,256,141,141,-84,8,0,351.643,360,50n_10p_seed1_t00360,397.0,397.0,,0.0,2,2,371.0,1.0
50n_10p_seed1,0.1,1,355578000,43,TRACE,tx,355365,43,benign,0,12,269,2,28,128,141,141,-79,12,0,355.365,360,50n_10p_seed1_t00360,269.0,269.0,,0.0,2,2,1.8446744073709552e+19,1.0
50n_10p_seed1,0.1,1,350421000,44,TRACE,periodic,350001,44,benign,0,12,396,3,29,256,140,140,-91,13,0,350.001,360,50n_10p_seed1_t00360,396.0,396.0,,0.0,1,1,1.8446744073709552e+19,1.0
50n_10p_seed1,0.1,1,350792000,45,TRACE,periodic,350001,45,benign,0,11,270,2,1,128,142,142,-81,13,0,350.001,360,50n_10p_seed1_t00360,270.0,270.0,,0.0,2,2,260.0,1.0
50n_10p_seed1,0.1,1,359514000,46,TRACE,tx,359314,46,benign,0,12,268,2,1,128,140,140,-82,15,0,359.314,360,50n_10p_seed1_t00360,268.0,268.0,,0.0,2,2,1.8446744073709552e+19,1.0
50n_10p_seed1,0.1,1,352625000,47,TRACE,tx,352201,47,benign,0,11,266,2,1,128,138,138,-92,14,0,352.201,360,50n_10p_seed1_t00360,266.0,266.0,,0.0,2,2,1.8446744073709552e+19,1.0
50n_10p_seed1,0.1,1,350290000,48,TRACE,periodic,350001,48,benign,0,12,278,2,39,128,150,150,-57,10,0,350.001,360,50n_10p_seed1_t00360,278.0,278.0,,0.0,2,2,1.8446744073709552e+19,1.0
50n_10p_seed1,0.1,1,350695000,49,TRACE,periodic,350001,49,benign,0,11,273,2,39,128,145,145,-75,7,0,350.001,360,50n_10p_seed1_t00360,273.0,273.0,,0.0,2,2,215.5,1.0
50n_10p_seed1,0.1,1,350998000,50,TRACE,periodic,350001,50,benign,0,10,532,4,35,388,144,144,-82,5,0,350.001,360,50n_10p_seed1_t00360,532.0,532.0,,0.0,2,2,491.5,1.0
50n_10p_seed1,0.1,1,419851048,1,TRACE,rx,419303,1,root,0,13,128,1,0,65535,65535,65535,32767,21,18446744073709551380,419.303,420,50n_10p_seed1_t00420,128.0,128.0,,0.0,0,0,0.0,0.0
50n_10p_seed1,0.1,1,410765000,2,TRACE,periodic,410001,2,benign,0,13,525,4,19,384,141,141,-75,7,0,410.001,420,50n_10p_seed1_t00420,525.0,525.0,,0.0,2,2,293.5,1.0
50n_10p_seed1,0.1,1,410642000,3,TRACE,periodic,410001,3,benign,0,14,275,2,6,128,147,147,-91,11,0,410.001,420,50n_10p_seed1_t00420,275.0,275.0,,0.0,2,2,189.0,1.0
50n_10p_seed1,0.1,1,419028000,4,TRACE,tx,418058,4,benign,0,13,401,3,21,256,145,145,-84,12,0,418.058,420,50n_10p_seed1_t00420,401.0,401.0,,0.0,2,2,469.0,1.0
50n_10p_seed1,0.1,1,410065000,5,TRACE,periodic,410001,5,benign,0,14,396,3,21,256,140,140,-72,13,0,410.001,420,50n_10p_seed1_t00420,396.0,396.0,,0.0,2,2,1.8446744073709552e+19,1.0
50n_10p_seed1,0.1,1,410815000,6,TRACE,periodic,410001,6,attacker,1,13,384,3,21,256,128,128,-80,13,0,410.001,420,50n_10p_seed1_t00420,128.0,384.0,512.0,256.0,2,2,325.0,1.0
50n_10p_seed1,0.1,1,410505000,7,TRACE,periodic,410001,7,benign,0,14,263,2,24,128,135,135,-89,12,0,410.001,420,50n_10p_seed1_t00420,263.0,263.0,,0.0,3,3,22.666666666666668,1.0
50n_10p_seed1,0.1,1,410907000,8,TRACE,periodic,410001,8,benign,0,14,396,3,14,260,136,136,-86,10,0,410.001,420,50n_10p_seed1_t00420,396.0,396.0,,0.0,1,2,436.0,2.0
50n_10p_seed1,0.1,1,412038000,9,TRACE,tx,411799,9,attacker,1,13,265,2,24,128,137,137,-85,7,0,411.799,420,50n_10p_seed1_t00420,128.0,264.0,512.0,136.0,2,2,1.8446744073709552e+19,1.0
50n_10p_seed1,0.1,1,414277000,10,TRACE,tx,413976,10,benign,0,14,402,3,27,256,146,146,-81,10,0,413.976,420,50n_10p_seed1_t00420,402.0,402.0,,0.0,3,3,1.8446744073709552e+19,1.0
50n_10p_seed1,0.1,1,410137000,11,TRACE,periodic,410001,11,benign,0,12,401,3,14,260,141,141,-91,13,0,410.001,420,50n_10p_seed1_t00420,401.0,401.0,,0.0,2,2,1.8446744073709552e+19,1.0
50n_10p_seed1,0.1,1,410999000,12,TRACE,periodic,410001,12,benign,0,14,264,2,28,128,136,136,-85,17,0,410.001,420,50n_10p_seed1_t00420,264.0,264.0,,0.0,2,2,502.0,1.0
50n_10p_seed1,0.1,1,410541000,13,TRACE,periodic,410001,13,benign,0,13,265,2,1,128,137,137,-83,19,0,410.001,420,50n_10p_seed1_t00420,265.0,265.0,,0.0,2,2,4.5,1.0
50n_10p_seed1,0.1,1,412256000,14,TRACE,tx,411565,14,benign,0,13,257,2,1,128,129,129,-82,19,0,411.565,420,50n_10p_seed1_t00420,257.0,257.0,,0.0,2,2,178.0,1.0
50n_10p_seed1,0.1,1,410346000,15,TRACE,periodic,410001,15,benign,0,14,264,2,1,128,136,136,-94,18,0,410.001,420,50n_10p_seed1_t00420,264.0,264.0,,0.0,2,2,1.8446744073709552e+19,1.0
50n_10p_seed1,0.1,1,410862000,16,TRACE,periodic,410001,16,benign,0,13,405,3,14,260,145,145,-73,15,0,410.001,420,50n_10p_seed1_t00420,405.0,405.0,,0.0,1,1,353.0,1.0
50n_10p_seed1,0.1,1,410086000,17,TRACE,periodic,410001,17,benign,0,15,392,3,23,256,136,136,-82,10,0,410.001,420,50n_10p_seed1_t00420,392.0,392.0,,0.0,2,2,1.8446744073709552e+19,1.0
50n_10p_seed1,0.1,1,419791000,18,TRACE,tx,419540,18,benign,0,13,264,2,28,128,136,136,-87,12,0,419.54,420,50n_10p_seed1_t00420,264.0,264.0,,0.0,3,3,1.8446744073709552e+19,1.0
50n_10p_seed1,0.1,1,410369000,19,TRACE,periodic,410001,19,benign,0,14,384,3,36,256,128,128,-92,17,0,410.001,420,50n_10p_seed1_t00420,384.0,384.0,,0.0,2,2,1.8446744073709552e+19,1.0
50n_10p_seed1,0.1,1,410013000,20,TRACE,periodic,410001,20,benign,0,14,274,2,1,128,146,146,-63,22,0,410.001,420,50n_10p_seed1_t00420,274.0,274.0,,0.0,2,2,1.8446744073709552e+19,1.0
50n_10p_seed1,0.1,1,410926000,21,TRACE,periodic,410001,21,benign,0,14,256,2,1,128,128,128,-51,21,0,410.001,420,50n_10p_seed1_t00420,256.0,256.0,,0.0,2,2,403.5,1.0
50n_10p_seed1,0.1,1,413234000,22,TRACE,tx,412514,22,benign,0,13,275,2,1,128,147,147,-47,23,0,412.514,420,50n_10p_seed1_t00420,275.0,275.0,,0.0,2,2,208.0,1.0
50n_10p_seed1,0.1,1,410290000,23,TRACE,periodic,410001,23,benign,0,13,256,2,1,128,128,128,-65,23,0,410.001,420,50n_10p_seed1_t00420,256.0,256.0,,0.0,2,2,1.8446744073709552e+19,1.0
50n_10p_seed1,0.1,1,411387000,24,TRACE,tx,411208,24,attacker,1,12,256,2,39,128,128,128,-84,17,0,411.208,420,50n_10p_seed1_t00420,128.0,256.0,512.0,128.0,3,3,1.8446744073709552e+19,1.0
50n_10p_seed1,0.1,1,410483000,25,TRACE,periodic,410001,25,benign,0,13,408,3,15,265,143,143,-87,13,0,410.001,420,50n_10p_seed1_t00420,408.0,408.0,,0.0,2,2,1.8446744073709552e+19,1.0
50n_10p_seed1,0.1,1,410427000,26,TRACE,periodic,410001,26,benign,0,13,285,2,28,128,157,157,-71,11,0,410.001,420,50n_10p_seed1_t00420,285.0,285.0,,0.0,2,2,1.8446744073709552e+19,1.0
50n_10p_seed1,0.1,1,410666000,27,TRACE,periodic,410001,27,benign,0,13,256,2,1,128,128,128,-88,18,0,410.001,420,50n_10p_seed1_t00420,256.0,256.0,,0.0,2,2,146.5,1.0
50n_10p_seed1,0.1,1,410421000,28,TRACE,periodic,410001,28,attacker,1,13,256,2,1,128,128,128,-50,21,0,410.001,420,50n_10p_seed1_t00420,128.0,256.0,512.0,128.0,1,1,1.8446744073709552e+19,1.0
50n_10p_seed1,0.1,1,410038000,29,TRACE,periodic,410001,29,benign,0,15,260,2,1,128,132,132,-25,21,0,410.001,420,50n_10p_seed1_t00420,260.0,260.0,,0.0,2,2,1.8446744073709552e+19,1.0
50n_10p_seed1,0.1,1,410052000,30,TRACE,periodic,410001,30,benign,0,13,275,2,1,128,147,147,-19,21,0,410.001,420,50n_10p_seed1_t00420,275.0,275.0,,0.0,2,2,1.8446744073709552e+19,1.0
50n_10p_seed1,0.1,1,412610952,31,TRACE,tx,411897,31,benign,0,13,284,2,1,128,156,156,-59,21,0,411.897,420,50n_10p_seed1_t00420,284.0,284.0,,0.0,2,2,187.5,1.0
50n_10p_seed1,0.1,1,420742000,32,TRACE,periodic,420000,32,benign,0,14,265,2,1,128,137,137,-81,18,0,420.0,420,50n_10p_seed1_t00420,265.0,265.0,,0.0,2,2,210.5,1.0
50n_10p_seed1,0.1,1,410109000,33,TRACE,periodic,410001,33,benign,0,16,272,2,39,128,144,144,-74,13,0,410.001,420,50n_10p_seed1_t00420,272.0,272.0,,0.0,2,2,1.8446744073709552e+19,1.0
50n_10p_seed1,0.1,1,412548000,34,TRACE,tx,411713,34,benign,0,12,424,3,27,256,168,168,-53,11,0,411.713,420,50n_10p_seed1_t00420,424.0,424.0,,0.0,2,2,346.0,1.0
50n_10p_seed1,0.1,1,410612000,35,TRACE,periodic,410001,35,benign,0,13,390,3,29,262,128,128,-81,16,0,410.001,420,50n_10p_seed1_t00420,390.0,390.0,,0.0,2,2,108.0,1.0
50n_10p_seed1,0.1,1,410684000,36,TRACE,periodic,410001,36,benign,0,14,256,2,1,128,128,128,-66,18,0,410.001,420,50n_10p_seed1_t00420,256.0,256.0,,0.0,2,2,165.0,1.0
50n_10p_seed1,0.1,1,410183000,37,TRACE,periodic,410001,37,benign,0,13,275,2,1,128,147,147,-42,18,0,410.001,420,50n_10p_seed1_t00420,275.0,275.0,,0.0,3,3,1.8446744073709552e+19,1.0
50n_10p_seed1,0.1,1,410971000,38,TRACE,periodic,410001,38,benign,0,14,273,2,1,128,145,145,-49,19,0,410.001,420,50n_10p_seed1_t00420,273.0,273.0,,0.0,2,2,427.0,1.0
50n_10p_seed1,0.1,1,416659000,39,TRACE,tx,416521,39,attacker,1,12,256,2,1,128,128,128,-73,18,0,416.521,420,50n_10p_seed1_t00420,128.0,256.0,512.0,128.0,2,2,1.8446744073709552e+19,1.0
50n_10p_seed1,0.1,1,410203000,40,TRACE,periodic,410001,40,benign,0,15,262,2,1,128,134,134,-90,16,0,410.001,420,50n_10p_seed1_t00420,262.0,262.0,,0.0,2,2,1.8446744073709552e+19,1.0
50n_10p_seed1,0.1,1,410390000,41,TRACE,periodic,410001,41,benign,0,14,271,2,39,128,143,143,-64,10,0,410.001,420,50n_10p_seed1_t00420,271.0,271.0,,0.0,2,2,1.8446744073709552e+19,1.0
50n_10p_seed1,0.1,1,411905000,42,TRACE,tx,411069,42,benign,0,13,393,3,27,256,137,137,-84,8,0,411.069,420,50n_10p_seed1_t00420,393.0,393.0,,0.0,2,2,327.0,1.0
50n_10p_seed1,0.1,1,418193000,43,TRACE,tx,417980,43,benign,0,14,265,2,28,128,137,137,-79,12,0,417.98,420,50n_10p_seed1_t00420,265.0,265.0,,0.0,2,2,1.8446744073709552e+19,1.0
50n_10p_seed1,0.1,1,411382000,44,TRACE,tx,410962,44,benign,0,14,399,3,29,262,137,137,-91,13,0,410.962,420,50n_10p_seed1_t00420,399.0,399.0,,0.0,3,3,1.8446744073709552e+19,1.0
50n_10p_seed1,0.1,1,410792000,45,TRACE,periodic,410001,45,benign,0,13,266,2,1,128,138,138,-81,13,0,410.001,420,50n_10p_seed1_t00420,266.0,266.0,,0.0,2,2,263.5,1.0
50n_10p_seed1,0.1,1,410201000,46,TRACE,periodic,410001,46,benign,0,14,265,2,1,128,137,137,-82,15,0,410.001,420,50n_10p_seed1_t00420,265.0,265.0,,0.0,1,1,1.8446744073709552e+19,1.0
50n_10p_seed1,0.1,1,410425000,47,TRACE,periodic,410001,47,benign,0,14,263,2,1,128,135,135,-92,14,0,410.001,420,50n_10p_seed1_t00420,263.0,263.0,,0.0,2,2,1.8446744073709552e+19,1.0
50n_10p_seed1,0.1,1,410290000,48,TRACE,periodic,410001,48,benign,0,14,273,2,39,128,145,145,-57,10,0,410.001,420,50n_10p_seed1_t00420,273.0,273.0,,0.0,2,2,1.8446744073709552e+19,1.0
50n_10p_seed1,0.1,1,410695000,49,TRACE,periodic,410001,49,benign,0,13,269,2,39,128,141,141,-75,7,0,410.001,420,50n_10p_seed1_t00420,269.0,269.0,,0.0,2,2,216.5,1.0
50n_10p_seed1,0.1,1,410998000,50,TRACE,periodic,410001,50,benign,0,12,530,4,35,390,140,140,-82,5,0,410.001,420,50n_10p_seed1_t00420,530.0,530.0,,0.0,2,2,510.5,1.0
50n_10p_seed1,0.1,1,480279048,1,TRACE,rx,479731,1,root,0,14,128,1,0,65535,65535,65535,32767,21,18446744073709551307,479.731,480,50n_10p_seed1_t00480,128.0,128.0,,0.0,0,0,0.0,0.0
50n_10p_seed1,0.1,1,470765000,2,TRACE,periodic,470001,2,benign,0,15,521,4,19,384,137,137,-75,7,0,470.001,480,50n_10p_seed1_t00480,521.0,521.0,,0.0,2,2,287.5,1.0
50n_10p_seed1,0.1,1,470642000,3,TRACE,periodic,470001,3,benign,0,16,271,2,6,128,143,143,-91,11,0,470.001,480,50n_10p_seed1_t00480,271.0,271.0,,0.0,2,2,179.0,1.0
50n_10p_seed1,0.1,1,479800000,4,TRACE,tx,478830,4,benign,0,15,397,3,21,256,141,141,-84,12,0,478.83,480,50n_10p_seed1_t00480,397.0,397.0,,0.0,2,2,474.0,1.0
50n_10p_seed1,0.1,1,477100000,5,TRACE,tx,477036,5,benign,0,16,393,3,21,256,137,137,-72,13,0,477.036,480,50n_10p_seed1_t00480,393.0,393.0,,0.0,3,3,1.8446744073709552e+19,1.0
50n_10p_seed1,0.1,1,473471000,6,TRACE,tx,472657,6,attacker,1,14,384,3,21,256,128,128,-80,13,0,472.657,480,50n_10p_seed1_t00480,128.0,384.0,512.0,256.0,2,2,332.5,1.0
50n_10p_seed1,0.1,1,470611000,7,TRACE,tx,470107,7,benign,0,15,262,2,24,128,134,134,-89,12,0,470.107,480,50n_10p_seed1_t00480,262.0,262.0,,0.0,2,2,36.5,1.0
50n_10p_seed1,0.1,1,470907000,8,TRACE,periodic,470001,8,benign,0,16,390,3,14,256,134,134,-86,10,0,470.001,480,50n_10p_seed1_t00480,390.0,390.0,,0.0,2,2,392.5,1.0
50n_10p_seed1,0.1,1,470240000,9,TRACE,periodic,470001,9,attacker,1,16,262,2,24,128,134,134,-85,7,0,470.001,480,50n_10p_seed1_t00480,128.0,262.0,512.0,134.0,2,2,1.8446744073709552e+19,1.0
50n_10p_seed1,0.1,1,470302000,10,TRACE,periodic,470001,10,benign,0,17,396,3,27,256,140,140,-81,10,0,470.001,480,50n_10p_seed1_t00480,396.0,396.0,,0.0,2,2,1.8446744073709552e+19,1.0
50n_10p_seed1,0.1,1,474464000,11,TRACE,tx,474328,11,benign,0,14,393,3,14,256,137,137,-91,13,0,474.328,480,50n_10p_seed1_t00480,393.0,393.0,,0.0,3,3,1.8446744073709552e+19,1.0
50n_10p_seed1,0.1,1,470999000,12,TRACE,periodic,470001,12,benign,0,16,262,2,28,128,134,134,-85,17,0,470.001,480,50n_10p_seed1_t00480,262.0,262.0,,0.0,2,2,489.5,1.0
50n_10p_seed1,0.1,1,472296000,13,TRACE,tx,471756,13,benign,0,14,264,2,1,128,136,136,-83,19,0,471.756,480,50n_10p_seed1_t00480,264.0,264.0,,0.0,2,2,13.5,1.0
50n_10p_seed1,0.1,1,475628000,14,TRACE,tx,474937,14,benign,0,15,256,2,1,128,128,128,-82,19,0,474.937,480,50n_10p_seed1_t00480,256.0,256.0,,0.0,2,2,172.0,1.0
50n_10p_seed1,0.1,1,479309000,15,TRACE,tx,478964,15,benign,0,16,260,2,1,128,132,132,-94,18,0,478.964,480,50n_10p_seed1_t00480,260.0,260.0,,0.0,3,3,1.8446744073709552e+19,1.0
50n_10p_seed1,0.1,1,470862000,16,TRACE,periodic,470001,16,benign,0,15,397,3,14,256,141,141,-73,15,0,470.001,480,50n_10p_seed1_t00480,397.0,397.0,,0.0,2,2,350.0,1.0
50n_10p_seed1,0.1,1,470086000,17,TRACE,periodic,470001,17,benign,0,17,400,3,23,266,134,134,-82,10,0,470.001,480,50n_10p_seed1_t00480,400.0,400.0,,0.0,2,2,1.8446744073709552e+19,1.0
50n_10p_seed1,0.1,1,478918000,18,TRACE,tx,478667,18,benign,0,15,262,2,28,128,134,134,-87,12,0,478.667,480,50n_10p_seed1_t00480,262.0,262.0,,0.0,2,2,1.8446744073709552e+19,1.0
50n_10p_seed1,0.1,1,477234000,19,TRACE,tx,476866,19,benign,0,15,384,3,36,256,128,128,-92,17,0,476.866,480,50n_10p_seed1_t00480,384.0,384.0,,0.0,2,2,1.8446744073709552e+19,1.0
50n_10p_seed1,0.1,1,479986000,20,TRACE,tx,479974,20,benign,0,15,272,2,1,128,144,144,-63,22,0,479.974,480,50n_10p_seed1_t00480,272.0,272.0,,0.0,2,2,1.8446744073709552e+19,1.0
50n_10p_seed1,0.1,1,470926000,21,TRACE,periodic,470001,21,benign,0,16,256,2,1,128,128,128,-51,21,0,470.001,480,50n_10p_seed1_t00480,256.0,256.0,,0.0,2,2,404.0,1.0
50n_10p_seed1,0.1,1,470721000,22,TRACE,periodic,470001,22,benign,0,16,269,2,1,128,141,141,-47,23,0,470.001,480,50n_10p_seed1_t00480,269.0,269.0,,0.0,2,2,188.0,1.0
50n_10p_seed1,0.1,1,475530000,23,TRACE,tx,475241,23,benign,0,14,266,2,1,128,138,138,-65,23,0,475.241,480,50n_10p_seed1_t00480,266.0,266.0,,0.0,2,2,1.8446744073709552e+19,1.0
50n_10p_seed1,0.1,1,470180000,24,TRACE,periodic,470001,24,attacker,1,14,256,2,39,128,128,128,-84,17,0,470.001,480,50n_10p_seed1_t00480,128.0,256.0,512.0,128.0,1,2,1.8446744073709552e+19,2.0
50n_10p_seed1,0.1,1,470483000,25,TRACE,periodic,470001,25,benign,0,15,400,3,15,261,139,139,-87,13,0,470.001,480,50n_10p_seed1_t00480,400.0,400.0,,0.0,2,2,9.223372036854776e+18,1.0
50n_10p_seed1,0.1,1,470427000,26,TRACE,periodic,470001,26,benign,0,15,279,2,28,128,151,151,-71,11,0,470.001,480,50n_10p_seed1_t00480,279.0,279.0,,0.0,2,2,1.8446744073709552e+19,1.0
50n_10p_seed1,0.1,1,470666000,27,TRACE,periodic,470001,27,benign,0,15,268,2,1,128,140,140,-88,18,0,470.001,480,50n_10p_seed1_t00480,268.0,268.0,,0.0,2,2,133.5,1.0
50n_10p_seed1,0.1,1,470421000,28,TRACE,periodic,470001,28,attacker,1,15,256,2,1,128,128,128,-50,21,0,470.001,480,50n_10p_seed1_t00480,128.0,256.0,512.0,128.0,2,2,1.8446744073709552e+19,1.0
50n_10p_seed1,0.1,1,470038000,29,TRACE,periodic,470001,29,benign,0,17,256,2,1,128,128,128,-25,21,0,470.001,480,50n_10p_seed1_t00480,256.0,256.0,,0.0,2,2,1.8446744073709552e+19,1.0
50n_10p_seed1,0.1,1,470052000,30,TRACE,periodic,470001,30,benign,0,15,271,2,1,128,143,143,-19,21,0,470.001,480,50n_10p_seed1_t00480,271.0,271.0,,0.0,2,2,1.8446744073709552e+19,1.0
50n_10p_seed1,0.1,1,470714000,31,TRACE,periodic,470001,31,benign,0,16,275,2,1,128,147,147,-59,21,0,470.001,480,50n_10p_seed1_t00480,275.0,275.0,,0.0,2,2,189.0,1.0
50n_10p_seed1,0.1,1,480742000,32,TRACE,periodic,480000,32,benign,0,16,263,2,1,128,135,135,-81,18,0,480.0,480,50n_10p_seed1_t00480,263.0,263.0,,0.0,2,2,229.0,1.0
50n_10p_seed1,0.1,1,470109000,33,TRACE,periodic,470001,33,benign,0,18,268,2,39,128,140,140,-74,13,0,470.001,480,50n_10p_seed1_t00480,268.0,268.0,,0.0,2,2,1.8446744073709552e+19,1.0
50n_10p_seed1,0.1,1,470836000,34,TRACE,periodic,470001,34,benign,0,14,416,3,27,256,160,160,-53,11,0,470.001,480,50n_10p_seed1_t00480,416.0,416.0,,0.0,1,1,345.0,1.0
50n_10p_seed1,0.1,1,475938000,35,TRACE,tx,475327,35,benign,0,14,384,3,29,256,128,128,-81,16,0,475.327,480,50n_10p_seed1_t00480,384.0,384.0,,0.0,2,2,114.0,1.0
50n_10p_seed1,0.1,1,470684000,36,TRACE,periodic,470001,36,benign,0,16,256,2,1,128,128,128,-66,18,0,470.001,480,50n_10p_seed1_t00480,256.0,256.0,,0.0,2,2,160.5,1.0
50n_10p_seed1,0.1,1,471110000,37,TRACE,tx,470928,37,benign,0,14,273,2,1,128,145,145,-42,18,0,470.928,480,50n_10p_seed1_t00480,273.0,273.0,,0.0,2,2,1.8446744073709552e+19,1.0
50n_10p_seed1,0.1,1,470971000,38,TRACE,periodic,470001,38,benign,0,16,269,2,1,128,141,141,-49,19,0,470.001,480,50n_10p_seed1_t00480,269.0,269.0,,0.0,2,2,457.5,1.0
50n_10p_seed1,0.1,1,473772000,39,TRACE,tx,473634,39,attacker,1,14,256,2,1,128,128,128,-73,18,0,473.634,480,50n_10p_seed1_t00480,128.0,256.0,512.0,128.0,2,2,1.8446744073709552e+19,1.0
50n_10p_seed1,0.1,1,470203000,40,TRACE,periodic,470001,40,benign,0,17,260,2,1,128,132,132,-90,16,0,470.001,480,50n_10p_seed1_t00480,260.0,260.0,,0.0,2,2,1.8446744073709552e+19,1.0
50n_10p_seed1,0.1,1,473789000,41,TRACE,tx,473400,41,benign,0,15,269,2,39,128,141,141,-64,10,0,473.4,480,50n_10p_seed1_t00480,269.0,269.0,,0.0,2,2,1.8446744073709552e+19,1.0
50n_10p_seed1,0.1,1,479476000,42,TRACE,tx,478640,42,benign,0,16,415,3,27,268,147,147,-84,8,0,478.64,480,50n_10p_seed1_t00480,415.0,415.0,,0.0,3,3,338.0,1.0
50n_10p_seed1,0.1,1,470214000,43,TRACE,periodic,470001,43,benign,0,16,263,2,28,128,135,135,-79,12,0,470.001,480,50n_10p_seed1_t00480,263.0,263.0,,0.0,1,1,1.8446744073709552e+19,1.0
50n_10p_seed1,0.1,1,479072000,44,TRACE,tx,478652,44,benign,0,16,391,3,29,256,135,135,-91,13,0,478.652,480,50n_10p_seed1_t00480,391.0,391.0,,0.0,2,2,1.8446744073709552e+19,1.0
50n_10p_seed1,0.1,1,470792000,45,TRACE,periodic,470001,45,benign,0,15,264,2,1,128,136,136,-81,13,0,470.001,480,50n_10p_seed1_t00480,264.0,264.0,,0.0,2,2,260.5,1.0
50n_10p_seed1,0.1,1,470201000,46,TRACE,periodic,470001,46,benign,0,16,263,2,1,128,135,135,-82,15,0,470.001,480,50n_10p_seed1_t00480,263.0,263.0,,0.0,2,2,1.8446744073709552e+19,1.0
50n_10p_seed1,0.1,1,475757000,47,TRACE,tx,475333,47,benign,0,15,262,2,1,128,134,134,-92,14,0,475.333,480,50n_10p_seed1_t00480,262.0,262.0,,0.0,2,2,1.8446744073709552e+19,1.0
50n_10p_seed1,0.1,1,471427000,48,TRACE,tx,471138,48,benign,0,16,269,2,39,128,141,141,-57,10,0,471.138,480,50n_10p_seed1_t00480,269.0,269.0,,0.0,3,3,1.8446744073709552e+19,1.0
50n_10p_seed1,0.1,1,470695000,49,TRACE,periodic,470001,49,benign,0,16,264,2,39,128,136,136,-75,7,0,470.001,480,50n_10p_seed1_t00480,264.0,264.0,,0.0,3,3,193.33333333333334,1.0
50n_10p_seed1,0.1,1,470998000,50,TRACE,periodic,470001,50,benign,0,14,521,4,35,384,137,137,-82,5,0,470.001,480,50n_10p_seed1_t00480,521.0,521.0,,0.0,2,2,532.5,1.0
50n_10p_seed1,0.1,1,539001016,1,TRACE,rx,538453,1,root,0,17,128,1,0,65535,65535,65535,32767,21,73,538.453,540,50n_10p_seed1_t00540,128.0,128.0,,0.0,0,0,0.0,0.0
50n_10p_seed1,0.1,1,530765000,2,TRACE,periodic,530001,2,benign,0,17,519,4,19,384,135,135,-75,7,0,530.001,540,50n_10p_seed1_t00540,519.0,519.0,,0.0,2,2,313.0,1.0
50n_10p_seed1,0.1,1,530642000,3,TRACE,periodic,530001,3,benign,0,18,267,2,6,128,139,139,-91,11,0,530.001,540,50n_10p_seed1_t00540,267.0,267.0,,0.0,2,2,187.0,1.0
50n_10p_seed1,0.1,1,538868000,4,TRACE,tx,537898,4,benign,0,17,393,3,21,256,137,137,-84,12,0,537.898,540,50n_10p_seed1_t00540,393.0,393.0,,0.0,2,2,489.5,1.0
50n_10p_seed1,0.1,1,530065000,5,TRACE,periodic,530001,5,benign,0,18,391,3,21,256,135,135,-72,13,0,530.001,540,50n_10p_seed1_t00540,391.0,391.0,,0.0,1,1,1.8446744073709552e+19,1.0
50n_10p_seed1,0.1,1,534432000,6,TRACE,tx,533618,6,attacker,1,16,384,3,21,256,128,128,-80,13,0,533.618,540,50n_10p_seed1_t00540,128.0,384.0,512.0,256.0,2,2,315.5,1.0
50n_10p_seed1,0.1,1,538885000,7,TRACE,tx,538381,7,benign,0,17,260,2,24,128,132,132,-89,12,0,538.381,540,50n_10p_seed1_t00540,260.0,260.0,,0.0,2,2,65.0,1.0
50n_10p_seed1,0.1,1,530907000,8,TRACE,periodic,530001,8,benign,0,18,388,3,14,256,132,132,-86,10,0,530.001,540,50n_10p_seed1_t00540,388.0,388.0,,0.0,2,2,426.0,1.0
50n_10p_seed1,0.1,1,530240000,9,TRACE,periodic,530001,9,attacker,1,18,283,2,24,128,155,155,-85,7,0,530.001,540,50n_10p_seed1_t00540,128.0,283.0,512.0,155.0,2,2,1.8446744073709552e+19,1.0
50n_10p_seed1,0.1,1,530302000,10,TRACE,periodic,530001,10,benign,0,19,398,3,27,261,137,137,-81,10,0,530.001,540,50n_10p_seed1_t00540,398.0,398.0,,0.0,2,2,1.8446744073709552e+19,1.0
50n_10p_seed1,0.1,1,530137000,11,TRACE,periodic,530001,11,benign,0,17,390,3,14,256,134,134,-91,13,0,530.001,540,50n_10p_seed1_t00540,390.0,390.0,,0.0,2,2,1.8446744073709552e+19,1.0
50n_10p_seed1,0.1,1,531189000,12,TRACE,tx,530191,12,benign,0,17,261,2,28,128,133,133,-85,17,0,530.191,540,50n_10p_seed1_t00540,261.0,261.0,,0.0,2,2,477.0,1.0
50n_10p_seed1,0.1,1,530541000,13,TRACE,periodic,530001,13,benign,0,17,261,2,1,128,133,133,-83,19,0,530.001,540,50n_10p_seed1_t00540,261.0,261.0,,0.0,2,2,23.0,1.0
50n_10p_seed1,0.1,1,530692000,14,TRACE,periodic,530001,14,benign,0,18,256,2,1,128,128,128,-82,19,0,530.001,540,50n_10p_seed1_t00540,256.0,256.0,,0.0,2,2,167.5,1.0
50n_10p_seed1,0.1,1,530346000,15,TRACE,periodic,530001,15,benign,0,19,256,2,1,128,128,128,-94,18,0,530.001,540,50n_10p_seed1_t00540,256.0,256.0,,0.0,2,2,1.8446744073709552e+19,1.0
50n_10p_seed1,0.1,1,530862000,16,TRACE,periodic,530001,16,benign,0,17,393,3,14,256,137,137,-73,15,0,530.001,540,50n_10p_seed1_t00540,393.0,393.0,,0.0,2,2,377.5,1.0
50n_10p_seed1,0.1,1,530086000,17,TRACE,periodic,530001,17,benign,0,19,404,3,23,272,132,132,-82,10,0,530.001,540,50n_10p_seed1_t00540,404.0,404.0,,0.0,2,2,1.8446744073709552e+19,1.0
50n_10p_seed1,0.1,1,530252000,18,TRACE,periodic,530001,18,benign,0,18,259,2,28,128,131,131,-87,12,0,530.001,540,50n_10p_seed1_t00540,259.0,259.0,,0.0,2,2,1.8446744073709552e+19,1.0
50n_10p_seed1,0.1,1,537538000,19,TRACE,tx,537170,19,benign,0,17,384,3,36,256,128,128,-92,17,0,537.17,540,50n_10p_seed1_t00540,384.0,384.0,,0.0,2,2,1.8446744073709552e+19,1.0
50n_10p_seed1,0.1,1,530013000,20,TRACE,periodic,530001,20,benign,0,17,268,2,1,128,140,140,-63,22,0,530.001,540,50n_10p_seed1_t00540,268.0,268.0,,0.0,1,1,1.8446744073709552e+19,1.0
50n_10p_seed1,0.1,1,530926000,21,TRACE,periodic,530001,21,benign,0,18,256,2,1,128,128,128,-51,21,0,530.001,540,50n_10p_seed1_t00540,256.0,256.0,,0.0,2,2,402.0,1.0
50n_10p_seed1,0.1,1,530721000,22,TRACE,periodic,530001,22,benign,0,18,265,2,1,128,137,137,-47,23,0,530.001,540,50n_10p_seed1_t00540,265.0,265.0,,0.0,2,2,196.0,1.0
50n_10p_seed1,0.1,1,532380000,23,TRACE,tx,532091,23,benign,0,16,272,2,1,128,144,144,-65,23,0,532.091,540,50n_10p_seed1_t00540,272.0,272.0,,0.0,2,2,1.8446744073709552e+19,1.0
50n_10p_seed1,0.1,1,530180000,24,TRACE,periodic,530001,24,attacker,1,16,266,2,39,128,138,138,-84,17,0,530.001,540,50n_10p_seed1_t00540,128.0,266.0,512.0,138.0,2,1,1.8446744073709552e+19,0.5
50n_10p_seed1,0.1,1,530483000,25,TRACE,periodic,530001,25,benign,0,17,393,3,15,257,136,136,-87,13,0,530.001,540,50n_10p_seed1_t00540,393.0,393.0,,0.0,2,2,1.8446744073709552e+19,1.0
50n_10p_seed1,0.1,1,530427000,26,TRACE,periodic,530001,26,benign,0,17,274,2,28,128,146,146,-71,11,0,530.001,540,50n_10p_seed1_t00540,274.0,274.0,,0.0,2,2,1.8446744073709552e+19,1.0
50n_10p_seed1,0.1,1,530666000,27,TRACE,periodic,530001,27,benign,0,17,259,2,1,128,131,131,-88,18,0,530.001,540,50n_10p_seed1_t00540,259.0,259.0,,0.0,2,2,150.0,1.0
50n_10p_seed1,0.1,1,530421000,28,TRACE,periodic,530001,28,attacker,1,17,256,2,1,128,128,128,-50,21,0,530.001,540,50n_10p_seed1_t00540,128.0,256.0,512.0,128.0,2,2,1.8446744073709552e+19,1.0
50n_10p_seed1,0.1,1,530038000,29,TRACE,periodic,530001,29,benign,0,19,256,2,1,128,128,128,-25,21,0,530.001,540,50n_10p_seed1_t00540,256.0,256.0,,0.0,2,2,1.8446744073709552e+19,1.0
50n_10p_seed1,0.1,1,530052000,30,TRACE,periodic,530001,30,benign,0,17,267,2,1,128,139,139,-19,21,0,530.001,540,50n_10p_seed1_t00540,267.0,267.0,,0.0,2,2,1.8446744073709552e+19,1.0
50n_10p_seed1,0.1,1,530714000,31,TRACE,periodic,530001,31,benign,0,17,273,2,1,128,145,145,-59,21,0,530.001,540,50n_10p_seed1_t00540,273.0,273.0,,0.0,1,1,192.0,1.0
50n_10p_seed1,0.1,1,540742000,32,TRACE,periodic,540000,32,benign,0,19,260,2,1,128,132,132,-81,18,0,540.0,540,50n_10p_seed1_t00540,260.0,260.0,,0.0,3,3,216.33333333333334,1.0
50n_10p_seed1,0.1,1,538668000,33,TRACE,tx,538560,33,benign,0,20,265,2,39,128,137,137,-74,13,0,538.56,540,50n_10p_seed1_t00540,265.0,265.0,,0.0,3,3,1.8446744073709552e+19,1.0
50n_10p_seed1,0.1,1,530836000,34,TRACE,periodic,530001,34,benign,0,16,414,3,27,261,153,153,-53,11,0,530.001,540,50n_10p_seed1_t00540,414.0,414.0,,0.0,2,2,337.0,1.0
50n_10p_seed1,0.1,1,530612000,35,TRACE,periodic,530001,35,benign,0,17,384,3,29,256,128,128,-81,16,0,530.001,540,50n_10p_seed1_t00540,384.0,384.0,,0.0,2,2,129.5,1.0
50n_10p_seed1,0.1,1,530684000,36,TRACE,periodic,530001,36,benign,0,18,256,2,1,128,128,128,-66,18,0,530.001,540,50n_10p_seed1_t00540,256.0,256.0,,0.0,2,2,174.0,1.0
50n_10p_seed1,0.1,1,530183000,37,TRACE,periodic,530001,37,benign,0,17,267,2,1,128,139,139,-42,18,0,530.001,540,50n_10p_seed1_t00540,267.0,267.0,,0.0,2,2,1.8446744073709552e+19,1.0
50n_10p_seed1,0.1,1,540789000,38,TRACE,tx,539819,38,benign,0,17,267,2,1,128,139,139,-49,19,0,539.819,540,50n_10p_seed1_t00540,267.0,267.0,,0.0,2,1,428.0,0.5
50n_10p_seed1,0.1,1,530139000,39,TRACE,periodic,530001,39,attacker,1,17,256,2,1,128,128,128,-73,18,0,530.001,540,50n_10p_seed1_t00540,128.0,256.0,512.0,128.0,2,2,1.8446744073709552e+19,1.0
50n_10p_seed1,0.1,1,530203000,40,TRACE,periodic,530001,40,benign,0,19,258,2,1,128,130,130,-90,16,0,530.001,540,50n_10p_seed1_t00540,258.0,258.0,,0.0,2,2,1.8446744073709552e+19,1.0
50n_10p_seed1,0.1,1,531750000,41,TRACE,tx,531361,41,benign,0,17,265,2,39,128,137,137,-64,10,0,531.361,540,50n_10p_seed1_t00540,265.0,265.0,,0.0,2,2,1.8446744073709552e+19,1.0
50n_10p_seed1,0.1,1,530837000,42,TRACE,periodic,530001,42,benign,0,18,404,3,27,261,143,143,-84,8,0,530.001,540,50n_10p_seed1_t00540,404.0,404.0,,0.0,1,1,345.0,1.0
50n_10p_seed1,0.1,1,530214000,43,TRACE,periodic,530001,43,benign,0,18,274,2,28,128,146,146,-79,12,0,530.001,540,50n_10p_seed1_t00540,274.0,274.0,,0.0,2,2,1.8446744073709552e+19,1.0
50n_10p_seed1,0.1,1,530421000,44,TRACE,periodic,530001,44,benign,0,19,388,3,29,256,132,132,-91,13,0,530.001,540,50n_10p_seed1_t00540,388.0,388.0,,0.0,2,2,1.8446744073709552e+19,1.0
50n_10p_seed1,0.1,1,536692000,45,TRACE,tx,535901,45,benign,0,17,262,2,1,128,134,134,-81,13,0,535.901,540,50n_10p_seed1_t00540,262.0,262.0,,0.0,3,3,266.3333333333333,1.0
50n_10p_seed1,0.1,1,536484000,46,TRACE,tx,536284,46,benign,0,18,261,2,1,128,133,133,-82,15,0,536.284,540,50n_10p_seed1_t00540,261.0,261.0,,0.0,3,3,1.8446744073709552e+19,1.0
50n_10p_seed1,0.1,1,537100000,47,TRACE,tx,536676,47,benign,0,17,260,2,1,128,132,132,-92,14,0,536.676,540,50n_10p_seed1_t00540,260.0,260.0,,0.0,2,2,1.8446744073709552e+19,1.0
50n_10p_seed1,0.1,1,530290000,48,TRACE,periodic,530001,48,benign,0,19,264,2,39,128,136,136,-57,10,0,530.001,540,50n_10p_seed1_t00540,264.0,264.0,,0.0,2,2,1.8446744073709552e+19,1.0
50n_10p_seed1,0.1,1,540481000,49,TRACE,tx,539787,49,benign,0,18,262,2,39,128,134,134,-75,7,0,539.787,540,50n_10p_seed1_t00540,262.0,262.0,,0.0,3,2,205.5,0.6666666666666666
50n_10p_seed1,0.1,1,530998000,50,TRACE,periodic,530001,50,benign,0,16,519,4,35,384,135,135,-82,5,0,530.001,540,50n_10p_seed1_t00540,519.0,519.0,,0.0,2,2,514.0,1.0
50n_20p_seed1,0.2,1,60387984,1,TRACE,rx,59839,1,root,0,1,128,1,0,65535,65535,65535,32767,21,18446744073709551187,59.839,60,50n_20p_seed1_t00060,128.0,128.0,,0.0,0,0,0.0,0.0
50n_20p_seed1,0.2,1,50765000,2,TRACE,periodic,50001,2,benign,0,1,522,4,19,337,185,185,-75,7,0,50.001,60,50n_20p_seed1_t00060,522.0,522.0,,0.0,1,1,297.0,1.0
50n_20p_seed1,0.2,1,53393000,3,TRACE,tx,52752,3,benign,0,0,299,2,6,128,171,171,-91,11,0,52.752,60,50n_20p_seed1_t00060,299.0,299.0,,0.0,1,1,179.0,1.0
50n_20p_seed1,0.2,1,50971000,4,TRACE,periodic,50001,4,benign,0,1,501,3,21,301,200,200,-84,12,0,50.001,60,50n_20p_seed1_t00060,501.0,501.0,,0.0,1,1,486.0,1.0
50n_20p_seed1,0.2,1,57287000,5,TRACE,tx,57223,5,benign,0,1,295,2,22,128,167,167,-89,13,0,57.223,60,50n_20p_seed1_t00060,295.0,295.0,,0.0,2,2,1.8446744073709552e+19,1.0
50n_20p_seed1,0.2,1,56717000,6,TRACE,tx,55903,6,attacker,1,1,469,3,21,301,168,168,-80,13,0,55.903,60,50n_20p_seed1_t00060,128.0,474.0,512.0,346.0,2,2,313.0,1.0
50n_20p_seed1,0.2,1,57681000,7,TRACE,tx,57177,7,benign,0,1,359,2,22,128,231,231,-90,12,0,57.177,60,50n_20p_seed1_t00060,359.0,359.0,,0.0,2,2,16.0,1.0
50n_20p_seed1,0.2,1,50907000,8,TRACE,periodic,50001,8,benign,0,1,514,4,14,277,237,237,-86,10,0,50.001,60,50n_20p_seed1_t00060,514.0,514.0,,0.0,1,1,428.0,1.0
50n_20p_seed1,0.2,1,54933000,9,TRACE,tx,54694,9,benign,0,1,462,3,15,286,176,176,-82,7,0,54.694,60,50n_20p_seed1_t00060,462.0,462.0,,0.0,2,2,1.8446744073709552e+19,1.0
50n_20p_seed1,0.2,1,50302000,10,TRACE,periodic,50001,10,benign,0,1,502,3,27,290,212,212,-81,10,0,50.001,60,50n_20p_seed1_t00060,502.0,502.0,,0.0,1,1,1.8446744073709552e+19,1.0
50n_20p_seed1,0.2,1,58932000,11,TRACE,tx,58796,11,benign,0,1,466,3,14,277,189,189,-91,13,0,58.796,60,50n_20p_seed1_t00060,466.0,466.0,,0.0,2,2,1.8446744073709552e+19,1.0
50n_20p_seed1,0.2,1,50999000,12,TRACE,periodic,50001,12,benign,0,1,355,2,29,128,227,227,-90,17,0,50.001,60,50n_20p_seed1_t00060,355.0,355.0,,0.0,1,1,538.0,1.0
50n_20p_seed1,0.2,1,50541000,13,TRACE,periodic,50001,13,benign,0,1,302,2,1,128,174,174,-83,19,0,50.001,60,50n_20p_seed1_t00060,302.0,302.0,,0.0,1,1,12.0,1.0
50n_20p_seed1,0.2,1,50692000,14,TRACE,periodic,50001,14,benign,0,1,274,2,1,128,146,146,-82,19,0,50.001,60,50n_20p_seed1_t00060,274.0,274.0,,0.0,1,1,157.0,1.0
50n_20p_seed1,0.2,1,50346000,15,TRACE,periodic,50001,15,benign,0,1,286,2,1,128,158,158,-94,18,0,50.001,60,50n_20p_seed1_t00060,286.0,286.0,,0.0,1,1,1.8446744073709552e+19,1.0
50n_20p_seed1,0.2,1,50862000,16,TRACE,periodic,50001,16,benign,0,2,471,3,14,277,194,194,-73,15,0,50.001,60,50n_20p_seed1_t00060,471.0,471.0,,0.0,2,2,378.5,1.0
50n_20p_seed1,0.2,1,50086000,17,TRACE,periodic,50001,17,benign,0,1,294,2,32,128,166,166,-91,10,0,50.001,60,50n_20p_seed1_t00060,294.0,294.0,,0.0,1,2,1.8446744073709552e+19,2.0
50n_20p_seed1,0.2,1,50252000,18,TRACE,periodic,50001,18,benign,0,1,508,3,27,290,218,218,-56,12,0,50.001,60,50n_20p_seed1_t00060,508.0,508.0,,0.0,1,1,1.8446744073709552e+19,1.0
50n_20p_seed1,0.2,1,59360000,19,TRACE,tx,58992,19,benign,0,1,328,2,36,128,200,200,-92,17,0,58.992,60,50n_20p_seed1_t00060,328.0,328.0,,0.0,2,2,1.8446744073709552e+19,1.0
50n_20p_seed1,0.2,1,54858000,20,TRACE,tx,54846,20,benign,0,1,340,2,1,128,212,212,-63,22,0,54.846,60,50n_20p_seed1_t00060,340.0,340.0,,0.0,2,2,1.8446744073709552e+19,1.0
50n_20p_seed1,0.2,1,50926000,21,TRACE,periodic,50001,21,benign,0,1,301,2,1,128,173,173,-51,21,0,50.001,60,50n_20p_seed1_t00060,301.0,301.0,,0.0,1,1,387.0,1.0
50n_20p_seed1,0.2,1,50721000,22,TRACE,periodic,50001,22,attacker,1,1,296,2,1,128,168,168,-47,23,0,50.001,60,50n_20p_seed1_t00060,128.0,292.0,512.0,164.0,1,1,189.0,1.0
50n_20p_seed1,0.2,1,55410000,23,TRACE,tx,55121,23,benign,0,1,327,2,1,128,199,199,-65,23,0,55.121,60,50n_20p_seed1_t00060,327.0,327.0,,0.0,2,2,1.8446744073709552e+19,1.0
50n_20p_seed1,0.2,1,53212000,24,TRACE,tx,53033,24,benign,0,0,343,2,32,128,215,215,-44,17,0,53.033,60,50n_20p_seed1_t00060,343.0,343.0,,0.0,1,1,1.8446744073709552e+19,1.0
50n_20p_seed1,0.2,1,50483000,25,TRACE,periodic,50001,25,benign,0,1,294,2,22,128,166,166,-94,13,0,50.001,60,50n_20p_seed1_t00060,294.0,294.0,,0.0,1,1,1.8446744073709552e+19,1.0
50n_20p_seed1,0.2,1,50427000,26,TRACE,periodic,50001,26,benign,0,2,308,2,36,128,180,180,-74,11,0,50.001,60,50n_20p_seed1_t00060,308.0,308.0,,0.0,2,2,1.8446744073709552e+19,1.0
50n_20p_seed1,0.2,1,50666000,27,TRACE,periodic,50001,27,benign,0,1,290,2,1,128,162,162,-88,18,0,50.001,60,50n_20p_seed1_t00060,290.0,290.0,,0.0,1,1,129.0,1.0
50n_20p_seed1,0.2,1,50421000,28,TRACE,periodic,50001,28,benign,0,2,336,2,1,128,208,208,-50,21,0,50.001,60,50n_20p_seed1_t00060,336.0,336.0,,0.0,2,2,1.8446744073709552e+19,1.0
50n_20p_seed1,0.2,1,50038000,29,TRACE,periodic,50001,29,attacker,1,1,288,2,1,128,160,160,-25,21,0,50.001,60,50n_20p_seed1_t00060,128.0,288.0,512.0,160.0,1,1,1.8446744073709552e+19,1.0
50n_20p_seed1,0.2,1,50052000,30,TRACE,periodic,50001,30,benign,0,2,326,2,1,128,198,198,-19,21,0,50.001,60,50n_20p_seed1_t00060,326.0,326.0,,0.0,2,2,1.8446744073709552e+19,1.0
50n_20p_seed1,0.2,1,52215000,31,TRACE,tx,51502,31,benign,0,1,370,2,1,128,242,242,-59,21,0,51.502,60,50n_20p_seed1_t00060,370.0,370.0,,0.0,2,2,200.0,1.0
50n_20p_seed1,0.2,1,60742000,32,TRACE,periodic,60000,32,attacker,1,2,268,2,1,128,140,140,-81,18,0,60.0,60,50n_20p_seed1_t00060,128.0,280.0,512.0,152.0,2,2,226.5,1.0
50n_20p_seed1,0.2,1,56241000,33,TRACE,tx,56133,33,attacker,1,0,299,2,47,128,171,171,-92,13,0,56.133,60,50n_20p_seed1_t00060,128.0,299.0,512.0,171.0,1,1,1.8446744073709552e+19,1.0
50n_20p_seed1,0.2,1,56367000,34,TRACE,tx,55532,34,benign,0,1,357,2,36,128,229,229,-71,11,0,55.532,60,50n_20p_seed1_t00060,357.0,357.0,,0.0,2,2,327.5,1.0
50n_20p_seed1,0.2,1,50612000,35,TRACE,periodic,50001,35,benign,0,1,305,2,29,128,177,177,-81,16,0,50.001,60,50n_20p_seed1_t00060,305.0,305.0,,0.0,1,1,108.0,1.0
50n_20p_seed1,0.2,1,53885000,36,TRACE,tx,53202,36,attacker,1,1,270,2,1,128,142,142,-66,18,0,53.202,60,50n_20p_seed1_t00060,128.0,274.0,512.0,146.0,2,2,151.5,1.0
50n_20p_seed1,0.2,1,50183000,37,TRACE,periodic,50001,37,benign,0,1,334,2,1,128,206,206,-42,18,0,50.001,60,50n_20p_seed1_t00060,334.0,334.0,,0.0,1,1,1.8446744073709552e+19,1.0
50n_20p_seed1,0.2,1,50971000,38,TRACE,periodic,50001,38,attacker,1,2,326,2,1,128,198,198,-49,19,0,50.001,60,50n_20p_seed1_t00060,128.0,326.0,512.0,198.0,2,2,442.5,1.0
50n_20p_seed1,0.2,1,50139000,39,TRACE,periodic,50001,39,benign,0,1,320,2,1,128,192,192,-73,18,0,50.001,60,50n_20p_seed1_t00060,320.0,320.0,,0.0,1,1,1.8446744073709552e+19,1.0
50n_20p_seed1,0.2,1,50203000,40,TRACE,periodic,50001,40,benign,0,2,290,2,1,128,162,162,-90,16,0,50.001,60,50n_20p_seed1_t00060,290.0,290.0,,0.0,2,2,1.8446744073709552e+19,1.0
50n_20p_seed1,0.2,1,50390000,41,TRACE,periodic,50001,41,benign,0,2,520,4,39,328,192,192,-64,10,0,50.001,60,50n_20p_seed1_t00060,520.0,520.0,,0.0,2,2,1.8446744073709552e+19,1.0
50n_20p_seed1,0.2,1,50837000,42,TRACE,periodic,50001,42,benign,0,1,310,2,36,128,182,182,-78,8,0,50.001,60,50n_20p_seed1_t00060,310.0,310.0,,0.0,1,1,344.0,1.0
50n_20p_seed1,0.2,1,57420000,43,TRACE,tx,57207,43,benign,0,1,334,2,36,128,206,206,-52,12,0,57.207,60,50n_20p_seed1_t00060,334.0,334.0,,0.0,2,2,1.8446744073709552e+19,1.0
50n_20p_seed1,0.2,1,59590000,44,TRACE,tx,59170,44,attacker,1,1,294,2,29,128,166,166,-91,13,0,59.17,60,50n_20p_seed1_t00060,128.0,294.0,512.0,166.0,2,2,1.8446744073709552e+19,1.0
50n_20p_seed1,0.2,1,60589000,45,TRACE,tx,59798,45,benign,0,1,305,2,1,128,177,177,-81,13,0,59.798,60,50n_20p_seed1_t00060,305.0,305.0,,0.0,2,1,284.0,0.5
50n_20p_seed1,0.2,1,50201000,46,TRACE,periodic,50001,46,benign,0,2,299,2,1,128,171,171,-82,15,0,50.001,60,50n_20p_seed1_t00060,299.0,299.0,,0.0,2,2,1.8446744073709552e+19,1.0
50n_20p_seed1,0.2,1,58509000,47,TRACE,tx,58085,47,attacker,1,1,298,2,1,128,170,170,-92,14,0,58.085,60,50n_20p_seed1_t00060,128.0,298.0,512.0,170.0,2,2,1.8446744073709552e+19,1.0
50n_20p_seed1,0.2,1,54091000,48,TRACE,tx,53802,48,benign,0,1,301,2,32,128,173,173,-84,10,0,53.802,60,50n_20p_seed1_t00060,301.0,301.0,,0.0,2,2,1.8446744073709552e+19,1.0
50n_20p_seed1,0.2,1,53396000,49,TRACE,tx,52702,49,benign,0,0,299,2,32,128,171,171,-91,7,0,52.702,60,50n_20p_seed1_t00060,299.0,299.0,,0.0,1,1,206.0,1.0
50n_20p_seed1,0.2,1,50998000,50,TRACE,periodic,50001,50,attacker,1,1,316,2,44,128,188,188,-73,5,0,50.001,60,50n_20p_seed1_t00060,128.0,316.0,512.0,188.0,1,1,524.0,1.0
50n_20p_seed1,0.2,1,120466016,1,TRACE,rx,119918,1,root,0,3,128,1,0,65535,65535,65535,32767,21,18446744073709551566,119.918,120,50n_20p_seed1_t00120,128.0,128.0,,0.0,0,0,0.0,0.0
50n_20p_seed1,0.2,1,110765000,2,TRACE,periodic,110001,2,benign,0,3,480,3,19,307,173,173,-75,7,0,110.001,120,50n_20p_seed1_t00120,480.0,480.0,,0.0,2,2,310.0,1.0
50n_20p_seed1,0.2,1,114600000,3,TRACE,tx,113959,3,benign,0,2,290,2,6,128,162,162,-91,11,0,113.959,120,50n_20p_seed1_t00120,290.0,290.0,,0.0,2,2,167.0,1.0
50n_20p_seed1,0.2,1,110971000,4,TRACE,periodic,110001,4,benign,0,3,460,3,21,275,185,185,-84,12,0,110.001,120,50n_20p_seed1_t00120,460.0,460.0,,0.0,2,2,466.0,1.0
50n_20p_seed1,0.2,1,116744000,5,TRACE,tx,116680,5,benign,0,3,287,2,22,128,159,159,-89,13,0,116.68,120,50n_20p_seed1_t00120,287.0,287.0,,0.0,2,2,1.8446744073709552e+19,1.0
50n_20p_seed1,0.2,1,110815000,6,TRACE,periodic,110001,6,attacker,1,3,431,3,21,275,156,156,-80,13,0,110.001,120,50n_20p_seed1_t00120,128.0,426.0,512.0,298.0,1,1,321.0,1.0
50n_20p_seed1,0.2,1,110505000,7,TRACE,periodic,110001,7,benign,0,3,351,2,22,128,223,223,-90,12,0,110.001,120,50n_20p_seed1_t00120,351.0,351.0,,0.0,1,1,50.0,1.0
50n_20p_seed1,0.2,1,110907000,8,TRACE,periodic,110001,8,benign,0,4,471,3,14,264,207,207,-86,10,0,110.001,120,50n_20p_seed1_t00120,471.0,471.0,,0.0,3,3,407.6666666666667,1.0
50n_20p_seed1,0.2,1,117440000,9,TRACE,tx,117201,9,benign,0,3,438,3,15,272,166,166,-82,7,0,117.201,120,50n_20p_seed1_t00120,438.0,438.0,,0.0,2,2,1.8446744073709552e+19,1.0
50n_20p_seed1,0.2,1,110302000,10,TRACE,periodic,110001,10,benign,0,3,467,3,27,272,195,195,-81,10,0,110.001,120,50n_20p_seed1_t00120,467.0,467.0,,0.0,2,2,1.8446744073709552e+19,1.0
50n_20p_seed1,0.2,1,110137000,11,TRACE,periodic,110001,11,benign,0,4,435,3,14,264,171,171,-91,13,0,110.001,120,50n_20p_seed1_t00120,435.0,435.0,,0.0,2,2,1.8446744073709552e+19,1.0
50n_20p_seed1,0.2,1,110999000,12,TRACE,periodic,110001,12,benign,0,3,336,2,29,128,208,208,-90,17,0,110.001,120,50n_20p_seed1_t00120,336.0,336.0,,0.0,2,2,482.5,1.0
50n_20p_seed1,0.2,1,110541000,13,TRACE,periodic,110001,13,benign,0,3,292,2,1,128,164,164,-83,19,0,110.001,120,50n_20p_seed1_t00120,292.0,292.0,,0.0,2,2,13.0,1.0
50n_20p_seed1,0.2,1,110692000,14,TRACE,periodic,110001,14,benign,0,3,260,2,1,128,132,132,-82,19,0,110.001,120,50n_20p_seed1_t00120,260.0,260.0,,0.0,2,2,163.5,1.0
50n_20p_seed1,0.2,1,112619000,15,TRACE,tx,112274,15,benign,0,3,274,2,1,128,146,146,-94,18,0,112.274,120,50n_20p_seed1_t00120,274.0,274.0,,0.0,3,3,1.8446744073709552e+19,1.0
50n_20p_seed1,0.2,1,110862000,16,TRACE,periodic,110001,16,benign,0,4,445,3,14,264,181,181,-73,15,0,110.001,120,50n_20p_seed1_t00120,445.0,445.0,,0.0,2,2,358.5,1.0
50n_20p_seed1,0.2,1,110086000,17,TRACE,periodic,110001,17,benign,0,4,283,2,32,128,155,155,-91,10,0,110.001,120,50n_20p_seed1_t00120,283.0,283.0,,0.0,3,2,1.8446744073709552e+19,0.6666666666666666
50n_20p_seed1,0.2,1,110252000,18,TRACE,periodic,110001,18,benign,0,3,472,3,27,272,200,200,-56,12,0,110.001,120,50n_20p_seed1_t00120,472.0,472.0,,0.0,2,2,1.8446744073709552e+19,1.0
50n_20p_seed1,0.2,1,110369000,19,TRACE,periodic,110001,19,benign,0,3,301,2,36,128,173,173,-92,17,0,110.001,120,50n_20p_seed1_t00120,301.0,301.0,,0.0,1,1,1.8446744073709552e+19,1.0
50n_20p_seed1,0.2,1,114980000,20,TRACE,tx,114968,20,benign,0,3,323,2,1,128,195,195,-63,22,0,114.968,120,50n_20p_seed1_t00120,323.0,323.0,,0.0,2,2,1.8446744073709552e+19,1.0
50n_20p_seed1,0.2,1,110926000,21,TRACE,periodic,110001,21,benign,0,3,273,2,1,128,145,145,-51,21,0,110.001,120,50n_20p_seed1_t00120,273.0,273.0,,0.0,2,2,408.5,1.0
50n_20p_seed1,0.2,1,114341000,22,TRACE,tx,113621,22,attacker,1,3,271,2,1,128,143,143,-47,23,0,113.621,120,50n_20p_seed1_t00120,128.0,271.0,512.0,143.0,3,3,201.33333333333334,1.0
50n_20p_seed1,0.2,1,112333000,23,TRACE,tx,112044,23,benign,0,3,312,2,1,128,184,184,-65,23,0,112.044,120,50n_20p_seed1_t00120,312.0,312.0,,0.0,2,2,1.8446744073709552e+19,1.0
50n_20p_seed1,0.2,1,113490000,24,TRACE,tx,113311,24,benign,0,2,326,2,32,128,198,198,-44,17,0,113.311,120,50n_20p_seed1_t00120,326.0,326.0,,0.0,2,2,1.8446744073709552e+19,1.0
50n_20p_seed1,0.2,1,110483000,25,TRACE,periodic,110001,25,benign,0,3,286,2,22,128,158,158,-94,13,0,110.001,120,50n_20p_seed1_t00120,286.0,286.0,,0.0,2,2,1.8446744073709552e+19,1.0
50n_20p_seed1,0.2,1,120395000,26,TRACE,tx,119969,26,benign,0,3,302,2,36,128,174,174,-74,11,0,119.969,120,50n_20p_seed1_t00120,302.0,302.0,,0.0,2,2,1.8446744073709552e+19,1.0
50n_20p_seed1,0.2,1,110666000,27,TRACE,periodic,110001,27,benign,0,3,272,2,1,128,144,144,-88,18,0,110.001,120,50n_20p_seed1_t00120,272.0,272.0,,0.0,2,2,122.5,1.0
50n_20p_seed1,0.2,1,110421000,28,TRACE,periodic,110001,28,benign,0,4,320,2,1,128,192,192,-50,21,0,110.001,120,50n_20p_seed1_t00120,320.0,320.0,,0.0,2,2,1.8446744073709552e+19,1.0
50n_20p_seed1,0.2,1,117584000,29,TRACE,tx,117547,29,attacker,1,3,264,2,1,128,136,136,-25,21,0,117.547,120,50n_20p_seed1_t00120,128.0,263.0,512.0,135.0,3,3,1.8446744073709552e+19,1.0
50n_20p_seed1,0.2,1,110052000,30,TRACE,periodic,110001,30,benign,0,3,319,2,1,128,191,191,-19,21,0,110.001,120,50n_20p_seed1_t00120,319.0,319.0,,0.0,1,1,1.8446744073709552e+19,1.0
50n_20p_seed1,0.2,1,110714000,31,TRACE,periodic,110001,31,benign,0,4,337,2,1,128,209,209,-59,21,0,110.001,120,50n_20p_seed1_t00120,337.0,337.0,,0.0,2,2,199.0,1.0
50n_20p_seed1,0.2,1,120742000,32,TRACE,periodic,120000,32,attacker,1,4,269,2,1,128,141,141,-81,18,0,120.0,120,50n_20p_seed1_t00120,128.0,259.0,512.0,131.0,2,2,212.0,1.0
50n_20p_seed1,0.2,1,110109000,33,TRACE,periodic,110001,33,attacker,1,3,286,2,47,128,158,158,-92,13,0,110.001,120,50n_20p_seed1_t00120,128.0,286.0,512.0,158.0,2,2,1.8446744073709552e+19,1.0
50n_20p_seed1,0.2,1,110836000,34,TRACE,periodic,110001,34,benign,0,3,337,2,36,128,209,209,-71,11,0,110.001,120,50n_20p_seed1_t00120,337.0,337.0,,0.0,1,1,364.0,1.0
50n_20p_seed1,0.2,1,110612000,35,TRACE,periodic,110001,35,benign,0,3,295,2,29,128,167,167,-81,16,0,110.001,120,50n_20p_seed1_t00120,295.0,295.0,,0.0,2,2,117.0,1.0
50n_20p_seed1,0.2,1,113476000,36,TRACE,tx,112793,36,attacker,1,3,256,2,1,128,128,128,-66,18,0,112.793,120,50n_20p_seed1_t00120,128.0,256.0,512.0,128.0,2,2,184.5,1.0
50n_20p_seed1,0.2,1,110183000,37,TRACE,periodic,110001,37,benign,0,4,312,2,1,128,184,184,-42,18,0,110.001,120,50n_20p_seed1_t00120,312.0,312.0,,0.0,3,3,1.8446744073709552e+19,1.0
50n_20p_seed1,0.2,1,110971000,38,TRACE,periodic,110001,38,attacker,1,4,312,2,1,128,184,184,-49,19,0,110.001,120,50n_20p_seed1_t00120,128.0,312.0,512.0,184.0,2,2,448.0,1.0
50n_20p_seed1,0.2,1,110139000,39,TRACE,periodic,110001,39,benign,0,3,301,2,1,128,173,173,-73,18,0,110.001,120,50n_20p_seed1_t00120,301.0,301.0,,0.0,2,2,1.8446744073709552e+19,1.0
50n_20p_seed1,0.2,1,110203000,40,TRACE,periodic,110001,40,benign,0,4,283,2,1,128,155,155,-90,16,0,110.001,120,50n_20p_seed1_t00120,283.0,283.0,,0.0,2,2,1.8446744073709552e+19,1.0
50n_20p_seed1,0.2,1,114222000,41,TRACE,tx,113833,41,benign,0,3,486,3,39,301,185,185,-64,10,0,113.833,120,50n_20p_seed1_t00120,486.0,486.0,,0.0,2,2,1.8446744073709552e+19,1.0
50n_20p_seed1,0.2,1,110837000,42,TRACE,periodic,110001,42,benign,0,3,299,2,36,128,171,171,-78,8,0,110.001,120,50n_20p_seed1_t00120,299.0,299.0,,0.0,2,2,339.5,1.0
50n_20p_seed1,0.2,1,110214000,43,TRACE,periodic,110001,43,benign,0,4,312,2,36,128,184,184,-52,12,0,110.001,120,50n_20p_seed1_t00120,312.0,312.0,,0.0,2,2,1.8446744073709552e+19,1.0
50n_20p_seed1,0.2,1,110421000,44,TRACE,periodic,110001,44,attacker,1,3,280,2,29,128,152,152,-91,13,0,110.001,120,50n_20p_seed1_t00120,128.0,280.0,512.0,152.0,1,1,1.8446744073709552e+19,1.0
50n_20p_seed1,0.2,1,120770000,45,TRACE,tx,119979,45,benign,0,3,295,2,1,128,167,167,-81,13,0,119.979,120,50n_20p_seed1_t00120,295.0,295.0,,0.0,2,2,273.5,1.0
50n_20p_seed1,0.2,1,112197000,46,TRACE,tx,111997,46,benign,0,4,290,2,1,128,162,162,-82,15,0,111.997,120,50n_20p_seed1_t00120,290.0,290.0,,0.0,3,3,1.8446744073709552e+19,1.0
50n_20p_seed1,0.2,1,110425000,47,TRACE,periodic,110001,47,attacker,1,3,282,2,1,128,154,154,-92,14,0,110.001,120,50n_20p_seed1_t00120,128.0,285.0,512.0,157.0,1,1,1.8446744073709552e+19,1.0
50n_20p_seed1,0.2,1,115057000,48,TRACE,tx,114768,48,benign,0,3,292,2,32,128,164,164,-84,10,0,114.768,120,50n_20p_seed1_t00120,292.0,292.0,,0.0,2,2,1.8446744073709552e+19,1.0
50n_20p_seed1,0.2,1,110695000,49,TRACE,periodic,110001,49,benign,0,3,286,2,32,128,158,158,-91,7,0,110.001,120,50n_20p_seed1_t00120,286.0,286.0,,0.0,2,2,188.0,1.0
50n_20p_seed1,0.2,1,110998000,50,TRACE,periodic,110001,50,attacker,1,3,304,2,44,128,176,176,-73,5,0,110.001,120,50n_20p_seed1_t00120,128.0,310.0,512.0,182.0,2,2,520.0,1.0
50n_20p_seed1,0.2,1,180350728,1,TRACE,rx,179802,1,root,0,5,128,1,0,65535,65535,65535,32767,21,139,179.802,180,50n_20p_seed1_t00180,128.0,128.0,,0.0,0,0,0.0,0.0
50n_20p_seed1,0.2,1,170950000,2,TRACE,tx,170186,2,benign,0,4,456,3,19,288,168,168,-75,7,0,170.186,180,50n_20p_seed1_t00180,456.0,456.0,,0.0,2,2,284.5,1.0
50n_20p_seed1,0.2,1,170642000,3,TRACE,periodic,170001,3,benign,0,5,280,2,6,128,152,152,-91,11,0,170.001,180,50n_20p_seed1_t00180,280.0,280.0,,0.0,2,2,165.5,1.0
50n_20p_seed1,0.2,1,172412000,4,TRACE,tx,171442,4,benign,0,4,441,3,21,262,179,179,-84,12,0,171.442,180,50n_20p_seed1_t00180,441.0,441.0,,0.0,2,2,458.5,1.0
50n_20p_seed1,0.2,1,179602000,5,TRACE,tx,179538,5,benign,0,5,280,2,22,128,152,152,-89,13,0,179.538,180,50n_20p_seed1_t00180,280.0,280.0,,0.0,2,2,1.8446744073709552e+19,1.0
50n_20p_seed1,0.2,1,170815000,6,TRACE,periodic,170001,6,attacker,1,6,403,3,21,262,141,141,-80,13,0,170.001,180,50n_20p_seed1_t00180,128.0,403.0,512.0,275.0,3,3,309.3333333333333,1.0
50n_20p_seed1,0.2,1,175789000,7,TRACE,tx,175285,7,benign,0,5,332,2,22,128,204,204,-90,12,0,175.285,180,50n_20p_seed1_t00180,332.0,332.0,,0.0,3,3,12.666666666666666,1.0
50n_20p_seed1,0.2,1,170907000,8,TRACE,periodic,170001,8,benign,0,6,447,3,14,256,191,191,-86,10,0,170.001,180,50n_20p_seed1_t00180,447.0,447.0,,0.0,2,2,414.5,1.0
50n_20p_seed1,0.2,1,170240000,9,TRACE,periodic,170001,9,benign,0,5,424,3,15,266,158,158,-82,7,0,170.001,180,50n_20p_seed1_t00180,424.0,424.0,,0.0,1,1,1.8446744073709552e+19,1.0
50n_20p_seed1,0.2,1,170302000,10,TRACE,periodic,170001,10,benign,0,5,454,3,27,272,182,182,-81,10,0,170.001,180,50n_20p_seed1_t00180,454.0,454.0,,0.0,2,2,1.8446744073709552e+19,1.0
50n_20p_seed1,0.2,1,177146000,11,TRACE,tx,177010,11,benign,0,5,422,3,14,256,166,166,-91,13,0,177.01,180,50n_20p_seed1_t00180,422.0,422.0,,0.0,2,2,1.8446744073709552e+19,1.0
50n_20p_seed1,0.2,1,170999000,12,TRACE,periodic,170001,12,benign,0,5,320,2,29,128,192,192,-90,17,0,170.001,180,50n_20p_seed1_t00180,320.0,320.0,,0.0,2,2,477.0,1.0
50n_20p_seed1,0.2,1,170541000,13,TRACE,periodic,170001,13,benign,0,4,288,2,1,128,160,160,-83,19,0,170.001,180,50n_20p_seed1_t00180,288.0,288.0,,0.0,1,1,28.0,1.0
50n_20p_seed1,0.2,1,170692000,14,TRACE,periodic,170001,14,benign,0,5,256,2,1,128,128,128,-82,19,0,170.001,180,50n_20p_seed1_t00180,256.0,256.0,,0.0,2,2,166.5,1.0
50n_20p_seed1,0.2,1,170346000,15,TRACE,periodic,170001,15,benign,0,5,266,2,1,128,138,138,-94,18,0,170.001,180,50n_20p_seed1_t00180,266.0,266.0,,0.0,1,1,1.8446744073709552e+19,1.0
50n_20p_seed1,0.2,1,170862000,16,TRACE,periodic,170001,16,benign,0,6,426,3,14,256,170,170,-73,15,0,170.001,180,50n_20p_seed1_t00180,426.0,426.0,,0.0,2,2,350.5,1.0
50n_20p_seed1,0.2,1,170086000,17,TRACE,periodic,170001,17,benign,0,6,277,2,32,128,149,149,-91,10,0,170.001,180,50n_20p_seed1_t00180,277.0,277.0,,0.0,2,2,1.8446744073709552e+19,1.0
50n_20p_seed1,0.2,1,170252000,18,TRACE,periodic,170001,18,benign,0,5,457,3,27,272,185,185,-56,12,0,170.001,180,50n_20p_seed1_t00180,457.0,457.0,,0.0,2,2,1.8446744073709552e+19,1.0
50n_20p_seed1,0.2,1,179979000,19,TRACE,tx,179611,19,benign,0,5,284,2,36,128,156,156,-92,17,0,179.611,180,50n_20p_seed1_t00180,284.0,284.0,,0.0,3,3,1.8446744073709552e+19,1.0
50n_20p_seed1,0.2,1,170013000,20,TRACE,periodic,170001,20,benign,0,6,304,2,1,128,176,176,-63,22,0,170.001,180,50n_20p_seed1_t00180,304.0,304.0,,0.0,2,2,1.8446744073709552e+19,1.0
50n_20p_seed1,0.2,1,170926000,21,TRACE,periodic,170001,21,benign,0,5,260,2,1,128,132,132,-51,21,0,170.001,180,50n_20p_seed1_t00180,260.0,260.0,,0.0,2,2,410.5,1.0
50n_20p_seed1,0.2,1,170721000,22,TRACE,periodic,170001,22,attacker,1,6,258,2,1,128,130,130,-47,23,0,170.001,180,50n_20p_seed1_t00180,128.0,256.0,512.0,128.0,2,2,194.5,1.0
50n_20p_seed1,0.2,1,171926000,23,TRACE,tx,171637,23,benign,0,5,301,2,1,128,173,173,-65,23,0,171.637,180,50n_20p_seed1_t00180,301.0,301.0,,0.0,2,2,1.8446744073709552e+19,1.0
50n_20p_seed1,0.2,1,170180000,24,TRACE,periodic,170001,24,benign,0,4,312,2,32,128,184,184,-44,17,0,170.001,180,50n_20p_seed1_t00180,312.0,312.0,,0.0,1,1,1.8446744073709552e+19,1.0
50n_20p_seed1,0.2,1,170483000,25,TRACE,periodic,170001,25,benign,0,6,277,2,22,128,149,149,-94,13,0,170.001,180,50n_20p_seed1_t00180,277.0,277.0,,0.0,3,3,1.2297829382473034e+19,1.0
50n_20p_seed1,0.2,1,170427000,26,TRACE,periodic,170001,26,benign,0,5,292,2,36,128,164,164,-74,11,0,170.001,180,50n_20p_seed1_t00180,292.0,292.0,,0.0,1,1,1.8446744073709552e+19,1.0
50n_20p_seed1,0.2,1,180328920,27,TRACE,tx,179663,27,benign,0,5,272,2,1,128,144,144,-88,18,0,179.663,180,50n_20p_seed1_t00180,272.0,272.0,,0.0,3,3,161.33333333333334,1.0
50n_20p_seed1,0.2,1,171639000,28,TRACE,tx,171219,28,benign,0,6,307,2,1,128,179,179,-50,21,0,171.219,180,50n_20p_seed1_t00180,307.0,307.0,,0.0,3,3,1.8446744073709552e+19,1.0
50n_20p_seed1,0.2,1,170038000,29,TRACE,periodic,170001,29,attacker,1,5,256,2,1,128,128,128,-25,21,0,170.001,180,50n_20p_seed1_t00180,128.0,256.0,512.0,128.0,1,1,1.8446744073709552e+19,1.0
50n_20p_seed1,0.2,1,171506000,30,TRACE,tx,171455,30,benign,0,5,306,2,1,128,178,178,-19,21,0,171.455,180,50n_20p_seed1_t00180,306.0,306.0,,0.0,3,3,1.8446744073709552e+19,1.0
50n_20p_seed1,0.2,1,176202000,31,TRACE,tx,175489,31,benign,0,5,328,2,1,128,200,200,-59,21,0,175.489,180,50n_20p_seed1_t00180,328.0,328.0,,0.0,2,2,191.5,1.0
50n_20p_seed1,0.2,1,180742000,32,TRACE,periodic,180000,32,attacker,1,6,259,2,1,128,131,131,-81,18,0,180.0,180,50n_20p_seed1_t00180,128.0,260.0,512.0,132.0,2,2,215.5,1.0
50n_20p_seed1,0.2,1,170109000,33,TRACE,periodic,170001,33,attacker,1,5,291,2,47,128,163,163,-92,13,0,170.001,180,50n_20p_seed1_t00180,128.0,291.0,512.0,163.0,2,2,1.8446744073709552e+19,1.0
50n_20p_seed1,0.2,1,170836000,34,TRACE,periodic,170001,34,benign,0,6,313,2,36,128,185,185,-71,11,0,170.001,180,50n_20p_seed1_t00180,313.0,313.0,,0.0,3,3,340.3333333333333,1.0
50n_20p_seed1,0.2,1,170612000,35,TRACE,periodic,170001,35,benign,0,5,287,2,29,128,159,159,-81,16,0,170.001,180,50n_20p_seed1_t00180,287.0,287.0,,0.0,2,2,107.5,1.0
50n_20p_seed1,0.2,1,173691000,36,TRACE,tx,173008,36,attacker,1,5,270,2,1,128,142,142,-66,18,0,173.008,180,50n_20p_seed1_t00180,128.0,268.0,512.0,140.0,2,2,156.5,1.0
50n_20p_seed1,0.2,1,170183000,37,TRACE,periodic,170001,37,benign,0,6,301,2,1,128,173,173,-42,18,0,170.001,180,50n_20p_seed1_t00180,301.0,301.0,,0.0,2,2,1.8446744073709552e+19,1.0
50n_20p_seed1,0.2,1,175139000,38,TRACE,tx,174169,38,attacker,1,5,306,2,1,128,178,178,-49,19,0,174.169,180,50n_20p_seed1_t00180,128.0,306.0,512.0,178.0,2,2,435.0,1.0
50n_20p_seed1,0.2,1,170139000,39,TRACE,periodic,170001,39,benign,0,5,281,2,1,128,153,153,-73,18,0,170.001,180,50n_20p_seed1_t00180,281.0,281.0,,0.0,2,2,1.8446744073709552e+19,1.0
50n_20p_seed1,0.2,1,170203000,40,TRACE,periodic,170001,40,benign,0,6,277,2,1,128,149,149,-90,16,0,170.001,180,50n_20p_seed1_t00180,277.0,277.0,,0.0,2,2,1.8446744073709552e+19,1.0
50n_20p_seed1,0.2,1,170390000,41,TRACE,periodic,170001,41,benign,0,6,449,3,39,281,168,168,-64,10,0,170.001,180,50n_20p_seed1_t00180,449.0,449.0,,0.0,2,2,1.8446744073709552e+19,1.0
50n_20p_seed1,0.2,1,178387000,42,TRACE,tx,177551,42,benign,0,5,290,2,36,128,162,162,-78,8,0,177.551,180,50n_20p_seed1_t00180,290.0,290.0,,0.0,3,3,340.0,1.0
50n_20p_seed1,0.2,1,170214000,43,TRACE,periodic,170001,43,benign,0,6,301,2,36,128,173,173,-52,12,0,170.001,180,50n_20p_seed1_t00180,301.0,301.0,,0.0,2,2,1.8446744073709552e+19,1.0
50n_20p_seed1,0.2,1,170421000,44,TRACE,periodic,170001,44,attacker,1,5,270,2,29,128,142,142,-91,13,0,170.001,180,50n_20p_seed1_t00180,128.0,270.0,512.0,142.0,2,2,1.8446744073709552e+19,1.0
50n_20p_seed1,0.2,1,180321000,45,TRACE,tx,179530,45,benign,0,5,287,2,1,128,159,159,-81,13,0,179.53,180,50n_20p_seed1_t00180,287.0,287.0,,0.0,2,3,268.6666666666667,1.5
50n_20p_seed1,0.2,1,174248000,46,TRACE,tx,174048,46,benign,0,6,283,2,1,128,155,155,-82,15,0,174.048,180,50n_20p_seed1_t00180,283.0,283.0,,0.0,2,2,1.8446744073709552e+19,1.0
50n_20p_seed1,0.2,1,170425000,47,TRACE,periodic,170001,47,attacker,1,5,272,2,1,128,144,144,-92,14,0,170.001,180,50n_20p_seed1_t00180,128.0,272.0,512.0,144.0,2,2,1.8446744073709552e+19,1.0
50n_20p_seed1,0.2,1,170290000,48,TRACE,periodic,170001,48,benign,0,5,284,2,32,128,156,156,-84,10,0,170.001,180,50n_20p_seed1_t00180,284.0,284.0,,0.0,1,2,1.8446744073709552e+19,2.0
50n_20p_seed1,0.2,1,170695000,49,TRACE,periodic,170001,49,benign,0,4,283,2,32,128,155,155,-91,7,0,170.001,180,50n_20p_seed1_t00180,283.0,283.0,,0.0,1,1,194.0,1.0
50n_20p_seed1,0.2,1,170998000,50,TRACE,periodic,170001,50,attacker,1,5,294,2,44,128,166,166,-73,5,0,170.001,180,50n_20p_seed1_t00180,128.0,294.0,512.0,166.0,2,2,535.0,1.0
50n_20p_seed1,0.2,1,240333728,1,TRACE,rx,239785,1,root,0,7,128,1,0,65535,65535,65535,32767,21,18446744073709551256,239.785,240,50n_20p_seed1_t00240,128.0,128.0,,0.0,0,0,0.0,0.0
50n_20p_seed1,0.2,1,230765000,2,TRACE,periodic,230001,2,benign,0,7,429,3,19,273,156,156,-75,7,0,230.001,240,50n_20p_seed1_t00240,429.0,429.0,,0.0,2,2,282.5,1.0
50n_20p_seed1,0.2,1,230642000,3,TRACE,periodic,230001,3,benign,0,7,274,2,6,128,146,146,-91,11,0,230.001,240,50n_20p_seed1_t00240,274.0,274.0,,0.0,2,2,134.0,1.0
50n_20p_seed1,0.2,1,240692000,4,TRACE,tx,239722,4,benign,0,6,424,3,21,256,168,168,-84,12,0,239.722,240,50n_20p_seed1_t00240,424.0,424.0,,0.0,2,1,451.0,0.5
50n_20p_seed1,0.2,1,232796000,5,TRACE,tx,232732,5,benign,0,7,274,2,22,128,146,146,-89,13,0,232.732,240,50n_20p_seed1_t00240,274.0,274.0,,0.0,2,2,1.8446744073709552e+19,1.0
50n_20p_seed1,0.2,1,230815000,6,TRACE,periodic,230001,6,attacker,1,8,391,3,21,256,135,135,-80,13,0,230.001,240,50n_20p_seed1_t00240,128.0,391.0,512.0,263.0,2,2,314.0,1.0
50n_20p_seed1,0.2,1,230505000,7,TRACE,periodic,230001,7,benign,0,7,317,2,22,128,189,189,-90,12,0,230.001,240,50n_20p_seed1_t00240,317.0,317.0,,0.0,1,1,0.0,1.0
50n_20p_seed1,0.2,1,230907000,8,TRACE,periodic,230001,8,benign,0,8,434,3,14,256,178,178,-86,10,0,230.001,240,50n_20p_seed1_t00240,434.0,434.0,,0.0,2,2,404.0,1.0
50n_20p_seed1,0.2,1,230240000,9,TRACE,periodic,230001,9,benign,0,7,413,3,15,261,152,152,-82,7,0,230.001,240,50n_20p_seed1_t00240,413.0,413.0,,0.0,2,2,1.8446744073709552e+19,1.0
50n_20p_seed1,0.2,1,239076000,10,TRACE,tx,238775,10,benign,0,7,434,3,27,263,171,171,-81,10,0,238.775,240,50n_20p_seed1_t00240,434.0,434.0,,0.0,3,3,1.8446744073709552e+19,1.0
50n_20p_seed1,0.2,1,230137000,11,TRACE,periodic,230001,11,benign,0,7,414,3,14,256,158,158,-91,13,0,230.001,240,50n_20p_seed1_t00240,414.0,414.0,,0.0,1,1,1.8446744073709552e+19,1.0
50n_20p_seed1,0.2,1,238180000,12,TRACE,tx,237182,12,benign,0,7,307,2,29,128,179,179,-90,17,0,237.182,240,50n_20p_seed1_t00240,307.0,307.0,,0.0,3,3,498.0,1.0
50n_20p_seed1,0.2,1,230541000,13,TRACE,periodic,230001,13,benign,0,6,281,2,1,128,153,153,-83,19,0,230.001,240,50n_20p_seed1_t00240,281.0,281.0,,0.0,2,2,20.0,1.0
50n_20p_seed1,0.2,1,237395000,14,TRACE,tx,236704,14,benign,0,7,256,2,1,128,128,128,-82,19,0,236.704,240,50n_20p_seed1_t00240,256.0,256.0,,0.0,3,3,165.0,1.0
50n_20p_seed1,0.2,1,230346000,15,TRACE,periodic,230001,15,benign,0,8,261,2,1,128,133,133,-94,18,0,230.001,240,50n_20p_seed1_t00240,261.0,261.0,,0.0,3,3,1.8446744073709552e+19,1.0
50n_20p_seed1,0.2,1,230862000,16,TRACE,periodic,230001,16,benign,0,8,417,3,14,256,161,161,-73,15,0,230.001,240,50n_20p_seed1_t00240,417.0,417.0,,0.0,2,2,355.5,1.0
50n_20p_seed1,0.2,1,230086000,17,TRACE,periodic,230001,17,benign,0,8,272,2,32,128,144,144,-91,10,0,230.001,240,50n_20p_seed1_t00240,272.0,272.0,,0.0,2,2,1.8446744073709552e+19,1.0
50n_20p_seed1,0.2,1,235386000,18,TRACE,tx,235135,18,benign,0,7,436,3,27,263,173,173,-56,12,0,235.135,240,50n_20p_seed1_t00240,436.0,436.0,,0.0,3,3,1.8446744073709552e+19,1.0
50n_20p_seed1,0.2,1,230369000,19,TRACE,periodic,230001,19,benign,0,7,273,2,36,128,145,145,-92,17,0,230.001,240,50n_20p_seed1_t00240,273.0,273.0,,0.0,1,1,1.8446744073709552e+19,1.0
50n_20p_seed1,0.2,1,230013000,20,TRACE,periodic,230001,20,benign,0,8,294,2,1,128,166,166,-63,22,0,230.001,240,50n_20p_seed1_t00240,294.0,294.0,,0.0,2,2,1.8446744073709552e+19,1.0
50n_20p_seed1,0.2,1,230926000,21,TRACE,periodic,230001,21,benign,0,7,256,2,1,128,128,128,-51,21,0,230.001,240,50n_20p_seed1_t00240,256.0,256.0,,0.0,2,2,400.0,1.0
50n_20p_seed1,0.2,1,234081000,22,TRACE,tx,233361,22,attacker,1,8,256,2,1,128,128,128,-47,23,0,233.361,240,50n_20p_seed1_t00240,128.0,256.0,512.0,128.0,3,3,199.0,1.0
50n_20p_seed1,0.2,1,230290000,23,TRACE,periodic,230001,23,benign,0,8,288,2,1,128,160,160,-65,23,0,230.001,240,50n_20p_seed1_t00240,288.0,288.0,,0.0,2,2,1.8446744073709552e+19,1.0
50n_20p_seed1,0.2,1,233546000,24,TRACE,tx,233367,24,benign,0,6,301,2,32,128,173,173,-44,17,0,233.367,240,50n_20p_seed1_t00240,301.0,301.0,,0.0,3,3,1.8446744073709552e+19,1.0
50n_20p_seed1,0.2,1,231986000,25,TRACE,tx,231504,25,benign,0,7,274,2,22,128,146,146,-94,13,0,231.504,240,50n_20p_seed1_t00240,274.0,274.0,,0.0,2,2,1.8446744073709552e+19,1.0
50n_20p_seed1,0.2,1,232354000,26,TRACE,tx,231928,26,benign,0,7,284,2,36,128,156,156,-74,11,0,231.928,240,50n_20p_seed1_t00240,284.0,284.0,,0.0,3,3,1.8446744073709552e+19,1.0
50n_20p_seed1,0.2,1,230666000,27,TRACE,periodic,230001,27,benign,0,7,263,2,1,128,135,135,-88,18,0,230.001,240,50n_20p_seed1_t00240,263.0,263.0,,0.0,1,1,128.0,1.0
50n_20p_seed1,0.2,1,234142000,28,TRACE,tx,233722,28,benign,0,9,292,2,1,128,164,164,-50,21,0,233.722,240,50n_20p_seed1_t00240,292.0,292.0,,0.0,3,3,1.8446744073709552e+19,1.0
50n_20p_seed1,0.2,1,235536000,29,TRACE,tx,235499,29,attacker,1,7,256,2,1,128,128,128,-25,21,0,235.499,240,50n_20p_seed1_t00240,128.0,256.0,512.0,128.0,3,3,1.8446744073709552e+19,1.0
50n_20p_seed1,0.2,1,230052000,30,TRACE,periodic,230001,30,benign,0,8,292,2,1,128,164,164,-19,21,0,230.001,240,50n_20p_seed1_t00240,292.0,292.0,,0.0,2,2,1.8446744073709552e+19,1.0
50n_20p_seed1,0.2,1,230714000,31,TRACE,periodic,230001,31,benign,0,8,307,2,1,128,179,179,-59,21,0,230.001,240,50n_20p_seed1_t00240,307.0,307.0,,0.0,2,2,200.5,1.0
50n_20p_seed1,0.2,1,240742000,32,TRACE,periodic,240000,32,attacker,1,8,256,2,1,128,128,128,-81,18,0,240.0,240,50n_20p_seed1_t00240,128.0,256.0,512.0,128.0,2,2,204.0,1.0
50n_20p_seed1,0.2,1,230109000,33,TRACE,periodic,230001,33,attacker,1,7,283,2,47,128,155,155,-92,13,0,230.001,240,50n_20p_seed1_t00240,128.0,283.0,512.0,155.0,2,2,1.8446744073709552e+19,1.0
50n_20p_seed1,0.2,1,230836000,34,TRACE,periodic,230001,34,benign,0,8,314,2,36,128,186,186,-71,11,0,230.001,240,50n_20p_seed1_t00240,314.0,314.0,,0.0,2,2,366.5,1.0
50n_20p_seed1,0.2,1,230612000,35,TRACE,periodic,230001,35,benign,0,7,280,2,29,128,152,152,-81,16,0,230.001,240,50n_20p_seed1_t00240,280.0,280.0,,0.0,2,2,146.0,1.0
50n_20p_seed1,0.2,1,230684000,36,TRACE,periodic,230001,36,attacker,1,8,261,2,1,128,133,133,-66,18,0,230.001,240,50n_20p_seed1_t00240,128.0,262.0,512.0,134.0,2,2,165.5,1.0
50n_20p_seed1,0.2,1,230183000,37,TRACE,periodic,230001,37,benign,0,7,296,2,1,128,168,168,-42,18,0,230.001,240,50n_20p_seed1_t00240,296.0,296.0,,0.0,1,2,1.8446744073709552e+19,2.0
50n_20p_seed1,0.2,1,230971000,38,TRACE,periodic,230001,38,attacker,1,7,296,2,1,128,168,168,-49,19,0,230.001,240,50n_20p_seed1_t00240,128.0,296.0,512.0,168.0,1,1,457.0,1.0
50n_20p_seed1,0.2,1,230139000,39,TRACE,periodic,230001,39,benign,0,7,271,2,1,128,143,143,-73,18,0,230.001,240,50n_20p_seed1_t00240,271.0,271.0,,0.0,2,2,1.8446744073709552e+19,1.0
50n_20p_seed1,0.2,1,230203000,40,TRACE,periodic,230001,40,benign,0,8,272,2,1,128,144,144,-90,16,0,230.001,240,50n_20p_seed1_t00240,272.0,272.0,,0.0,2,2,1.8446744073709552e+19,1.0
50n_20p_seed1,0.2,1,230390000,41,TRACE,periodic,230001,41,benign,0,8,431,3,39,271,160,160,-64,10,0,230.001,240,50n_20p_seed1_t00240,431.0,431.0,,0.0,2,2,1.8446744073709552e+19,1.0
50n_20p_seed1,0.2,1,230837000,42,TRACE,periodic,230001,42,benign,0,7,283,2,36,128,155,155,-78,8,0,230.001,240,50n_20p_seed1_t00240,283.0,283.0,,0.0,1,1,348.0,1.0
50n_20p_seed1,0.2,1,236315000,43,TRACE,tx,236102,43,benign,0,8,292,2,36,128,164,164,-52,12,0,236.102,240,50n_20p_seed1_t00240,292.0,292.0,,0.0,3,3,1.8446744073709552e+19,1.0
50n_20p_seed1,0.2,1,231091000,44,TRACE,tx,230671,44,attacker,1,7,264,2,29,128,136,136,-91,13,0,230.671,240,50n_20p_seed1_t00240,128.0,265.0,512.0,137.0,3,3,1.8446744073709552e+19,1.0
50n_20p_seed1,0.2,1,236380000,45,TRACE,tx,235589,45,benign,0,7,280,2,1,128,152,152,-81,13,0,235.589,240,50n_20p_seed1_t00240,280.0,280.0,,0.0,2,2,260.5,1.0
50n_20p_seed1,0.2,1,230490000,46,TRACE,tx,230290,46,benign,0,8,277,2,1,128,149,149,-82,15,0,230.29,240,50n_20p_seed1_t00240,277.0,277.0,,0.0,2,2,1.8446744073709552e+19,1.0
50n_20p_seed1,0.2,1,230425000,47,TRACE,periodic,230001,47,attacker,1,7,265,2,1,128,137,137,-92,14,0,230.001,240,50n_20p_seed1_t00240,128.0,266.0,512.0,138.0,2,2,1.8446744073709552e+19,1.0
50n_20p_seed1,0.2,1,230290000,48,TRACE,periodic,230001,48,benign,0,7,278,2,32,128,150,150,-84,10,0,230.001,240,50n_20p_seed1_t00240,278.0,278.0,,0.0,2,1,1.8446744073709552e+19,0.5
50n_20p_seed1,0.2,1,238108000,49,TRACE,tx,237414,49,benign,0,6,277,2,32,128,149,149,-91,7,0,237.414,240,50n_20p_seed1_t00240,277.0,277.0,,0.0,3,3,194.33333333333334,1.0
50n_20p_seed1,0.2,1,230998000,50,TRACE,periodic,230001,50,attacker,1,7,286,2,44,128,158,158,-73,5,0,230.001,240,50n_20p_seed1_t00240,128.0,286.0,512.0,158.0,2,2,507.5,1.0
50n_20p_seed1,0.2,1,299364016,1,TRACE,rx,298816,1,root,0,9,128,1,0,65535,65535,65535,32767,21,478,298.816,300,50n_20p_seed1_t00300,128.0,128.0,,0.0,0,0,0.0,0.0
50n_20p_seed1,0.2,1,298144000,2,TRACE,tx,297380,2,benign,0,9,415,3,19,265,150,150,-75,7,0,297.38,300,50n_20p_seed1_t00300,415.0,415.0,,0.0,3,3,299.6666666666667,1.0
50n_20p_seed1,0.2,1,291821000,3,TRACE,tx,291180,3,benign,0,8,272,2,6,128,144,144,-91,11,0,291.18,300,50n_20p_seed1_t00300,272.0,272.0,,0.0,2,2,163.0,1.0
50n_20p_seed1,0.2,1,290971000,4,TRACE,periodic,290001,4,benign,0,8,416,3,21,256,160,160,-84,12,0,290.001,300,50n_20p_seed1_t00300,416.0,416.0,,0.0,1,2,483.0,2.0
50n_20p_seed1,0.2,1,291693000,5,TRACE,tx,291629,5,benign,0,9,270,2,22,128,142,142,-89,13,0,291.629,300,50n_20p_seed1_t00300,270.0,270.0,,0.0,2,2,1.8446744073709552e+19,1.0
50n_20p_seed1,0.2,1,290815000,6,TRACE,periodic,290001,6,attacker,1,10,388,3,21,256,132,132,-80,13,0,290.001,300,50n_20p_seed1_t00300,128.0,387.0,512.0,259.0,2,2,315.5,1.0
50n_20p_seed1,0.2,1,297892000,7,TRACE,tx,297388,7,benign,0,9,304,2,22,128,176,176,-90,12,0,297.388,300,50n_20p_seed1_t00300,304.0,304.0,,0.0,3,3,6.148914691236517e+18,1.0
50n_20p_seed1,0.2,1,290907000,8,TRACE,periodic,290001,8,benign,0,11,420,3,14,256,164,164,-86,10,0,290.001,300,50n_20p_seed1_t00300,420.0,420.0,,0.0,3,3,415.6666666666667,1.0
50n_20p_seed1,0.2,1,290240000,9,TRACE,periodic,290001,9,benign,0,9,405,3,15,259,146,146,-82,7,0,290.001,300,50n_20p_seed1_t00300,405.0,405.0,,0.0,2,2,1.8446744073709552e+19,1.0
50n_20p_seed1,0.2,1,296695000,10,TRACE,tx,296394,10,benign,0,9,418,3,27,256,162,162,-81,10,0,296.394,300,50n_20p_seed1_t00300,418.0,418.0,,0.0,2,2,1.8446744073709552e+19,1.0
50n_20p_seed1,0.2,1,290137000,11,TRACE,periodic,290001,11,benign,0,9,408,3,14,256,152,152,-91,13,0,290.001,300,50n_20p_seed1_t00300,408.0,408.0,,0.0,2,2,1.8446744073709552e+19,1.0
50n_20p_seed1,0.2,1,299337000,12,TRACE,tx,298339,12,benign,0,9,296,2,29,128,168,168,-90,17,0,298.339,300,50n_20p_seed1_t00300,296.0,296.0,,0.0,2,2,492.5,1.0
50n_20p_seed1,0.2,1,290541000,13,TRACE,periodic,290001,13,benign,0,9,273,2,1,128,145,145,-83,19,0,290.001,300,50n_20p_seed1_t00300,273.0,273.0,,0.0,3,3,6.148914691236517e+18,1.0
50n_20p_seed1,0.2,1,294607000,14,TRACE,tx,293916,14,benign,0,9,256,2,1,128,128,128,-82,19,0,293.916,300,50n_20p_seed1_t00300,256.0,256.0,,0.0,2,2,158.5,1.0
50n_20p_seed1,0.2,1,299282000,15,TRACE,tx,298937,15,benign,0,9,258,2,1,128,130,130,-94,18,0,298.937,300,50n_20p_seed1_t00300,258.0,258.0,,0.0,2,2,1.8446744073709552e+19,1.0
50n_20p_seed1,0.2,1,290862000,16,TRACE,periodic,290001,16,benign,0,10,410,3,14,256,154,154,-73,15,0,290.001,300,50n_20p_seed1_t00300,410.0,410.0,,0.0,2,2,342.5,1.0
50n_20p_seed1,0.2,1,295189000,17,TRACE,tx,295104,17,benign,0,9,270,2,32,128,142,142,-91,10,0,295.104,300,50n_20p_seed1_t00300,270.0,270.0,,0.0,2,2,1.8446744073709552e+19,1.0
50n_20p_seed1,0.2,1,296665000,18,TRACE,tx,296414,18,benign,0,9,420,3,27,256,164,164,-56,12,0,296.414,300,50n_20p_seed1_t00300,420.0,420.0,,0.0,2,2,1.8446744073709552e+19,1.0
50n_20p_seed1,0.2,1,298225000,19,TRACE,tx,297857,19,benign,0,9,264,2,36,128,136,136,-92,17,0,297.857,300,50n_20p_seed1_t00300,264.0,264.0,,0.0,3,3,1.8446744073709552e+19,1.0
50n_20p_seed1,0.2,1,290013000,20,TRACE,periodic,290001,20,benign,0,10,286,2,1,128,158,158,-63,22,0,290.001,300,50n_20p_seed1_t00300,286.0,286.0,,0.0,2,2,1.8446744073709552e+19,1.0
50n_20p_seed1,0.2,1,290926000,21,TRACE,periodic,290001,21,benign,0,9,256,2,1,128,128,128,-51,21,0,290.001,300,50n_20p_seed1_t00300,256.0,256.0,,0.0,2,2,393.5,1.0
50n_20p_seed1,0.2,1,291710000,22,TRACE,tx,290990,22,attacker,1,10,256,2,1,128,128,128,-47,23,0,290.99,300,50n_20p_seed1_t00300,128.0,256.0,512.0,128.0,2,2,182.0,1.0
50n_20p_seed1,0.2,1,290290000,23,TRACE,periodic,290001,23,benign,0,10,281,2,1,128,153,153,-65,23,0,290.001,300,50n_20p_seed1_t00300,281.0,281.0,,0.0,2,2,1.8446744073709552e+19,1.0
50n_20p_seed1,0.2,1,290180000,24,TRACE,periodic,290001,24,benign,0,8,292,2,32,128,164,164,-44,17,0,290.001,300,50n_20p_seed1_t00300,292.0,292.0,,0.0,1,1,1.8446744073709552e+19,1.0
50n_20p_seed1,0.2,1,290483000,25,TRACE,periodic,290001,25,benign,0,10,268,2,22,128,140,140,-94,13,0,290.001,300,50n_20p_seed1_t00300,268.0,268.0,,0.0,2,2,9.223372036854776e+18,1.0
50n_20p_seed1,0.2,1,293612000,26,TRACE,tx,293186,26,benign,0,9,278,2,36,128,150,150,-74,11,0,293.186,300,50n_20p_seed1_t00300,278.0,278.0,,0.0,2,2,1.8446744073709552e+19,1.0
50n_20p_seed1,0.2,1,290666000,27,TRACE,periodic,290001,27,benign,0,10,256,2,1,128,128,128,-88,18,0,290.001,300,50n_20p_seed1_t00300,256.0,256.0,,0.0,3,3,147.66666666666666,1.0
50n_20p_seed1,0.2,1,290421000,28,TRACE,periodic,290001,28,benign,0,12,281,2,1,128,153,153,-50,21,0,290.001,300,50n_20p_seed1_t00300,281.0,281.0,,0.0,2,2,1.8446744073709552e+19,1.0
50n_20p_seed1,0.2,1,290038000,29,TRACE,periodic,290001,29,attacker,1,10,256,2,1,128,128,128,-25,21,0,290.001,300,50n_20p_seed1_t00300,128.0,256.0,512.0,128.0,2,2,1.8446744073709552e+19,1.0
50n_20p_seed1,0.2,1,290052000,30,TRACE,periodic,290001,30,benign,0,10,284,2,1,128,156,156,-19,21,0,290.001,300,50n_20p_seed1_t00300,284.0,284.0,,0.0,2,2,1.8446744073709552e+19,1.0
50n_20p_seed1,0.2,1,290714000,31,TRACE,periodic,290001,31,benign,0,9,301,2,1,128,173,173,-59,21,0,290.001,300,50n_20p_seed1_t00300,301.0,301.0,,0.0,1,1,180.0,1.0
50n_20p_seed1,0.2,1,300742000,32,TRACE,periodic,300000,32,attacker,1,10,268,2,1,128,140,140,-81,18,0,300.0,300,50n_20p_seed1_t00300,128.0,256.0,512.0,128.0,2,2,225.5,1.0
50n_20p_seed1,0.2,1,298180000,33,TRACE,tx,298072,33,attacker,1,9,277,2,47,128,149,149,-92,13,0,298.072,300,50n_20p_seed1_t00300,128.0,277.0,512.0,149.0,3,3,1.8446744073709552e+19,1.0
50n_20p_seed1,0.2,1,290836000,34,TRACE,periodic,290001,34,benign,0,10,302,2,36,128,174,174,-71,11,0,290.001,300,50n_20p_seed1_t00300,302.0,302.0,,0.0,2,2,328.5,1.0
50n_20p_seed1,0.2,1,290612000,35,TRACE,periodic,290001,35,benign,0,9,274,2,29,128,146,146,-81,16,0,290.001,300,50n_20p_seed1_t00300,274.0,274.0,,0.0,2,2,108.5,1.0
50n_20p_seed1,0.2,1,290684000,36,TRACE,periodic,290001,36,attacker,1,10,256,2,1,128,128,128,-66,18,0,290.001,300,50n_20p_seed1_t00300,128.0,268.0,512.0,140.0,2,2,159.0,1.0
50n_20p_seed1,0.2,1,290183000,37,TRACE,periodic,290001,37,benign,0,9,288,2,1,128,160,160,-42,18,0,290.001,300,50n_20p_seed1_t00300,288.0,288.0,,0.0,2,1,1.8446744073709552e+19,0.5
50n_20p_seed1,0.2,1,290971000,38,TRACE,periodic,290001,38,attacker,1,9,288,2,1,128,160,160,-49,19,0,290.001,300,50n_20p_seed1_t00300,128.0,288.0,512.0,160.0,2,2,452.5,1.0
50n_20p_seed1,0.2,1,290139000,39,TRACE,periodic,290001,39,benign,0,9,264,2,1,128,136,136,-73,18,0,290.001,300,50n_20p_seed1_t00300,264.0,264.0,,0.0,2,2,1.8446744073709552e+19,1.0
50n_20p_seed1,0.2,1,295629000,40,TRACE,tx,295427,40,benign,0,10,268,2,1,128,140,140,-90,16,0,295.427,300,50n_20p_seed1_t00300,268.0,268.0,,0.0,3,3,1.8446744073709552e+19,1.0
50n_20p_seed1,0.2,1,290390000,41,TRACE,periodic,290001,41,benign,0,10,418,3,39,265,153,153,-64,10,0,290.001,300,50n_20p_seed1_t00300,418.0,418.0,,0.0,2,2,1.8446744073709552e+19,1.0
50n_20p_seed1,0.2,1,290837000,42,TRACE,periodic,290001,42,benign,0,10,274,2,36,128,146,146,-78,8,0,290.001,300,50n_20p_seed1_t00300,274.0,274.0,,0.0,3,3,327.0,1.0
50n_20p_seed1,0.2,1,290214000,43,TRACE,periodic,290001,43,benign,0,11,281,2,36,128,153,153,-52,12,0,290.001,300,50n_20p_seed1_t00300,281.0,281.0,,0.0,2,2,1.8446744073709552e+19,1.0
50n_20p_seed1,0.2,1,294089000,44,TRACE,tx,293669,44,attacker,1,9,260,2,29,128,132,132,-91,13,0,293.669,300,50n_20p_seed1_t00300,128.0,259.0,512.0,131.0,2,2,1.8446744073709552e+19,1.0
50n_20p_seed1,0.2,1,295586000,45,TRACE,tx,294795,45,benign,0,9,274,2,1,128,146,146,-81,13,0,294.795,300,50n_20p_seed1_t00300,274.0,274.0,,0.0,2,2,256.5,1.0
50n_20p_seed1,0.2,1,298187000,46,TRACE,tx,297987,46,benign,0,10,272,2,1,128,144,144,-82,15,0,297.987,300,50n_20p_seed1_t00300,272.0,272.0,,0.0,2,2,1.8446744073709552e+19,1.0
50n_20p_seed1,0.2,1,290425000,47,TRACE,periodic,290001,47,attacker,1,9,261,2,1,128,133,133,-92,14,0,290.001,300,50n_20p_seed1_t00300,128.0,261.0,512.0,133.0,2,2,1.8446744073709552e+19,1.0
50n_20p_seed1,0.2,1,297242000,48,TRACE,tx,296953,48,benign,0,9,273,2,32,128,145,145,-84,10,0,296.953,300,50n_20p_seed1_t00300,273.0,273.0,,0.0,3,3,1.8446744073709552e+19,1.0
50n_20p_seed1,0.2,1,296269000,49,TRACE,tx,295575,49,benign,0,8,272,2,32,128,144,144,-91,7,0,295.575,300,50n_20p_seed1_t00300,272.0,272.0,,0.0,2,2,195.0,1.0
50n_20p_seed1,0.2,1,290998000,50,TRACE,periodic,290001,50,attacker,1,9,280,2,44,128,152,152,-73,5,0,290.001,300,50n_20p_seed1_t00300,128.0,283.0,512.0,155.0,2,2,511.0,1.0
50n_20p_seed1,0.2,1,360314760,1,TRACE,rx,359766,1,root,0,11,128,1,0,65535,65535,65535,32767,21,18446744073709551432,359.766,360,50n_20p_seed1_t00360,128.0,128.0,,0.0,0,0,0.0,0.0
50n_20p_seed1,0.2,1,350765000,2,TRACE,periodic,350001,2,benign,0,11,406,3,19,261,145,145,-75,7,0,350.001,360,50n_20p_seed1_t00360,406.0,406.0,,0.0,1,1,317.0,1.0
50n_20p_seed1,0.2,1,350642000,3,TRACE,periodic,350001,3,benign,0,11,266,2,6,128,138,138,-91,11,0,350.001,360,50n_20p_seed1_t00360,266.0,266.0,,0.0,2,2,136.0,1.0
50n_20p_seed1,0.2,1,350971000,4,TRACE,periodic,350001,4,benign,0,10,409,3,21,256,153,153,-84,12,0,350.001,360,50n_20p_seed1_t00360,409.0,409.0,,0.0,2,2,479.5,1.0
50n_20p_seed1,0.2,1,356673000,5,TRACE,tx,356609,5,benign,0,11,266,2,22,128,138,138,-89,13,0,356.609,360,50n_20p_seed1_t00360,266.0,266.0,,0.0,2,2,1.8446744073709552e+19,1.0
50n_20p_seed1,0.2,1,350815000,6,TRACE,periodic,350001,6,attacker,1,12,384,3,21,256,128,128,-80,13,0,350.001,360,50n_20p_seed1_t00360,128.0,384.0,512.0,256.0,2,2,330.0,1.0
50n_20p_seed1,0.2,1,350505000,7,TRACE,periodic,350001,7,benign,0,12,290,2,22,128,162,162,-90,12,0,350.001,360,50n_20p_seed1_t00360,290.0,290.0,,0.0,2,2,9.223372036854776e+18,1.0
50n_20p_seed1,0.2,1,358481000,8,TRACE,tx,357575,8,benign,0,13,412,3,14,256,156,156,-86,10,0,357.575,360,50n_20p_seed1_t00360,412.0,412.0,,0.0,3,3,432.0,1.0
50n_20p_seed1,0.2,1,350240000,9,TRACE,periodic,350001,9,benign,0,11,398,3,15,256,142,142,-82,7,0,350.001,360,50n_20p_seed1_t00360,398.0,398.0,,0.0,2,2,1.8446744073709552e+19,1.0
50n_20p_seed1,0.2,1,355039000,10,TRACE,tx,354738,10,benign,0,11,419,3,27,264,155,155,-81,10,0,354.738,360,50n_20p_seed1_t00360,419.0,419.0,,0.0,2,2,1.8446744073709552e+19,1.0
50n_20p_seed1,0.2,1,350137000,11,TRACE,periodic,350001,11,benign,0,11,402,3,14,256,146,146,-91,13,0,350.001,360,50n_20p_seed1_t00360,402.0,402.0,,0.0,2,2,1.8446744073709552e+19,1.0
50n_20p_seed1,0.2,1,355146000,12,TRACE,tx,354148,12,benign,0,11,288,2,29,128,160,160,-90,17,0,354.148,360,50n_20p_seed1_t00360,288.0,288.0,,0.0,2,2,498.0,1.0
50n_20p_seed1,0.2,1,350541000,13,TRACE,periodic,350001,13,benign,0,11,269,2,1,128,141,141,-83,19,0,350.001,360,50n_20p_seed1_t00360,269.0,269.0,,0.0,2,2,9.223372036854776e+18,1.0
50n_20p_seed1,0.2,1,350692000,14,TRACE,periodic,350001,14,benign,0,11,256,2,1,128,128,128,-82,19,0,350.001,360,50n_20p_seed1_t00360,256.0,256.0,,0.0,1,1,171.0,1.0
50n_20p_seed1,0.2,1,360296000,15,TRACE,tx,359951,15,benign,0,11,256,2,1,128,128,128,-94,18,0,359.951,360,50n_20p_seed1_t00360,256.0,256.0,,0.0,2,2,1.8446744073709552e+19,1.0
50n_20p_seed1,0.2,1,357650000,16,TRACE,tx,356789,16,benign,0,11,407,3,14,256,151,151,-73,15,0,356.789,360,50n_20p_seed1_t00360,407.0,407.0,,0.0,2,2,355.0,1.0
50n_20p_seed1,0.2,1,355346000,17,TRACE,tx,355261,17,benign,0,11,266,2,32,128,138,138,-91,10,0,355.261,360,50n_20p_seed1_t00360,266.0,266.0,,0.0,2,2,1.8446744073709552e+19,1.0
50n_20p_seed1,0.2,1,350252000,18,TRACE,periodic,350001,18,benign,0,12,418,3,27,265,153,153,-56,12,0,350.001,360,50n_20p_seed1_t00360,418.0,418.0,,0.0,2,2,1.8446744073709552e+19,1.0
50n_20p_seed1,0.2,1,355685000,19,TRACE,tx,355317,19,benign,0,11,261,2,36,128,133,133,-92,17,0,355.317,360,50n_20p_seed1_t00360,261.0,261.0,,0.0,2,2,1.8446744073709552e+19,1.0
50n_20p_seed1,0.2,1,350013000,20,TRACE,periodic,350001,20,benign,0,12,280,2,1,128,152,152,-63,22,0,350.001,360,50n_20p_seed1_t00360,280.0,280.0,,0.0,2,2,1.8446744073709552e+19,1.0
50n_20p_seed1,0.2,1,350926000,21,TRACE,periodic,350001,21,benign,0,11,256,2,1,128,128,128,-51,21,0,350.001,360,50n_20p_seed1_t00360,256.0,256.0,,0.0,2,2,392.0,1.0
50n_20p_seed1,0.2,1,352576000,22,TRACE,tx,351856,22,attacker,1,12,256,2,1,128,128,128,-47,23,0,351.856,360,50n_20p_seed1_t00360,128.0,256.0,512.0,128.0,2,2,187.0,1.0
50n_20p_seed1,0.2,1,350290000,23,TRACE,periodic,350001,23,benign,0,12,275,2,1,128,147,147,-65,23,0,350.001,360,50n_20p_seed1_t00360,275.0,275.0,,0.0,2,2,1.8446744073709552e+19,1.0
50n_20p_seed1,0.2,1,350180000,24,TRACE,periodic,350001,24,benign,0,10,284,2,32,128,156,156,-44,17,0,350.001,360,50n_20p_seed1_t00360,284.0,284.0,,0.0,2,2,1.8446744073709552e+19,1.0
50n_20p_seed1,0.2,1,350483000,25,TRACE,periodic,350001,25,benign,0,12,277,2,22,128,149,149,-94,13,0,350.001,360,50n_20p_seed1_t00360,277.0,277.0,,0.0,2,2,1.8446744073709552e+19,1.0
50n_20p_seed1,0.2,1,350427000,26,TRACE,periodic,350001,26,benign,0,12,271,2,36,128,143,143,-74,11,0,350.001,360,50n_20p_seed1_t00360,271.0,271.0,,0.0,2,2,1.8446744073709552e+19,1.0
50n_20p_seed1,0.2,1,350666000,27,TRACE,periodic,350001,27,benign,0,12,264,2,1,128,136,136,-88,18,0,350.001,360,50n_20p_seed1_t00360,264.0,264.0,,0.0,2,2,142.0,1.0
50n_20p_seed1,0.2,1,350421000,28,TRACE,periodic,350001,28,benign,0,14,275,2,1,128,147,147,-50,21,0,350.001,360,50n_20p_seed1_t00360,275.0,275.0,,0.0,2,2,1.8446744073709552e+19,1.0
50n_20p_seed1,0.2,1,350038000,29,TRACE,periodic,350001,29,attacker,1,12,256,2,1,128,128,128,-25,21,0,350.001,360,50n_20p_seed1_t00360,128.0,256.0,512.0,128.0,2,2,1.8446744073709552e+19,1.0
50n_20p_seed1,0.2,1,350052000,30,TRACE,periodic,350001,30,benign,0,12,278,2,1,128,150,150,-19,21,0,350.001,360,50n_20p_seed1_t00360,278.0,278.0,,0.0,2,2,1.8446744073709552e+19,1.0
50n_20p_seed1,0.2,1,350714000,31,TRACE,periodic,350001,31,benign,0,11,292,2,1,128,164,164,-59,21,0,350.001,360,50n_20p_seed1_t00360,292.0,292.0,,0.0,2,2,206.0,1.0
50n_20p_seed1,0.2,1,360742000,32,TRACE,periodic,360000,32,attacker,1,13,257,2,1,128,129,129,-81,18,0,360.0,360,50n_20p_seed1_t00360,128.0,257.0,512.0,129.0,3,3,226.66666666666666,1.0
50n_20p_seed1,0.2,1,350109000,33,TRACE,periodic,350001,33,attacker,1,11,272,2,47,128,144,144,-92,13,0,350.001,360,50n_20p_seed1_t00360,128.0,272.0,512.0,144.0,1,1,1.8446744073709552e+19,1.0
50n_20p_seed1,0.2,1,350836000,34,TRACE,periodic,350001,34,benign,0,12,292,2,36,128,164,164,-71,11,0,350.001,360,50n_20p_seed1_t00360,292.0,292.0,,0.0,2,2,330.5,1.0
50n_20p_seed1,0.2,1,350612000,35,TRACE,periodic,350001,35,benign,0,11,270,2,29,128,142,142,-81,16,0,350.001,360,50n_20p_seed1_t00360,270.0,270.0,,0.0,2,2,99.5,1.0
50n_20p_seed1,0.2,1,350684000,36,TRACE,periodic,350001,36,attacker,1,12,256,2,1,128,128,128,-66,18,0,350.001,360,50n_20p_seed1_t00360,128.0,256.0,512.0,128.0,2,2,151.0,1.0
50n_20p_seed1,0.2,1,350183000,37,TRACE,periodic,350001,37,benign,0,11,281,2,1,128,153,153,-42,18,0,350.001,360,50n_20p_seed1_t00360,281.0,281.0,,0.0,2,2,1.8446744073709552e+19,1.0
50n_20p_seed1,0.2,1,352138000,38,TRACE,tx,351168,38,attacker,1,11,281,2,1,128,153,153,-49,19,0,351.168,360,50n_20p_seed1_t00360,128.0,278.0,512.0,150.0,3,3,450.3333333333333,1.0
50n_20p_seed1,0.2,1,350139000,39,TRACE,periodic,350001,39,benign,0,11,260,2,1,128,132,132,-73,18,0,350.001,360,50n_20p_seed1_t00360,260.0,260.0,,0.0,2,2,1.8446744073709552e+19,1.0
50n_20p_seed1,0.2,1,354290000,40,TRACE,tx,354088,40,benign,0,12,265,2,1,128,137,137,-90,16,0,354.088,360,50n_20p_seed1_t00360,265.0,265.0,,0.0,2,2,1.8446744073709552e+19,1.0
50n_20p_seed1,0.2,1,350390000,41,TRACE,periodic,350001,41,benign,0,12,407,3,39,260,147,147,-64,10,0,350.001,360,50n_20p_seed1_t00360,407.0,407.0,,0.0,2,2,1.8446744073709552e+19,1.0
50n_20p_seed1,0.2,1,350837000,42,TRACE,periodic,350001,42,benign,0,12,270,2,36,128,142,142,-78,8,0,350.001,360,50n_20p_seed1_t00360,270.0,270.0,,0.0,2,2,324.0,1.0
50n_20p_seed1,0.2,1,350214000,43,TRACE,periodic,350001,43,benign,0,12,278,2,36,128,150,150,-52,12,0,350.001,360,50n_20p_seed1_t00360,278.0,278.0,,0.0,1,1,1.8446744073709552e+19,1.0
50n_20p_seed1,0.2,1,351894000,44,TRACE,tx,351474,44,attacker,1,11,257,2,29,128,129,129,-91,13,0,351.474,360,50n_20p_seed1_t00360,128.0,256.0,512.0,128.0,2,2,1.8446744073709552e+19,1.0
50n_20p_seed1,0.2,1,358509000,45,TRACE,tx,357718,45,benign,0,11,270,2,1,128,142,142,-81,13,0,357.718,360,50n_20p_seed1_t00360,270.0,270.0,,0.0,2,2,279.5,1.0
50n_20p_seed1,0.2,1,350201000,46,TRACE,periodic,350001,46,benign,0,13,266,2,1,128,138,138,-82,15,0,350.001,360,50n_20p_seed1_t00360,266.0,266.0,,0.0,2,2,1.8446744073709552e+19,1.0
50n_20p_seed1,0.2,1,350425000,47,TRACE,periodic,350001,47,attacker,1,11,257,2,1,128,129,129,-92,14,0,350.001,360,50n_20p_seed1_t00360,128.0,257.0,512.0,129.0,2,2,1.8446744073709552e+19,1.0
50n_20p_seed1,0.2,1,350290000,48,TRACE,periodic,350001,48,benign,0,11,269,2,32,128,141,141,-84,10,0,350.001,360,50n_20p_seed1_t00360,269.0,269.0,,0.0,1,1,1.8446744073709552e+19,1.0
50n_20p_seed1,0.2,1,353452000,49,TRACE,tx,352758,49,benign,0,10,268,2,32,128,140,140,-91,7,0,352.758,360,50n_20p_seed1_t00360,268.0,268.0,,0.0,2,2,189.0,1.0
50n_20p_seed1,0.2,1,350998000,50,TRACE,periodic,350001,50,attacker,1,10,277,2,44,128,149,149,-73,5,0,350.001,360,50n_20p_seed1_t00360,128.0,277.0,512.0,149.0,1,1,516.0,1.0
50n_20p_seed1,0.2,1,418971048,1,TRACE,rx,418423,1,root,0,14,128,1,0,65535,65535,65535,32767,21,335,418.423,420,50n_20p_seed1_t00420,128.0,128.0,,0.0,0,0,0.0,0.0
50n_20p_seed1,0.2,1,410765000,2,TRACE,periodic,410001,2,benign,0,13,398,3,19,257,141,141,-75,7,0,410.001,420,50n_20p_seed1_t00420,398.0,398.0,,0.0,2,2,308.5,1.0
50n_20p_seed1,0.2,1,410642000,3,TRACE,periodic,410001,3,benign,0,13,264,2,6,128,136,136,-91,11,0,410.001,420,50n_20p_seed1_t00420,264.0,264.0,,0.0,2,2,174.0,1.0
50n_20p_seed1,0.2,1,410971000,4,TRACE,periodic,410001,4,benign,0,12,403,3,21,256,147,147,-84,12,0,410.001,420,50n_20p_seed1_t00420,403.0,403.0,,0.0,2,2,456.5,1.0
50n_20p_seed1,0.2,1,410065000,5,TRACE,periodic,410001,5,benign,0,13,264,2,22,128,136,136,-89,13,0,410.001,420,50n_20p_seed1_t00420,264.0,264.0,,0.0,1,1,1.8446744073709552e+19,1.0
50n_20p_seed1,0.2,1,410815000,6,TRACE,periodic,410001,6,attacker,1,14,384,3,21,256,128,128,-80,13,0,410.001,420,50n_20p_seed1_t00420,128.0,384.0,512.0,256.0,2,2,331.5,1.0
50n_20p_seed1,0.2,1,414892000,7,TRACE,tx,414388,7,benign,0,13,286,2,22,128,158,158,-90,12,0,414.388,420,50n_20p_seed1_t00420,286.0,286.0,,0.0,2,2,11.0,1.0
50n_20p_seed1,0.2,1,410907000,8,TRACE,periodic,410001,8,benign,0,16,403,3,14,256,147,147,-86,10,0,410.001,420,50n_20p_seed1_t00420,403.0,403.0,,0.0,2,2,388.0,1.0
50n_20p_seed1,0.2,1,418822000,9,TRACE,tx,418583,9,benign,0,13,394,3,15,256,138,138,-82,7,0,418.583,420,50n_20p_seed1_t00420,394.0,394.0,,0.0,3,3,1.8446744073709552e+19,1.0
50n_20p_seed1,0.2,1,415661000,10,TRACE,tx,415360,10,benign,0,13,407,3,27,258,149,149,-81,10,0,415.36,420,50n_20p_seed1_t00420,407.0,407.0,,0.0,2,2,1.8446744073709552e+19,1.0
50n_20p_seed1,0.2,1,410137000,11,TRACE,periodic,410001,11,benign,0,13,398,3,14,256,142,142,-91,13,0,410.001,420,50n_20p_seed1_t00420,398.0,398.0,,0.0,2,2,1.8446744073709552e+19,1.0
50n_20p_seed1,0.2,1,410999000,12,TRACE,periodic,410001,12,benign,0,13,281,2,29,128,153,153,-90,17,0,410.001,420,50n_20p_seed1_t00420,281.0,281.0,,0.0,1,1,469.0,1.0
50n_20p_seed1,0.2,1,410541000,13,TRACE,periodic,410001,13,benign,0,13,265,2,1,128,137,137,-83,19,0,410.001,420,50n_20p_seed1_t00420,265.0,265.0,,0.0,2,2,8.5,1.0
50n_20p_seed1,0.2,1,410692000,14,TRACE,periodic,410001,14,benign,0,13,256,2,1,128,128,128,-82,19,0,410.001,420,50n_20p_seed1_t00420,256.0,256.0,,0.0,2,2,164.5,1.0
50n_20p_seed1,0.2,1,416661000,15,TRACE,tx,416316,15,benign,0,13,256,2,1,128,128,128,-94,18,0,416.316,420,50n_20p_seed1_t00420,256.0,256.0,,0.0,2,2,1.8446744073709552e+19,1.0
50n_20p_seed1,0.2,1,414300000,16,TRACE,tx,413439,16,benign,0,13,402,3,14,256,146,146,-73,15,0,413.439,420,50n_20p_seed1_t00420,402.0,402.0,,0.0,2,2,356.5,1.0
50n_20p_seed1,0.2,1,412303000,17,TRACE,tx,412218,17,benign,0,13,264,2,32,128,136,136,-91,10,0,412.218,420,50n_20p_seed1_t00420,264.0,264.0,,0.0,2,2,1.8446744073709552e+19,1.0
50n_20p_seed1,0.2,1,410252000,18,TRACE,periodic,410001,18,benign,0,14,405,3,27,258,147,147,-56,12,0,410.001,420,50n_20p_seed1_t00420,405.0,405.0,,0.0,2,2,1.8446744073709552e+19,1.0
50n_20p_seed1,0.2,1,415854000,19,TRACE,tx,415486,19,benign,0,13,257,2,36,128,129,129,-92,17,0,415.486,420,50n_20p_seed1_t00420,257.0,257.0,,0.0,2,2,1.8446744073709552e+19,1.0
50n_20p_seed1,0.2,1,410538000,20,TRACE,tx,410526,20,benign,0,13,277,2,1,128,149,149,-63,22,0,410.526,420,50n_20p_seed1_t00420,277.0,277.0,,0.0,2,2,1.8446744073709552e+19,1.0
50n_20p_seed1,0.2,1,410926000,21,TRACE,periodic,410001,21,benign,0,13,256,2,1,128,128,128,-51,21,0,410.001,420,50n_20p_seed1_t00420,256.0,256.0,,0.0,2,2,395.0,1.0
50n_20p_seed1,0.2,1,410721000,22,TRACE,periodic,410001,22,attacker,1,15,256,2,1,128,128,128,-47,23,0,410.001,420,50n_20p_seed1_t00420,128.0,256.0,512.0,128.0,2,2,195.0,1.0
50n_20p_seed1,0.2,1,416110000,23,TRACE,tx,415821,23,benign,0,13,273,2,1,128,145,145,-65,23,0,415.821,420,50n_20p_seed1_t00420,273.0,273.0,,0.0,2,2,1.8446744073709552e+19,1.0
50n_20p_seed1,0.2,1,410180000,24,TRACE,periodic,410001,24,benign,0,12,278,2,32,128,150,150,-44,17,0,410.001,420,50n_20p_seed1_t00420,278.0,278.0,,0.0,2,2,1.8446744073709552e+19,1.0
50n_20p_seed1,0.2,1,410483000,25,TRACE,periodic,410001,25,benign,0,14,272,2,22,128,144,144,-94,13,0,410.001,420,50n_20p_seed1_t00420,272.0,272.0,,0.0,2,2,1.8446744073709552e+19,1.0
50n_20p_seed1,0.2,1,410427000,26,TRACE,periodic,410001,26,benign,0,14,267,2,36,128,139,139,-74,11,0,410.001,420,50n_20p_seed1_t00420,267.0,267.0,,0.0,2,2,1.8446744073709552e+19,1.0
50n_20p_seed1,0.2,1,410666000,27,TRACE,periodic,410001,27,benign,0,14,258,2,1,128,130,130,-88,18,0,410.001,420,50n_20p_seed1_t00420,258.0,258.0,,0.0,2,2,135.0,1.0
50n_20p_seed1,0.2,1,410421000,28,TRACE,periodic,410001,28,benign,0,16,271,2,1,128,143,143,-50,21,0,410.001,420,50n_20p_seed1_t00420,271.0,271.0,,0.0,2,2,1.8446744073709552e+19,1.0
50n_20p_seed1,0.2,1,413941000,29,TRACE,tx,413904,29,attacker,1,13,256,2,1,128,128,128,-25,21,0,413.904,420,50n_20p_seed1_t00420,128.0,256.0,512.0,128.0,2,2,1.8446744073709552e+19,1.0
50n_20p_seed1,0.2,1,410052000,30,TRACE,periodic,410001,30,benign,0,14,273,2,1,128,145,145,-19,21,0,410.001,420,50n_20p_seed1_t00420,273.0,273.0,,0.0,2,2,1.8446744073709552e+19,1.0
50n_20p_seed1,0.2,1,410714000,31,TRACE,periodic,410001,31,benign,0,13,284,2,1,128,156,156,-59,21,0,410.001,420,50n_20p_seed1_t00420,284.0,284.0,,0.0,2,2,175.5,1.0
50n_20p_seed1,0.2,1,420742000,32,TRACE,periodic,420000,32,attacker,1,15,256,2,1,128,128,128,-81,18,0,420.0,420,50n_20p_seed1_t00420,128.0,256.0,512.0,128.0,2,2,212.0,1.0
50n_20p_seed1,0.2,1,418269000,33,TRACE,tx,418161,33,attacker,1,13,268,2,47,128,140,140,-92,13,0,418.161,420,50n_20p_seed1_t00420,128.0,268.0,512.0,140.0,3,3,1.8446744073709552e+19,1.0
50n_20p_seed1,0.2,1,418924000,34,TRACE,tx,418089,34,benign,0,14,284,2,36,128,156,156,-71,11,0,418.089,420,50n_20p_seed1_t00420,284.0,284.0,,0.0,3,3,330.3333333333333,1.0
50n_20p_seed1,0.2,1,410612000,35,TRACE,periodic,410001,35,benign,0,13,266,2,29,128,138,138,-81,16,0,410.001,420,50n_20p_seed1_t00420,266.0,266.0,,0.0,2,2,126.0,1.0
50n_20p_seed1,0.2,1,410684000,36,TRACE,periodic,410001,36,attacker,1,14,256,2,1,128,128,128,-66,18,0,410.001,420,50n_20p_seed1_t00420,128.0,256.0,512.0,128.0,2,2,147.0,1.0
50n_20p_seed1,0.2,1,410183000,37,TRACE,periodic,410001,37,benign,0,13,275,2,1,128,147,147,-42,18,0,410.001,420,50n_20p_seed1_t00420,275.0,275.0,,0.0,2,2,1.8446744073709552e+19,1.0
50n_20p_seed1,0.2,1,410971000,38,TRACE,periodic,410001,38,attacker,1,14,273,2,1,128,145,145,-49,19,0,410.001,420,50n_20p_seed1_t00420,128.0,273.0,512.0,145.0,2,2,432.5,1.0
50n_20p_seed1,0.2,1,418351000,39,TRACE,tx,418213,39,benign,0,13,256,2,1,128,128,128,-73,18,0,418.213,420,50n_20p_seed1_t00420,256.0,256.0,,0.0,3,3,1.8446744073709552e+19,1.0
50n_20p_seed1,0.2,1,410203000,40,TRACE,periodic,410001,40,benign,0,15,262,2,1,128,134,134,-90,16,0,410.001,420,50n_20p_seed1_t00420,262.0,262.0,,0.0,2,2,1.8446744073709552e+19,1.0
50n_20p_seed1,0.2,1,411113000,41,TRACE,tx,410724,41,benign,0,14,411,3,39,257,154,154,-64,10,0,410.724,420,50n_20p_seed1_t00420,411.0,411.0,,0.0,3,3,1.8446744073709552e+19,1.0
50n_20p_seed1,0.2,1,410837000,42,TRACE,periodic,410001,42,benign,0,14,266,2,36,128,138,138,-78,8,0,410.001,420,50n_20p_seed1_t00420,266.0,266.0,,0.0,2,2,325.0,1.0
50n_20p_seed1,0.2,1,410896000,43,TRACE,tx,410683,43,benign,0,14,273,2,36,128,145,145,-52,12,0,410.683,420,50n_20p_seed1_t00420,273.0,273.0,,0.0,3,3,1.8446744073709552e+19,1.0
50n_20p_seed1,0.2,1,417358000,44,TRACE,tx,416938,44,attacker,1,13,256,2,29,128,128,128,-91,13,0,416.938,420,50n_20p_seed1_t00420,128.0,256.0,512.0,128.0,2,2,1.8446744073709552e+19,1.0
50n_20p_seed1,0.2,1,416825000,45,TRACE,tx,416034,45,benign,0,13,266,2,1,128,138,138,-81,13,0,416.034,420,50n_20p_seed1_t00420,266.0,266.0,,0.0,2,2,256.0,1.0
50n_20p_seed1,0.2,1,410201000,46,TRACE,periodic,410001,46,benign,0,15,264,2,1,128,136,136,-82,15,0,410.001,420,50n_20p_seed1_t00420,264.0,264.0,,0.0,2,2,1.8446744073709552e+19,1.0
50n_20p_seed1,0.2,1,410425000,47,TRACE,periodic,410001,47,attacker,1,13,256,2,1,128,128,128,-92,14,0,410.001,420,50n_20p_seed1_t00420,128.0,256.0,512.0,128.0,2,2,1.8446744073709552e+19,1.0
50n_20p_seed1,0.2,1,410290000,48,TRACE,periodic,410001,48,benign,0,13,265,2,32,128,137,137,-84,10,0,410.001,420,50n_20p_seed1_t00420,265.0,265.0,,0.0,2,2,1.8446744073709552e+19,1.0
50n_20p_seed1,0.2,1,410695000,49,TRACE,periodic,410001,49,benign,0,13,264,2,32,128,136,136,-91,7,0,410.001,420,50n_20p_seed1_t00420,264.0,264.0,,0.0,2,2,175.5,1.0
50n_20p_seed1,0.2,1,410998000,50,TRACE,periodic,410001,50,attacker,1,12,272,2,44,128,144,144,-73,5,0,410.001,420,50n_20p_seed1_t00420,128.0,272.0,512.0,144.0,2,2,508.5,1.0
50n_20p_seed1,0.2,1,480427016,1,TRACE,rx,479879,1,root,0,14,128,1,0,65535,65535,65535,32767,21,165,479.879,480,50n_20p_seed1_t00480,128.0,128.0,,0.0,0,0,0.0,0.0
50n_20p_seed1,0.2,1,477503000,2,TRACE,tx,476739,2,benign,0,15,393,3,19,256,137,137,-75,7,0,476.739,480,50n_20p_seed1_t00480,393.0,393.0,,0.0,3,3,283.0,1.0
50n_20p_seed1,0.2,1,480356000,3,TRACE,tx,479715,3,benign,0,14,263,2,6,128,135,135,-91,11,0,479.715,480,50n_20p_seed1_t00480,263.0,263.0,,0.0,2,2,164.5,1.0
50n_20p_seed1,0.2,1,470971000,4,TRACE,periodic,470001,4,benign,0,14,399,3,21,256,143,143,-84,12,0,470.001,480,50n_20p_seed1_t00480,399.0,399.0,,0.0,2,2,459.0,1.0
50n_20p_seed1,0.2,1,470065000,5,TRACE,periodic,470001,5,benign,0,15,262,2,22,128,134,134,-89,13,0,470.001,480,50n_20p_seed1_t00480,262.0,262.0,,0.0,2,2,1.8446744073709552e+19,1.0
50n_20p_seed1,0.2,1,470815000,6,TRACE,periodic,470001,6,attacker,1,16,384,3,21,256,128,128,-80,13,0,470.001,480,50n_20p_seed1_t00480,128.0,384.0,512.0,256.0,2,2,321.5,1.0
50n_20p_seed1,0.2,1,477019000,7,TRACE,tx,476515,7,benign,0,15,280,2,22,128,152,152,-90,12,0,476.515,480,50n_20p_seed1_t00480,280.0,280.0,,0.0,2,2,11.5,1.0
50n_20p_seed1,0.2,1,470907000,8,TRACE,periodic,470001,8,benign,0,18,399,3,14,256,143,143,-86,10,0,470.001,480,50n_20p_seed1_t00480,399.0,399.0,,0.0,2,2,409.0,1.0
50n_20p_seed1,0.2,1,470240000,9,TRACE,periodic,470001,9,benign,0,15,392,3,15,256,136,136,-82,7,0,470.001,480,50n_20p_seed1_t00480,392.0,392.0,,0.0,1,1,1.8446744073709552e+19,1.0
50n_20p_seed1,0.2,1,477368000,10,TRACE,tx,477067,10,benign,0,15,400,3,27,256,144,144,-81,10,0,477.067,480,50n_20p_seed1_t00480,400.0,400.0,,0.0,2,2,1.8446744073709552e+19,1.0
50n_20p_seed1,0.2,1,470137000,11,TRACE,periodic,470001,11,benign,0,15,394,3,14,256,138,138,-91,13,0,470.001,480,50n_20p_seed1_t00480,394.0,394.0,,0.0,2,2,1.8446744073709552e+19,1.0
50n_20p_seed1,0.2,1,475339000,12,TRACE,tx,474341,12,benign,0,15,275,2,29,128,147,147,-90,17,0,474.341,480,50n_20p_seed1_t00480,275.0,275.0,,0.0,3,3,516.3333333333334,1.0
50n_20p_seed1,0.2,1,470541000,13,TRACE,periodic,470001,13,benign,0,15,263,2,1,128,135,135,-83,19,0,470.001,480,50n_20p_seed1_t00480,263.0,263.0,,0.0,2,2,22.0,1.0
50n_20p_seed1,0.2,1,470692000,14,TRACE,periodic,470001,14,benign,0,16,256,2,1,128,128,128,-82,19,0,470.001,480,50n_20p_seed1_t00480,256.0,256.0,,0.0,3,3,150.0,1.0
50n_20p_seed1,0.2,1,470346000,15,TRACE,periodic,470001,15,benign,0,15,256,2,1,128,128,128,-94,18,0,470.001,480,50n_20p_seed1_t00480,256.0,256.0,,0.0,1,1,1.8446744073709552e+19,1.0
50n_20p_seed1,0.2,1,472961000,16,TRACE,tx,472100,16,benign,0,15,398,3,14,256,142,142,-73,15,0,472.1,480,50n_20p_seed1_t00480,398.0,398.0,,0.0,2,2,341.0,1.0
50n_20p_seed1,0.2,1,478270000,17,TRACE,tx,478185,17,benign,0,15,262,2,32,128,134,134,-91,10,0,478.185,480,50n_20p_seed1_t00480,262.0,262.0,,0.0,2,2,1.8446744073709552e+19,1.0
50n_20p_seed1,0.2,1,470252000,18,TRACE,periodic,470001,18,benign,0,16,399,3,27,256,143,143,-56,12,0,470.001,480,50n_20p_seed1_t00480,399.0,399.0,,0.0,2,2,1.8446744073709552e+19,1.0
50n_20p_seed1,0.2,1,471302000,19,TRACE,tx,470934,19,benign,0,15,256,2,36,128,128,128,-92,17,0,470.934,480,50n_20p_seed1_t00480,256.0,256.0,,0.0,2,2,1.8446744073709552e+19,1.0
50n_20p_seed1,0.2,1,470013000,20,TRACE,periodic,470001,20,benign,0,16,282,2,1,128,154,154,-63,22,0,470.001,480,50n_20p_seed1_t00480,282.0,282.0,,0.0,2,2,1.8446744073709552e+19,1.0
50n_20p_seed1,0.2,1,470926000,21,TRACE,periodic,470001,21,benign,0,15,256,2,1,128,128,128,-51,21,0,470.001,480,50n_20p_seed1_t00480,256.0,256.0,,0.0,2,2,399.0,1.0
50n_20p_seed1,0.2,1,470721000,22,TRACE,periodic,470001,22,attacker,1,16,256,2,1,128,128,128,-47,23,0,470.001,480,50n_20p_seed1_t00480,128.0,256.0,512.0,128.0,1,1,282.0,1.0
50n_20p_seed1,0.2,1,470290000,23,TRACE,periodic,470001,23,benign,0,16,267,2,1,128,139,139,-65,23,0,470.001,480,50n_20p_seed1_t00480,267.0,267.0,,0.0,2,2,1.8446744073709552e+19,1.0
50n_20p_seed1,0.2,1,470180000,24,TRACE,periodic,470001,24,benign,0,14,273,2,32,128,145,145,-44,17,0,470.001,480,50n_20p_seed1_t00480,273.0,273.0,,0.0,2,2,1.8446744073709552e+19,1.0
50n_20p_seed1,0.2,1,470483000,25,TRACE,periodic,470001,25,benign,0,16,268,2,22,128,140,140,-94,13,0,470.001,480,50n_20p_seed1_t00480,268.0,268.0,,0.0,2,2,1.8446744073709552e+19,1.0
50n_20p_seed1,0.2,1,470427000,26,TRACE,periodic,470001,26,benign,0,16,264,2,36,128,136,136,-74,11,0,470.001,480,50n_20p_seed1_t00480,264.0,264.0,,0.0,2,2,1.8446744073709552e+19,1.0
50n_20p_seed1,0.2,1,470666000,27,TRACE,periodic,470001,27,benign,0,17,256,2,1,128,128,128,-88,18,0,470.001,480,50n_20p_seed1_t00480,256.0,256.0,,0.0,3,3,137.66666666666666,1.0
50n_20p_seed1,0.2,1,470421000,28,TRACE,periodic,470001,28,benign,0,17,269,2,1,128,141,141,-50,21,0,470.001,480,50n_20p_seed1_t00480,269.0,269.0,,0.0,1,1,1.8446744073709552e+19,1.0
50n_20p_seed1,0.2,1,478294000,29,TRACE,tx,478257,29,attacker,1,15,256,2,1,128,128,128,-25,21,0,478.257,480,50n_20p_seed1_t00480,128.0,256.0,512.0,128.0,2,2,1.8446744073709552e+19,1.0
50n_20p_seed1,0.2,1,473760000,30,TRACE,tx,473709,30,benign,0,15,271,2,1,128,143,143,-19,21,0,473.709,480,50n_20p_seed1_t00480,271.0,271.0,,0.0,2,2,1.8446744073709552e+19,1.0
50n_20p_seed1,0.2,1,470714000,31,TRACE,periodic,470001,31,benign,0,15,278,2,1,128,150,150,-59,21,0,470.001,480,50n_20p_seed1_t00480,278.0,278.0,,0.0,2,2,203.0,1.0
50n_20p_seed1,0.2,1,480742000,32,TRACE,periodic,480000,32,attacker,1,17,256,2,1,128,128,128,-81,18,0,480.0,480,50n_20p_seed1_t00480,128.0,256.0,512.0,128.0,2,2,225.5,1.0
50n_20p_seed1,0.2,1,470109000,33,TRACE,periodic,470001,33,attacker,1,15,265,2,47,128,137,137,-92,13,0,470.001,480,50n_20p_seed1_t00480,128.0,265.0,512.0,137.0,1,2,1.8446744073709552e+19,2.0
50n_20p_seed1,0.2,1,470836000,34,TRACE,periodic,470001,34,benign,0,16,278,2,36,128,150,150,-71,11,0,470.001,480,50n_20p_seed1_t00480,278.0,278.0,,0.0,1,1,315.0,1.0
50n_20p_seed1,0.2,1,470612000,35,TRACE,periodic,470001,35,benign,0,15,264,2,29,128,136,136,-81,16,0,470.001,480,50n_20p_seed1_t00480,264.0,264.0,,0.0,2,2,97.0,1.0
50n_20p_seed1,0.2,1,470684000,36,TRACE,periodic,470001,36,attacker,1,16,256,2,1,128,128,128,-66,18,0,470.001,480,50n_20p_seed1_t00480,128.0,256.0,512.0,128.0,2,2,171.0,1.0
50n_20p_seed1,0.2,1,470183000,37,TRACE,periodic,470001,37,benign,0,15,271,2,1,128,143,143,-42,18,0,470.001,480,50n_20p_seed1_t00480,271.0,271.0,,0.0,2,3,1.8446744073709552e+19,1.5
50n_20p_seed1,0.2,1,470971000,38,TRACE,periodic,470001,38,attacker,1,16,269,2,1,128,141,141,-49,19,0,470.001,480,50n_20p_seed1_t00480,128.0,271.0,512.0,143.0,2,2,457.5,1.0
50n_20p_seed1,0.2,1,470139000,39,TRACE,periodic,470001,39,benign,0,15,256,2,1,128,128,128,-73,18,0,470.001,480,50n_20p_seed1_t00480,256.0,256.0,,0.0,1,1,1.8446744073709552e+19,1.0
50n_20p_seed1,0.2,1,480110000,40,TRACE,tx,479908,40,benign,0,17,260,2,1,128,132,132,-90,16,0,479.908,480,50n_20p_seed1_t00480,260.0,260.0,,0.0,3,3,1.8446744073709552e+19,1.0
50n_20p_seed1,0.2,1,471658000,41,TRACE,tx,471269,41,benign,0,16,404,3,39,256,148,148,-64,10,0,471.269,480,50n_20p_seed1_t00480,404.0,404.0,,0.0,2,2,1.8446744073709552e+19,1.0
50n_20p_seed1,0.2,1,470837000,42,TRACE,periodic,470001,42,benign,0,16,264,2,36,128,136,136,-78,8,0,470.001,480,50n_20p_seed1_t00480,264.0,264.0,,0.0,2,2,328.0,1.0
50n_20p_seed1,0.2,1,477910000,43,TRACE,tx,477697,43,benign,0,16,269,2,36,128,141,141,-52,12,0,477.697,480,50n_20p_seed1_t00480,269.0,269.0,,0.0,2,2,1.8446744073709552e+19,1.0
50n_20p_seed1,0.2,1,470421000,44,TRACE,periodic,470001,44,attacker,1,15,256,2,29,128,128,128,-91,13,0,470.001,480,50n_20p_seed1_t00480,128.0,256.0,512.0,128.0,1,1,1.8446744073709552e+19,1.0
50n_20p_seed1,0.2,1,470792000,45,TRACE,periodic,470001,45,benign,0,15,264,2,1,128,136,136,-81,13,0,470.001,480,50n_20p_seed1_t00480,264.0,264.0,,0.0,1,1,286.0,1.0
50n_20p_seed1,0.2,1,470201000,46,TRACE,periodic,470001,46,benign,0,17,262,2,1,128,134,134,-82,15,0,470.001,480,50n_20p_seed1_t00480,262.0,262.0,,0.0,2,2,1.8446744073709552e+19,1.0
50n_20p_seed1,0.2,1,479962000,47,TRACE,tx,479538,47,attacker,1,15,265,2,1,128,137,137,-92,14,0,479.538,480,50n_20p_seed1_t00480,128.0,265.0,512.0,137.0,3,3,1.8446744073709552e+19,1.0
50n_20p_seed1,0.2,1,470290000,48,TRACE,periodic,470001,48,benign,0,15,263,2,32,128,135,135,-84,10,0,470.001,480,50n_20p_seed1_t00480,263.0,263.0,,0.0,2,2,1.8446744073709552e+19,1.0
50n_20p_seed1,0.2,1,474885000,49,TRACE,tx,474191,49,benign,0,15,262,2,32,128,134,134,-91,7,0,474.191,480,50n_20p_seed1_t00480,262.0,262.0,,0.0,3,3,178.0,1.0
50n_20p_seed1,0.2,1,470998000,50,TRACE,periodic,470001,50,attacker,1,14,268,2,44,128,140,140,-73,5,0,470.001,480,50n_20p_seed1_t00480,128.0,268.0,512.0,140.0,2,2,520.5,1.0
50n_20p_seed1,0.2,1,540344760,1,TRACE,rx,539796,1,root,0,17,128,1,0,65535,65535,65535,32767,21,18446744073709551373,539.796,540,50n_20p_seed1_t00540,128.0,128.0,,0.0,0,0,0.0,0.0
50n_20p_seed1,0.2,1,530765000,2,TRACE,periodic,530001,2,benign,0,18,390,3,19,256,134,134,-75,7,0,530.001,540,50n_20p_seed1_t00540,390.0,390.0,,0.0,2,2,307.5,1.0
50n_20p_seed1,0.2,1,540486000,3,TRACE,tx,539845,3,benign,0,16,261,2,6,128,133,133,-91,11,0,539.845,540,50n_20p_seed1_t00540,261.0,261.0,,0.0,2,1,193.0,0.5
50n_20p_seed1,0.2,1,530971000,4,TRACE,periodic,530001,4,benign,0,16,395,3,21,256,139,139,-84,12,0,530.001,540,50n_20p_seed1_t00540,395.0,395.0,,0.0,2,2,486.0,1.0
50n_20p_seed1,0.2,1,530065000,5,TRACE,periodic,530001,5,benign,0,17,260,2,22,128,132,132,-89,13,0,530.001,540,50n_20p_seed1_t00540,260.0,260.0,,0.0,2,2,1.8446744073709552e+19,1.0
50n_20p_seed1,0.2,1,536149000,6,TRACE,tx,535335,6,attacker,1,17,384,3,21,256,128,128,-80,13,0,535.335,540,50n_20p_seed1_t00540,128.0,384.0,512.0,256.0,2,2,325.0,1.0
50n_20p_seed1,0.2,1,530505000,7,TRACE,periodic,530001,7,benign,0,17,274,2,22,128,146,146,-90,12,0,530.001,540,50n_20p_seed1_t00540,274.0,274.0,,0.0,1,1,1.8446744073709552e+19,1.0
50n_20p_seed1,0.2,1,540514000,8,TRACE,tx,539608,8,benign,0,19,397,3,14,256,141,141,-86,10,0,539.608,540,50n_20p_seed1_t00540,397.0,397.0,,0.0,2,1,412.0,0.5
50n_20p_seed1,0.2,1,530240000,9,TRACE,periodic,530001,9,benign,0,17,390,3,15,256,134,134,-82,7,0,530.001,540,50n_20p_seed1_t00540,390.0,390.0,,0.0,2,2,1.8446744073709552e+19,1.0
50n_20p_seed1,0.2,1,530302000,10,TRACE,periodic,530001,10,benign,0,17,396,3,27,256,140,140,-81,10,0,530.001,540,50n_20p_seed1_t00540,396.0,396.0,,0.0,1,1,1.8446744073709552e+19,1.0
50n_20p_seed1,0.2,1,530137000,11,TRACE,periodic,530001,11,benign,0,17,392,3,14,256,136,136,-91,13,0,530.001,540,50n_20p_seed1_t00540,392.0,392.0,,0.0,2,2,1.8446744073709552e+19,1.0
50n_20p_seed1,0.2,1,539582000,12,TRACE,tx,538584,12,benign,0,17,271,2,29,128,143,143,-90,17,0,538.584,540,50n_20p_seed1_t00540,271.0,271.0,,0.0,2,2,512.5,1.0
50n_20p_seed1,0.2,1,536151000,13,TRACE,tx,535611,13,benign,0,16,262,2,1,128,134,134,-83,19,0,535.611,540,50n_20p_seed1_t00540,262.0,262.0,,0.0,2,2,9.223372036854776e+18,1.0
50n_20p_seed1,0.2,1,530692000,14,TRACE,periodic,530001,14,benign,0,17,256,2,1,128,128,128,-82,19,0,530.001,540,50n_20p_seed1_t00540,256.0,256.0,,0.0,1,1,173.0,1.0
50n_20p_seed1,0.2,1,530346000,15,TRACE,periodic,530001,15,benign,0,17,256,2,1,128,128,128,-94,18,0,530.001,540,50n_20p_seed1_t00540,256.0,256.0,,0.0,2,2,1.8446744073709552e+19,1.0
50n_20p_seed1,0.2,1,530862000,16,TRACE,periodic,530001,16,benign,0,18,393,3,14,256,137,137,-73,15,0,530.001,540,50n_20p_seed1_t00540,393.0,393.0,,0.0,2,2,372.0,1.0
50n_20p_seed1,0.2,1,530311000,17,TRACE,tx,530226,17,benign,0,17,260,2,32,128,132,132,-91,10,0,530.226,540,50n_20p_seed1_t00540,260.0,260.0,,0.0,2,2,1.8446744073709552e+19,1.0
50n_20p_seed1,0.2,1,530252000,18,TRACE,periodic,530001,18,benign,0,18,395,3,27,256,139,139,-56,12,0,530.001,540,50n_20p_seed1_t00540,395.0,395.0,,0.0,2,2,1.8446744073709552e+19,1.0
50n_20p_seed1,0.2,1,536013000,19,TRACE,tx,535645,19,benign,0,17,256,2,36,128,128,128,-92,17,0,535.645,540,50n_20p_seed1_t00540,256.0,256.0,,0.0,2,2,1.8446744073709552e+19,1.0
50n_20p_seed1,0.2,1,531471000,20,TRACE,tx,531459,20,benign,0,17,279,2,1,128,151,151,-63,22,0,531.459,540,50n_20p_seed1_t00540,279.0,279.0,,0.0,2,2,1.8446744073709552e+19,1.0
50n_20p_seed1,0.2,1,530926000,21,TRACE,periodic,530001,21,benign,0,17,256,2,1,128,128,128,-51,21,0,530.001,540,50n_20p_seed1_t00540,256.0,256.0,,0.0,2,2,417.5,1.0
50n_20p_seed1,0.2,1,530721000,22,TRACE,periodic,530001,22,attacker,1,18,256,2,1,128,128,128,-47,23,0,530.001,540,50n_20p_seed1_t00540,128.0,256.0,512.0,128.0,2,2,185.5,1.0
50n_20p_seed1,0.2,1,530290000,23,TRACE,periodic,530001,23,benign,0,17,265,2,1,128,137,137,-65,23,0,530.001,540,50n_20p_seed1_t00540,265.0,265.0,,0.0,1,2,1.8446744073709552e+19,2.0
50n_20p_seed1,0.2,1,536884048,24,TRACE,tx,536705,24,benign,0,16,269,2,32,128,141,141,-44,17,0,536.705,540,50n_20p_seed1_t00540,269.0,269.0,,0.0,3,3,1.8446744073709552e+19,1.0
50n_20p_seed1,0.2,1,530483000,25,TRACE,periodic,530001,25,benign,0,18,265,2,22,128,137,137,-94,13,0,530.001,540,50n_20p_seed1_t00540,265.0,265.0,,0.0,2,2,1.8446744073709552e+19,1.0
50n_20p_seed1,0.2,1,530427000,26,TRACE,periodic,530001,26,benign,0,18,262,2,36,128,134,134,-74,11,0,530.001,540,50n_20p_seed1_t00540,262.0,262.0,,0.0,2,2,1.8446744073709552e+19,1.0
50n_20p_seed1,0.2,1,530666000,27,TRACE,periodic,530001,27,benign,0,19,256,2,1,128,128,128,-88,18,0,530.001,540,50n_20p_seed1_t00540,256.0,256.0,,0.0,2,2,138.0,1.0
50n_20p_seed1,0.2,1,530421000,28,TRACE,periodic,530001,28,benign,0,19,265,2,1,128,137,137,-50,21,0,530.001,540,50n_20p_seed1_t00540,265.0,265.0,,0.0,2,2,1.8446744073709552e+19,1.0
50n_20p_seed1,0.2,1,530038000,29,TRACE,periodic,530001,29,attacker,1,18,256,2,1,128,128,128,-25,21,0,530.001,540,50n_20p_seed1_t00540,128.0,256.0,512.0,128.0,2,2,1.8446744073709552e+19,1.0
50n_20p_seed1,0.2,1,530052000,30,TRACE,periodic,530001,30,benign,0,18,265,2,1,128,137,137,-19,21,0,530.001,540,50n_20p_seed1_t00540,265.0,265.0,,0.0,2,2,1.8446744073709552e+19,1.0
50n_20p_seed1,0.2,1,530714000,31,TRACE,periodic,530001,31,benign,0,17,273,2,1,128,145,145,-59,21,0,530.001,540,50n_20p_seed1_t00540,273.0,273.0,,0.0,2,2,199.5,1.0
50n_20p_seed1,0.2,1,540742000,32,TRACE,periodic,540000,32,attacker,1,18,273,2,1,128,145,145,-81,18,0,540.0,540,50n_20p_seed1_t00540,128.0,273.0,512.0,145.0,1,1,200.0,1.0
50n_20p_seed1,0.2,1,537076000,33,TRACE,tx,536968,33,attacker,1,17,263,2,47,128,135,135,-92,13,0,536.968,540,50n_20p_seed1_t00540,128.0,263.0,512.0,135.0,3,2,1.8446744073709552e+19,0.6666666666666666
50n_20p_seed1,0.2,1,539957000,34,TRACE,tx,539122,34,benign,0,18,273,2,36,128,145,145,-71,11,0,539.122,540,50n_20p_seed1_t00540,273.0,273.0,,0.0,3,3,330.6666666666667,1.0
50n_20p_seed1,0.2,1,536817000,35,TRACE,tx,536206,35,benign,0,16,263,2,29,128,135,135,-81,16,0,536.206,540,50n_20p_seed1_t00540,263.0,263.0,,0.0,2,2,113.5,1.0
50n_20p_seed1,0.2,1,530684000,36,TRACE,periodic,530001,36,attacker,1,18,256,2,1,128,128,128,-66,18,0,530.001,540,50n_20p_seed1_t00540,128.0,268.0,512.0,140.0,2,2,171.5,1.0
50n_20p_seed1,0.2,1,530183000,37,TRACE,periodic,530001,37,benign,0,17,267,2,1,128,139,139,-42,18,0,530.001,540,50n_20p_seed1_t00540,267.0,267.0,,0.0,2,1,1.8446744073709552e+19,0.5
50n_20p_seed1,0.2,1,530971000,38,TRACE,periodic,530001,38,attacker,1,18,265,2,1,128,137,137,-49,19,0,530.001,540,50n_20p_seed1_t00540,128.0,265.0,512.0,137.0,2,2,451.0,1.0
50n_20p_seed1,0.2,1,530139000,39,TRACE,periodic,530001,39,benign,0,17,256,2,1,128,128,128,-73,18,0,530.001,540,50n_20p_seed1_t00540,256.0,256.0,,0.0,2,2,1.8446744073709552e+19,1.0
50n_20p_seed1,0.2,1,535375000,40,TRACE,tx,535173,40,benign,0,19,258,2,1,128,130,130,-90,16,0,535.173,540,50n_20p_seed1_t00540,258.0,258.0,,0.0,2,2,1.8446744073709552e+19,1.0
50n_20p_seed1,0.2,1,530390000,41,TRACE,periodic,530001,41,benign,0,19,398,3,39,256,142,142,-64,10,0,530.001,540,50n_20p_seed1_t00540,398.0,398.0,,0.0,2,2,1.8446744073709552e+19,1.0
50n_20p_seed1,0.2,1,530952000,42,TRACE,tx,530116,42,benign,0,17,263,2,36,128,135,135,-78,8,0,530.116,540,50n_20p_seed1_t00540,263.0,263.0,,0.0,2,2,309.5,1.0
50n_20p_seed1,0.2,1,530214000,43,TRACE,periodic,530001,43,benign,0,18,265,2,36,128,137,137,-52,12,0,530.001,540,50n_20p_seed1_t00540,265.0,265.0,,0.0,1,1,1.8446744073709552e+19,1.0
50n_20p_seed1,0.2,1,530421000,44,TRACE,periodic,530001,44,attacker,1,17,278,2,29,128,150,150,-91,13,0,530.001,540,50n_20p_seed1_t00540,128.0,278.0,512.0,150.0,2,2,1.8446744073709552e+19,1.0
50n_20p_seed1,0.2,1,533891000,45,TRACE,tx,533100,45,benign,0,17,262,2,1,128,134,134,-81,13,0,533.1,540,50n_20p_seed1_t00540,262.0,262.0,,0.0,3,3,265.3333333333333,1.0
50n_20p_seed1,0.2,1,537456000,46,TRACE,tx,537256,46,benign,0,19,260,2,1,128,132,132,-82,15,0,537.256,540,50n_20p_seed1_t00540,260.0,260.0,,0.0,3,3,1.8446744073709552e+19,1.0
50n_20p_seed1,0.2,1,530425000,47,TRACE,periodic,530001,47,attacker,1,17,261,2,1,128,133,133,-92,14,0,530.001,540,50n_20p_seed1_t00540,128.0,260.0,512.0,132.0,1,1,1.8446744073709552e+19,1.0
50n_20p_seed1,0.2,1,530290000,48,TRACE,periodic,530001,48,benign,0,17,261,2,32,128,133,133,-84,10,0,530.001,540,50n_20p_seed1_t00540,261.0,261.0,,0.0,2,2,1.8446744073709552e+19,1.0
50n_20p_seed1,0.2,1,530695000,49,TRACE,periodic,530001,49,benign,0,18,259,2,32,128,131,131,-91,7,0,530.001,540,50n_20p_seed1_t00540,259.0,259.0,,0.0,2,2,213.0,1.0
50n_20p_seed1,0.2,1,530998000,50,TRACE,periodic,530001,50,attacker,1,16,265,2,44,128,137,137,-73,5,0,530.001,540,50n_20p_seed1_t00540,128.0,265.0,512.0,137.0,2,2,526.5,1.0
50n_30p_seed1,0.3,1,60060952,1,TRACE,rx,59512,1,root,0,1,128,1,0,65535,65535,65535,32767,21,56,59.512,60,50n_30p_seed1_t00060,128.0,128.0,,0.0,0,0,0.0,0.0
50n_30p_seed1,0.3,1,57612000,2,TRACE,tx,56848,2,benign,0,0,355,2,18,128,227,227,-75,7,0,56.848,60,50n_30p_seed1_t00060,355.0,355.0,,0.0,1,1,285.0,1.0
50n_30p_seed1,0.3,1,50642000,3,TRACE,periodic,50001,3,benign,0,1,305,2,13,128,177,177,-81,11,0,50.001,60,50n_30p_seed1_t00060,305.0,305.0,,0.0,1,1,149.0,1.0
50n_30p_seed1,0.3,1,50971000,4,TRACE,periodic,50001,4,benign,0,1,519,4,21,319,200,200,-84,12,0,50.001,60,50n_30p_seed1_t00060,519.0,519.0,,0.0,1,1,469.0,1.0
50n_30p_seed1,0.3,1,57287000,5,TRACE,tx,57223,5,benign,0,1,302,2,20,128,174,174,-83,13,0,57.223,60,50n_30p_seed1_t00060,302.0,302.0,,0.0,2,2,1.8446744073709552e+19,1.0
50n_30p_seed1,0.3,1,55744000,6,TRACE,tx,54930,6,benign,0,1,334,2,13,128,206,206,-48,13,0,54.93,60,50n_30p_seed1_t00060,334.0,334.0,,0.0,2,2,341.5,1.0
50n_30p_seed1,0.3,1,59961000,7,TRACE,tx,59457,7,benign,0,1,295,2,24,128,167,167,-89,12,0,59.457,60,50n_30p_seed1_t00060,295.0,295.0,,0.0,2,2,48.5,1.0
50n_30p_seed1,0.3,1,57977000,8,TRACE,tx,57071,8,benign,0,1,342,2,15,128,214,214,-61,10,0,57.071,60,50n_30p_seed1_t00060,342.0,342.0,,0.0,2,2,399.5,1.0
50n_30p_seed1,0.3,1,54694000,9,TRACE,tx,54455,9,attacker,1,1,304,2,15,128,176,176,-82,7,0,54.455,60,50n_30p_seed1_t00060,128.0,304.0,512.0,176.0,2,2,1.8446744073709552e+19,1.0
50n_30p_seed1,0.3,1,57465000,10,TRACE,tx,57164,10,benign,0,1,481,3,27,269,212,212,-81,10,0,57.164,60,50n_30p_seed1_t00060,481.0,481.0,,0.0,2,2,1.8446744073709552e+19,1.0
50n_30p_seed1,0.3,1,50137000,11,TRACE,periodic,50001,11,benign,0,1,449,3,14,283,166,166,-91,13,0,50.001,60,50n_30p_seed1_t00060,449.0,449.0,,0.0,1,1,1.8446744073709552e+19,1.0
50n_30p_seed1,0.3,1,50999000,12,TRACE,periodic,50001,12,benign,0,1,446,3,27,275,171,171,-86,17,0,50.001,60,50n_30p_seed1_t00060,446.0,446.0,,0.0,1,1,500.0,1.0
50n_30p_seed1,0.3,1,59935000,13,TRACE,tx,59395,13,attacker,1,1,281,2,1,128,153,153,-83,19,0,59.395,60,50n_30p_seed1_t00060,128.0,288.0,512.0,160.0,2,2,16.5,1.0
50n_30p_seed1,0.3,1,50692000,14,TRACE,periodic,50001,14,benign,0,1,283,2,1,128,155,155,-82,19,0,50.001,60,50n_30p_seed1_t00060,283.0,283.0,,0.0,1,1,168.0,1.0
50n_30p_seed1,0.3,1,50346000,15,TRACE,periodic,50001,15,attacker,1,1,274,2,1,128,146,146,-94,18,0,50.001,60,50n_30p_seed1_t00060,128.0,274.0,512.0,146.0,1,1,1.8446744073709552e+19,1.0
50n_30p_seed1,0.3,1,53202000,16,TRACE,tx,52341,16,benign,0,1,471,3,14,283,188,188,-73,15,0,52.341,60,50n_30p_seed1_t00060,471.0,471.0,,0.0,2,2,370.5,1.0
50n_30p_seed1,0.3,1,50086000,17,TRACE,periodic,50001,17,benign,0,1,372,2,32,128,244,244,-91,10,0,50.001,60,50n_30p_seed1_t00060,372.0,372.0,,0.0,1,1,1.8446744073709552e+19,1.0
50n_30p_seed1,0.3,1,50252000,18,TRACE,periodic,50001,18,attacker,1,1,307,2,20,128,179,179,-75,12,0,50.001,60,50n_30p_seed1_t00060,128.0,307.0,512.0,179.0,1,1,1.8446744073709552e+19,1.0
50n_30p_seed1,0.3,1,50369000,19,TRACE,periodic,50001,19,benign,0,1,529,4,36,311,218,218,-92,17,0,50.001,60,50n_30p_seed1_t00060,529.0,529.0,,0.0,1,1,1.8446744073709552e+19,1.0
50n_30p_seed1,0.3,1,50013000,20,TRACE,periodic,50001,20,attacker,1,2,299,2,1,128,171,171,-63,22,0,50.001,60,50n_30p_seed1_t00060,128.0,294.0,512.0,166.0,2,2,1.8446744073709552e+19,1.0
50n_30p_seed1,0.3,1,50926000,21,TRACE,periodic,50001,21,benign,0,1,319,2,1,128,191,191,-51,21,0,50.001,60,50n_30p_seed1_t00060,319.0,319.0,,0.0,1,1,401.0,1.0
50n_30p_seed1,0.3,1,53282000,22,TRACE,tx,52562,22,benign,0,1,334,2,1,128,206,206,-47,23,0,52.562,60,50n_30p_seed1_t00060,334.0,334.0,,0.0,2,2,189.5,1.0
50n_30p_seed1,0.3,1,55962000,23,TRACE,tx,55673,23,benign,0,1,327,2,1,128,199,199,-65,23,0,55.673,60,50n_30p_seed1_t00060,327.0,327.0,,0.0,2,2,1.8446744073709552e+19,1.0
50n_30p_seed1,0.3,1,50180000,24,TRACE,periodic,50001,24,attacker,1,1,292,2,39,128,164,164,-84,17,0,50.001,60,50n_30p_seed1_t00060,128.0,296.0,512.0,168.0,1,1,1.8446744073709552e+19,1.0
50n_30p_seed1,0.3,1,58539000,25,TRACE,tx,58057,25,attacker,1,1,297,2,15,128,169,169,-87,13,0,58.057,60,50n_30p_seed1_t00060,128.0,297.0,512.0,169.0,2,2,1.8446744073709552e+19,1.0
50n_30p_seed1,0.3,1,50427000,26,TRACE,periodic,50001,26,benign,0,1,305,2,20,128,177,177,-81,11,0,50.001,60,50n_30p_seed1_t00060,305.0,305.0,,0.0,1,1,1.8446744073709552e+19,1.0
50n_30p_seed1,0.3,1,50666000,27,TRACE,periodic,50001,27,benign,0,1,271,2,1,128,143,143,-88,18,0,50.001,60,50n_30p_seed1_t00060,271.0,271.0,,0.0,1,1,141.0,1.0
50n_30p_seed1,0.3,1,50421000,28,TRACE,periodic,50001,28,benign,0,2,336,2,1,128,208,208,-50,21,0,50.001,60,50n_30p_seed1_t00060,336.0,336.0,,0.0,2,2,1.8446744073709552e+19,1.0
50n_30p_seed1,0.3,1,50038000,29,TRACE,periodic,50001,29,benign,0,1,292,2,1,128,164,164,-25,21,0,50.001,60,50n_30p_seed1_t00060,292.0,292.0,,0.0,1,1,1.8446744073709552e+19,1.0
50n_30p_seed1,0.3,1,50052000,30,TRACE,periodic,50001,30,benign,0,2,326,2,1,128,198,198,-19,21,0,50.001,60,50n_30p_seed1_t00060,326.0,326.0,,0.0,2,2,1.8446744073709552e+19,1.0
50n_30p_seed1,0.3,1,54483000,31,TRACE,tx,53770,31,benign,0,1,370,2,1,128,242,242,-59,21,0,53.77,60,50n_30p_seed1_t00060,370.0,370.0,,0.0,2,2,195.5,1.0
50n_30p_seed1,0.3,1,60742000,32,TRACE,periodic,60000,32,attacker,1,1,295,2,1,128,167,167,-81,18,0,60.0,60,50n_30p_seed1_t00060,128.0,295.0,512.0,167.0,1,1,228.0,1.0
50n_30p_seed1,0.3,1,50109000,33,TRACE,periodic,50001,33,benign,0,2,308,2,39,128,180,180,-74,13,0,50.001,60,50n_30p_seed1_t00060,308.0,308.0,,0.0,2,2,1.8446744073709552e+19,1.0
50n_30p_seed1,0.3,1,50836000,34,TRACE,periodic,50001,34,attacker,1,2,526,4,27,275,251,251,-53,11,0,50.001,60,50n_30p_seed1_t00060,128.0,520.0,512.0,392.0,2,2,327.0,1.0
50n_30p_seed1,0.3,1,58265000,35,TRACE,tx,57654,35,benign,0,1,481,3,29,292,189,189,-81,16,0,57.654,60,50n_30p_seed1_t00060,481.0,481.0,,0.0,2,2,118.0,1.0
50n_30p_seed1,0.3,1,50684000,36,TRACE,periodic,50001,36,benign,0,1,311,2,1,128,183,183,-66,18,0,50.001,60,50n_30p_seed1_t00060,311.0,311.0,,0.0,1,1,176.0,1.0
50n_30p_seed1,0.3,1,50183000,37,TRACE,periodic,50001,37,benign,0,1,334,2,1,128,206,206,-42,18,0,50.001,60,50n_30p_seed1_t00060,334.0,334.0,,0.0,1,1,1.8446744073709552e+19,1.0
50n_30p_seed1,0.3,1,50971000,38,TRACE,periodic,50001,38,attacker,1,2,326,2,1,128,198,198,-49,19,0,50.001,60,50n_30p_seed1_t00060,128.0,326.0,512.0,198.0,2,2,442.5,1.0
50n_30p_seed1,0.3,1,50139000,39,TRACE,periodic,50001,39,attacker,1,1,283,2,1,128,155,155,-73,18,0,50.001,60,50n_30p_seed1_t00060,128.0,280.0,512.0,152.0,1,1,1.8446744073709552e+19,1.0
50n_30p_seed1,0.3,1,50203000,40,TRACE,periodic,50001,40,benign,0,2,290,2,1,128,162,162,-90,16,0,50.001,60,50n_30p_seed1_t00060,290.0,290.0,,0.0,2,2,1.8446744073709552e+19,1.0
50n_30p_seed1,0.3,1,50390000,41,TRACE,periodic,50001,41,attacker,1,2,320,2,39,128,192,192,-64,10,0,50.001,60,50n_30p_seed1_t00060,128.0,320.0,512.0,192.0,2,2,1.8446744073709552e+19,1.0
50n_30p_seed1,0.3,1,54718000,42,TRACE,tx,53882,42,attacker,1,1,442,3,27,269,173,173,-84,8,0,53.882,60,50n_30p_seed1_t00060,128.0,448.0,512.0,320.0,2,2,314.5,1.0
50n_30p_seed1,0.3,1,57420000,43,TRACE,tx,57207,43,attacker,1,1,465,3,46,299,166,166,-93,12,0,57.207,60,50n_30p_seed1_t00060,128.0,465.0,512.0,337.0,2,2,1.8446744073709552e+19,1.0
50n_30p_seed1,0.3,1,50421000,44,TRACE,periodic,50001,44,attacker,1,2,468,3,29,306,162,162,-91,13,0,50.001,60,50n_30p_seed1_t00060,128.0,472.0,512.0,344.0,2,2,1.8446744073709552e+19,1.0
50n_30p_seed1,0.3,1,50792000,45,TRACE,periodic,50001,45,benign,0,1,305,2,1,128,177,177,-81,13,0,50.001,60,50n_30p_seed1_t00060,305.0,305.0,,0.0,1,1,261.0,1.0
50n_30p_seed1,0.3,1,50201000,46,TRACE,periodic,50001,46,benign,0,2,299,2,1,128,171,171,-82,15,0,50.001,60,50n_30p_seed1_t00060,299.0,299.0,,0.0,2,2,1.8446744073709552e+19,1.0
50n_30p_seed1,0.3,1,50425000,47,TRACE,periodic,50001,47,benign,0,1,294,2,1,128,166,166,-92,14,0,50.001,60,50n_30p_seed1_t00060,294.0,294.0,,0.0,1,1,1.8446744073709552e+19,1.0
50n_30p_seed1,0.3,1,57602000,48,TRACE,tx,57313,48,benign,0,1,334,2,39,128,206,206,-57,10,0,57.313,60,50n_30p_seed1_t00060,334.0,334.0,,0.0,2,2,1.8446744073709552e+19,1.0
50n_30p_seed1,0.3,1,53396000,49,TRACE,tx,52702,49,benign,0,0,320,2,39,128,192,192,-75,7,0,52.702,60,50n_30p_seed1_t00060,320.0,320.0,,0.0,1,1,179.0,1.0
50n_30p_seed1,0.3,1,50998000,50,TRACE,periodic,50001,50,benign,0,1,316,2,44,128,188,188,-73,5,0,50.001,60,50n_30p_seed1_t00060,316.0,316.0,,0.0,1,1,552.0,1.0
50n_30p_seed1,0.3,1,120398728,1,TRACE,rx,119850,1,root,0,3,128,1,0,65535,65535,65535,32767,21,227,119.85,120,50n_30p_seed1_t00120,128.0,128.0,,0.0,0,0,0.0,0.0
50n_30p_seed1,0.3,1,110765000,2,TRACE,periodic,110001,2,benign,0,3,328,2,18,128,200,200,-75,7,0,110.001,120,50n_30p_seed1_t00120,328.0,328.0,,0.0,2,2,305.0,1.0
50n_30p_seed1,0.3,1,110642000,3,TRACE,periodic,110001,3,benign,0,3,295,2,13,128,167,167,-81,11,0,110.001,120,50n_30p_seed1_t00120,295.0,295.0,,0.0,2,2,177.0,1.0
50n_30p_seed1,0.3,1,110971000,4,TRACE,periodic,110001,4,benign,0,3,486,3,21,301,185,185,-84,12,0,110.001,120,50n_30p_seed1_t00120,486.0,486.0,,0.0,2,2,472.0,1.0
50n_30p_seed1,0.3,1,116744000,5,TRACE,tx,116680,5,benign,0,3,292,2,20,128,164,164,-83,13,0,116.68,120,50n_30p_seed1_t00120,292.0,292.0,,0.0,2,2,1.8446744073709552e+19,1.0
50n_30p_seed1,0.3,1,112575000,6,TRACE,tx,111761,6,benign,0,3,319,2,13,128,191,191,-48,13,0,111.761,120,50n_30p_seed1_t00120,319.0,319.0,,0.0,2,2,322.5,1.0
50n_30p_seed1,0.3,1,110505000,7,TRACE,periodic,110001,7,benign,0,3,287,2,24,128,159,159,-89,12,0,110.001,120,50n_30p_seed1_t00120,287.0,287.0,,0.0,1,1,37.0,1.0
50n_30p_seed1,0.3,1,110907000,8,TRACE,periodic,110001,8,benign,0,4,318,2,15,128,190,190,-61,10,0,110.001,120,50n_30p_seed1_t00120,318.0,318.0,,0.0,2,2,409.5,1.0
50n_30p_seed1,0.3,1,110240000,9,TRACE,periodic,110001,9,attacker,1,3,294,2,15,128,166,166,-82,7,0,110.001,120,50n_30p_seed1_t00120,128.0,294.0,512.0,166.0,1,1,1.8446744073709552e+19,1.0
50n_30p_seed1,0.3,1,115250000,10,TRACE,tx,114949,10,benign,0,3,452,3,27,257,195,195,-81,10,0,114.949,120,50n_30p_seed1_t00120,452.0,452.0,,0.0,2,2,1.8446744073709552e+19,1.0
50n_30p_seed1,0.3,1,110137000,11,TRACE,periodic,110001,11,benign,0,3,430,3,14,272,158,158,-91,13,0,110.001,120,50n_30p_seed1_t00120,430.0,430.0,,0.0,2,2,1.8446744073709552e+19,1.0
50n_30p_seed1,0.3,1,110999000,12,TRACE,periodic,110001,12,benign,0,3,421,3,27,259,162,162,-86,17,0,110.001,120,50n_30p_seed1_t00120,421.0,421.0,,0.0,2,2,491.5,1.0
50n_30p_seed1,0.3,1,120382000,13,TRACE,tx,119842,13,attacker,1,3,267,2,1,128,139,139,-83,19,0,119.842,120,50n_30p_seed1_t00120,128.0,267.0,512.0,139.0,2,2,13.0,1.0
50n_30p_seed1,0.3,1,110692000,14,TRACE,periodic,110001,14,benign,0,3,268,2,1,128,140,140,-82,19,0,110.001,120,50n_30p_seed1_t00120,268.0,268.0,,0.0,2,2,170.0,1.0
50n_30p_seed1,0.3,1,110346000,15,TRACE,periodic,110001,15,attacker,1,3,261,2,1,128,133,133,-94,18,0,110.001,120,50n_30p_seed1_t00120,128.0,261.0,512.0,133.0,2,2,1.8446744073709552e+19,1.0
50n_30p_seed1,0.3,1,119043000,16,TRACE,tx,118182,16,benign,0,3,444,3,14,268,176,176,-73,15,0,118.182,120,50n_30p_seed1_t00120,444.0,444.0,,0.0,2,2,370.5,1.0
50n_30p_seed1,0.3,1,110086000,17,TRACE,periodic,110001,17,benign,0,3,349,2,32,128,221,221,-91,10,0,110.001,120,50n_30p_seed1_t00120,349.0,349.0,,0.0,2,2,1.8446744073709552e+19,1.0
50n_30p_seed1,0.3,1,110252000,18,TRACE,periodic,110001,18,attacker,1,3,284,2,20,128,156,156,-75,12,0,110.001,120,50n_30p_seed1_t00120,128.0,284.0,512.0,156.0,2,2,1.8446744073709552e+19,1.0
50n_30p_seed1,0.3,1,110369000,19,TRACE,periodic,110001,19,benign,0,3,495,3,36,295,200,200,-92,17,0,110.001,120,50n_30p_seed1_t00120,495.0,495.0,,0.0,2,2,1.8446744073709552e+19,1.0
50n_30p_seed1,0.3,1,110013000,20,TRACE,periodic,110001,20,attacker,1,4,266,2,1,128,138,138,-63,22,0,110.001,120,50n_30p_seed1_t00120,128.0,266.0,512.0,138.0,2,2,1.8446744073709552e+19,1.0
50n_30p_seed1,0.3,1,110926000,21,TRACE,periodic,110001,21,benign,0,3,296,2,1,128,168,168,-51,21,0,110.001,120,50n_30p_seed1_t00120,296.0,296.0,,0.0,2,2,419.0,1.0
50n_30p_seed1,0.3,1,113240000,22,TRACE,tx,112520,22,benign,0,3,319,2,1,128,191,191,-47,23,0,112.52,120,50n_30p_seed1_t00120,319.0,319.0,,0.0,2,2,179.5,1.0
50n_30p_seed1,0.3,1,110290000,23,TRACE,periodic,110001,23,benign,0,3,312,2,1,128,184,184,-65,23,0,110.001,120,50n_30p_seed1_t00120,312.0,312.0,,0.0,1,1,1.8446744073709552e+19,1.0
50n_30p_seed1,0.3,1,110180000,24,TRACE,periodic,110001,24,attacker,1,2,281,2,39,128,153,153,-84,17,0,110.001,120,50n_30p_seed1_t00120,128.0,281.0,512.0,153.0,1,1,1.8446744073709552e+19,1.0
50n_30p_seed1,0.3,1,110483000,25,TRACE,periodic,110001,25,attacker,1,3,288,2,15,128,160,160,-87,13,0,110.001,120,50n_30p_seed1_t00120,128.0,288.0,512.0,160.0,1,1,1.8446744073709552e+19,1.0
50n_30p_seed1,0.3,1,110427000,26,TRACE,periodic,110001,26,benign,0,3,295,2,20,128,167,167,-81,11,0,110.001,120,50n_30p_seed1_t00120,295.0,295.0,,0.0,2,2,1.8446744073709552e+19,1.0
50n_30p_seed1,0.3,1,110666000,27,TRACE,periodic,110001,27,benign,0,3,257,2,1,128,129,129,-88,18,0,110.001,120,50n_30p_seed1_t00120,257.0,257.0,,0.0,2,2,144.5,1.0
50n_30p_seed1,0.3,1,110421000,28,TRACE,periodic,110001,28,benign,0,4,320,2,1,128,192,192,-50,21,0,110.001,120,50n_30p_seed1_t00120,320.0,320.0,,0.0,2,2,1.8446744073709552e+19,1.0
50n_30p_seed1,0.3,1,110038000,29,TRACE,periodic,110001,29,benign,0,3,267,2,1,128,139,139,-25,21,0,110.001,120,50n_30p_seed1_t00120,267.0,267.0,,0.0,2,2,1.8446744073709552e+19,1.0
50n_30p_seed1,0.3,1,113527000,30,TRACE,tx,113476,30,benign,0,3,319,2,1,128,191,191,-19,21,0,113.476,120,50n_30p_seed1_t00120,319.0,319.0,,0.0,2,2,1.8446744073709552e+19,1.0
50n_30p_seed1,0.3,1,110714000,31,TRACE,periodic,110001,31,benign,0,4,337,2,1,128,209,209,-59,21,0,110.001,120,50n_30p_seed1_t00120,337.0,337.0,,0.0,2,2,193.0,1.0
50n_30p_seed1,0.3,1,120742000,32,TRACE,periodic,120000,32,attacker,1,4,277,2,1,128,149,149,-81,18,0,120.0,120,50n_30p_seed1_t00120,128.0,280.0,512.0,152.0,3,3,228.33333333333334,1.0
50n_30p_seed1,0.3,1,110109000,33,TRACE,periodic,110001,33,benign,0,4,297,2,39,128,169,169,-74,13,0,110.001,120,50n_30p_seed1_t00120,297.0,297.0,,0.0,2,2,1.8446744073709552e+19,1.0
50n_30p_seed1,0.3,1,110836000,34,TRACE,periodic,110001,34,attacker,1,3,497,3,27,259,238,238,-53,11,0,110.001,120,50n_30p_seed1_t00120,128.0,495.0,512.0,367.0,1,1,363.0,1.0
50n_30p_seed1,0.3,1,110612000,35,TRACE,periodic,110001,35,benign,0,4,442,3,29,271,171,171,-81,16,0,110.001,120,50n_30p_seed1_t00120,442.0,442.0,,0.0,2,2,119.0,1.0
50n_30p_seed1,0.3,1,110684000,36,TRACE,periodic,110001,36,benign,0,3,291,2,1,128,163,163,-66,18,0,110.001,120,50n_30p_seed1_t00120,291.0,291.0,,0.0,2,2,152.0,1.0
50n_30p_seed1,0.3,1,110183000,37,TRACE,periodic,110001,37,benign,0,3,319,2,1,128,191,191,-42,18,0,110.001,120,50n_30p_seed1_t00120,319.0,319.0,,0.0,2,2,1.8446744073709552e+19,1.0
50n_30p_seed1,0.3,1,110971000,38,TRACE,periodic,110001,38,attacker,1,4,312,2,1,128,184,184,-49,19,0,110.001,120,50n_30p_seed1_t00120,128.0,312.0,512.0,184.0,2,2,448.0,1.0
50n_30p_seed1,0.3,1,110139000,39,TRACE,periodic,110001,39,attacker,1,3,263,2,1,128,135,135,-73,18,0,110.001,120,50n_30p_seed1_t00120,128.0,262.0,512.0,134.0,2,2,1.8446744073709552e+19,1.0
50n_30p_seed1,0.3,1,110203000,40,TRACE,periodic,110001,40,benign,0,4,283,2,1,128,155,155,-90,16,0,110.001,120,50n_30p_seed1_t00120,283.0,283.0,,0.0,2,2,1.8446744073709552e+19,1.0
50n_30p_seed1,0.3,1,110390000,41,TRACE,periodic,110001,41,attacker,1,4,307,2,39,128,179,179,-64,10,0,110.001,120,50n_30p_seed1_t00120,128.0,307.0,512.0,179.0,2,2,1.8446744073709552e+19,1.0
50n_30p_seed1,0.3,1,110837000,42,TRACE,periodic,110001,42,attacker,1,4,419,3,27,259,160,160,-84,8,0,110.001,120,50n_30p_seed1_t00120,128.0,419.0,512.0,291.0,2,2,339.0,1.0
50n_30p_seed1,0.3,1,110214000,43,TRACE,periodic,110001,43,attacker,1,4,438,3,46,283,155,155,-93,12,0,110.001,120,50n_30p_seed1_t00120,128.0,435.0,512.0,307.0,2,2,1.8446744073709552e+19,1.0
50n_30p_seed1,0.3,1,110421000,44,TRACE,periodic,110001,44,attacker,1,4,420,3,29,271,149,149,-91,13,0,110.001,120,50n_30p_seed1_t00120,128.0,420.0,512.0,292.0,2,2,1.8446744073709552e+19,1.0
50n_30p_seed1,0.3,1,111699000,45,TRACE,tx,110908,45,benign,0,2,300,2,1,128,172,172,-81,13,0,110.908,120,50n_30p_seed1_t00120,300.0,300.0,,0.0,2,2,251.5,1.0
50n_30p_seed1,0.3,1,117699000,46,TRACE,tx,117499,46,benign,0,4,280,2,1,128,152,152,-82,15,0,117.499,120,50n_30p_seed1_t00120,280.0,280.0,,0.0,3,3,1.8446744073709552e+19,1.0
50n_30p_seed1,0.3,1,117063000,47,TRACE,tx,116639,47,benign,0,3,286,2,1,128,158,158,-92,14,0,116.639,120,50n_30p_seed1_t00120,286.0,286.0,,0.0,3,3,1.8446744073709552e+19,1.0
50n_30p_seed1,0.3,1,110290000,48,TRACE,periodic,110001,48,benign,0,4,312,2,39,128,184,184,-57,10,0,110.001,120,50n_30p_seed1_t00120,312.0,312.0,,0.0,2,2,1.8446744073709552e+19,1.0
50n_30p_seed1,0.3,1,111252000,49,TRACE,tx,110558,49,benign,0,2,307,2,39,128,179,179,-75,7,0,110.558,120,50n_30p_seed1_t00120,307.0,307.0,,0.0,2,2,177.0,1.0
50n_30p_seed1,0.3,1,110998000,50,TRACE,periodic,110001,50,benign,0,3,304,2,44,128,176,176,-73,5,0,110.001,120,50n_30p_seed1_t00120,304.0,304.0,,0.0,2,2,524.5,1.0
50n_30p_seed1,0.3,1,180039728,1,TRACE,rx,179491,1,root,0,5,128,1,0,65535,65535,65535,32767,21,18446744073709551124,179.491,180,50n_30p_seed1_t00180,128.0,128.0,,0.0,0,0,0.0,0.0
50n_30p_seed1,0.3,1,170765000,2,TRACE,periodic,170001,2,benign,0,5,313,2,18,128,185,185,-75,7,0,170.001,180,50n_30p_seed1_t00180,313.0,313.0,,0.0,2,2,293.5,1.0
50n_30p_seed1,0.3,1,176246000,3,TRACE,tx,175605,3,benign,0,4,291,2,13,128,163,163,-81,11,0,175.605,180,50n_30p_seed1_t00180,291.0,291.0,,0.0,2,2,132.5,1.0
50n_30p_seed1,0.3,1,170971000,4,TRACE,periodic,170001,4,benign,0,5,461,3,21,288,173,173,-84,12,0,170.001,180,50n_30p_seed1_t00180,461.0,461.0,,0.0,2,2,477.5,1.0
50n_30p_seed1,0.3,1,179602000,5,TRACE,tx,179538,5,benign,0,5,284,2,20,128,156,156,-83,13,0,179.538,180,50n_30p_seed1_t00180,284.0,284.0,,0.0,2,2,1.8446744073709552e+19,1.0
50n_30p_seed1,0.3,1,170815000,6,TRACE,periodic,170001,6,benign,0,6,301,2,13,128,173,173,-48,13,0,170.001,180,50n_30p_seed1_t00180,301.0,301.0,,0.0,2,2,323.0,1.0
50n_30p_seed1,0.3,1,171894000,7,TRACE,tx,171390,7,benign,0,4,283,2,24,128,155,155,-89,12,0,171.39,180,50n_30p_seed1_t00180,283.0,283.0,,0.0,2,2,71.5,1.0
50n_30p_seed1,0.3,1,170907000,8,TRACE,periodic,170001,8,benign,0,6,305,2,15,128,177,177,-61,10,0,170.001,180,50n_30p_seed1_t00180,305.0,305.0,,0.0,2,2,403.5,1.0
50n_30p_seed1,0.3,1,170240000,9,TRACE,periodic,170001,9,attacker,1,5,286,2,15,128,158,158,-82,7,0,170.001,180,50n_30p_seed1_t00180,128.0,286.0,512.0,158.0,2,2,1.8446744073709552e+19,1.0
50n_30p_seed1,0.3,1,177897000,10,TRACE,tx,177596,10,benign,0,5,438,3,27,256,182,182,-81,10,0,177.596,180,50n_30p_seed1_t00180,438.0,438.0,,0.0,2,2,1.8446744073709552e+19,1.0
50n_30p_seed1,0.3,1,170137000,11,TRACE,periodic,170001,11,benign,0,5,414,3,14,262,152,152,-91,13,0,170.001,180,50n_30p_seed1_t00180,414.0,414.0,,0.0,2,2,1.8446744073709552e+19,1.0
50n_30p_seed1,0.3,1,170999000,12,TRACE,periodic,170001,12,benign,0,5,411,3,27,256,155,155,-86,17,0,170.001,180,50n_30p_seed1_t00180,411.0,411.0,,0.0,2,2,494.5,1.0
50n_30p_seed1,0.3,1,170541000,13,TRACE,periodic,170001,13,attacker,1,5,261,2,1,128,133,133,-83,19,0,170.001,180,50n_30p_seed1_t00180,128.0,263.0,512.0,135.0,1,1,3.0,1.0
50n_30p_seed1,0.3,1,170692000,14,TRACE,periodic,170001,14,benign,0,5,260,2,1,128,132,132,-82,19,0,170.001,180,50n_30p_seed1_t00180,260.0,260.0,,0.0,2,2,166.0,1.0
50n_30p_seed1,0.3,1,176388000,15,TRACE,tx,176043,15,attacker,1,4,256,2,1,128,128,128,-94,18,0,176.043,180,50n_30p_seed1_t00180,128.0,256.0,512.0,128.0,2,2,1.8446744073709552e+19,1.0
50n_30p_seed1,0.3,1,170862000,16,TRACE,periodic,170001,16,benign,0,6,424,3,14,262,162,162,-73,15,0,170.001,180,50n_30p_seed1_t00180,424.0,424.0,,0.0,2,2,362.0,1.0
50n_30p_seed1,0.3,1,170086000,17,TRACE,periodic,170001,17,benign,0,5,330,2,32,128,202,202,-91,10,0,170.001,180,50n_30p_seed1_t00180,330.0,330.0,,0.0,2,2,1.8446744073709552e+19,1.0
50n_30p_seed1,0.3,1,170252000,18,TRACE,periodic,170001,18,attacker,1,5,273,2,20,128,145,145,-75,12,0,170.001,180,50n_30p_seed1_t00180,128.0,273.0,512.0,145.0,2,2,1.8446744073709552e+19,1.0
50n_30p_seed1,0.3,1,178260000,19,TRACE,tx,177892,19,benign,0,5,462,3,36,277,185,185,-92,17,0,177.892,180,50n_30p_seed1_t00180,462.0,462.0,,0.0,3,3,1.8446744073709552e+19,1.0
50n_30p_seed1,0.3,1,170013000,20,TRACE,periodic,170001,20,attacker,1,6,256,2,1,128,128,128,-63,22,0,170.001,180,50n_30p_seed1_t00180,128.0,256.0,512.0,128.0,2,2,1.8446744073709552e+19,1.0
50n_30p_seed1,0.3,1,170926000,21,TRACE,periodic,170001,21,benign,0,5,281,2,1,128,153,153,-51,21,0,170.001,180,50n_30p_seed1_t00180,281.0,281.0,,0.0,2,2,398.5,1.0
50n_30p_seed1,0.3,1,177194000,22,TRACE,tx,176474,22,benign,0,5,306,2,1,128,178,178,-47,23,0,176.474,180,50n_30p_seed1_t00180,306.0,306.0,,0.0,2,2,204.0,1.0
50n_30p_seed1,0.3,1,170290000,23,TRACE,periodic,170001,23,benign,0,5,301,2,1,128,173,173,-65,23,0,170.001,180,50n_30p_seed1_t00180,301.0,301.0,,0.0,2,2,1.8446744073709552e+19,1.0
50n_30p_seed1,0.3,1,170180000,24,TRACE,periodic,170001,24,attacker,1,4,273,2,39,128,145,145,-84,17,0,170.001,180,50n_30p_seed1_t00180,128.0,273.0,512.0,145.0,2,2,1.8446744073709552e+19,1.0
50n_30p_seed1,0.3,1,170483000,25,TRACE,periodic,170001,25,attacker,1,5,281,2,15,128,153,153,-87,13,0,170.001,180,50n_30p_seed1_t00180,128.0,281.0,512.0,153.0,2,2,1.8446744073709552e+19,1.0
50n_30p_seed1,0.3,1,170427000,26,TRACE,periodic,170001,26,benign,0,5,287,2,20,128,159,159,-81,11,0,170.001,180,50n_30p_seed1_t00180,287.0,287.0,,0.0,2,2,1.8446744073709552e+19,1.0
50n_30p_seed1,0.3,1,170666000,27,TRACE,periodic,170001,27,benign,0,5,256,2,1,128,128,128,-88,18,0,170.001,180,50n_30p_seed1_t00180,256.0,256.0,,0.0,2,2,147.0,1.0
50n_30p_seed1,0.3,1,173013000,28,TRACE,tx,172593,28,benign,0,5,313,2,1,128,185,185,-50,21,0,172.593,180,50n_30p_seed1_t00180,313.0,313.0,,0.0,2,2,1.8446744073709552e+19,1.0
50n_30p_seed1,0.3,1,180021000,29,TRACE,tx,179984,29,benign,0,5,258,2,1,128,130,130,-25,21,0,179.984,180,50n_30p_seed1_t00180,258.0,258.0,,0.0,3,3,1.8446744073709552e+19,1.0
50n_30p_seed1,0.3,1,174867000,30,TRACE,tx,174816,30,benign,0,5,306,2,1,128,178,178,-19,21,0,174.816,180,50n_30p_seed1_t00180,306.0,306.0,,0.0,2,2,1.8446744073709552e+19,1.0
50n_30p_seed1,0.3,1,170714000,31,TRACE,periodic,170001,31,benign,0,6,320,2,1,128,192,192,-59,21,0,170.001,180,50n_30p_seed1_t00180,320.0,320.0,,0.0,2,2,178.0,1.0
50n_30p_seed1,0.3,1,180742000,32,TRACE,periodic,180000,32,attacker,1,6,268,2,1,128,140,140,-81,18,0,180.0,180,50n_30p_seed1_t00180,128.0,268.0,512.0,140.0,2,2,212.0,1.0
50n_30p_seed1,0.3,1,176254000,33,TRACE,tx,176146,33,benign,0,6,288,2,39,128,160,160,-74,13,0,176.146,180,50n_30p_seed1_t00180,288.0,288.0,,0.0,3,3,1.8446744073709552e+19,1.0
50n_30p_seed1,0.3,1,170836000,34,TRACE,periodic,170001,34,attacker,1,6,464,3,27,256,208,208,-53,11,0,170.001,180,50n_30p_seed1_t00180,128.0,464.0,512.0,336.0,3,3,335.6666666666667,1.0
50n_30p_seed1,0.3,1,172232000,35,TRACE,tx,171621,35,benign,0,5,425,3,29,259,166,166,-81,16,0,171.621,180,50n_30p_seed1_t00180,425.0,425.0,,0.0,2,2,120.0,1.0
50n_30p_seed1,0.3,1,170684000,36,TRACE,periodic,170001,36,benign,0,5,277,2,1,128,149,149,-66,18,0,170.001,180,50n_30p_seed1_t00180,277.0,277.0,,0.0,2,2,160.0,1.0
50n_30p_seed1,0.3,1,170183000,37,TRACE,periodic,170001,37,benign,0,5,306,2,1,128,178,178,-42,18,0,170.001,180,50n_30p_seed1_t00180,306.0,306.0,,0.0,2,2,1.8446744073709552e+19,1.0
50n_30p_seed1,0.3,1,175140000,38,TRACE,tx,174170,38,attacker,1,5,306,2,1,128,178,178,-49,19,0,174.17,180,50n_30p_seed1_t00180,128.0,306.0,512.0,178.0,2,2,435.0,1.0
50n_30p_seed1,0.3,1,170139000,39,TRACE,periodic,170001,39,attacker,1,5,256,2,1,128,128,128,-73,18,0,170.001,180,50n_30p_seed1_t00180,128.0,256.0,512.0,128.0,2,2,1.8446744073709552e+19,1.0
50n_30p_seed1,0.3,1,170203000,40,TRACE,periodic,170001,40,benign,0,6,277,2,1,128,149,149,-90,16,0,170.001,180,50n_30p_seed1_t00180,277.0,277.0,,0.0,2,2,1.8446744073709552e+19,1.0
50n_30p_seed1,0.3,1,170390000,41,TRACE,periodic,170001,41,attacker,1,6,296,2,39,128,168,168,-64,10,0,170.001,180,50n_30p_seed1_t00180,128.0,296.0,512.0,168.0,2,2,1.8446744073709552e+19,1.0
50n_30p_seed1,0.3,1,170837000,42,TRACE,periodic,170001,42,attacker,1,6,409,3,27,256,153,153,-84,8,0,170.001,180,50n_30p_seed1_t00180,128.0,409.0,512.0,281.0,2,2,322.5,1.0
50n_30p_seed1,0.3,1,170214000,43,TRACE,periodic,170001,43,attacker,1,6,419,3,46,270,149,149,-93,12,0,170.001,180,50n_30p_seed1_t00180,128.0,419.0,512.0,291.0,2,2,1.8446744073709552e+19,1.0
50n_30p_seed1,0.3,1,170421000,44,TRACE,periodic,170001,44,attacker,1,6,399,3,29,259,140,140,-91,13,0,170.001,180,50n_30p_seed1_t00180,128.0,399.0,512.0,271.0,2,2,1.8446744073709552e+19,1.0
50n_30p_seed1,0.3,1,170965000,45,TRACE,tx,170174,45,benign,0,4,291,2,1,128,163,163,-81,13,0,170.174,180,50n_30p_seed1_t00180,291.0,291.0,,0.0,2,2,269.5,1.0
50n_30p_seed1,0.3,1,170201000,46,TRACE,periodic,170001,46,benign,0,7,268,2,1,128,140,140,-82,15,0,170.001,180,50n_30p_seed1_t00180,268.0,268.0,,0.0,2,2,1.8446744073709552e+19,1.0
50n_30p_seed1,0.3,1,170425000,47,TRACE,periodic,170001,47,benign,0,5,280,2,1,128,152,152,-92,14,0,170.001,180,50n_30p_seed1_t00180,280.0,280.0,,0.0,1,1,1.8446744073709552e+19,1.0
50n_30p_seed1,0.3,1,170290000,48,TRACE,periodic,170001,48,benign,0,6,301,2,39,128,173,173,-57,10,0,170.001,180,50n_30p_seed1_t00180,301.0,301.0,,0.0,2,2,1.8446744073709552e+19,1.0
50n_30p_seed1,0.3,1,170695000,49,TRACE,periodic,170001,49,benign,0,5,292,2,39,128,164,164,-75,7,0,170.001,180,50n_30p_seed1_t00180,292.0,292.0,,0.0,2,2,223.5,1.0
50n_30p_seed1,0.3,1,170998000,50,TRACE,periodic,170001,50,benign,0,5,294,2,44,128,166,166,-73,5,0,170.001,180,50n_30p_seed1_t00180,294.0,294.0,,0.0,2,2,518.5,1.0
50n_30p_seed1,0.3,1,240204984,1,TRACE,rx,239656,1,root,0,8,128,1,0,65535,65535,65535,32767,21,403,239.656,240,50n_30p_seed1_t00240,128.0,128.0,,0.0,0,0,0.0,0.0
50n_30p_seed1,0.3,1,232541000,2,TRACE,tx,231777,2,benign,0,7,301,2,18,128,173,173,-75,7,0,231.777,240,50n_30p_seed1_t00240,301.0,301.0,,0.0,3,3,291.6666666666667,1.0
50n_30p_seed1,0.3,1,231695000,3,TRACE,tx,231054,3,benign,0,6,283,2,13,128,155,155,-81,11,0,231.054,240,50n_30p_seed1_t00240,283.0,283.0,,0.0,2,2,141.0,1.0
50n_30p_seed1,0.3,1,230971000,4,TRACE,periodic,230001,4,benign,0,7,435,3,21,271,164,164,-84,12,0,230.001,240,50n_30p_seed1_t00240,435.0,435.0,,0.0,2,2,472.0,1.0
50n_30p_seed1,0.3,1,232796000,5,TRACE,tx,232732,5,benign,0,7,278,2,20,128,150,150,-83,13,0,232.732,240,50n_30p_seed1_t00240,278.0,278.0,,0.0,2,2,1.8446744073709552e+19,1.0
50n_30p_seed1,0.3,1,234402000,6,TRACE,tx,233588,6,benign,0,7,296,2,13,128,168,168,-48,13,0,233.588,240,50n_30p_seed1_t00240,296.0,296.0,,0.0,2,2,322.5,1.0
50n_30p_seed1,0.3,1,230505000,7,TRACE,periodic,230001,7,benign,0,6,277,2,24,128,149,149,-89,12,0,230.001,240,50n_30p_seed1_t00240,277.0,277.0,,0.0,1,1,1.8446744073709552e+19,1.0
50n_30p_seed1,0.3,1,240160000,8,TRACE,tx,239254,8,benign,0,8,295,2,15,128,167,167,-61,10,0,239.254,240,50n_30p_seed1_t00240,295.0,295.0,,0.0,3,3,407.3333333333333,1.0
50n_30p_seed1,0.3,1,233839000,9,TRACE,tx,233600,9,attacker,1,7,280,2,15,128,152,152,-82,7,0,233.6,240,50n_30p_seed1_t00240,128.0,277.0,512.0,149.0,3,3,1.8446744073709552e+19,1.0
50n_30p_seed1,0.3,1,230302000,10,TRACE,periodic,230001,10,benign,0,8,422,3,27,256,166,166,-81,10,0,230.001,240,50n_30p_seed1_t00240,422.0,422.0,,0.0,2,2,1.8446744073709552e+19,1.0
50n_30p_seed1,0.3,1,230137000,11,TRACE,periodic,230001,11,benign,0,7,402,3,14,256,146,146,-91,13,0,230.001,240,50n_30p_seed1_t00240,402.0,402.0,,0.0,2,2,1.8446744073709552e+19,1.0
50n_30p_seed1,0.3,1,230999000,12,TRACE,periodic,230001,12,benign,0,7,405,3,27,256,149,149,-86,17,0,230.001,240,50n_30p_seed1_t00240,405.0,405.0,,0.0,2,2,506.5,1.0
50n_30p_seed1,0.3,1,230541000,13,TRACE,periodic,230001,13,attacker,1,7,256,2,1,128,128,128,-83,19,0,230.001,240,50n_30p_seed1_t00240,128.0,256.0,512.0,128.0,2,2,2.5,1.0
50n_30p_seed1,0.3,1,230692000,14,TRACE,periodic,230001,14,benign,0,7,256,2,1,128,128,128,-82,19,0,230.001,240,50n_30p_seed1_t00240,256.0,256.0,,0.0,2,2,172.0,1.0
50n_30p_seed1,0.3,1,230346000,15,TRACE,periodic,230001,15,attacker,1,6,256,2,1,128,128,128,-94,18,0,230.001,240,50n_30p_seed1_t00240,128.0,256.0,512.0,128.0,1,1,1.8446744073709552e+19,1.0
50n_30p_seed1,0.3,1,230862000,16,TRACE,periodic,230001,16,benign,0,8,411,3,14,256,155,155,-73,15,0,230.001,240,50n_30p_seed1_t00240,411.0,411.0,,0.0,2,2,344.5,1.0
50n_30p_seed1,0.3,1,230086000,17,TRACE,periodic,230001,17,benign,0,7,315,2,32,128,187,187,-91,10,0,230.001,240,50n_30p_seed1_t00240,315.0,315.0,,0.0,2,2,1.8446744073709552e+19,1.0
50n_30p_seed1,0.3,1,230252000,18,TRACE,periodic,230001,18,attacker,1,7,265,2,20,128,137,137,-75,12,0,230.001,240,50n_30p_seed1_t00240,128.0,264.0,512.0,136.0,2,2,1.8446744073709552e+19,1.0
50n_30p_seed1,0.3,1,236636000,19,TRACE,tx,236268,19,benign,0,7,441,3,36,268,173,173,-92,17,0,236.268,240,50n_30p_seed1_t00240,441.0,441.0,,0.0,2,2,1.8446744073709552e+19,1.0
50n_30p_seed1,0.3,1,230013000,20,TRACE,periodic,230001,20,attacker,1,8,256,2,1,128,128,128,-63,22,0,230.001,240,50n_30p_seed1_t00240,128.0,256.0,512.0,128.0,2,2,1.8446744073709552e+19,1.0
50n_30p_seed1,0.3,1,230926000,21,TRACE,periodic,230001,21,benign,0,7,271,2,1,128,143,143,-51,21,0,230.001,240,50n_30p_seed1_t00240,271.0,271.0,,0.0,2,2,398.0,1.0
50n_30p_seed1,0.3,1,230721000,22,TRACE,periodic,230001,22,benign,0,7,296,2,1,128,168,168,-47,23,0,230.001,240,50n_30p_seed1_t00240,296.0,296.0,,0.0,1,1,198.0,1.0
50n_30p_seed1,0.3,1,230290000,23,TRACE,periodic,230001,23,benign,0,7,292,2,1,128,164,164,-65,23,0,230.001,240,50n_30p_seed1_t00240,292.0,292.0,,0.0,2,2,1.8446744073709552e+19,1.0
50n_30p_seed1,0.3,1,230180000,24,TRACE,periodic,230001,24,attacker,1,6,265,2,39,128,137,137,-84,17,0,230.001,240,50n_30p_seed1_t00240,128.0,265.0,512.0,137.0,2,2,1.8446744073709552e+19,1.0
50n_30p_seed1,0.3,1,230483000,25,TRACE,periodic,230001,25,attacker,1,7,275,2,15,128,147,147,-87,13,0,230.001,240,50n_30p_seed1_t00240,128.0,275.0,512.0,147.0,2,2,9.223372036854776e+18,1.0
50n_30p_seed1,0.3,1,235358000,26,TRACE,tx,234932,26,benign,0,7,280,2,20,128,152,152,-81,11,0,234.932,240,50n_30p_seed1_t00240,280.0,280.0,,0.0,3,3,1.8446744073709552e+19,1.0
50n_30p_seed1,0.3,1,230666000,27,TRACE,periodic,230001,27,benign,0,7,256,2,1,128,128,128,-88,18,0,230.001,240,50n_30p_seed1_t00240,256.0,256.0,,0.0,2,2,139.0,1.0
50n_30p_seed1,0.3,1,230421000,28,TRACE,periodic,230001,28,benign,0,8,296,2,1,128,168,168,-50,21,0,230.001,240,50n_30p_seed1_t00240,296.0,296.0,,0.0,2,2,1.8446744073709552e+19,1.0
50n_30p_seed1,0.3,1,230038000,29,TRACE,periodic,230001,29,benign,0,8,256,2,1,128,128,128,-25,21,0,230.001,240,50n_30p_seed1_t00240,256.0,256.0,,0.0,2,2,1.8446744073709552e+19,1.0
50n_30p_seed1,0.3,1,230052000,30,TRACE,periodic,230001,30,benign,0,7,296,2,1,128,168,168,-19,21,0,230.001,240,50n_30p_seed1_t00240,296.0,296.0,,0.0,1,1,1.8446744073709552e+19,1.0
50n_30p_seed1,0.3,1,230714000,31,TRACE,periodic,230001,31,benign,0,8,307,2,1,128,179,179,-59,21,0,230.001,240,50n_30p_seed1_t00240,307.0,307.0,,0.0,2,2,186.0,1.0
50n_30p_seed1,0.3,1,240742000,32,TRACE,periodic,240000,32,attacker,1,8,263,2,1,128,135,135,-81,18,0,240.0,240,50n_30p_seed1_t00240,128.0,263.0,512.0,135.0,2,2,235.5,1.0
50n_30p_seed1,0.3,1,230109000,33,TRACE,periodic,230001,33,benign,0,9,278,2,39,128,150,150,-74,13,0,230.001,240,50n_30p_seed1_t00240,278.0,278.0,,0.0,2,2,1.8446744073709552e+19,1.0
50n_30p_seed1,0.3,1,230836000,34,TRACE,periodic,230001,34,attacker,1,8,448,3,27,256,192,192,-53,11,0,230.001,240,50n_30p_seed1_t00240,128.0,448.0,512.0,320.0,2,2,336.5,1.0
50n_30p_seed1,0.3,1,232316000,35,TRACE,tx,231705,35,benign,0,7,414,3,29,256,158,158,-81,16,0,231.705,240,50n_30p_seed1_t00240,414.0,414.0,,0.0,2,2,133.5,1.0
50n_30p_seed1,0.3,1,230684000,36,TRACE,periodic,230001,36,benign,0,7,268,2,1,128,140,140,-66,18,0,230.001,240,50n_30p_seed1_t00240,268.0,268.0,,0.0,2,2,153.0,1.0
50n_30p_seed1,0.3,1,230183000,37,TRACE,periodic,230001,37,benign,0,7,296,2,1,128,168,168,-42,18,0,230.001,240,50n_30p_seed1_t00240,296.0,296.0,,0.0,2,2,1.8446744073709552e+19,1.0
50n_30p_seed1,0.3,1,230971000,38,TRACE,periodic,230001,38,attacker,1,7,296,2,1,128,168,168,-49,19,0,230.001,240,50n_30p_seed1_t00240,128.0,296.0,512.0,168.0,1,1,458.0,1.0
50n_30p_seed1,0.3,1,230139000,39,TRACE,periodic,230001,39,attacker,1,7,256,2,1,128,128,128,-73,18,0,230.001,240,50n_30p_seed1_t00240,128.0,256.0,512.0,128.0,2,2,1.8446744073709552e+19,1.0
50n_30p_seed1,0.3,1,230203000,40,TRACE,periodic,230001,40,benign,0,8,272,2,1,128,144,144,-90,16,0,230.001,240,50n_30p_seed1_t00240,272.0,272.0,,0.0,2,2,1.8446744073709552e+19,1.0
50n_30p_seed1,0.3,1,230390000,41,TRACE,periodic,230001,41,attacker,1,8,288,2,39,128,160,160,-64,10,0,230.001,240,50n_30p_seed1_t00240,128.0,288.0,512.0,160.0,2,2,1.8446744073709552e+19,1.0
50n_30p_seed1,0.3,1,235772000,42,TRACE,tx,234936,42,attacker,1,8,403,3,27,256,147,147,-84,8,0,234.936,240,50n_30p_seed1_t00240,128.0,403.0,512.0,275.0,3,3,353.3333333333333,1.0
50n_30p_seed1,0.3,1,238645000,43,TRACE,tx,238432,43,attacker,1,8,407,3,46,263,144,144,-93,12,0,238.432,240,50n_30p_seed1_t00240,128.0,407.0,512.0,279.0,3,3,1.8446744073709552e+19,1.0
50n_30p_seed1,0.3,1,230421000,44,TRACE,periodic,230001,44,attacker,1,8,391,3,29,256,135,135,-91,13,0,230.001,240,50n_30p_seed1_t00240,128.0,392.0,512.0,264.0,2,2,1.8446744073709552e+19,1.0
50n_30p_seed1,0.3,1,237822000,45,TRACE,tx,237031,45,benign,0,6,283,2,1,128,155,155,-81,13,0,237.031,240,50n_30p_seed1_t00240,283.0,283.0,,0.0,2,2,262.0,1.0
50n_30p_seed1,0.3,1,230201000,46,TRACE,periodic,230001,46,benign,0,9,263,2,1,128,135,135,-82,15,0,230.001,240,50n_30p_seed1_t00240,263.0,263.0,,0.0,2,2,1.8446744073709552e+19,1.0
50n_30p_seed1,0.3,1,235022000,47,TRACE,tx,234598,47,benign,0,7,274,2,1,128,146,146,-92,14,0,234.598,240,50n_30p_seed1_t00240,274.0,274.0,,0.0,3,3,1.8446744073709552e+19,1.0
50n_30p_seed1,0.3,1,230290000,48,TRACE,periodic,230001,48,benign,0,8,292,2,39,128,164,164,-57,10,0,230.001,240,50n_30p_seed1_t00240,292.0,292.0,,0.0,2,2,1.8446744073709552e+19,1.0
50n_30p_seed1,0.3,1,234247000,49,TRACE,tx,233553,49,benign,0,6,288,2,39,128,160,160,-75,7,0,233.553,240,50n_30p_seed1_t00240,288.0,288.0,,0.0,2,2,188.0,1.0
50n_30p_seed1,0.3,1,230998000,50,TRACE,periodic,230001,50,benign,0,7,286,2,44,128,158,158,-73,5,0,230.001,240,50n_30p_seed1_t00240,286.0,286.0,,0.0,2,2,551.0,1.0
50n_30p_seed1,0.3,1,300226016,1,TRACE,rx,299678,1,root,0,9,128,1,0,65535,65535,65535,32767,21,18446744073709551508,299.678,300,50n_30p_seed1_t00300,128.0,128.0,,0.0,0,0,0.0,0.0
50n_30p_seed1,0.3,1,290765000,2,TRACE,periodic,290001,2,benign,0,9,292,2,18,128,164,164,-75,7,0,290.001,300,50n_30p_seed1_t00300,292.0,292.0,,0.0,1,1,343.0,1.0
50n_30p_seed1,0.3,1,299476000,3,TRACE,tx,298835,3,benign,0,9,274,2,13,128,146,146,-81,11,0,298.835,300,50n_30p_seed1_t00300,274.0,274.0,,0.0,3,3,159.33333333333334,1.0
50n_30p_seed1,0.3,1,290971000,4,TRACE,periodic,290001,4,benign,0,9,421,3,21,265,156,156,-84,12,0,290.001,300,50n_30p_seed1_t00300,421.0,421.0,,0.0,2,2,487.5,1.0
50n_30p_seed1,0.3,1,291693000,5,TRACE,tx,291629,5,benign,0,9,273,2,20,128,145,145,-83,13,0,291.629,300,50n_30p_seed1_t00300,273.0,273.0,,0.0,2,2,1.8446744073709552e+19,1.0
50n_30p_seed1,0.3,1,290815000,6,TRACE,periodic,290001,6,benign,0,10,284,2,13,128,156,156,-48,13,0,290.001,300,50n_30p_seed1_t00300,284.0,284.0,,0.0,2,2,303.5,1.0
50n_30p_seed1,0.3,1,290505000,7,TRACE,periodic,290001,7,benign,0,8,272,2,24,128,144,144,-89,12,0,290.001,300,50n_30p_seed1_t00300,272.0,272.0,,0.0,2,2,35.5,1.0
50n_30p_seed1,0.3,1,290907000,8,TRACE,periodic,290001,8,benign,0,10,287,2,15,128,159,159,-61,10,0,290.001,300,50n_30p_seed1_t00300,287.0,287.0,,0.0,1,1,418.0,1.0
50n_30p_seed1,0.3,1,290240000,9,TRACE,periodic,290001,9,attacker,1,10,272,2,15,128,144,144,-82,7,0,290.001,300,50n_30p_seed1_t00300,128.0,274.0,512.0,146.0,2,2,1.8446744073709552e+19,1.0
50n_30p_seed1,0.3,1,290302000,10,TRACE,periodic,290001,10,benign,0,10,414,3,27,256,158,158,-81,10,0,290.001,300,50n_30p_seed1_t00300,414.0,414.0,,0.0,2,2,1.8446744073709552e+19,1.0
50n_30p_seed1,0.3,1,290137000,11,TRACE,periodic,290001,11,benign,0,9,398,3,14,256,142,142,-91,13,0,290.001,300,50n_30p_seed1_t00300,398.0,398.0,,0.0,2,2,1.8446744073709552e+19,1.0
50n_30p_seed1,0.3,1,292704000,12,TRACE,tx,291706,12,benign,0,8,402,3,27,256,146,146,-86,17,0,291.706,300,50n_30p_seed1_t00300,402.0,402.0,,0.0,2,2,481.0,1.0
50n_30p_seed1,0.3,1,290541000,13,TRACE,periodic,290001,13,attacker,1,9,256,2,1,128,128,128,-83,19,0,290.001,300,50n_30p_seed1_t00300,128.0,256.0,512.0,128.0,2,2,9.5,1.0
50n_30p_seed1,0.3,1,290692000,14,TRACE,periodic,290001,14,benign,0,9,256,2,1,128,128,128,-82,19,0,290.001,300,50n_30p_seed1_t00300,256.0,256.0,,0.0,2,2,170.5,1.0
50n_30p_seed1,0.3,1,290346000,15,TRACE,periodic,290001,15,attacker,1,8,256,2,1,128,128,128,-94,18,0,290.001,300,50n_30p_seed1_t00300,128.0,256.0,512.0,128.0,2,2,1.8446744073709552e+19,1.0
50n_30p_seed1,0.3,1,290862000,16,TRACE,periodic,290001,16,benign,0,10,405,3,14,256,149,149,-73,15,0,290.001,300,50n_30p_seed1_t00300,405.0,405.0,,0.0,2,2,375.0,1.0
50n_30p_seed1,0.3,1,296067000,17,TRACE,tx,295982,17,benign,0,9,303,2,32,128,175,175,-91,10,0,295.982,300,50n_30p_seed1_t00300,303.0,303.0,,0.0,3,3,1.8446744073709552e+19,1.0
50n_30p_seed1,0.3,1,292489000,18,TRACE,tx,292238,18,attacker,1,8,262,2,20,128,134,134,-75,12,0,292.238,300,50n_30p_seed1_t00300,128.0,262.0,512.0,134.0,2,2,1.8446744073709552e+19,1.0
50n_30p_seed1,0.3,1,300155000,19,TRACE,tx,299787,19,benign,0,9,427,3,36,263,164,164,-92,17,0,299.787,300,50n_30p_seed1_t00300,427.0,427.0,,0.0,2,2,1.8446744073709552e+19,1.0
50n_30p_seed1,0.3,1,290013000,20,TRACE,periodic,290001,20,attacker,1,10,256,2,1,128,128,128,-63,22,0,290.001,300,50n_30p_seed1_t00300,128.0,256.0,512.0,128.0,2,2,1.8446744073709552e+19,1.0
50n_30p_seed1,0.3,1,290926000,21,TRACE,periodic,290001,21,benign,0,9,264,2,1,128,136,136,-51,21,0,290.001,300,50n_30p_seed1_t00300,264.0,264.0,,0.0,2,2,404.0,1.0
50n_30p_seed1,0.3,1,297012000,22,TRACE,tx,296292,22,benign,0,9,288,2,1,128,160,160,-47,23,0,296.292,300,50n_30p_seed1_t00300,288.0,288.0,,0.0,3,3,194.66666666666666,1.0
50n_30p_seed1,0.3,1,291885000,23,TRACE,tx,291596,23,benign,0,8,288,2,1,128,160,160,-65,23,0,291.596,300,50n_30p_seed1_t00300,288.0,288.0,,0.0,2,2,1.8446744073709552e+19,1.0
50n_30p_seed1,0.3,1,290180000,24,TRACE,periodic,290001,24,attacker,1,8,261,2,39,128,133,133,-84,17,0,290.001,300,50n_30p_seed1_t00300,128.0,261.0,512.0,133.0,2,2,1.8446744073709552e+19,1.0
50n_30p_seed1,0.3,1,290483000,25,TRACE,periodic,290001,25,attacker,1,9,271,2,15,128,143,143,-87,13,0,290.001,300,50n_30p_seed1_t00300,128.0,271.0,512.0,143.0,2,2,9.223372036854776e+18,1.0
50n_30p_seed1,0.3,1,293595000,26,TRACE,tx,293169,26,benign,0,9,274,2,20,128,146,146,-81,11,0,293.169,300,50n_30p_seed1_t00300,274.0,274.0,,0.0,2,2,1.8446744073709552e+19,1.0
50n_30p_seed1,0.3,1,290666000,27,TRACE,periodic,290001,27,benign,0,9,256,2,1,128,128,128,-88,18,0,290.001,300,50n_30p_seed1_t00300,256.0,256.0,,0.0,2,2,131.5,1.0
50n_30p_seed1,0.3,1,290421000,28,TRACE,periodic,290001,28,benign,0,9,292,2,1,128,164,164,-50,21,0,290.001,300,50n_30p_seed1_t00300,292.0,292.0,,0.0,1,1,1.8446744073709552e+19,1.0
50n_30p_seed1,0.3,1,290038000,29,TRACE,periodic,290001,29,benign,0,10,256,2,1,128,128,128,-25,21,0,290.001,300,50n_30p_seed1_t00300,256.0,256.0,,0.0,2,2,1.8446744073709552e+19,1.0
50n_30p_seed1,0.3,1,290052000,30,TRACE,periodic,290001,30,benign,0,9,288,2,1,128,160,160,-19,21,0,290.001,300,50n_30p_seed1_t00300,288.0,288.0,,0.0,2,2,1.8446744073709552e+19,1.0
50n_30p_seed1,0.3,1,290714000,31,TRACE,periodic,290001,31,benign,0,10,296,2,1,128,168,168,-59,21,0,290.001,300,50n_30p_seed1_t00300,296.0,296.0,,0.0,2,2,198.5,1.0
50n_30p_seed1,0.3,1,300742000,32,TRACE,periodic,300000,32,attacker,1,10,258,2,1,128,130,130,-81,18,0,300.0,300,50n_30p_seed1_t00300,128.0,259.0,512.0,131.0,2,2,217.5,1.0
50n_30p_seed1,0.3,1,299002000,33,TRACE,tx,298894,33,benign,0,11,273,2,39,128,145,145,-74,13,0,298.894,300,50n_30p_seed1_t00300,273.0,273.0,,0.0,3,3,1.8446744073709552e+19,1.0
50n_30p_seed1,0.3,1,294795000,34,TRACE,tx,293960,34,attacker,1,10,447,3,27,256,191,191,-53,11,0,293.96,300,50n_30p_seed1_t00300,128.0,447.0,512.0,319.0,3,3,342.3333333333333,1.0
50n_30p_seed1,0.3,1,290612000,35,TRACE,periodic,290001,35,benign,0,10,405,3,29,256,149,149,-81,16,0,290.001,300,50n_30p_seed1_t00300,405.0,405.0,,0.0,2,2,100.0,1.0
50n_30p_seed1,0.3,1,290684000,36,TRACE,periodic,290001,36,benign,0,9,263,2,1,128,135,135,-66,18,0,290.001,300,50n_30p_seed1_t00300,263.0,263.0,,0.0,2,2,154.0,1.0
50n_30p_seed1,0.3,1,293255000,37,TRACE,tx,293073,37,benign,0,8,292,2,1,128,164,164,-42,18,0,293.073,300,50n_30p_seed1_t00300,292.0,292.0,,0.0,2,2,1.8446744073709552e+19,1.0
50n_30p_seed1,0.3,1,292655000,38,TRACE,tx,291685,38,attacker,1,9,288,2,1,128,160,160,-49,19,0,291.685,300,50n_30p_seed1_t00300,128.0,288.0,512.0,160.0,3,3,456.6666666666667,1.0
50n_30p_seed1,0.3,1,290139000,39,TRACE,periodic,290001,39,attacker,1,9,256,2,1,128,128,128,-73,18,0,290.001,300,50n_30p_seed1_t00300,128.0,256.0,512.0,128.0,2,2,1.8446744073709552e+19,1.0
50n_30p_seed1,0.3,1,295629000,40,TRACE,tx,295427,40,benign,0,10,268,2,1,128,140,140,-90,16,0,295.427,300,50n_30p_seed1_t00300,268.0,268.0,,0.0,3,3,1.8446744073709552e+19,1.0
50n_30p_seed1,0.3,1,290390000,41,TRACE,periodic,290001,41,attacker,1,10,281,2,39,128,153,153,-64,10,0,290.001,300,50n_30p_seed1_t00300,128.0,281.0,512.0,153.0,2,2,1.8446744073709552e+19,1.0
50n_30p_seed1,0.3,1,293709000,42,TRACE,tx,292873,42,attacker,1,10,399,3,27,256,143,143,-84,8,0,292.873,300,50n_30p_seed1_t00300,128.0,399.0,512.0,271.0,2,2,342.0,1.0
50n_30p_seed1,0.3,1,299228000,43,TRACE,tx,299015,43,attacker,1,10,400,3,46,260,140,140,-93,12,0,299.015,300,50n_30p_seed1_t00300,128.0,400.0,512.0,272.0,2,2,1.8446744073709552e+19,1.0
50n_30p_seed1,0.3,1,290421000,44,TRACE,periodic,290001,44,attacker,1,10,387,3,29,256,131,131,-91,13,0,290.001,300,50n_30p_seed1_t00300,128.0,387.0,512.0,259.0,2,2,1.8446744073709552e+19,1.0
50n_30p_seed1,0.3,1,297874000,45,TRACE,tx,297083,45,benign,0,8,277,2,1,128,149,149,-81,13,0,297.083,300,50n_30p_seed1_t00300,277.0,277.0,,0.0,2,2,264.5,1.0
50n_30p_seed1,0.3,1,298899000,46,TRACE,tx,298699,46,benign,0,10,260,2,1,128,132,132,-82,15,0,298.699,300,50n_30p_seed1_t00300,260.0,260.0,,0.0,2,2,1.8446744073709552e+19,1.0
50n_30p_seed1,0.3,1,292733000,47,TRACE,tx,292309,47,benign,0,9,270,2,1,128,142,142,-92,14,0,292.309,300,50n_30p_seed1_t00300,270.0,270.0,,0.0,2,2,1.8446744073709552e+19,1.0
50n_30p_seed1,0.3,1,297641000,48,TRACE,tx,297352,48,benign,0,10,284,2,39,128,156,156,-57,10,0,297.352,300,50n_30p_seed1_t00300,284.0,284.0,,0.0,3,3,1.8446744073709552e+19,1.0
50n_30p_seed1,0.3,1,292617000,49,TRACE,tx,291923,49,benign,0,8,281,2,39,128,153,153,-75,7,0,291.923,300,50n_30p_seed1_t00300,281.0,281.0,,0.0,2,2,199.0,1.0
50n_30p_seed1,0.3,1,290998000,50,TRACE,periodic,290001,50,benign,0,9,280,2,44,128,152,152,-73,5,0,290.001,300,50n_30p_seed1_t00300,280.0,280.0,,0.0,2,2,526.0,1.0
50n_30p_seed1,0.3,1,359764760,1,TRACE,rx,359216,1,root,0,12,128,1,0,65535,65535,65535,32767,21,18446744073709551115,359.216,360,50n_30p_seed1_t00360,128.0,128.0,,0.0,0,0,0.0,0.0
50n_30p_seed1,0.3,1,350765000,2,TRACE,periodic,350001,2,benign,0,11,284,2,18,128,156,156,-75,7,0,350.001,360,50n_30p_seed1_t00360,284.0,284.0,,0.0,2,2,303.0,1.0
50n_30p_seed1,0.3,1,350642000,3,TRACE,periodic,350001,3,benign,0,12,268,2,13,128,140,140,-81,11,0,350.001,360,50n_30p_seed1_t00360,268.0,268.0,,0.0,2,2,145.5,1.0
50n_30p_seed1,0.3,1,350971000,4,TRACE,periodic,350001,4,benign,0,11,411,3,21,261,150,150,-84,12,0,350.001,360,50n_30p_seed1_t00360,411.0,411.0,,0.0,2,2,440.5,1.0
50n_30p_seed1,0.3,1,356673000,5,TRACE,tx,356609,5,benign,0,11,269,2,20,128,141,141,-83,13,0,356.609,360,50n_30p_seed1_t00360,269.0,269.0,,0.0,2,2,1.8446744073709552e+19,1.0
50n_30p_seed1,0.3,1,350815000,6,TRACE,periodic,350001,6,benign,0,12,278,2,13,128,150,150,-48,13,0,350.001,360,50n_30p_seed1_t00360,278.0,278.0,,0.0,2,2,348.5,1.0
50n_30p_seed1,0.3,1,350505000,7,TRACE,periodic,350001,7,benign,0,10,268,2,24,128,140,140,-89,12,0,350.001,360,50n_30p_seed1_t00360,268.0,268.0,,0.0,2,2,36.5,1.0
50n_30p_seed1,0.3,1,350907000,8,TRACE,periodic,350001,8,benign,0,12,280,2,15,128,152,152,-61,10,0,350.001,360,50n_30p_seed1_t00360,280.0,280.0,,0.0,2,2,404.0,1.0
50n_30p_seed1,0.3,1,350240000,9,TRACE,periodic,350001,9,attacker,1,12,268,2,15,128,140,140,-82,7,0,350.001,360,50n_30p_seed1_t00360,128.0,268.0,512.0,140.0,2,2,1.8446744073709552e+19,1.0
50n_30p_seed1,0.3,1,350302000,10,TRACE,periodic,350001,10,benign,0,12,408,3,27,256,152,152,-81,10,0,350.001,360,50n_30p_seed1_t00360,408.0,408.0,,0.0,2,2,1.8446744073709552e+19,1.0
50n_30p_seed1,0.3,1,351969000,11,TRACE,tx,351833,11,benign,0,10,396,3,14,256,140,140,-91,13,0,351.833,360,50n_30p_seed1_t00360,396.0,396.0,,0.0,2,2,1.8446744073709552e+19,1.0
50n_30p_seed1,0.3,1,355597000,12,TRACE,tx,354599,12,benign,0,10,398,3,27,256,142,142,-86,17,0,354.599,360,50n_30p_seed1_t00360,398.0,398.0,,0.0,2,2,498.5,1.0
50n_30p_seed1,0.3,1,350541000,13,TRACE,periodic,350001,13,attacker,1,11,263,2,1,128,135,135,-83,19,0,350.001,360,50n_30p_seed1_t00360,128.0,263.0,512.0,135.0,2,2,21.0,1.0
50n_30p_seed1,0.3,1,351477000,14,TRACE,tx,350786,14,benign,0,10,256,2,1,128,128,128,-82,19,0,350.786,360,50n_30p_seed1_t00360,256.0,256.0,,0.0,2,2,166.5,1.0
50n_30p_seed1,0.3,1,350346000,15,TRACE,periodic,350001,15,attacker,1,10,256,2,1,128,128,128,-94,18,0,350.001,360,50n_30p_seed1_t00360,128.0,256.0,512.0,128.0,2,2,1.8446744073709552e+19,1.0
50n_30p_seed1,0.3,1,356733000,16,TRACE,tx,355872,16,benign,0,12,400,3,14,256,144,144,-73,15,0,355.872,360,50n_30p_seed1_t00360,400.0,400.0,,0.0,3,3,354.3333333333333,1.0
50n_30p_seed1,0.3,1,350086000,17,TRACE,periodic,350001,17,benign,0,12,289,2,32,128,161,161,-91,10,0,350.001,360,50n_30p_seed1_t00360,289.0,289.0,,0.0,2,2,1.8446744073709552e+19,1.0
50n_30p_seed1,0.3,1,350252000,18,TRACE,periodic,350001,18,attacker,1,10,258,2,20,128,130,130,-75,12,0,350.001,360,50n_30p_seed1_t00360,128.0,258.0,512.0,130.0,1,1,1.8446744073709552e+19,1.0
50n_30p_seed1,0.3,1,350369000,19,TRACE,periodic,350001,19,benign,0,11,416,3,36,260,156,156,-92,17,0,350.001,360,50n_30p_seed1_t00360,416.0,416.0,,0.0,1,1,1.8446744073709552e+19,1.0
50n_30p_seed1,0.3,1,350013000,20,TRACE,periodic,350001,20,attacker,1,12,256,2,1,128,128,128,-63,22,0,350.001,360,50n_30p_seed1_t00360,128.0,256.0,512.0,128.0,2,2,1.8446744073709552e+19,1.0
50n_30p_seed1,0.3,1,350926000,21,TRACE,periodic,350001,21,benign,0,11,260,2,1,128,132,132,-51,21,0,350.001,360,50n_30p_seed1_t00360,260.0,260.0,,0.0,2,2,388.0,1.0
50n_30p_seed1,0.3,1,350721000,22,TRACE,periodic,350001,22,benign,0,11,281,2,1,128,153,153,-47,23,0,350.001,360,50n_30p_seed1_t00360,281.0,281.0,,0.0,1,1,214.0,1.0
50n_30p_seed1,0.3,1,354591000,23,TRACE,tx,354302,23,benign,0,10,281,2,1,128,153,153,-65,23,0,354.302,360,50n_30p_seed1_t00360,281.0,281.0,,0.0,2,2,1.8446744073709552e+19,1.0
50n_30p_seed1,0.3,1,353611000,24,TRACE,tx,353432,24,attacker,1,9,258,2,39,128,130,130,-84,17,0,353.432,360,50n_30p_seed1_t00360,128.0,257.0,512.0,129.0,2,2,1.8446744073709552e+19,1.0
50n_30p_seed1,0.3,1,350483000,25,TRACE,periodic,350001,25,attacker,1,11,267,2,15,128,139,139,-87,13,0,350.001,360,50n_30p_seed1_t00360,128.0,267.0,512.0,139.0,2,2,1.8446744073709552e+19,1.0
50n_30p_seed1,0.3,1,352323000,26,TRACE,tx,351897,26,benign,0,11,270,2,20,128,142,142,-81,11,0,351.897,360,50n_30p_seed1_t00360,270.0,270.0,,0.0,2,2,1.8446744073709552e+19,1.0
50n_30p_seed1,0.3,1,350666000,27,TRACE,periodic,350001,27,benign,0,11,268,2,1,128,140,140,-88,18,0,350.001,360,50n_30p_seed1_t00360,268.0,268.0,,0.0,2,2,151.5,1.0
50n_30p_seed1,0.3,1,353701000,28,TRACE,tx,353281,28,benign,0,11,284,2,1,128,156,156,-50,21,0,353.281,360,50n_30p_seed1_t00360,284.0,284.0,,0.0,3,3,1.8446744073709552e+19,1.0
50n_30p_seed1,0.3,1,359755000,29,TRACE,tx,359718,29,benign,0,12,256,2,1,128,128,128,-25,21,0,359.718,360,50n_30p_seed1_t00360,256.0,256.0,,0.0,3,3,1.8446744073709552e+19,1.0
50n_30p_seed1,0.3,1,350052000,30,TRACE,periodic,350001,30,benign,0,11,281,2,1,128,153,153,-19,21,0,350.001,360,50n_30p_seed1_t00360,281.0,281.0,,0.0,2,2,1.8446744073709552e+19,1.0
50n_30p_seed1,0.3,1,350714000,31,TRACE,periodic,350001,31,benign,0,12,288,2,1,128,160,160,-59,21,0,350.001,360,50n_30p_seed1_t00360,288.0,288.0,,0.0,2,2,191.5,1.0
50n_30p_seed1,0.3,1,360742000,32,TRACE,periodic,360000,32,attacker,1,12,256,2,1,128,128,128,-81,18,0,360.0,360,50n_30p_seed1_t00360,128.0,256.0,512.0,128.0,2,2,212.5,1.0
50n_30p_seed1,0.3,1,350109000,33,TRACE,periodic,350001,33,benign,0,14,267,2,39,128,139,139,-74,13,0,350.001,360,50n_30p_seed1_t00360,267.0,267.0,,0.0,2,2,1.8446744073709552e+19,1.0
50n_30p_seed1,0.3,1,358476000,34,TRACE,tx,357641,34,attacker,1,12,444,3,27,266,178,178,-53,11,0,357.641,360,50n_30p_seed1_t00360,128.0,434.0,512.0,306.0,2,2,340.5,1.0
50n_30p_seed1,0.3,1,351608000,35,TRACE,tx,350997,35,benign,0,11,402,3,29,256,146,146,-81,16,0,350.997,360,50n_30p_seed1_t00360,402.0,402.0,,0.0,2,2,110.5,1.0
50n_30p_seed1,0.3,1,350684000,36,TRACE,periodic,350001,36,benign,0,11,259,2,1,128,131,131,-66,18,0,350.001,360,50n_30p_seed1_t00360,259.0,259.0,,0.0,2,2,160.5,1.0
50n_30p_seed1,0.3,1,356758000,37,TRACE,tx,356576,37,benign,0,10,284,2,1,128,156,156,-42,18,0,356.576,360,50n_30p_seed1_t00360,284.0,284.0,,0.0,2,2,1.8446744073709552e+19,1.0
50n_30p_seed1,0.3,1,351052000,38,TRACE,tx,350082,38,attacker,1,11,281,2,1,128,153,153,-49,19,0,350.082,360,50n_30p_seed1_t00360,128.0,278.0,512.0,150.0,2,2,442.5,1.0
50n_30p_seed1,0.3,1,350139000,39,TRACE,periodic,350001,39,attacker,1,11,256,2,1,128,128,128,-73,18,0,350.001,360,50n_30p_seed1_t00360,128.0,256.0,512.0,128.0,2,2,1.8446744073709552e+19,1.0
50n_30p_seed1,0.3,1,354290000,40,TRACE,tx,354088,40,benign,0,12,265,2,1,128,137,137,-90,16,0,354.088,360,50n_30p_seed1_t00360,265.0,265.0,,0.0,2,2,1.8446744073709552e+19,1.0
50n_30p_seed1,0.3,1,357136000,41,TRACE,tx,356747,41,attacker,1,11,278,2,39,128,150,150,-64,10,0,356.747,360,50n_30p_seed1_t00360,128.0,275.0,512.0,147.0,2,2,1.8446744073709552e+19,1.0
50n_30p_seed1,0.3,1,350837000,42,TRACE,periodic,350001,42,attacker,1,13,393,3,27,256,137,137,-84,8,0,350.001,360,50n_30p_seed1_t00360,128.0,395.0,512.0,267.0,2,2,322.0,1.0
50n_30p_seed1,0.3,1,350214000,43,TRACE,periodic,350001,43,attacker,1,12,393,3,46,256,137,137,-93,12,0,350.001,360,50n_30p_seed1_t00360,128.0,393.0,512.0,265.0,1,1,1.8446744073709552e+19,1.0
50n_30p_seed1,0.3,1,357513000,44,TRACE,tx,357093,44,attacker,1,12,384,3,29,256,128,128,-91,13,0,357.093,360,50n_30p_seed1_t00360,128.0,384.0,512.0,256.0,3,3,1.8446744073709552e+19,1.0
50n_30p_seed1,0.3,1,354672000,45,TRACE,tx,353881,45,benign,0,10,272,2,1,128,144,144,-81,13,0,353.881,360,50n_30p_seed1_t00360,272.0,272.0,,0.0,2,2,262.0,1.0
50n_30p_seed1,0.3,1,354417000,46,TRACE,tx,354217,46,benign,0,12,256,2,1,128,128,128,-82,15,0,354.217,360,50n_30p_seed1_t00360,256.0,256.0,,0.0,2,2,1.8446744073709552e+19,1.0
50n_30p_seed1,0.3,1,350425000,47,TRACE,periodic,350001,47,benign,0,12,265,2,1,128,137,137,-92,14,0,350.001,360,50n_30p_seed1_t00360,265.0,265.0,,0.0,2,2,1.8446744073709552e+19,1.0
50n_30p_seed1,0.3,1,350290000,48,TRACE,periodic,350001,48,benign,0,13,275,2,39,128,147,147,-57,10,0,350.001,360,50n_30p_seed1_t00360,275.0,275.0,,0.0,2,2,1.8446744073709552e+19,1.0
50n_30p_seed1,0.3,1,350695000,49,TRACE,periodic,350001,49,benign,0,11,273,2,39,128,145,145,-75,7,0,350.001,360,50n_30p_seed1_t00360,273.0,273.0,,0.0,2,2,206.5,1.0
50n_30p_seed1,0.3,1,350998000,50,TRACE,periodic,350001,50,benign,0,10,277,2,44,128,149,149,-73,5,0,350.001,360,50n_30p_seed1_t00360,277.0,277.0,,0.0,1,1,573.0,1.0
50n_30p_seed1,0.3,1,420230760,1,TRACE,rx,419682,1,root,0,12,128,1,0,65535,65535,65535,32767,21,265,419.682,420,50n_30p_seed1_t00420,128.0,128.0,,0.0,0,0,0.0,0.0
50n_30p_seed1,0.3,1,413255000,2,TRACE,tx,412491,2,benign,0,13,278,2,18,128,150,150,-75,7,0,412.491,420,50n_30p_seed1_t00420,278.0,278.0,,0.0,3,3,305.0,1.0
50n_30p_seed1,0.3,1,415079000,3,TRACE,tx,414438,3,benign,0,13,266,2,13,128,138,138,-81,11,0,414.438,420,50n_30p_seed1_t00420,266.0,266.0,,0.0,2,2,140.5,1.0
50n_30p_seed1,0.3,1,410971000,4,TRACE,periodic,410001,4,benign,0,13,401,3,21,256,145,145,-84,12,0,410.001,420,50n_30p_seed1_t00420,401.0,401.0,,0.0,2,2,492.0,1.0
50n_30p_seed1,0.3,1,410065000,5,TRACE,periodic,410001,5,benign,0,13,265,2,20,128,137,137,-83,13,0,410.001,420,50n_30p_seed1_t00420,265.0,265.0,,0.0,1,1,1.8446744073709552e+19,1.0
50n_30p_seed1,0.3,1,410815000,6,TRACE,periodic,410001,6,benign,0,14,273,2,13,128,145,145,-48,13,0,410.001,420,50n_30p_seed1_t00420,273.0,273.0,,0.0,2,2,300.0,1.0
50n_30p_seed1,0.3,1,410505000,7,TRACE,periodic,410001,7,benign,0,12,265,2,24,128,137,137,-89,12,0,410.001,420,50n_30p_seed1_t00420,265.0,265.0,,0.0,2,2,10.0,1.0
50n_30p_seed1,0.3,1,410907000,8,TRACE,periodic,410001,8,benign,0,14,274,2,15,128,146,146,-61,10,0,410.001,420,50n_30p_seed1_t00420,274.0,274.0,,0.0,2,2,401.5,1.0
50n_30p_seed1,0.3,1,416812000,9,TRACE,tx,416573,9,attacker,1,14,265,2,15,128,137,137,-82,7,0,416.573,420,50n_30p_seed1_t00420,128.0,265.0,512.0,137.0,3,3,1.8446744073709552e+19,1.0
50n_30p_seed1,0.3,1,414277000,10,TRACE,tx,413976,10,benign,0,14,402,3,27,256,146,146,-81,10,0,413.976,420,50n_30p_seed1_t00420,402.0,402.0,,0.0,3,3,1.8446744073709552e+19,1.0
50n_30p_seed1,0.3,1,416148000,11,TRACE,tx,416012,11,benign,0,12,393,3,14,256,137,137,-91,13,0,416.012,420,50n_30p_seed1_t00420,393.0,393.0,,0.0,2,2,1.8446744073709552e+19,1.0
50n_30p_seed1,0.3,1,410999000,12,TRACE,periodic,410001,12,benign,0,13,397,3,27,260,137,137,-86,17,0,410.001,420,50n_30p_seed1_t00420,397.0,397.0,,0.0,2,2,510.0,1.0
50n_30p_seed1,0.3,1,410541000,13,TRACE,periodic,410001,13,attacker,1,13,258,2,1,128,130,130,-83,19,0,410.001,420,50n_30p_seed1_t00420,128.0,258.0,512.0,130.0,2,2,26.0,1.0
50n_30p_seed1,0.3,1,413089000,14,TRACE,tx,412398,14,benign,0,12,256,2,1,128,128,128,-82,19,0,412.398,420,50n_30p_seed1_t00420,256.0,256.0,,0.0,2,2,170.5,1.0
50n_30p_seed1,0.3,1,410346000,15,TRACE,periodic,410001,15,attacker,1,12,256,2,1,128,128,128,-94,18,0,410.001,420,50n_30p_seed1_t00420,128.0,256.0,512.0,128.0,2,2,1.8446744073709552e+19,1.0
50n_30p_seed1,0.3,1,410862000,16,TRACE,periodic,410001,16,benign,0,15,394,3,14,256,138,138,-73,15,0,410.001,420,50n_30p_seed1_t00420,394.0,394.0,,0.0,2,2,364.0,1.0
50n_30p_seed1,0.3,1,410274000,17,TRACE,tx,410189,17,benign,0,13,285,2,32,128,157,157,-91,10,0,410.189,420,50n_30p_seed1_t00420,285.0,285.0,,0.0,2,2,1.8446744073709552e+19,1.0
50n_30p_seed1,0.3,1,414834000,18,TRACE,tx,414583,18,attacker,1,12,256,2,20,128,128,128,-75,12,0,414.583,420,50n_30p_seed1_t00420,128.0,256.0,512.0,128.0,3,3,1.8446744073709552e+19,1.0
50n_30p_seed1,0.3,1,410369000,19,TRACE,periodic,410001,19,benign,0,13,406,3,36,256,150,150,-92,17,0,410.001,420,50n_30p_seed1_t00420,406.0,406.0,,0.0,2,2,1.8446744073709552e+19,1.0
50n_30p_seed1,0.3,1,414183000,20,TRACE,tx,414171,20,attacker,1,14,256,2,1,128,128,128,-63,22,0,414.171,420,50n_30p_seed1_t00420,128.0,256.0,512.0,128.0,3,3,1.8446744073709552e+19,1.0
50n_30p_seed1,0.3,1,410926000,21,TRACE,periodic,410001,21,benign,0,13,256,2,1,128,128,128,-51,21,0,410.001,420,50n_30p_seed1_t00420,256.0,256.0,,0.0,2,2,417.5,1.0
50n_30p_seed1,0.3,1,410721000,22,TRACE,periodic,410001,22,benign,0,13,275,2,1,128,147,147,-47,23,0,410.001,420,50n_30p_seed1_t00420,275.0,275.0,,0.0,2,2,204.0,1.0
50n_30p_seed1,0.3,1,416408000,23,TRACE,tx,416119,23,benign,0,12,275,2,1,128,147,147,-65,23,0,416.119,420,50n_30p_seed1_t00420,275.0,275.0,,0.0,2,2,1.8446744073709552e+19,1.0
50n_30p_seed1,0.3,1,410180000,24,TRACE,periodic,410001,24,attacker,1,11,256,2,39,128,128,128,-84,17,0,410.001,420,50n_30p_seed1_t00420,128.0,256.0,512.0,128.0,1,1,1.8446744073709552e+19,1.0
50n_30p_seed1,0.3,1,410483000,25,TRACE,periodic,410001,25,attacker,1,13,264,2,15,128,136,136,-87,13,0,410.001,420,50n_30p_seed1_t00420,128.0,264.0,512.0,136.0,2,2,1.8446744073709552e+19,1.0
50n_30p_seed1,0.3,1,413593000,26,TRACE,tx,413167,26,benign,0,13,278,2,20,128,150,150,-81,11,0,413.167,420,50n_30p_seed1_t00420,278.0,278.0,,0.0,2,2,1.8446744073709552e+19,1.0
50n_30p_seed1,0.3,1,410666000,27,TRACE,periodic,410001,27,benign,0,13,256,2,1,128,128,128,-88,18,0,410.001,420,50n_30p_seed1_t00420,256.0,256.0,,0.0,2,2,145.0,1.0
50n_30p_seed1,0.3,1,418815000,28,TRACE,tx,418395,28,benign,0,13,278,2,1,128,150,150,-50,21,0,418.395,420,50n_30p_seed1_t00420,278.0,278.0,,0.0,2,2,1.8446744073709552e+19,1.0
50n_30p_seed1,0.3,1,410038000,29,TRACE,periodic,410001,29,benign,0,14,256,2,1,128,128,128,-25,21,0,410.001,420,50n_30p_seed1_t00420,256.0,256.0,,0.0,1,1,1.8446744073709552e+19,1.0
50n_30p_seed1,0.3,1,410052000,30,TRACE,periodic,410001,30,benign,0,13,275,2,1,128,147,147,-19,21,0,410.001,420,50n_30p_seed1_t00420,275.0,275.0,,0.0,2,2,1.8446744073709552e+19,1.0
50n_30p_seed1,0.3,1,412611000,31,TRACE,tx,411898,31,benign,0,13,284,2,1,128,156,156,-59,21,0,411.898,420,50n_30p_seed1_t00420,284.0,284.0,,0.0,2,2,187.5,1.0
50n_30p_seed1,0.3,1,420742000,32,TRACE,periodic,420000,32,attacker,1,14,256,2,1,128,128,128,-81,18,0,420.0,420,50n_30p_seed1_t00420,128.0,256.0,512.0,128.0,2,2,223.5,1.0
50n_30p_seed1,0.3,1,414133000,33,TRACE,tx,414025,33,benign,0,16,264,2,39,128,136,136,-74,13,0,414.025,420,50n_30p_seed1_t00420,264.0,264.0,,0.0,3,3,1.8446744073709552e+19,1.0
50n_30p_seed1,0.3,1,410836000,34,TRACE,periodic,410001,34,attacker,1,15,424,3,27,260,164,164,-53,11,0,410.001,420,50n_30p_seed1_t00420,128.0,424.0,512.0,296.0,2,2,338.5,1.0
50n_30p_seed1,0.3,1,419337000,35,TRACE,tx,418726,35,benign,0,13,398,3,29,256,142,142,-81,16,0,418.726,420,50n_30p_seed1_t00420,398.0,398.0,,0.0,2,2,111.5,1.0
50n_30p_seed1,0.3,1,414298000,36,TRACE,tx,413615,36,benign,0,13,256,2,1,128,128,128,-66,18,0,413.615,420,50n_30p_seed1_t00420,256.0,256.0,,0.0,3,3,161.66666666666666,1.0
50n_30p_seed1,0.3,1,410183000,37,TRACE,periodic,410001,37,benign,0,13,275,2,1,128,147,147,-42,18,0,410.001,420,50n_30p_seed1_t00420,275.0,275.0,,0.0,2,2,1.8446744073709552e+19,1.0
50n_30p_seed1,0.3,1,410971000,38,TRACE,periodic,410001,38,attacker,1,14,273,2,1,128,145,145,-49,19,0,410.001,420,50n_30p_seed1_t00420,128.0,275.0,512.0,147.0,2,2,427.0,1.0
50n_30p_seed1,0.3,1,417060000,39,TRACE,tx,416922,39,attacker,1,12,270,2,1,128,142,142,-73,18,0,416.922,420,50n_30p_seed1_t00420,128.0,272.0,512.0,144.0,2,2,1.8446744073709552e+19,1.0
50n_30p_seed1,0.3,1,410203000,40,TRACE,periodic,410001,40,benign,0,15,262,2,1,128,134,134,-90,16,0,410.001,420,50n_30p_seed1_t00420,262.0,262.0,,0.0,2,2,1.8446744073709552e+19,1.0
50n_30p_seed1,0.3,1,410390000,41,TRACE,periodic,410001,41,attacker,1,14,271,2,39,128,143,143,-64,10,0,410.001,420,50n_30p_seed1_t00420,128.0,271.0,512.0,143.0,2,2,1.8446744073709552e+19,1.0
50n_30p_seed1,0.3,1,410837000,42,TRACE,periodic,410001,42,attacker,1,15,395,3,27,260,135,135,-84,8,0,410.001,420,50n_30p_seed1_t00420,128.0,391.0,512.0,263.0,2,2,333.0,1.0
50n_30p_seed1,0.3,1,410214000,43,TRACE,periodic,410001,43,attacker,1,14,391,3,46,256,135,135,-93,12,0,410.001,420,50n_30p_seed1_t00420,128.0,391.0,512.0,263.0,2,2,1.8446744073709552e+19,1.0
50n_30p_seed1,0.3,1,410421000,44,TRACE,periodic,410001,44,attacker,1,14,384,3,29,256,128,128,-91,13,0,410.001,420,50n_30p_seed1_t00420,128.0,384.0,512.0,256.0,1,1,1.8446744073709552e+19,1.0
50n_30p_seed1,0.3,1,420209000,45,TRACE,tx,419418,45,benign,0,12,268,2,1,128,140,140,-81,13,0,419.418,420,50n_30p_seed1_t00420,268.0,268.0,,0.0,2,2,275.0,1.0
50n_30p_seed1,0.3,1,410201000,46,TRACE,periodic,410001,46,benign,0,15,256,2,1,128,128,128,-82,15,0,410.001,420,50n_30p_seed1_t00420,256.0,256.0,,0.0,2,2,1.8446744073709552e+19,1.0
50n_30p_seed1,0.3,1,410425000,47,TRACE,periodic,410001,47,benign,0,14,263,2,1,128,135,135,-92,14,0,410.001,420,50n_30p_seed1_t00420,263.0,263.0,,0.0,2,2,1.8446744073709552e+19,1.0
50n_30p_seed1,0.3,1,410290000,48,TRACE,periodic,410001,48,benign,0,15,271,2,39,128,143,143,-57,10,0,410.001,420,50n_30p_seed1_t00420,271.0,271.0,,0.0,2,2,1.8446744073709552e+19,1.0
50n_30p_seed1,0.3,1,410695000,49,TRACE,periodic,410001,49,benign,0,13,269,2,39,128,141,141,-75,7,0,410.001,420,50n_30p_seed1_t00420,269.0,269.0,,0.0,2,2,218.5,1.0
50n_30p_seed1,0.3,1,410998000,50,TRACE,periodic,410001,50,benign,0,12,272,2,44,128,144,144,-73,5,0,410.001,420,50n_30p_seed1_t00420,272.0,272.0,,0.0,2,2,543.5,1.0
50n_30p_seed1,0.3,1,480308760,1,TRACE,rx,479760,1,root,0,15,128,1,0,65535,65535,65535,32767,21,180,479.76,480,50n_30p_seed1_t00480,128.0,128.0,,0.0,0,0,0.0,0.0
50n_30p_seed1,0.3,1,470765000,2,TRACE,periodic,470001,2,benign,0,15,273,2,18,128,145,145,-75,7,0,470.001,480,50n_30p_seed1_t00480,273.0,273.0,,0.0,1,1,292.0,1.0
50n_30p_seed1,0.3,1,470642000,3,TRACE,periodic,470001,3,benign,0,16,263,2,13,128,135,135,-81,11,0,470.001,480,50n_30p_seed1_t00480,263.0,263.0,,0.0,2,2,144.5,1.0
50n_30p_seed1,0.3,1,470971000,4,TRACE,periodic,470001,4,benign,0,15,397,3,21,256,141,141,-84,12,0,470.001,480,50n_30p_seed1_t00480,397.0,397.0,,0.0,2,2,470.0,1.0
50n_30p_seed1,0.3,1,470065000,5,TRACE,periodic,470001,5,benign,0,15,263,2,20,128,135,135,-83,13,0,470.001,480,50n_30p_seed1_t00480,263.0,263.0,,0.0,2,2,1.8446744073709552e+19,1.0
50n_30p_seed1,0.3,1,470815000,6,TRACE,periodic,470001,6,benign,0,16,269,2,13,128,141,141,-48,13,0,470.001,480,50n_30p_seed1_t00480,269.0,269.0,,0.0,2,2,317.0,1.0
50n_30p_seed1,0.3,1,470505000,7,TRACE,periodic,470001,7,benign,0,14,274,2,24,128,146,146,-89,12,0,470.001,480,50n_30p_seed1_t00480,274.0,274.0,,0.0,2,2,59.0,1.0
50n_30p_seed1,0.3,1,470907000,8,TRACE,periodic,470001,8,benign,0,16,270,2,15,128,142,142,-61,10,0,470.001,480,50n_30p_seed1_t00480,270.0,270.0,,0.0,2,2,393.0,1.0
50n_30p_seed1,0.3,1,470240000,9,TRACE,periodic,470001,9,attacker,1,16,263,2,15,128,135,135,-82,7,0,470.001,480,50n_30p_seed1_t00480,128.0,263.0,512.0,135.0,1,1,1.8446744073709552e+19,1.0
50n_30p_seed1,0.3,1,470302000,10,TRACE,periodic,470001,10,benign,0,17,396,3,27,256,140,140,-81,10,0,470.001,480,50n_30p_seed1_t00480,396.0,396.0,,0.0,2,2,1.8446744073709552e+19,1.0
50n_30p_seed1,0.3,1,470137000,11,TRACE,periodic,470001,11,benign,0,15,390,3,14,256,134,134,-91,13,0,470.001,480,50n_30p_seed1_t00480,390.0,390.0,,0.0,2,2,1.8446744073709552e+19,1.0
50n_30p_seed1,0.3,1,470999000,12,TRACE,periodic,470001,12,benign,0,15,391,3,27,256,135,135,-86,17,0,470.001,480,50n_30p_seed1_t00480,391.0,391.0,,0.0,2,2,511.0,1.0
50n_30p_seed1,0.3,1,478318000,13,TRACE,tx,477778,13,attacker,1,15,256,2,1,128,128,128,-83,19,0,477.778,480,50n_30p_seed1_t00480,128.0,256.0,512.0,128.0,3,3,16.0,1.0
50n_30p_seed1,0.3,1,470692000,14,TRACE,periodic,470001,14,benign,0,15,268,2,1,128,140,140,-82,19,0,470.001,480,50n_30p_seed1_t00480,268.0,268.0,,0.0,2,2,177.0,1.0
50n_30p_seed1,0.3,1,470346000,15,TRACE,periodic,470001,15,attacker,1,14,256,2,1,128,128,128,-94,18,0,470.001,480,50n_30p_seed1_t00480,128.0,256.0,512.0,128.0,2,2,1.8446744073709552e+19,1.0
50n_30p_seed1,0.3,1,479452000,16,TRACE,tx,478591,16,benign,0,17,404,3,14,268,136,136,-73,15,0,478.591,480,50n_30p_seed1_t00480,404.0,404.0,,0.0,3,3,358.6666666666667,1.0
50n_30p_seed1,0.3,1,470086000,17,TRACE,periodic,470001,17,benign,0,16,276,2,32,128,148,148,-91,10,0,470.001,480,50n_30p_seed1_t00480,276.0,276.0,,0.0,2,2,1.8446744073709552e+19,1.0
50n_30p_seed1,0.3,1,470252000,18,TRACE,periodic,470001,18,attacker,1,14,256,2,20,128,128,128,-75,12,0,470.001,480,50n_30p_seed1_t00480,128.0,256.0,512.0,128.0,1,1,1.8446744073709552e+19,1.0
50n_30p_seed1,0.3,1,470369000,19,TRACE,periodic,470001,19,benign,0,15,401,3,36,256,145,145,-92,17,0,470.001,480,50n_30p_seed1_t00480,401.0,401.0,,0.0,2,2,1.8446744073709552e+19,1.0
50n_30p_seed1,0.3,1,470013000,20,TRACE,periodic,470001,20,attacker,1,16,268,2,1,128,140,140,-63,22,0,470.001,480,50n_30p_seed1_t00480,128.0,268.0,512.0,140.0,1,1,1.8446744073709552e+19,1.0
50n_30p_seed1,0.3,1,470926000,21,TRACE,periodic,470001,21,benign,0,15,256,2,1,128,128,128,-51,21,0,470.001,480,50n_30p_seed1_t00480,256.0,256.0,,0.0,2,2,420.0,1.0
50n_30p_seed1,0.3,1,470721000,22,TRACE,periodic,470001,22,benign,0,15,271,2,1,128,143,143,-47,23,0,470.001,480,50n_30p_seed1_t00480,271.0,271.0,,0.0,2,2,187.5,1.0
50n_30p_seed1,0.3,1,470290000,23,TRACE,periodic,470001,23,benign,0,14,271,2,1,128,143,143,-65,23,0,470.001,480,50n_30p_seed1_t00480,271.0,271.0,,0.0,1,1,1.8446744073709552e+19,1.0
50n_30p_seed1,0.3,1,470180000,24,TRACE,periodic,470001,24,attacker,1,13,256,2,39,128,128,128,-84,17,0,470.001,480,50n_30p_seed1_t00480,128.0,256.0,512.0,128.0,2,2,1.8446744073709552e+19,1.0
50n_30p_seed1,0.3,1,470483000,25,TRACE,periodic,470001,25,attacker,1,15,262,2,15,128,134,134,-87,13,0,470.001,480,50n_30p_seed1_t00480,128.0,262.0,512.0,134.0,2,2,1.8446744073709552e+19,1.0
50n_30p_seed1,0.3,1,470427000,26,TRACE,periodic,470001,26,benign,0,16,271,2,20,128,143,143,-81,11,0,470.001,480,50n_30p_seed1_t00480,271.0,271.0,,0.0,2,2,1.8446744073709552e+19,1.0
50n_30p_seed1,0.3,1,470666000,27,TRACE,periodic,470001,27,benign,0,15,256,2,1,128,128,128,-88,18,0,470.001,480,50n_30p_seed1_t00480,256.0,256.0,,0.0,2,2,157.0,1.0
50n_30p_seed1,0.3,1,477415000,28,TRACE,tx,476995,28,benign,0,15,273,2,1,128,145,145,-50,21,0,476.995,480,50n_30p_seed1_t00480,273.0,273.0,,0.0,2,2,1.8446744073709552e+19,1.0
50n_30p_seed1,0.3,1,470038000,29,TRACE,periodic,470001,29,benign,0,16,256,2,1,128,128,128,-25,21,0,470.001,480,50n_30p_seed1_t00480,256.0,256.0,,0.0,2,2,1.8446744073709552e+19,1.0
50n_30p_seed1,0.3,1,470052000,30,TRACE,periodic,470001,30,benign,0,15,271,2,1,128,143,143,-19,21,0,470.001,480,50n_30p_seed1_t00480,271.0,271.0,,0.0,2,2,1.8446744073709552e+19,1.0
50n_30p_seed1,0.3,1,470714000,31,TRACE,periodic,470001,31,benign,0,16,288,2,1,128,160,160,-59,21,0,470.001,480,50n_30p_seed1_t00480,288.0,288.0,,0.0,2,2,206.5,1.0
50n_30p_seed1,0.3,1,480742000,32,TRACE,periodic,480000,32,attacker,1,16,265,2,1,128,137,137,-81,18,0,480.0,480,50n_30p_seed1_t00480,128.0,265.0,512.0,137.0,2,2,240.5,1.0
50n_30p_seed1,0.3,1,470109000,33,TRACE,periodic,470001,33,benign,0,19,261,2,39,128,133,133,-74,13,0,470.001,480,50n_30p_seed1_t00480,261.0,261.0,,0.0,2,2,1.8446744073709552e+19,1.0
50n_30p_seed1,0.3,1,471071000,34,TRACE,tx,470236,34,attacker,1,16,416,3,27,256,160,160,-53,11,0,470.236,480,50n_30p_seed1_t00480,128.0,412.0,512.0,284.0,2,2,343.0,1.0
50n_30p_seed1,0.3,1,470612000,35,TRACE,periodic,470001,35,benign,0,15,394,3,29,256,138,138,-81,16,0,470.001,480,50n_30p_seed1_t00480,394.0,394.0,,0.0,1,1,83.0,1.0
50n_30p_seed1,0.3,1,480264000,36,TRACE,tx,479581,36,benign,0,15,256,2,1,128,128,128,-66,18,0,479.581,480,50n_30p_seed1_t00480,256.0,256.0,,0.0,2,2,179.0,1.0
50n_30p_seed1,0.3,1,470183000,37,TRACE,periodic,470001,37,benign,0,15,271,2,1,128,143,143,-42,18,0,470.001,480,50n_30p_seed1_t00480,271.0,271.0,,0.0,2,2,1.8446744073709552e+19,1.0
50n_30p_seed1,0.3,1,470971000,38,TRACE,periodic,470001,38,attacker,1,16,269,2,1,128,141,141,-49,19,0,470.001,480,50n_30p_seed1_t00480,128.0,271.0,512.0,143.0,2,2,457.5,1.0
50n_30p_seed1,0.3,1,470139000,39,TRACE,periodic,470001,39,attacker,1,15,268,2,1,128,140,140,-73,18,0,470.001,480,50n_30p_seed1_t00480,128.0,279.0,512.0,151.0,2,2,1.8446744073709552e+19,1.0
50n_30p_seed1,0.3,1,470203000,40,TRACE,periodic,470001,40,benign,0,17,260,2,1,128,132,132,-90,16,0,470.001,480,50n_30p_seed1_t00480,260.0,260.0,,0.0,2,2,1.8446744073709552e+19,1.0
50n_30p_seed1,0.3,1,473789000,41,TRACE,tx,473400,41,attacker,1,15,269,2,39,128,141,141,-64,10,0,473.4,480,50n_30p_seed1_t00480,128.0,267.0,512.0,139.0,2,2,1.8446744073709552e+19,1.0
50n_30p_seed1,0.3,1,474853000,42,TRACE,tx,474017,42,attacker,1,16,390,3,27,256,134,134,-84,8,0,474.017,480,50n_30p_seed1_t00480,128.0,389.0,512.0,261.0,2,2,336.5,1.0
50n_30p_seed1,0.3,1,470214000,43,TRACE,periodic,470001,43,attacker,1,16,389,3,46,256,133,133,-93,12,0,470.001,480,50n_30p_seed1_t00480,128.0,389.0,512.0,261.0,2,2,1.8446744073709552e+19,1.0
50n_30p_seed1,0.3,1,470421000,44,TRACE,periodic,470001,44,attacker,1,17,384,3,29,256,128,128,-91,13,0,470.001,480,50n_30p_seed1_t00480,128.0,384.0,512.0,256.0,3,3,1.8446744073709552e+19,1.0
50n_30p_seed1,0.3,1,470792000,45,TRACE,periodic,470001,45,benign,0,14,265,2,1,128,137,137,-81,13,0,470.001,480,50n_30p_seed1_t00480,265.0,265.0,,0.0,1,1,283.0,1.0
50n_30p_seed1,0.3,1,470201000,46,TRACE,periodic,470001,46,benign,0,17,256,2,1,128,128,128,-82,15,0,470.001,480,50n_30p_seed1_t00480,256.0,256.0,,0.0,2,2,1.8446744073709552e+19,1.0
50n_30p_seed1,0.3,1,470425000,47,TRACE,periodic,470001,47,benign,0,16,261,2,1,128,133,133,-92,14,0,470.001,480,50n_30p_seed1_t00480,261.0,261.0,,0.0,2,2,1.8446744073709552e+19,1.0
50n_30p_seed1,0.3,1,470290000,48,TRACE,periodic,470001,48,benign,0,17,267,2,39,128,139,139,-57,10,0,470.001,480,50n_30p_seed1_t00480,267.0,267.0,,0.0,2,2,1.8446744073709552e+19,1.0
50n_30p_seed1,0.3,1,470695000,49,TRACE,periodic,470001,49,benign,0,16,264,2,39,128,136,136,-75,7,0,470.001,480,50n_30p_seed1_t00480,264.0,264.0,,0.0,3,3,208.0,1.0
50n_30p_seed1,0.3,1,470998000,50,TRACE,periodic,470001,50,benign,0,14,268,2,44,128,140,140,-73,5,0,470.001,480,50n_30p_seed1_t00480,268.0,268.0,,0.0,2,2,581.0,1.0
50n_30p_seed1,0.3,1,540496016,1,TRACE,rx,539948,1,root,0,18,128,1,0,65535,65535,65535,32767,21,18446744073709551348,539.948,540,50n_30p_seed1_t00540,128.0,128.0,,0.0,0,0,0.0,0.0
50n_30p_seed1,0.3,1,530765000,2,TRACE,periodic,530001,2,benign,0,17,269,2,18,128,141,141,-75,7,0,530.001,540,50n_30p_seed1_t00540,269.0,269.0,,0.0,2,2,261.0,1.0
50n_30p_seed1,0.3,1,530642000,3,TRACE,periodic,530001,3,benign,0,17,262,2,13,128,134,134,-81,11,0,530.001,540,50n_30p_seed1_t00540,262.0,262.0,,0.0,1,1,148.0,1.0
50n_30p_seed1,0.3,1,530971000,4,TRACE,periodic,530001,4,benign,0,17,393,3,21,256,137,137,-84,12,0,530.001,540,50n_30p_seed1_t00540,393.0,393.0,,0.0,2,2,457.0,1.0
50n_30p_seed1,0.3,1,530065000,5,TRACE,periodic,530001,5,benign,0,17,261,2,20,128,133,133,-83,13,0,530.001,540,50n_30p_seed1_t00540,261.0,261.0,,0.0,2,2,1.8446744073709552e+19,1.0
50n_30p_seed1,0.3,1,530815000,6,TRACE,periodic,530001,6,benign,0,17,267,2,13,128,139,139,-48,13,0,530.001,540,50n_30p_seed1_t00540,267.0,267.0,,0.0,1,1,290.0,1.0
50n_30p_seed1,0.3,1,530505000,7,TRACE,periodic,530001,7,benign,0,16,270,2,24,128,142,142,-89,12,0,530.001,540,50n_30p_seed1_t00540,270.0,270.0,,0.0,2,2,27.5,1.0
50n_30p_seed1,0.3,1,530907000,8,TRACE,periodic,530001,8,benign,0,18,266,2,15,128,138,138,-61,10,0,530.001,540,50n_30p_seed1_t00540,266.0,266.0,,0.0,2,2,424.0,1.0
50n_30p_seed1,0.3,1,530240000,9,TRACE,periodic,530001,9,attacker,1,18,261,2,15,128,133,133,-82,7,0,530.001,540,50n_30p_seed1_t00540,128.0,261.0,512.0,133.0,2,3,1.8446744073709552e+19,1.5
50n_30p_seed1,0.3,1,530302000,10,TRACE,periodic,530001,10,benign,0,19,393,3,27,256,137,137,-81,10,0,530.001,540,50n_30p_seed1_t00540,393.0,393.0,,0.0,2,2,1.8446744073709552e+19,1.0
50n_30p_seed1,0.3,1,530137000,11,TRACE,periodic,530001,11,benign,0,17,407,3,14,275,132,132,-91,13,0,530.001,540,50n_30p_seed1_t00540,407.0,407.0,,0.0,2,2,1.8446744073709552e+19,1.0
50n_30p_seed1,0.3,1,530999000,12,TRACE,periodic,530001,12,benign,0,17,389,3,27,256,133,133,-86,17,0,530.001,540,50n_30p_seed1_t00540,389.0,389.0,,0.0,2,2,506.5,1.0
50n_30p_seed1,0.3,1,530541000,13,TRACE,periodic,530001,13,attacker,1,18,256,2,1,128,128,128,-83,19,0,530.001,540,50n_30p_seed1_t00540,128.0,256.0,512.0,128.0,2,2,27.5,1.0
50n_30p_seed1,0.3,1,535653000,14,TRACE,tx,534962,14,benign,0,16,275,2,1,128,147,147,-82,19,0,534.962,540,50n_30p_seed1_t00540,275.0,275.0,,0.0,2,2,172.0,1.0
50n_30p_seed1,0.3,1,537121000,15,TRACE,tx,536776,15,attacker,1,16,256,2,1,128,128,128,-94,18,0,536.776,540,50n_30p_seed1_t00540,128.0,256.0,512.0,128.0,3,3,1.8446744073709552e+19,1.0
50n_30p_seed1,0.3,1,530862000,16,TRACE,periodic,530001,16,benign,0,19,409,3,14,275,134,134,-73,15,0,530.001,540,50n_30p_seed1_t00540,409.0,409.0,,0.0,1,1,365.0,1.0
50n_30p_seed1,0.3,1,530086000,17,TRACE,periodic,530001,17,benign,0,18,272,2,32,128,144,144,-91,10,0,530.001,540,50n_30p_seed1_t00540,272.0,272.0,,0.0,2,2,1.8446744073709552e+19,1.0
50n_30p_seed1,0.3,1,530572000,18,TRACE,tx,530321,18,attacker,1,15,256,2,20,128,128,128,-75,12,0,530.321,540,50n_30p_seed1_t00540,128.0,256.0,512.0,128.0,2,2,1.8446744073709552e+19,1.0
50n_30p_seed1,0.3,1,530369000,19,TRACE,periodic,530001,19,benign,0,17,397,3,36,256,141,141,-92,17,0,530.001,540,50n_30p_seed1_t00540,397.0,397.0,,0.0,2,2,1.8446744073709552e+19,1.0
50n_30p_seed1,0.3,1,530013000,20,TRACE,periodic,530001,20,attacker,1,18,259,2,1,128,131,131,-63,22,0,530.001,540,50n_30p_seed1_t00540,128.0,270.0,512.0,142.0,2,2,1.8446744073709552e+19,1.0
50n_30p_seed1,0.3,1,539698000,21,TRACE,tx,538773,21,benign,0,17,256,2,1,128,128,128,-51,21,0,538.773,540,50n_30p_seed1_t00540,256.0,256.0,,0.0,3,3,406.0,1.0
50n_30p_seed1,0.3,1,530721000,22,TRACE,periodic,530001,22,benign,0,17,267,2,1,128,139,139,-47,23,0,530.001,540,50n_30p_seed1_t00540,267.0,267.0,,0.0,2,2,211.0,1.0
50n_30p_seed1,0.3,1,530290000,23,TRACE,periodic,530001,23,benign,0,16,267,2,1,128,139,139,-65,23,0,530.001,540,50n_30p_seed1_t00540,267.0,267.0,,0.0,2,2,1.8446744073709552e+19,1.0
50n_30p_seed1,0.3,1,530180000,24,TRACE,periodic,530001,24,attacker,1,15,256,2,39,128,128,128,-84,17,0,530.001,540,50n_30p_seed1_t00540,128.0,256.0,512.0,128.0,2,2,1.8446744073709552e+19,1.0
50n_30p_seed1,0.3,1,530483000,25,TRACE,periodic,530001,25,attacker,1,17,260,2,15,128,132,132,-87,13,0,530.001,540,50n_30p_seed1_t00540,128.0,260.0,512.0,132.0,2,2,1.8446744073709552e+19,1.0
50n_30p_seed1,0.3,1,531269000,26,TRACE,tx,530843,26,benign,0,17,269,2,20,128,141,141,-81,11,0,530.843,540,50n_30p_seed1_t00540,269.0,269.0,,0.0,2,2,1.8446744073709552e+19,1.0
50n_30p_seed1,0.3,1,530666000,27,TRACE,periodic,530001,27,benign,0,17,256,2,1,128,128,128,-88,18,0,530.001,540,50n_30p_seed1_t00540,256.0,256.0,,0.0,2,2,149.0,1.0
50n_30p_seed1,0.3,1,530421000,28,TRACE,periodic,530001,28,benign,0,17,269,2,1,128,141,141,-50,21,0,530.001,540,50n_30p_seed1_t00540,269.0,269.0,,0.0,1,1,1.8446744073709552e+19,1.0
50n_30p_seed1,0.3,1,530038000,29,TRACE,periodic,530001,29,benign,0,18,256,2,1,128,128,128,-25,21,0,530.001,540,50n_30p_seed1_t00540,256.0,256.0,,0.0,2,2,1.8446744073709552e+19,1.0
50n_30p_seed1,0.3,1,530052000,30,TRACE,periodic,530001,30,benign,0,17,267,2,1,128,139,139,-19,21,0,530.001,540,50n_30p_seed1_t00540,267.0,267.0,,0.0,2,2,1.8446744073709552e+19,1.0
50n_30p_seed1,0.3,1,537487000,31,TRACE,tx,536774,31,benign,0,17,284,2,1,128,156,156,-59,21,0,536.774,540,50n_30p_seed1_t00540,284.0,284.0,,0.0,2,2,195.5,1.0
50n_30p_seed1,0.3,1,540742000,32,TRACE,periodic,540000,32,attacker,1,19,260,2,1,128,132,132,-81,18,0,540.0,540,50n_30p_seed1_t00540,128.0,261.0,512.0,133.0,3,3,222.66666666666666,1.0
50n_30p_seed1,0.3,1,530109000,33,TRACE,periodic,530001,33,benign,0,21,259,2,39,128,131,131,-74,13,0,530.001,540,50n_30p_seed1_t00540,259.0,259.0,,0.0,2,2,1.8446744073709552e+19,1.0
50n_30p_seed1,0.3,1,535798000,34,TRACE,tx,534963,34,attacker,1,18,409,3,27,256,153,153,-53,11,0,534.963,540,50n_30p_seed1_t00540,128.0,406.0,512.0,278.0,2,2,347.0,1.0
50n_30p_seed1,0.3,1,536981000,35,TRACE,tx,536370,35,benign,0,17,392,3,29,256,136,136,-81,16,0,536.37,540,50n_30p_seed1_t00540,392.0,392.0,,0.0,3,3,102.0,1.0
50n_30p_seed1,0.3,1,536432000,36,TRACE,tx,535749,36,benign,0,17,256,2,1,128,128,128,-66,18,0,535.749,540,50n_30p_seed1_t00540,256.0,256.0,,0.0,2,2,164.5,1.0
50n_30p_seed1,0.3,1,530183000,37,TRACE,periodic,530001,37,benign,0,17,267,2,1,128,139,139,-42,18,0,530.001,540,50n_30p_seed1_t00540,267.0,267.0,,0.0,2,2,1.8446744073709552e+19,1.0
50n_30p_seed1,0.3,1,530971000,38,TRACE,periodic,530001,38,attacker,1,18,265,2,1,128,137,137,-49,19,0,530.001,540,50n_30p_seed1_t00540,128.0,265.0,512.0,137.0,2,2,458.5,1.0
50n_30p_seed1,0.3,1,532868000,39,TRACE,tx,532730,39,attacker,1,16,259,2,1,128,131,131,-73,18,0,532.73,540,50n_30p_seed1_t00540,128.0,260.0,512.0,132.0,2,2,1.8446744073709552e+19,1.0
50n_30p_seed1,0.3,1,530203000,40,TRACE,periodic,530001,40,benign,0,19,258,2,1,128,130,130,-90,16,0,530.001,540,50n_30p_seed1_t00540,258.0,258.0,,0.0,2,2,1.8446744073709552e+19,1.0
50n_30p_seed1,0.3,1,531750000,41,TRACE,tx,531361,41,attacker,1,17,265,2,39,128,137,137,-64,10,0,531.361,540,50n_30p_seed1_t00540,128.0,265.0,512.0,137.0,2,2,1.8446744073709552e+19,1.0
50n_30p_seed1,0.3,1,534035000,42,TRACE,tx,533199,42,attacker,1,18,388,3,27,256,132,132,-84,8,0,533.199,540,50n_30p_seed1_t00540,128.0,387.0,512.0,259.0,2,2,326.0,1.0
50n_30p_seed1,0.3,1,533884000,43,TRACE,tx,533671,43,attacker,1,18,387,3,46,256,131,131,-93,12,0,533.671,540,50n_30p_seed1_t00540,128.0,387.0,512.0,259.0,3,3,1.8446744073709552e+19,1.0
50n_30p_seed1,0.3,1,530421000,44,TRACE,periodic,530001,44,attacker,1,19,384,3,29,256,128,128,-91,13,0,530.001,540,50n_30p_seed1_t00540,128.0,384.0,512.0,256.0,2,2,1.8446744073709552e+19,1.0
50n_30p_seed1,0.3,1,530792000,45,TRACE,periodic,530001,45,benign,0,16,263,2,1,128,135,135,-81,13,0,530.001,540,50n_30p_seed1_t00540,263.0,263.0,,0.0,2,2,251.0,1.0
50n_30p_seed1,0.3,1,532003000,46,TRACE,tx,531803,46,benign,0,18,256,2,1,128,128,128,-82,15,0,531.803,540,50n_30p_seed1_t00540,256.0,256.0,,0.0,2,2,1.8446744073709552e+19,1.0
50n_30p_seed1,0.3,1,530425000,47,TRACE,periodic,530001,47,benign,0,18,259,2,1,128,131,131,-92,14,0,530.001,540,50n_30p_seed1_t00540,259.0,259.0,,0.0,2,2,1.8446744073709552e+19,1.0
50n_30p_seed1,0.3,1,530290000,48,TRACE,periodic,530001,48,benign,0,19,264,2,39,128,136,136,-57,10,0,530.001,540,50n_30p_seed1_t00540,264.0,264.0,,0.0,2,2,1.8446744073709552e+19,1.0
50n_30p_seed1,0.3,1,540481000,49,TRACE,tx,539787,49,benign,0,18,262,2,39,128,134,134,-75,7,0,539.787,540,50n_30p_seed1_t00540,262.0,262.0,,0.0,3,2,186.5,0.6666666666666666
50n_30p_seed1,0.3,1,530998000,50,TRACE,periodic,530001,50,benign,0,16,265,2,44,128,137,137,-73,5,0,530.001,540,50n_30p_seed1_t00540,265.0,265.0,,0.0,2,2,529.0,1.0
