scenario,attack_ratio,seed,sim_time_us,mote,record_type,time_ticks,node,seq,bytes,time_s,root,sender,delay_ticks
50n_10p_seed1,0.1,1,20036000,20,TX,20024,20.0,0,10,20.024,,,
50n_10p_seed1,0.1,1,20050696,1,RX,19502,,0,11,19.502,1.0,20.0,1.8446744073709552e+19
50n_10p_seed1,0.1,1,20695000,28,TX,20275,28.0,0,10,20.275,,,
50n_10p_seed1,0.1,1,20735696,1,RX,20187,,0,11,20.187,1.0,28.0,1.8446744073709552e+19
50n_10p_seed1,0.1,1,21863000,16,TX,21002,16.0,0,10,21.002,,,
50n_10p_seed1,0.1,1,21925984,1,RX,21377,,0,11,21.377,1.0,16.0,375.0
50n_10p_seed1,0.1,1,22853000,33,TX,22745,33.0,0,10,22.745,,,
50n_10p_seed1,0.1,1,22909280,1,RX,22361,,0,11,22.361,1.0,33.0,1.8446744073709552e+19
50n_10p_seed1,0.1,1,23285000,46,TX,23085,46.0,0,10,23.085,,,
50n_10p_seed1,0.1,1,23315696,1,RX,22767,,0,11,22.767,1.0,46.0,1.8446744073709552e+19
50n_10p_seed1,0.1,1,23736000,25,TX,23254,25.0,0,10,23.254,,,
50n_10p_seed1,0.1,1,23775984,1,RX,23227,,0,11,23.227,1.0,25.0,1.8446744073709552e+19
50n_10p_seed1,0.1,1,24184000,44,TX,23764,44.0,0,10,23.764,,,
50n_10p_seed1,0.1,1,24227984,1,RX,23679,,0,11,23.679,1.0,44.0,1.8446744073709552e+19
50n_10p_seed1,0.1,1,24448000,40,TX,24246,40.0,0,10,24.246,,,
50n_10p_seed1,0.1,1,24463696,1,RX,23915,,0,11,23.915,1.0,40.0,1.8446744073709552e+19
50n_10p_seed1,0.1,1,24714000,38,TX,23744,38.0,0,10,23.744,,,
50n_10p_seed1,0.1,1,24738696,1,RX,24190,,0,11,24.19,1.0,38.0,446.0
50n_10p_seed1,0.1,1,25451000,30,TX,25400,30.0,0,10,25.4,,,
50n_10p_seed1,0.1,1,25476696,1,RX,24928,,0,11,24.928,1.0,30.0,1.8446744073709552e+19
50n_10p_seed1,0.1,1,25539000,34,TX,24704,34.0,0,10,24.704,,,
50n_10p_seed1,0.1,1,25598984,1,RX,25050,,0,11,25.05,1.0,34.0,346.0
50n_10p_seed1,0.1,1,27340000,41,TX,26951,41.0,0,10,26.951,,,
50n_10p_seed1,0.1,1,27378984,1,RX,26830,,0,11,26.83,1.0,41.0,1.8446744073709552e+19
50n_10p_seed1,0.1,1,28816000,36,TX,28133,36.0,0,10,28.133,,,
50n_10p_seed1,0.1,1,28857696,1,RX,28309,,0,11,28.309,1.0,36.0,176.0
50n_10p_seed1,0.1,1,29180000,10,TX,28879,10.0,0,10,28.879,,,
50n_10p_seed1,0.1,1,29182000,23,TX,28893,23.0,0,10,28.893,,,
50n_10p_seed1,0.1,1,29225696,1,RX,28677,,0,11,28.677,1.0,23.0,1.8446744073709552e+19
50n_10p_seed1,0.1,1,29228680,1,RX,28680,,0,11,28.68,1.0,10.0,1.8446744073709552e+19
50n_10p_seed1,0.1,1,30127000,37,TX,29945,37.0,0,10,29.945,,,
50n_10p_seed1,0.1,1,30151696,1,RX,29603,,0,11,29.603,1.0,37.0,1.8446744073709552e+19
50n_10p_seed1,0.1,1,30283000,22,TX,29563,22.0,0,10,29.563,,,
50n_10p_seed1,0.1,1,30319696,1,RX,29771,,0,11,29.771,1.0,22.0,208.0
50n_10p_seed1,0.1,1,30323000,48,TX,30034,48.0,0,10,30.034,,,
50n_10p_seed1,0.1,1,30380984,1,RX,29832,,0,11,29.832,1.0,48.0,1.8446744073709552e+19
50n_10p_seed1,0.1,1,31126000,12,TX,30128,12.0,0,10,30.128,,,
50n_10p_seed1,0.1,1,31150232,1,RX,30602,,0,11,30.602,1.0,12.0,474.0
50n_10p_seed1,0.1,1,31162000,47,TX,30738,47.0,0,10,30.738,,,
50n_10p_seed1,0.1,1,31195696,1,RX,30647,,0,11,30.647,1.0,47.0,1.8446744073709552e+19
50n_10p_seed1,0.1,1,31839000,31,TX,31126,31.0,0,10,31.126,,,
50n_10p_seed1,0.1,1,31861696,1,RX,31313,,0,11,31.313,1.0,31.0,187.0
50n_10p_seed1,0.1,1,31880000,7,TX,31376,7.0,0,9,31.376,,,
50n_10p_seed1,0.1,1,31966952,1,RX,31418,,0,10,31.418,1.0,7.0,42.0
50n_10p_seed1,0.1,1,32076000,32,TX,31334,32.0,0,10,31.334,,,
50n_10p_seed1,0.1,1,32115696,1,RX,31567,,0,11,31.567,1.0,32.0,233.0
50n_10p_seed1,0.1,1,32689000,5,TX,32625,5.0,0,9,32.625,,,
50n_10p_seed1,0.1,1,32731952,1,RX,32183,,0,10,32.183,1.0,5.0,1.8446744073709552e+19
50n_10p_seed1,0.1,1,33532000,18,TX,33281,18.0,0,10,33.281,,,
50n_10p_seed1,0.1,1,33578984,1,RX,33030,,0,11,33.03,1.0,18.0,1.8446744073709552e+19
50n_10p_seed1,0.1,1,33677000,35,TX,33066,35.0,0,10,33.066,,,
50n_10p_seed1,0.1,1,33720984,1,RX,33172,,0,11,33.172,1.0,35.0,106.0
50n_10p_seed1,0.1,1,34123000,42,TX,33287,42.0,0,10,33.287,,,
50n_10p_seed1,0.1,1,34143000,15,TX,33798,15.0,0,10,33.798,,,
50n_10p_seed1,0.1,1,34148696,1,RX,33600,,0,11,33.6,1.0,15.0,1.8446744073709552e+19
50n_10p_seed1,0.1,1,34162936,1,RX,33614,,0,11,33.614,1.0,42.0,327.0
50n_10p_seed1,0.1,1,34864000,19,TX,34496,19.0,0,10,34.496,,,
50n_10p_seed1,0.1,1,34905000,6,TX,34091,6.0,0,9,34.091,,,
50n_10p_seed1,0.1,1,34930984,1,RX,34382,,0,11,34.382,1.0,19.0,1.8446744073709552e+19
50n_10p_seed1,0.1,1,34979952,1,RX,34431,,0,10,34.431,1.0,6.0,340.0
50n_10p_seed1,0.1,1,35184000,14,TX,34493,14.0,0,10,34.493,,,
50n_10p_seed1,0.1,1,35222696,1,RX,34674,,0,11,34.674,1.0,14.0,181.0
50n_10p_seed1,0.1,1,35334000,11,TX,35198,11.0,0,10,35.198,,,
50n_10p_seed1,0.1,1,35365984,1,RX,34817,,0,11,34.817,1.0,11.0,1.8446744073709552e+19
50n_10p_seed1,0.1,1,35767000,8,TX,34861,8.0,0,9,34.861,,,
50n_10p_seed1,0.1,1,35841952,1,RX,35293,,0,10,35.293,1.0,8.0,432.0
50n_10p_seed1,0.1,1,36187000,43,TX,35974,43.0,0,10,35.974,,,
50n_10p_seed1,0.1,1,36252984,1,RX,35704,,0,11,35.704,1.0,43.0,1.8446744073709552e+19
50n_10p_seed1,0.1,1,37418000,13,TX,36878,13.0,0,10,36.878,,,
50n_10p_seed1,0.1,1,37426000,4,TX,36456,4.0,0,9,36.456,,,
50n_10p_seed1,0.1,1,37426696,1,RX,36878,,0,11,36.878,1.0,13.0,0.0
50n_10p_seed1,0.1,1,37476952,1,RX,36928,,0,10,36.928,1.0,4.0,472.0
50n_10p_seed1,0.1,1,38390000,39,TX,38252,39.0,0,10,38.252,,,
50n_10p_seed1,0.1,1,38405696,1,RX,37857,,0,11,37.857,1.0,39.0,1.8446744073709552e+19
50n_10p_seed1,0.1,1,38407000,17,TX,38322,17.0,0,10,38.322,,,
50n_10p_seed1,0.1,1,38436984,1,RX,37888,,0,11,37.888,1.0,17.0,1.8446744073709552e+19
50n_10p_seed1,0.1,1,38496000,50,TX,37499,50.0,0,10,37.499,,,
50n_10p_seed1,0.1,1,38560984,1,RX,38012,,0,11,38.012,1.0,50.0,513.0
50n_10p_seed1,0.1,1,38770000,21,TX,37845,21.0,0,10,37.845,,,
50n_10p_seed1,0.1,1,38799696,1,RX,38251,,0,11,38.251,1.0,21.0,406.0
50n_10p_seed1,0.1,1,39316000,27,TX,38651,27.0,0,10,38.651,,,
50n_10p_seed1,0.1,1,39350696,1,RX,38802,,0,11,38.802,1.0,27.0,151.0
50n_10p_seed1,0.1,1,39777000,29,TX,39740,29.0,0,10,39.74,,,
50n_10p_seed1,0.1,1,39799696,1,RX,39251,,0,11,39.251,1.0,29.0,1.8446744073709552e+19
50n_10p_seed1,0.1,1,39917000,45,TX,39126,45.0,0,10,39.126,,,
50n_10p_seed1,0.1,1,39935696,1,RX,39387,,0,11,39.387,1.0,45.0,261.0
50n_10p_seed1,0.1,1,42028000,20,TX,42016,20.0,1,10,42.016,,,
50n_10p_seed1,0.1,1,42050696,1,RX,41502,,1,11,41.502,1.0,20.0,1.8446744073709552e+19
50n_10p_seed1,0.1,1,43485000,46,TX,43285,46.0,1,10,43.285,,,
50n_10p_seed1,0.1,1,43498696,1,RX,42950,,1,11,42.95,1.0,46.0,1.8446744073709552e+19
50n_10p_seed1,0.1,1,45038000,40,TX,44836,40.0,1,10,44.836,,,
50n_10p_seed1,0.1,1,45056696,1,RX,44508,,1,11,44.508,1.0,40.0,1.8446744073709552e+19
50n_10p_seed1,0.1,1,45861000,3,TX,45220,3.0,0,9,45.22,,,
50n_10p_seed1,0.1,1,45957952,1,RX,45409,,0,10,45.409,1.0,3.0,189.0
50n_10p_seed1,0.1,1,45976000,28,TX,45556,28.0,1,10,45.556,,,
50n_10p_seed1,0.1,1,45996696,1,RX,45448,,1,11,45.448,1.0,28.0,1.8446744073709552e+19
50n_10p_seed1,0.1,1,46406000,30,TX,46355,30.0,1,10,46.355,,,
50n_10p_seed1,0.1,1,46415696,1,RX,45867,,1,11,45.867,1.0,30.0,1.8446744073709552e+19
50n_10p_seed1,0.1,1,47529000,38,TX,46559,38.0,1,10,46.559,,,
50n_10p_seed1,0.1,1,47546696,1,RX,46998,,1,11,46.998,1.0,38.0,439.0
50n_10p_seed1,0.1,1,48237000,26,TX,47811,26.0,0,10,47.811,,,
50n_10p_seed1,0.1,1,48275984,1,RX,47727,,0,11,47.727,1.0,26.0,1.8446744073709552e+19
50n_10p_seed1,0.1,1,48606000,33,TX,48498,33.0,1,10,48.498,,,
50n_10p_seed1,0.1,1,48651936,1,RX,48103,,1,11,48.103,1.0,33.0,1.8446744073709552e+19
50n_10p_seed1,0.1,1,49633000,24,TX,49454,24.0,0,10,49.454,,,
50n_10p_seed1,0.1,1,49667984,1,RX,49119,,0,11,49.119,1.0,24.0,1.8446744073709552e+19
50n_10p_seed1,0.1,1,49890000,41,TX,49501,41.0,1,10,49.501,,,
50n_10p_seed1,0.1,1,49896000,34,TX,49061,34.0,1,10,49.061,,,
50n_10p_seed1,0.1,1,49948984,1,RX,49400,,1,11,49.4,1.0,34.0,339.0
50n_10p_seed1,0.1,1,49960984,1,RX,49412,,1,11,49.412,1.0,41.0,1.8446744073709552e+19
50n_10p_seed1,0.1,1,53395000,49,TX,52701,49.0,0,10,52.701,,,
50n_10p_seed1,0.1,1,53449984,1,RX,52901,,0,11,52.901,1.0,49.0,200.0
50n_10p_seed1,0.1,1,54482000,31,TX,53769,31.0,1,10,53.769,,,
50n_10p_seed1,0.1,1,54521696,1,RX,53973,,1,11,53.973,1.0,31.0,204.0
50n_10p_seed1,0.1,1,54599000,44,TX,54179,44.0,1,10,54.179,,,
50n_10p_seed1,0.1,1,54646984,1,RX,54098,,1,11,54.098,1.0,44.0,1.8446744073709552e+19
50n_10p_seed1,0.1,1,54717000,42,TX,53881,42.0,1,10,53.881,,,
50n_10p_seed1,0.1,1,54745984,1,RX,54197,,1,11,54.197,1.0,42.0,316.0
50n_10p_seed1,0.1,1,55200000,15,TX,54855,15.0,1,10,54.855,,,
50n_10p_seed1,0.1,1,55211696,1,RX,54663,,1,11,54.663,1.0,15.0,1.8446744073709552e+19
50n_10p_seed1,0.1,1,57023000,22,TX,56303,22.0,1,10,56.303,,,
50n_10p_seed1,0.1,1,57030696,1,RX,56482,,1,11,56.482,1.0,22.0,179.0
50n_10p_seed1,0.1,1,57134000,18,TX,56883,18.0,1,10,56.883,,,
50n_10p_seed1,0.1,1,57165984,1,RX,56617,,1,11,56.617,1.0,18.0,1.8446744073709552e+19
50n_10p_seed1,0.1,1,57464000,10,TX,57163,10.0,1,10,57.163,,,
50n_10p_seed1,0.1,1,57522984,1,RX,56974,,1,11,56.974,1.0,10.0,1.8446744073709552e+19
50n_10p_seed1,0.1,1,57601000,48,TX,57312,48.0,1,10,57.312,,,
50n_10p_seed1,0.1,1,57682984,1,RX,57134,,1,11,57.134,1.0,48.0,1.8446744073709552e+19
50n_10p_seed1,0.1,1,58264000,35,TX,57653,35.0,1,10,57.653,,,
50n_10p_seed1,0.1,1,58337984,1,RX,57789,,1,11,57.789,1.0,35.0,136.0
50n_10p_seed1,0.1,1,58538000,25,TX,58056,25.0,1,10,58.056,,,
50n_10p_seed1,0.1,1,58604984,1,RX,58056,,1,11,58.056,1.0,25.0,0.0
50n_10p_seed1,0.1,1,60002000,6,TX,59188,6.0,1,9,59.188,,,
50n_10p_seed1,0.1,1,60049952,1,RX,59501,,1,10,59.501,1.0,6.0,313.0
50n_10p_seed1,0.1,1,60353000,17,TX,60268,17.0,1,10,60.268,,,
50n_10p_seed1,0.1,1,60392984,1,RX,59844,,1,11,59.844,1.0,17.0,1.8446744073709552e+19
50n_10p_seed1,0.1,1,60843000,16,TX,59982,16.0,1,10,59.982,,,
50n_10p_seed1,0.1,1,60909984,1,RX,60361,,1,11,60.361,1.0,16.0,379.0
50n_10p_seed1,0.1,1,61934000,21,TX,61009,21.0,1,10,61.009,,,
50n_10p_seed1,0.1,1,61971696,1,RX,61423,,1,11,61.423,1.0,21.0,414.0
50n_10p_seed1,0.1,1,62170000,14,TX,61479,14.0,1,10,61.479,,,
50n_10p_seed1,0.1,1,62188696,1,RX,61640,,1,11,61.64,1.0,14.0,161.0
50n_10p_seed1,0.1,1,62349000,37,TX,62167,37.0,1,10,62.167,,,
50n_10p_seed1,0.1,1,62363696,1,RX,61815,,1,11,61.815,1.0,37.0,1.8446744073709552e+19
50n_10p_seed1,0.1,1,63240000,23,TX,62951,23.0,1,10,62.951,,,
50n_10p_seed1,0.1,1,63271696,1,RX,62723,,1,11,62.723,1.0,23.0,1.8446744073709552e+19
50n_10p_seed1,0.1,1,63305000,32,TX,62563,32.0,1,10,62.563,,,
50n_10p_seed1,0.1,1,63332000,9,TX,63093,9.0,0,9,63.093,,,
50n_10p_seed1,0.1,1,63336696,1,RX,62788,,1,11,62.788,1.0,32.0,225.0
50n_10p_seed1,0.1,1,63405000,4,TX,62435,4.0,1,9,62.435,,,
50n_10p_seed1,0.1,1,63423952,1,RX,62875,,0,10,62.875,1.0,9.0,1.8446744073709552e+19
50n_10p_seed1,0.1,1,63434952,1,RX,62886,,1,10,62.886,1.0,4.0,451.0
50n_10p_seed1,0.1,1,63528000,5,TX,63464,5.0,1,9,63.464,,,
50n_10p_seed1,0.1,1,63569952,1,RX,63021,,1,10,63.021,1.0,5.0,1.8446744073709552e+19
50n_10p_seed1,0.1,1,63961000,46,TX,63761,46.0,2,10,63.761,,,
50n_10p_seed1,0.1,1,63977696,1,RX,63429,,2,11,63.429,1.0,46.0,1.8446744073709552e+19
50n_10p_seed1,0.1,1,64486000,36,TX,63803,36.0,1,10,63.803,,,
50n_10p_seed1,0.1,1,64500696,1,RX,63952,,1,11,63.952,1.0,36.0,149.0
50n_10p_seed1,0.1,1,64819000,8,TX,63913,8.0,1,9,63.913,,,
50n_10p_seed1,0.1,1,64863952,1,RX,64315,,1,10,64.315,1.0,8.0,402.0
50n_10p_seed1,0.1,1,65600000,47,TX,65176,47.0,1,10,65.176,,,
50n_10p_seed1,0.1,1,65642696,1,RX,65094,,1,11,65.094,1.0,47.0,1.8446744073709552e+19
50n_10p_seed1,0.1,1,66164000,19,TX,65796,19.0,1,10,65.796,,,
50n_10p_seed1,0.1,1,66190984,1,RX,65642,,1,11,65.642,1.0,19.0,1.8446744073709552e+19
50n_10p_seed1,0.1,1,67583000,7,TX,67079,7.0,1,9,67.079,,,
50n_10p_seed1,0.1,1,67689952,1,RX,67141,,1,10,67.141,1.0,7.0,62.0
50n_10p_seed1,0.1,1,68118000,12,TX,67120,12.0,1,10,67.12,,,
50n_10p_seed1,0.1,1,68166984,1,RX,67618,,1,11,67.618,1.0,12.0,498.0
50n_10p_seed1,0.1,1,68264000,2,TX,67500,2.0,0,9,67.5,,,
50n_10p_seed1,0.1,1,68327952,1,RX,67779,,0,10,67.779,1.0,2.0,279.0
50n_10p_seed1,0.1,1,69625000,3,TX,68984,3.0,1,9,68.984,,,
50n_10p_seed1,0.1,1,69714952,1,RX,69166,,1,10,69.166,1.0,3.0,182.0
50n_10p_seed1,0.1,1,69899000,27,TX,69234,27.0,1,10,69.234,,,
50n_10p_seed1,0.1,1,69905696,1,RX,69357,,1,11,69.357,1.0,27.0,123.0
50n_10p_seed1,0.1,1,70611000,13,TX,70071,13.0,1,10,70.071,,,
50n_10p_seed1,0.1,1,70637696,1,RX,70089,,1,11,70.089,1.0,13.0,18.0
50n_10p_seed1,0.1,1,71073000,38,TX,70103,38.0,2,10,70.103,,,
50n_10p_seed1,0.1,1,71102696,1,RX,70554,,2,11,70.554,1.0,38.0,451.0
50n_10p_seed1,0.1,1,71760000,41,TX,71371,41.0,2,10,71.371,,,
50n_10p_seed1,0.1,1,71812984,1,RX,71264,,2,11,71.264,1.0,41.0,1.8446744073709552e+19
50n_10p_seed1,0.1,1,72461000,40,TX,72259,40.0,2,10,72.259,,,
50n_10p_seed1,0.1,1,72505696,1,RX,71957,,2,11,71.957,1.0,40.0,1.8446744073709552e+19
50n_10p_seed1,0.1,1,72623000,39,TX,72485,39.0,1,10,72.485,,,
50n_10p_seed1,0.1,1,72660696,1,RX,72112,,1,11,72.112,1.0,39.0,1.8446744073709552e+19
50n_10p_seed1,0.1,1,73475000,50,TX,72478,50.0,1,10,72.478,,,
50n_10p_seed1,0.1,1,73518000,29,TX,73481,29.0,1,10,73.481,,,
50n_10p_seed1,0.1,1,73544696,1,RX,72996,,1,11,72.996,1.0,29.0,1.8446744073709552e+19
50n_10p_seed1,0.1,1,73555984,1,RX,73007,,1,11,73.007,1.0,50.0,529.0
50n_10p_seed1,0.1,1,73990000,43,TX,73777,43.0,1,10,73.777,,,
50n_10p_seed1,0.1,1,74048984,1,RX,73500,,1,11,73.5,1.0,43.0,1.8446744073709552e+19
50n_10p_seed1,0.1,1,74141000,11,TX,74005,11.0,1,10,74.005,,,
50n_10p_seed1,0.1,1,74183984,1,RX,73635,,1,11,73.635,1.0,11.0,1.8446744073709552e+19
50n_10p_seed1,0.1,1,74422000,24,TX,74243,24.0,1,10,74.243,,,
50n_10p_seed1,0.1,1,74475984,1,RX,73927,,1,11,73.927,1.0,24.0,1.8446744073709552e+19
50n_10p_seed1,0.1,1,74732000,45,TX,73941,45.0,1,10,73.941,,,
50n_10p_seed1,0.1,1,74739696,1,RX,74191,,1,11,74.191,1.0,45.0,250.0
50n_10p_seed1,0.1,1,75102000,33,TX,74994,33.0,2,10,74.994,,,
50n_10p_seed1,0.1,1,75129984,1,RX,74581,,2,11,74.581,1.0,33.0,1.8446744073709552e+19
50n_10p_seed1,0.1,1,75946000,20,TX,75934,20.0,2,10,75.934,,,
50n_10p_seed1,0.1,1,75956696,1,RX,75408,,2,11,75.408,1.0,20.0,1.8446744073709552e+19
50n_10p_seed1,0.1,1,76355000,44,TX,75935,44.0,2,10,75.935,,,
50n_10p_seed1,0.1,1,76422984,1,RX,75874,,2,11,75.874,1.0,44.0,1.8446744073709552e+19
50n_10p_seed1,0.1,1,76656000,42,TX,75820,42.0,2,10,75.82,,,
50n_10p_seed1,0.1,1,76723984,1,RX,76175,,2,11,76.175,1.0,42.0,355.0
50n_10p_seed1,0.1,1,77734000,22,TX,77014,22.0,2,10,77.014,,,
50n_10p_seed1,0.1,1,77763696,1,RX,77215,,2,11,77.215,1.0,22.0,201.0
50n_10p_seed1,0.1,1,78178000,26,TX,77752,26.0,1,10,77.752,,,
50n_10p_seed1,0.1,1,78227984,1,RX,77679,,1,11,77.679,1.0,26.0,1.8446744073709552e+19
50n_10p_seed1,0.1,1,79174000,31,TX,78461,31.0,2,10,78.461,,,
50n_10p_seed1,0.1,1,79209696,1,RX,78661,,2,11,78.661,1.0,31.0,200.0
50n_10p_seed1,0.1,1,79992000,48,TX,79703,48.0,2,10,79.703,,,
50n_10p_seed1,0.1,1,80016984,1,RX,79468,,2,11,79.468,1.0,48.0,1.8446744073709552e+19
50n_10p_seed1,0.1,1,81368000,30,TX,81317,30.0,2,10,81.317,,,
50n_10p_seed1,0.1,1,81379696,1,RX,80831,,2,11,80.831,1.0,30.0,1.8446744073709552e+19
50n_10p_seed1,0.1,1,81641000,35,TX,81030,35.0,2,10,81.03,,,
50n_10p_seed1,0.1,1,81684984,1,RX,81136,,2,11,81.136,1.0,35.0,106.0
50n_10p_seed1,0.1,1,81719000,17,TX,81634,17.0,2,10,81.634,,,
50n_10p_seed1,0.1,1,81769984,1,RX,81221,,2,11,81.221,1.0,17.0,1.8446744073709552e+19
50n_10p_seed1,0.1,1,82479000,6,TX,81665,6.0,2,9,81.665,,,
50n_10p_seed1,0.1,1,82513952,1,RX,81965,,2,10,81.965,1.0,6.0,300.0
50n_10p_seed1,0.1,1,83110000,21,TX,82185,21.0,2,10,82.185,,,
50n_10p_seed1,0.1,1,83136696,1,RX,82588,,2,11,82.588,1.0,21.0,403.0
50n_10p_seed1,0.1,1,83933000,34,TX,83098,34.0,2,10,83.098,,,
50n_10p_seed1,0.1,1,84006984,1,RX,83458,,2,11,83.458,1.0,34.0,360.0
50n_10p_seed1,0.1,1,84793000,9,TX,84554,9.0,1,9,84.554,,,
50n_10p_seed1,0.1,1,84821160,1,RX,84273,,1,10,84.273,1.0,9.0,1.8446744073709552e+19
50n_10p_seed1,0.1,1,85276000,28,TX,84856,28.0,2,10,84.856,,,
50n_10p_seed1,0.1,1,85281696,1,RX,84733,,2,11,84.733,1.0,28.0,1.8446744073709552e+19
50n_10p_seed1,0.1,1,85313000,32,TX,84571,32.0,2,10,84.571,,,
50n_10p_seed1,0.1,1,85320696,1,RX,84772,,2,11,84.772,1.0,32.0,201.0
50n_10p_seed1,0.1,1,86550000,19,TX,86182,19.0,2,10,86.182,,,
50n_10p_seed1,0.1,1,86605984,1,RX,86057,,2,11,86.057,1.0,19.0,1.8446744073709552e+19
50n_10p_seed1,0.1,1,87518000,10,TX,87217,10.0,2,10,87.217,,,
50n_10p_seed1,0.1,1,87581984,1,RX,87033,,2,11,87.033,1.0,10.0,1.8446744073709552e+19
50n_10p_seed1,0.1,1,88489000,15,TX,88144,15.0,2,10,88.144,,,
50n_10p_seed1,0.1,1,88504696,1,RX,87956,,2,11,87.956,1.0,15.0,1.8446744073709552e+19
50n_10p_seed1,0.1,1,88984000,46,TX,88784,46.0,3,10,88.784,,,
50n_10p_seed1,0.1,1,89006696,1,RX,88458,,3,11,88.458,1.0,46.0,1.8446744073709552e+19
50n_10p_seed1,0.1,1,89355000,36,TX,88672,36.0,2,10,88.672,,,
50n_10p_seed1,0.1,1,89398696,1,RX,88850,,2,11,88.85,1.0,36.0,178.0
50n_10p_seed1,0.1,1,89477000,49,TX,88783,49.0,1,10,88.783,,,
50n_10p_seed1,0.1,1,89504984,1,RX,88956,,1,11,88.956,1.0,49.0,173.0
50n_10p_seed1,0.1,1,91217000,18,TX,90966,18.0,2,10,90.966,,,
50n_10p_seed1,0.1,1,91267984,1,RX,90719,,2,11,90.719,1.0,18.0,1.8446744073709552e+19
50n_10p_seed1,0.1,1,91718000,47,TX,91294,47.0,2,10,91.294,,,
50n_10p_seed1,0.1,1,91725696,1,RX,91177,,2,11,91.177,1.0,47.0,1.8446744073709552e+19
50n_10p_seed1,0.1,1,92181000,16,TX,91320,16.0,2,10,91.32,,,
50n_10p_seed1,0.1,1,92224984,1,RX,91676,,2,11,91.676,1.0,16.0,356.0
50n_10p_seed1,0.1,1,94144000,5,TX,94080,5.0,2,9,94.08,,,
50n_10p_seed1,0.1,1,94192952,1,RX,93644,,2,10,93.644,1.0,5.0,1.8446744073709552e+19
50n_10p_seed1,0.1,1,94599000,43,TX,94386,43.0,2,10,94.386,,,
50n_10p_seed1,0.1,1,94662984,1,RX,94114,,2,11,94.114,1.0,43.0,1.8446744073709552e+19
50n_10p_seed1,0.1,1,95639000,33,TX,95531,33.0,3,10,95.531,,,
50n_10p_seed1,0.1,1,95686984,1,RX,95138,,3,11,95.138,1.0,33.0,1.8446744073709552e+19
50n_10p_seed1,0.1,1,95901000,37,TX,95719,37.0,2,10,95.719,,,
50n_10p_seed1,0.1,1,95937696,1,RX,95389,,2,11,95.389,1.0,37.0,1.8446744073709552e+19
50n_10p_seed1,0.1,1,96167000,23,TX,95878,23.0,2,10,95.878,,,
50n_10p_seed1,0.1,1,96175696,1,RX,95627,,2,11,95.627,1.0,23.0,1.8446744073709552e+19
50n_10p_seed1,0.1,1,96479000,8,TX,95573,8.0,2,9,95.573,,,
50n_10p_seed1,0.1,1,96537952,1,RX,95989,,2,10,95.989,1.0,8.0,416.0
50n_10p_seed1,0.1,1,96777000,7,TX,96273,7.0,2,9,96.273,,,
50n_10p_seed1,0.1,1,96839952,1,RX,96291,,2,10,96.291,1.0,7.0,18.0
50n_10p_seed1,0.1,1,96974000,39,TX,96836,39.0,2,10,96.836,,,
50n_10p_seed1,0.1,1,96988696,1,RX,96440,,2,11,96.44,1.0,39.0,1.8446744073709552e+19
50n_10p_seed1,0.1,1,97144000,27,TX,96479,27.0,2,10,96.479,,,
50n_10p_seed1,0.1,1,97175696,1,RX,96627,,2,11,96.627,1.0,27.0,148.0
50n_10p_seed1,0.1,1,97741000,14,TX,97050,14.0,2,10,97.05,,,
50n_10p_seed1,0.1,1,97747696,1,RX,97199,,2,11,97.199,1.0,14.0,149.0
50n_10p_seed1,0.1,1,98511000,25,TX,98029,25.0,2,10,98.029,,,
50n_10p_seed1,0.1,1,98556984,1,RX,98008,,2,11,98.008,1.0,25.0,1.8446744073709552e+19
50n_10p_seed1,0.1,1,98994000,22,TX,98274,22.0,3,10,98.274,,,
50n_10p_seed1,0.1,1,99030696,1,RX,98482,,3,11,98.482,1.0,22.0,208.0
50n_10p_seed1,0.1,1,99892000,26,TX,99466,26.0,2,10,99.466,,,
50n_10p_seed1,0.1,1,99964984,1,RX,99416,,2,11,99.416,1.0,26.0,1.8446744073709552e+19
50n_10p_seed1,0.1,1,100539000,4,TX,99569,4.0,2,9,99.569,,,
50n_10p_seed1,0.1,1,100583952,1,RX,100035,,2,10,100.035,1.0,4.0,466.0
50n_10p_seed1,0.1,1,101284000,11,TX,101148,11.0,2,11,101.148,,,
50n_10p_seed1,0.1,1,101331016,1,RX,100783,,2,12,100.783,1.0,11.0,1.8446744073709552e+19
50n_10p_seed1,0.1,1,101511000,31,TX,100798,31.0,3,11,100.798,,,
50n_10p_seed1,0.1,1,101532728,1,RX,100984,,3,12,100.984,1.0,31.0,186.0
50n_10p_seed1,0.1,1,101564000,20,TX,101552,20.0,3,11,101.552,,,
50n_10p_seed1,0.1,1,101607728,1,RX,101059,,3,12,101.059,1.0,20.0,1.8446744073709552e+19
50n_10p_seed1,0.1,1,101775000,29,TX,101738,29.0,2,11,101.738,,,
50n_10p_seed1,0.1,1,101811728,1,RX,101263,,2,12,101.263,1.0,29.0,1.8446744073709552e+19
50n_10p_seed1,0.1,1,101992000,17,TX,101907,17.0,3,11,101.907,,,
50n_10p_seed1,0.1,1,102067016,1,RX,101519,,3,12,101.519,1.0,17.0,1.8446744073709552e+19
50n_10p_seed1,0.1,1,102791000,38,TX,101821,38.0,3,11,101.821,,,
50n_10p_seed1,0.1,1,102799000,48,TX,102510,48.0,3,11,102.51,,,
50n_10p_seed1,0.1,1,102799728,1,RX,102251,,3,12,102.251,1.0,38.0,430.0
50n_10p_seed1,0.1,1,102853016,1,RX,102305,,3,12,102.305,1.0,48.0,1.8446744073709552e+19
50n_10p_seed1,0.1,1,104302000,2,TX,103538,2.0,1,10,103.538,,,
50n_10p_seed1,0.1,1,104353984,1,RX,103805,,1,11,103.805,1.0,2.0,267.0
50n_10p_seed1,0.1,1,105816000,50,TX,104819,50.0,2,11,104.819,,,
50n_10p_seed1,0.1,1,105868016,1,RX,105320,,2,12,105.32,1.0,50.0,501.0
50n_10p_seed1,0.1,1,106241000,41,TX,105852,41.0,3,11,105.852,,,
50n_10p_seed1,0.1,1,106281016,1,RX,105733,,3,12,105.733,1.0,41.0,1.8446744073709552e+19
50n_10p_seed1,0.1,1,106600000,40,TX,106398,40.0,3,11,106.398,,,
50n_10p_seed1,0.1,1,106633728,1,RX,106085,,3,12,106.085,1.0,40.0,1.8446744073709552e+19
50n_10p_seed1,0.1,1,106779000,3,TX,106138,3.0,2,10,106.138,,,
50n_10p_seed1,0.1,1,106867000,42,TX,106031,42.0,3,11,106.031,,,
50n_10p_seed1,0.1,1,106925016,1,RX,106377,,3,12,106.377,1.0,42.0,346.0
50n_10p_seed1,0.1,1,106947984,1,RX,106399,,2,11,106.399,1.0,3.0,261.0
50n_10p_seed1,0.1,1,107248000,9,TX,107009,9.0,2,10,107.009,,,
50n_10p_seed1,0.1,1,107301000,12,TX,106303,12.0,2,11,106.303,,,
50n_10p_seed1,0.1,1,107323984,1,RX,106775,,2,11,106.775,1.0,9.0,1.8446744073709552e+19
50n_10p_seed1,0.1,1,107379016,1,RX,106831,,2,12,106.831,1.0,12.0,528.0
50n_10p_seed1,0.1,1,107527000,32,TX,106785,32.0,3,11,106.785,,,
50n_10p_seed1,0.1,1,107550728,1,RX,107002,,3,12,107.002,1.0,32.0,217.0
50n_10p_seed1,0.1,1,107852000,35,TX,107241,35.0,3,11,107.241,,,
50n_10p_seed1,0.1,1,107873016,1,RX,107325,,3,12,107.325,1.0,35.0,84.0
50n_10p_seed1,0.1,1,109030000,13,TX,108490,13.0,2,11,108.49,,,
50n_10p_seed1,0.1,1,109073728,1,RX,108525,,2,12,108.525,1.0,13.0,35.0
50n_10p_seed1,0.1,1,109541000,28,TX,109121,28.0,3,11,109.121,,,
50n_10p_seed1,0.1,1,109578728,1,RX,109030,,3,12,109.03,1.0,28.0,1.8446744073709552e+19
50n_10p_seed1,0.1,1,110189000,36,TX,109506,36.0,3,11,109.506,,,
50n_10p_seed1,0.1,1,110213728,1,RX,109665,,3,12,109.665,1.0,36.0,159.0
50n_10p_seed1,0.1,1,110489000,44,TX,110069,44.0,3,11,110.069,,,
50n_10p_seed1,0.1,1,110557016,1,RX,110009,,3,12,110.009,1.0,44.0,1.8446744073709552e+19
50n_10p_seed1,0.1,1,111251000,49,TX,110557,49.0,2,11,110.557,,,
50n_10p_seed1,0.1,1,111295016,1,RX,110747,,2,12,110.747,1.0,49.0,190.0
50n_10p_seed1,0.1,1,111486000,24,TX,111307,24.0,2,11,111.307,,,
50n_10p_seed1,0.1,1,111550016,1,RX,111002,,2,12,111.002,1.0,24.0,1.8446744073709552e+19
50n_10p_seed1,0.1,1,111698000,45,TX,110907,45.0,2,11,110.907,,,
50n_10p_seed1,0.1,1,111708728,1,RX,111160,,2,12,111.16,1.0,45.0,253.0
50n_10p_seed1,0.1,1,112196000,46,TX,111996,46.0,4,11,111.996,,,
50n_10p_seed1,0.1,1,112240728,1,RX,111692,,4,12,111.692,1.0,46.0,1.8446744073709552e+19
50n_10p_seed1,0.1,1,113511000,6,TX,112697,6.0,3,10,112.697,,,
50n_10p_seed1,0.1,1,113526000,30,TX,113475,30.0,3,11,113.475,,,
50n_10p_seed1,0.1,1,113540728,1,RX,112992,,3,12,112.992,1.0,30.0,1.8446744073709552e+19
50n_10p_seed1,0.1,1,113559984,1,RX,113011,,3,11,113.011,1.0,6.0,314.0
50n_10p_seed1,0.1,1,115156000,43,TX,114943,43.0,3,11,114.943,,,
50n_10p_seed1,0.1,1,115195016,1,RX,114647,,3,12,114.647,1.0,43.0,1.8446744073709552e+19
50n_10p_seed1,0.1,1,115249000,10,TX,114948,10.0,3,11,114.948,,,
50n_10p_seed1,0.1,1,115319016,1,RX,114771,,3,12,114.771,1.0,10.0,1.8446744073709552e+19
50n_10p_seed1,0.1,1,115721000,15,TX,115376,15.0,3,11,115.376,,,
50n_10p_seed1,0.1,1,115758728,1,RX,115210,,3,12,115.21,1.0,15.0,1.8446744073709552e+19
50n_10p_seed1,0.1,1,116519000,8,TX,115613,8.0,3,10,115.613,,,
50n_10p_seed1,0.1,1,116594984,1,RX,116046,,3,11,116.046,1.0,8.0,433.0
50n_10p_seed1,0.1,1,117062000,47,TX,116638,47.0,3,11,116.638,,,
50n_10p_seed1,0.1,1,117096728,1,RX,116548,,3,12,116.548,1.0,47.0,1.8446744073709552e+19
50n_10p_seed1,0.1,1,117374000,16,TX,116513,16.0,3,11,116.513,,,
50n_10p_seed1,0.1,1,117398016,1,RX,116850,,3,12,116.85,1.0,16.0,337.0
50n_10p_seed1,0.1,1,118828000,21,TX,117903,21.0,3,11,117.903,,,
50n_10p_seed1,0.1,1,118840728,1,RX,118292,,3,12,118.292,1.0,21.0,389.0
50n_10p_seed1,0.1,1,119267000,14,TX,118576,14.0,3,11,118.576,,,
50n_10p_seed1,0.1,1,119273728,1,RX,118725,,3,12,118.725,1.0,14.0,149.0
50n_10p_seed1,0.1,1,119768000,5,TX,119704,5.0,3,10,119.704,,,
50n_10p_seed1,0.1,1,119826984,1,RX,119278,,3,11,119.278,1.0,5.0,1.8446744073709552e+19
50n_10p_seed1,0.1,1,121495000,34,TX,120660,34.0,3,11,120.66,,,
50n_10p_seed1,0.1,1,121517000,33,TX,121409,33.0,4,11,121.409,,,
50n_10p_seed1,0.1,1,121541000,7,TX,121037,7.0,3,10,121.037,,,
50n_10p_seed1,0.1,1,121551968,1,RX,121003,,4,12,121.003,1.0,33.0,1.8446744073709552e+19
50n_10p_seed1,0.1,1,121561016,1,RX,121013,,3,12,121.013,1.0,34.0,353.0
50n_10p_seed1,0.1,1,121647984,1,RX,121099,,3,11,121.099,1.0,7.0,62.0
50n_10p_seed1,0.1,1,124311000,19,TX,123943,19.0,3,11,123.943,,,
50n_10p_seed1,0.1,1,124366016,1,RX,123818,,3,12,123.818,1.0,19.0,1.8446744073709552e+19
50n_10p_seed1,0.1,1,124535000,18,TX,124284,18.0,3,11,124.284,,,
50n_10p_seed1,0.1,1,124548000,1,RX,124000,,3,12,124.0,1.0,18.0,1.8446744073709552e+19
50n_10p_seed1,0.1,1,124690000,31,TX,123977,31.0,4,11,123.977,,,
50n_10p_seed1,0.1,1,124711728,1,RX,124163,,4,12,124.163,1.0,31.0,186.0
50n_10p_seed1,0.1,1,125655000,26,TX,125229,26.0,3,11,125.229,,,
50n_10p_seed1,0.1,1,125680016,1,RX,125132,,3,12,125.132,1.0,26.0,1.8446744073709552e+19
50n_10p_seed1,0.1,1,127213000,48,TX,126924,48.0,4,11,126.924,,,
50n_10p_seed1,0.1,1,127298016,1,RX,126750,,4,12,126.75,1.0,48.0,1.8446744073709552e+19
50n_10p_seed1,0.1,1,128228000,17,TX,128143,17.0,4,11,128.143,,,
50n_10p_seed1,0.1,1,128251016,1,RX,127703,,4,12,127.703,1.0,17.0,1.8446744073709552e+19
50n_10p_seed1,0.1,1,129066000,11,TX,128930,11.0,3,11,128.93,,,
50n_10p_seed1,0.1,1,129110016,1,RX,128562,,3,12,128.562,1.0,11.0,1.8446744073709552e+19
50n_10p_seed1,0.1,1,130447000,37,TX,130265,37.0,3,11,130.265,,,
50n_10p_seed1,0.1,1,130467728,1,RX,129919,,3,12,129.919,1.0,37.0,1.8446744073709552e+19
50n_10p_seed1,0.1,1,131221000,4,TX,130251,4.0,3,10,130.251,,,
50n_10p_seed1,0.1,1,131274984,1,RX,130726,,3,11,130.726,1.0,4.0,475.0
50n_10p_seed1,0.1,1,131309000,2,TX,130545,2.0,2,10,130.545,,,
50n_10p_seed1,0.1,1,131369984,1,RX,130821,,2,11,130.821,1.0,2.0,276.0
50n_10p_seed1,0.1,1,132128000,40,TX,131926,40.0,4,11,131.926,,,
50n_10p_seed1,0.1,1,132173728,1,RX,131625,,4,12,131.625,1.0,40.0,1.8446744073709552e+19
50n_10p_seed1,0.1,1,132302000,49,TX,131608,49.0,3,11,131.608,,,
50n_10p_seed1,0.1,1,132350016,1,RX,131802,,3,12,131.802,1.0,49.0,194.0
50n_10p_seed1,0.1,1,132507000,38,TX,131537,38.0,4,11,131.537,,,
50n_10p_seed1,0.1,1,132529728,1,RX,131981,,4,12,131.981,1.0,38.0,444.0
50n_10p_seed1,0.1,1,133252000,12,TX,132254,12.0,3,11,132.254,,,
50n_10p_seed1,0.1,1,133267016,1,RX,132719,,3,12,132.719,1.0,12.0,465.0
50n_10p_seed1,0.1,1,133740000,13,TX,133200,13.0,3,11,133.2,,,
50n_10p_seed1,0.1,1,133758728,1,RX,133210,,3,12,133.21,1.0,13.0,10.0
50n_10p_seed1,0.1,1,134205000,23,TX,133916,23.0,3,11,133.916,,,
50n_10p_seed1,0.1,1,134236728,1,RX,133688,,3,12,133.688,1.0,23.0,1.8446744073709552e+19
50n_10p_seed1,0.1,1,134611000,39,TX,134473,39.0,3,11,134.473,,,
50n_10p_seed1,0.1,1,134626728,1,RX,134078,,3,12,134.078,1.0,39.0,1.8446744073709552e+19
50n_10p_seed1,0.1,1,135376000,25,TX,134894,25.0,3,11,134.894,,,
50n_10p_seed1,0.1,1,135414016,1,RX,134866,,3,12,134.866,1.0,25.0,1.8446744073709552e+19
50n_10p_seed1,0.1,1,135585000,3,TX,134944,3.0,3,10,134.944,,,
50n_10p_seed1,0.1,1,135663984,1,RX,135115,,3,11,135.115,1.0,3.0,171.0
50n_10p_seed1,0.1,1,136000000,41,TX,135611,41.0,4,11,135.611,,,
50n_10p_seed1,0.1,1,136025016,1,RX,135477,,4,12,135.477,1.0,41.0,1.8446744073709552e+19
50n_10p_seed1,0.1,1,136386000,27,TX,135721,27.0,3,11,135.721,,,
50n_10p_seed1,0.1,1,136400728,1,RX,135852,,3,12,135.852,1.0,27.0,131.0
50n_10p_seed1,0.1,1,136427000,32,TX,135685,32.0,4,11,135.685,,,
50n_10p_seed1,0.1,1,136451728,1,RX,135903,,4,12,135.903,1.0,32.0,218.0
50n_10p_seed1,0.1,1,136490000,45,TX,135699,45.0,3,11,135.699,,,
50n_10p_seed1,0.1,1,136510728,1,RX,135962,,3,12,135.962,1.0,45.0,263.0
50n_10p_seed1,0.1,1,136734000,44,TX,136314,44.0,4,11,136.314,,,
50n_10p_seed1,0.1,1,136785016,1,RX,136237,,4,12,136.237,1.0,44.0,1.8446744073709552e+19
50n_10p_seed1,0.1,1,137357000,20,TX,137345,20.0,4,11,137.345,,,
50n_10p_seed1,0.1,1,137386728,1,RX,136838,,4,12,136.838,1.0,20.0,1.8446744073709552e+19
50n_10p_seed1,0.1,1,137925000,29,TX,137888,29.0,3,11,137.888,,,
50n_10p_seed1,0.1,1,137961728,1,RX,137413,,3,12,137.413,1.0,29.0,1.8446744073709552e+19
50n_10p_seed1,0.1,1,138118000,30,TX,138067,30.0,4,11,138.067,,,
50n_10p_seed1,0.1,1,138129728,1,RX,137581,,4,12,137.581,1.0,30.0,1.8446744073709552e+19
50n_10p_seed1,0.1,1,138426000,22,TX,137706,22.0,4,11,137.706,,,
50n_10p_seed1,0.1,1,138448728,1,RX,137900,,4,12,137.9,1.0,22.0,194.0
50n_10p_seed1,0.1,1,139731000,28,TX,139311,28.0,4,11,139.311,,,
50n_10p_seed1,0.1,1,139756728,1,RX,139208,,4,12,139.208,1.0,28.0,1.8446744073709552e+19
50n_10p_seed1,0.1,1,139871000,43,TX,139658,43.0,4,11,139.658,,,
50n_10p_seed1,0.1,1,139883000,1,RX,139335,,4,12,139.335,1.0,43.0,1.8446744073709552e+19
50n_10p_seed1,0.1,1,140140000,36,TX,139457,36.0,4,11,139.457,,,
50n_10p_seed1,0.1,1,140178728,1,RX,139630,,4,12,139.63,1.0,36.0,173.0
50n_10p_seed1,0.1,1,141302000,9,TX,141063,9.0,3,10,141.063,,,
50n_10p_seed1,0.1,1,141410984,1,RX,140862,,3,11,140.862,1.0,9.0,1.8446744073709552e+19
50n_10p_seed1,0.1,1,141469000,35,TX,140858,35.0,4,11,140.858,,,
50n_10p_seed1,0.1,1,141498016,1,RX,140950,,4,12,140.95,1.0,35.0,92.0
50n_10p_seed1,0.1,1,141673000,6,TX,140859,6.0,4,10,140.859,,,
50n_10p_seed1,0.1,1,141738984,1,RX,141190,,4,11,141.19,1.0,6.0,331.0
50n_10p_seed1,0.1,1,141991000,50,TX,140994,50.0,3,11,140.994,,,
50n_10p_seed1,0.1,1,142002000,24,TX,141823,24.0,3,11,141.823,,,
50n_10p_seed1,0.1,1,142053016,1,RX,141505,,3,12,141.505,1.0,24.0,1.8446744073709552e+19
50n_10p_seed1,0.1,1,142069016,1,RX,141521,,3,12,141.521,1.0,50.0,527.0
50n_10p_seed1,0.1,1,142621000,14,TX,141930,14.0,4,11,141.93,,,
50n_10p_seed1,0.1,1,142655728,1,RX,142107,,4,12,142.107,1.0,14.0,177.0
50n_10p_seed1,0.1,1,142720000,42,TX,141884,42.0,4,11,141.884,,,
50n_10p_seed1,0.1,1,142775016,1,RX,142227,,4,12,142.227,1.0,42.0,343.0
50n_10p_seed1,0.1,1,143407000,16,TX,142546,16.0,4,11,142.546,,,
50n_10p_seed1,0.1,1,143453016,1,RX,142905,,4,12,142.905,1.0,16.0,359.0
50n_10p_seed1,0.1,1,143665000,47,TX,143241,47.0,4,11,143.241,,,
50n_10p_seed1,0.1,1,143684728,1,RX,143136,,4,12,143.136,1.0,47.0,1.8446744073709552e+19
50n_10p_seed1,0.1,1,143731000,8,TX,142825,8.0,4,10,142.825,,,
50n_10p_seed1,0.1,1,143811984,1,RX,143263,,4,11,143.263,1.0,8.0,438.0
50n_10p_seed1,0.1,1,144814000,46,TX,144614,46.0,5,11,144.614,,,
50n_10p_seed1,0.1,1,144856728,1,RX,144308,,5,12,144.308,1.0,46.0,1.8446744073709552e+19
50n_10p_seed1,0.1,1,147000000,19,TX,146632,19.0,4,11,146.632,,,
50n_10p_seed1,0.1,1,147048016,1,RX,146500,,4,12,146.5,1.0,19.0,1.8446744073709552e+19
50n_10p_seed1,0.1,1,147144000,10,TX,146843,10.0,4,11,146.843,,,
50n_10p_seed1,0.1,1,147189016,1,RX,146641,,4,12,146.641,1.0,10.0,1.8446744073709552e+19
50n_10p_seed1,0.1,1,148814000,5,TX,148750,5.0,4,10,148.75,,,
50n_10p_seed1,0.1,1,148888984,1,RX,148340,,4,11,148.34,1.0,5.0,1.8446744073709552e+19
50n_10p_seed1,0.1,1,149692000,33,TX,149584,33.0,5,11,149.584,,,
50n_10p_seed1,0.1,1,149731000,1,RX,149183,,5,12,149.183,1.0,33.0,1.8446744073709552e+19
50n_10p_seed1,0.1,1,149931000,34,TX,149096,34.0,4,11,149.096,,,
50n_10p_seed1,0.1,1,149974000,1,RX,149426,,4,12,149.426,1.0,34.0,330.0
50n_10p_seed1,0.1,1,151334000,21,TX,150409,21.0,4,11,150.409,,,
50n_10p_seed1,0.1,1,151345728,1,RX,150797,,4,12,150.797,1.0,21.0,388.0
50n_10p_seed1,0.1,1,151491000,15,TX,151146,15.0,4,11,151.146,,,
50n_10p_seed1,0.1,1,151515728,1,RX,150967,,4,12,150.967,1.0,15.0,1.8446744073709552e+19
50n_10p_seed1,0.1,1,152291000,2,TX,151527,2.0,3,10,151.527,,,
50n_10p_seed1,0.1,1,152395984,1,RX,151847,,3,11,151.847,1.0,2.0,320.0
50n_10p_seed1,0.1,1,155204000,40,TX,155002,40.0,5,11,155.002,,,
50n_10p_seed1,0.1,1,155211728,1,RX,154663,,5,12,154.663,1.0,40.0,1.8446744073709552e+19
50n_10p_seed1,0.1,1,155452000,4,TX,154482,4.0,4,10,154.482,,,
50n_10p_seed1,0.1,1,155503984,1,RX,154955,,4,11,154.955,1.0,4.0,473.0
50n_10p_seed1,0.1,1,155525000,12,TX,154527,12.0,4,11,154.527,,,
50n_10p_seed1,0.1,1,155586016,1,RX,155038,,4,12,155.038,1.0,12.0,511.0
50n_10p_seed1,0.1,1,156043000,7,TX,155539,7.0,4,10,155.539,,,
50n_10p_seed1,0.1,1,156071000,13,TX,155531,13.0,4,11,155.531,,,
50n_10p_seed1,0.1,1,156110728,1,RX,155562,,4,12,155.562,1.0,13.0,31.0
50n_10p_seed1,0.1,1,156150984,1,RX,155602,,4,11,155.602,1.0,7.0,63.0
50n_10p_seed1,0.1,1,156331000,18,TX,156080,18.0,4,11,156.08,,,
50n_10p_seed1,0.1,1,156388016,1,RX,155840,,4,12,155.84,1.0,18.0,1.8446744073709552e+19
50n_10p_seed1,0.1,1,156395000,17,TX,156310,17.0,5,11,156.31,,,
50n_10p_seed1,0.1,1,156459016,1,RX,155911,,5,12,155.911,1.0,17.0,1.8446744073709552e+19
50n_10p_seed1,0.1,1,158156000,29,TX,158119,29.0,4,11,158.119,,,
50n_10p_seed1,0.1,1,158163728,1,RX,157615,,4,12,157.615,1.0,29.0,1.8446744073709552e+19
50n_10p_seed1,0.1,1,158259000,31,TX,157546,31.0,5,11,157.546,,,
50n_10p_seed1,0.1,1,158264728,1,RX,157716,,5,12,157.716,1.0,31.0,170.0
50n_10p_seed1,0.1,1,159642000,41,TX,159253,41.0,5,11,159.253,,,
50n_10p_seed1,0.1,1,159696016,1,RX,159148,,5,12,159.148,1.0,41.0,1.8446744073709552e+19
50n_10p_seed1,0.1,1,159929000,20,TX,159917,20.0,5,11,159.917,,,
50n_10p_seed1,0.1,1,159945728,1,RX,159397,,5,12,159.397,1.0,20.0,1.8446744073709552e+19
50n_10p_seed1,0.1,1,160893000,26,TX,160467,26.0,4,11,160.467,,,
50n_10p_seed1,0.1,1,160961016,1,RX,160413,,4,12,160.413,1.0,26.0,1.8446744073709552e+19
50n_10p_seed1,0.1,1,162160000,44,TX,161740,44.0,5,11,161.74,,,
50n_10p_seed1,0.1,1,162219016,1,RX,161671,,5,12,161.671,1.0,44.0,1.8446744073709552e+19
50n_10p_seed1,0.1,1,162592000,9,TX,162353,9.0,4,10,162.353,,,
50n_10p_seed1,0.1,1,162660984,1,RX,162112,,4,11,162.112,1.0,9.0,1.8446744073709552e+19
50n_10p_seed1,0.1,1,163254000,50,TX,162257,50.0,4,11,162.257,,,
50n_10p_seed1,0.1,1,163361016,1,RX,162813,,4,12,162.813,1.0,50.0,556.0
50n_10p_seed1,0.1,1,163441000,22,TX,162721,22.0,5,11,162.721,,,
50n_10p_seed1,0.1,1,163448728,1,RX,162900,,5,12,162.9,1.0,22.0,179.0
50n_10p_seed1,0.1,1,163591000,16,TX,162730,16.0,5,11,162.73,,,
50n_10p_seed1,0.1,1,163633016,1,RX,163085,,5,12,163.085,1.0,16.0,355.0
50n_10p_seed1,0.1,1,164046000,25,TX,163564,25.0,4,11,163.564,,,
50n_10p_seed1,0.1,1,164087016,1,RX,163539,,4,12,163.539,1.0,25.0,1.8446744073709552e+19
50n_10p_seed1,0.1,1,164131000,11,TX,163995,11.0,4,11,163.995,,,
50n_10p_seed1,0.1,1,164170016,1,RX,163622,,4,12,163.622,1.0,11.0,1.8446744073709552e+19
50n_10p_seed1,0.1,1,166677000,42,TX,165841,42.0,5,11,165.841,,,
50n_10p_seed1,0.1,1,166721016,1,RX,166173,,5,12,166.173,1.0,42.0,332.0
50n_10p_seed1,0.1,1,166882000,23,TX,166593,23.0,4,11,166.593,,,
50n_10p_seed1,0.1,1,166889728,1,RX,166341,,4,12,166.341,1.0,23.0,1.8446744073709552e+19
50n_10p_seed1,0.1,1,167041000,48,TX,166752,48.0,5,11,166.752,,,
50n_10p_seed1,0.1,1,167083016,1,RX,166535,,5,12,166.535,1.0,48.0,1.8446744073709552e+19
50n_10p_seed1,0.1,1,167161000,37,TX,166979,37.0,4,11,166.979,,,
50n_10p_seed1,0.1,1,167200728,1,RX,166652,,4,12,166.652,1.0,37.0,1.8446744073709552e+19
50n_10p_seed1,0.1,1,167253000,36,TX,166570,36.0,5,11,166.57,,,
50n_10p_seed1,0.1,1,167290728,1,RX,166742,,5,12,166.742,1.0,36.0,172.0
50n_10p_seed1,0.1,1,167299000,38,TX,166329,38.0,5,11,166.329,,,
50n_10p_seed1,0.1,1,167314728,1,RX,166766,,5,12,166.766,1.0,38.0,437.0
50n_10p_seed1,0.1,1,167383000,39,TX,167245,39.0,4,11,167.245,,,
50n_10p_seed1,0.1,1,167417728,1,RX,166869,,4,12,166.869,1.0,39.0,1.8446744073709552e+19
50n_10p_seed1,0.1,1,168065000,19,TX,167697,19.0,5,11,167.697,,,
50n_10p_seed1,0.1,1,168091016,1,RX,167543,,5,12,167.543,1.0,19.0,1.8446744073709552e+19
50n_10p_seed1,0.1,1,168294000,49,TX,167600,49.0,4,11,167.6,,,
50n_10p_seed1,0.1,1,168348016,1,RX,167800,,4,12,167.8,1.0,49.0,200.0
50n_10p_seed1,0.1,1,169079000,32,TX,168337,32.0,5,11,168.337,,,
50n_10p_seed1,0.1,1,169090728,1,RX,168542,,5,12,168.542,1.0,32.0,205.0
50n_10p_seed1,0.1,1,169949000,3,TX,169308,3.0,4,10,169.308,,,
50n_10p_seed1,0.1,1,170054984,1,RX,169506,,4,11,169.506,1.0,3.0,198.0
50n_10p_seed1,0.1,1,170372000,28,TX,169952,28.0,5,11,169.952,,,
50n_10p_seed1,0.1,1,170403728,1,RX,169855,,5,12,169.855,1.0,28.0,1.8446744073709552e+19
50n_10p_seed1,0.1,1,170819000,24,TX,170640,24.0,4,11,170.64,,,
50n_10p_seed1,0.1,1,170840000,8,TX,169934,8.0,5,10,169.934,,,
50n_10p_seed1,0.1,1,170856984,1,RX,170308,,5,11,170.308,1.0,8.0,374.0
50n_10p_seed1,0.1,1,170873016,1,RX,170325,,4,12,170.325,1.0,24.0,1.8446744073709552e+19
50n_10p_seed1,0.1,1,170964000,45,TX,170173,45.0,4,11,170.173,,,
50n_10p_seed1,0.1,1,170997728,1,RX,170449,,4,12,170.449,1.0,45.0,276.0
50n_10p_seed1,0.1,1,172004000,14,TX,171313,14.0,5,11,171.313,,,
50n_10p_seed1,0.1,1,172038728,1,RX,171490,,5,12,171.49,1.0,14.0,177.0
50n_10p_seed1,0.1,1,172158000,27,TX,171493,27.0,4,11,171.493,,,
50n_10p_seed1,0.1,1,172190728,1,RX,171642,,4,12,171.642,1.0,27.0,149.0
50n_10p_seed1,0.1,1,173831000,43,TX,173618,43.0,5,11,173.618,,,
50n_10p_seed1,0.1,1,173898016,1,RX,173350,,5,12,173.35,1.0,43.0,1.8446744073709552e+19
50n_10p_seed1,0.1,1,174247000,46,TX,174047,46.0,6,11,174.047,,,
50n_10p_seed1,0.1,1,174252728,1,RX,173704,,6,12,173.704,1.0,46.0,1.8446744073709552e+19
50n_10p_seed1,0.1,1,174866000,30,TX,174815,30.0,5,11,174.815,,,
50n_10p_seed1,0.1,1,174887728,1,RX,174339,,5,12,174.339,1.0,30.0,1.8446744073709552e+19
50n_10p_seed1,0.1,1,176253000,33,TX,176145,33.0,6,11,176.145,,,
50n_10p_seed1,0.1,1,176300016,1,RX,175752,,6,12,175.752,1.0,33.0,1.8446744073709552e+19
50n_10p_seed1,0.1,1,177896000,10,TX,177595,10.0,5,11,177.595,,,
50n_10p_seed1,0.1,1,177914000,15,TX,177569,15.0,5,11,177.569,,,
50n_10p_seed1,0.1,1,177935728,1,RX,177387,,5,12,177.387,1.0,15.0,1.8446744073709552e+19
50n_10p_seed1,0.1,1,177943016,1,RX,177395,,5,12,177.395,1.0,10.0,1.8446744073709552e+19
50n_10p_seed1,0.1,1,179050000,35,TX,178439,35.0,5,11,178.439,,,
50n_10p_seed1,0.1,1,179075016,1,RX,178527,,5,12,178.527,1.0,35.0,88.0
50n_10p_seed1,0.1,1,179349000,6,TX,178535,6.0,5,10,178.535,,,
50n_10p_seed1,0.1,1,179396984,1,RX,178848,,5,11,178.848,1.0,6.0,313.0
50n_10p_seed1,0.1,1,181082000,21,TX,180157,21.0,5,11,180.157,,,
50n_10p_seed1,0.1,1,181095728,1,RX,180547,,5,12,180.547,1.0,21.0,390.0
50n_10p_seed1,0.1,1,181515000,17,TX,181430,17.0,6,11,181.43,,,
50n_10p_seed1,0.1,1,181591016,1,RX,181043,,6,12,181.043,1.0,17.0,1.8446744073709552e+19
50n_10p_seed1,0.1,1,182379000,13,TX,181839,13.0,5,11,181.839,,,
50n_10p_seed1,0.1,1,182384728,1,RX,181836,,5,12,181.836,1.0,13.0,1.8446744073709552e+19
50n_10p_seed1,0.1,1,183060000,47,TX,182636,47.0,5,11,182.636,,,
50n_10p_seed1,0.1,1,183103728,1,RX,182555,,5,12,182.555,1.0,47.0,1.8446744073709552e+19
50n_10p_seed1,0.1,1,183511000,29,TX,183474,29.0,5,11,183.474,,,
50n_10p_seed1,0.1,1,183530728,1,RX,182982,,5,12,182.982,1.0,29.0,1.8446744073709552e+19
50n_10p_seed1,0.1,1,184672000,40,TX,184470,40.0,6,11,184.47,,,
50n_10p_seed1,0.1,1,184714728,1,RX,184166,,6,12,184.166,1.0,40.0,1.8446744073709552e+19
50n_10p_seed1,0.1,1,185175000,12,TX,184177,12.0,5,11,184.177,,,
50n_10p_seed1,0.1,1,185218016,1,RX,184670,,5,12,184.67,1.0,12.0,493.0
50n_10p_seed1,0.1,1,185489000,16,TX,184628,16.0,6,11,184.628,,,
50n_10p_seed1,0.1,1,185571016,1,RX,185023,,6,12,185.023,1.0,16.0,395.0
50n_10p_seed1,0.1,1,185589000,2,TX,184825,2.0,4,10,184.825,,,
50n_10p_seed1,0.1,1,185630984,1,RX,185082,,4,11,185.082,1.0,2.0,257.0
50n_10p_seed1,0.1,1,185777000,31,TX,185064,31.0,6,11,185.064,,,
50n_10p_seed1,0.1,1,185794728,1,RX,185246,,6,12,185.246,1.0,31.0,182.0
50n_10p_seed1,0.1,1,185946000,34,TX,185111,34.0,5,11,185.111,,,
50n_10p_seed1,0.1,1,185978016,1,RX,185430,,5,12,185.43,1.0,34.0,319.0
50n_10p_seed1,0.1,1,187466000,7,TX,186962,7.0,5,10,186.962,,,
50n_10p_seed1,0.1,1,187525984,1,RX,186977,,5,11,186.977,1.0,7.0,15.0
50n_10p_seed1,0.1,1,187642000,4,TX,186672,4.0,5,10,186.672,,,
50n_10p_seed1,0.1,1,187663984,1,RX,187115,,5,11,187.115,1.0,4.0,443.0
50n_10p_seed1,0.1,1,187733000,22,TX,187013,22.0,6,11,187.013,,,
50n_10p_seed1,0.1,1,187759728,1,RX,187211,,6,12,187.211,1.0,22.0,198.0
50n_10p_seed1,0.1,1,188062000,5,TX,187998,5.0,5,10,187.998,,,
50n_10p_seed1,0.1,1,188118984,1,RX,187570,,5,11,187.57,1.0,5.0,1.8446744073709552e+19
50n_10p_seed1,0.1,1,188265000,41,TX,187876,41.0,6,11,187.876,,,
50n_10p_seed1,0.1,1,188287016,1,RX,187739,,6,12,187.739,1.0,41.0,1.8446744073709552e+19
50n_10p_seed1,0.1,1,188711000,44,TX,188291,44.0,6,11,188.291,,,
50n_10p_seed1,0.1,1,188743016,1,RX,188195,,6,12,188.195,1.0,44.0,1.8446744073709552e+19
50n_10p_seed1,0.1,1,188832000,26,TX,188406,26.0,5,11,188.406,,,
50n_10p_seed1,0.1,1,188899016,1,RX,188351,,5,12,188.351,1.0,26.0,1.8446744073709552e+19
50n_10p_seed1,0.1,1,189712000,18,TX,189461,18.0,5,11,189.461,,,
50n_10p_seed1,0.1,1,189762016,1,RX,189214,,5,12,189.214,1.0,18.0,1.8446744073709552e+19
50n_10p_seed1,0.1,1,191354000,9,TX,191115,9.0,5,10,191.115,,,
50n_10p_seed1,0.1,1,191421984,1,RX,190873,,5,11,190.873,1.0,9.0,1.8446744073709552e+19
50n_10p_seed1,0.1,1,192084000,19,TX,191716,19.0,6,11,191.716,,,
50n_10p_seed1,0.1,1,192168016,1,RX,191620,,6,12,191.62,1.0,19.0,1.8446744073709552e+19
50n_10p_seed1,0.1,1,192470000,48,TX,192181,48.0,6,11,192.181,,,
50n_10p_seed1,0.1,1,192533016,1,RX,191985,,6,12,191.985,1.0,48.0,1.8446744073709552e+19
50n_10p_seed1,0.1,1,194991000,49,TX,194297,49.0,5,11,194.297,,,
50n_10p_seed1,0.1,1,195049016,1,RX,194501,,5,12,194.501,1.0,49.0,204.0
50n_10p_seed1,0.1,1,195361000,23,TX,195072,23.0,5,11,195.072,,,
50n_10p_seed1,0.1,1,195387728,1,RX,194839,,5,12,194.839,1.0,23.0,1.8446744073709552e+19
50n_10p_seed1,0.1,1,196670000,11,TX,196534,11.0,5,11,196.534,,,
50n_10p_seed1,0.1,1,196704000,46,TX,196504,46.0,7,11,196.504,,,
50n_10p_seed1,0.1,1,196731016,1,RX,196183,,5,12,196.183,1.0,11.0,1.8446744073709552e+19
50n_10p_seed1,0.1,1,196739728,1,RX,196191,,7,12,196.191,1.0,46.0,1.8446744073709552e+19
50n_10p_seed1,0.1,1,197940000,33,TX,197832,33.0,7,11,197.832,,,
50n_10p_seed1,0.1,1,197980000,10,TX,197679,10.0,6,11,197.679,,,
50n_10p_seed1,0.1,1,198036016,1,RX,197488,,7,12,197.488,1.0,33.0,1.8446744073709552e+19
50n_10p_seed1,0.1,1,198048016,1,RX,197500,,6,12,197.5,1.0,10.0,1.8446744073709552e+19
50n_10p_seed1,0.1,1,198457000,43,TX,198244,43.0,6,11,198.244,,,
50n_10p_seed1,0.1,1,198504016,1,RX,197956,,6,12,197.956,1.0,43.0,1.8446744073709552e+19
50n_10p_seed1,0.1,1,198610000,20,TX,198598,20.0,6,11,198.598,,,
50n_10p_seed1,0.1,1,198615000,39,TX,198477,39.0,5,11,198.477,,,
50n_10p_seed1,0.1,1,198635728,1,RX,198087,,5,12,198.087,1.0,39.0,1.8446744073709552e+19
50n_10p_seed1,0.1,1,198638456,1,RX,198090,,6,12,198.09,1.0,20.0,1.8446744073709552e+19
50n_10p_seed1,0.1,1,199330000,3,TX,198689,3.0,5,10,198.689,,,
50n_10p_seed1,0.1,1,199393984,1,RX,198845,,5,11,198.845,1.0,3.0,156.0
50n_10p_seed1,0.1,1,200906000,24,TX,200727,24.0,5,11,200.727,,,
50n_10p_seed1,0.1,1,200952016,1,RX,200404,,5,12,200.404,1.0,24.0,1.8446744073709552e+19
50n_10p_seed1,0.1,1,200999000,50,TX,200002,50.0,5,11,200.002,,,
50n_10p_seed1,0.1,1,201102016,1,RX,200554,,5,12,200.554,1.0,50.0,552.0
50n_10p_seed1,0.1,1,201416000,42,TX,200580,42.0,6,11,200.58,,,
50n_10p_seed1,0.1,1,201449016,1,RX,200901,,6,12,200.901,1.0,42.0,321.0
50n_10p_seed1,0.1,1,201468000,25,TX,200986,25.0,5,11,200.986,,,
50n_10p_seed1,0.1,1,201529016,1,RX,200981,,5,12,200.981,1.0,25.0,1.8446744073709552e+19
50n_10p_seed1,0.1,1,202324000,14,TX,201633,14.0,6,11,201.633,,,
50n_10p_seed1,0.1,1,202344728,1,RX,201796,,6,12,201.796,1.0,14.0,163.0
50n_10p_seed1,0.1,1,203131000,8,TX,202225,8.0,6,10,202.225,,,
50n_10p_seed1,0.1,1,203187984,1,RX,202639,,6,11,202.639,1.0,8.0,414.0
50n_10p_seed1,0.1,1,203277000,47,TX,202853,47.0,6,11,202.853,,,
50n_10p_seed1,0.1,1,203284728,1,RX,202736,,6,12,202.736,1.0,47.0,1.8446744073709552e+19
50n_10p_seed1,0.1,1,203898000,36,TX,203215,36.0,6,11,203.215,,,
50n_10p_seed1,0.1,1,203920000,38,TX,202950,38.0,6,11,202.95,,,
50n_10p_seed1,0.1,1,203930728,1,RX,203382,,6,12,203.382,1.0,36.0,167.0
50n_10p_seed1,0.1,1,203939728,1,RX,203391,,6,12,203.391,1.0,38.0,441.0
50n_10p_seed1,0.1,1,204913000,37,TX,204731,37.0,5,11,204.731,,,
50n_10p_seed1,0.1,1,204942728,1,RX,204394,,5,12,204.394,1.0,37.0,1.8446744073709552e+19
50n_10p_seed1,0.1,1,205380000,32,TX,204638,32.0,6,11,204.638,,,
50n_10p_seed1,0.1,1,205385728,1,RX,204837,,6,12,204.837,1.0,32.0,199.0
50n_10p_seed1,0.1,1,205535000,29,TX,205498,29.0,6,11,205.498,,,
50n_10p_seed1,0.1,1,205560728,1,RX,205012,,6,12,205.012,1.0,29.0,1.8446744073709552e+19
50n_10p_seed1,0.1,1,207606000,27,TX,206941,27.0,5,11,206.941,,,
50n_10p_seed1,0.1,1,207645728,1,RX,207097,,5,12,207.097,1.0,27.0,156.0
50n_10p_seed1,0.1,1,208265000,30,TX,208214,30.0,6,11,208.214,,,
50n_10p_seed1,0.1,1,208298728,1,RX,207750,,6,12,207.75,1.0,30.0,1.8446744073709552e+19
50n_10p_seed1,0.1,1,208750000,28,TX,208330,28.0,6,11,208.33,,,
50n_10p_seed1,0.1,1,208757728,1,RX,208209,,6,12,208.209,1.0,28.0,1.8446744073709552e+19
50n_10p_seed1,0.1,1,209174000,45,TX,208383,45.0,5,11,208.383,,,
50n_10p_seed1,0.1,1,209185728,1,RX,208637,,5,12,208.637,1.0,45.0,254.0
50n_10p_seed1,0.1,1,209820000,26,TX,209394,26.0,6,11,209.394,,,
50n_10p_seed1,0.1,1,209873016,1,RX,209325,,6,12,209.325,1.0,26.0,1.8446744073709552e+19
50n_10p_seed1,0.1,1,210141000,4,TX,209171,4.0,6,10,209.171,,,
50n_10p_seed1,0.1,1,210188984,1,RX,209640,,6,11,209.64,1.0,4.0,469.0
50n_10p_seed1,0.1,1,210757000,35,TX,210146,35.0,6,11,210.146,,,
50n_10p_seed1,0.1,1,210805016,1,RX,210257,,6,12,210.257,1.0,35.0,111.0
50n_10p_seed1,0.1,1,211351000,40,TX,211149,40.0,7,11,211.149,,,
50n_10p_seed1,0.1,1,211387728,1,RX,210839,,7,12,210.839,1.0,40.0,1.8446744073709552e+19
50n_10p_seed1,0.1,1,212943000,6,TX,212129,6.0,6,10,212.129,,,
50n_10p_seed1,0.1,1,213008984,1,RX,212460,,6,11,212.46,1.0,6.0,331.0
50n_10p_seed1,0.1,1,213738000,2,TX,212974,2.0,5,10,212.974,,,
50n_10p_seed1,0.1,1,213806984,1,RX,213258,,5,11,213.258,1.0,2.0,284.0
50n_10p_seed1,0.1,1,213875000,19,TX,213507,19.0,7,11,213.507,,,
50n_10p_seed1,0.1,1,213938016,1,RX,213390,,7,12,213.39,1.0,19.0,1.8446744073709552e+19
50n_10p_seed1,0.1,1,214717000,15,TX,214372,15.0,6,11,214.372,,,
50n_10p_seed1,0.1,1,214752728,1,RX,214204,,6,12,214.204,1.0,15.0,1.8446744073709552e+19
50n_10p_seed1,0.1,1,218232000,10,TX,217931,10.0,7,11,217.931,,,
50n_10p_seed1,0.1,1,218295016,1,RX,217747,,7,12,217.747,1.0,10.0,1.8446744073709552e+19
50n_10p_seed1,0.1,1,218581000,17,TX,218496,17.0,7,11,218.496,,,
50n_10p_seed1,0.1,1,218627000,1,RX,218079,,7,12,218.079,1.0,17.0,1.8446744073709552e+19
50n_10p_seed1,0.1,1,219487000,5,TX,219423,5.0,6,10,219.423,,,
50n_10p_seed1,0.1,1,219541984,1,RX,218993,,6,11,218.993,1.0,5.0,1.8446744073709552e+19
50n_10p_seed1,0.1,1,220022000,21,TX,219097,21.0,6,11,219.097,,,
50n_10p_seed1,0.1,1,220027728,1,RX,219479,,6,12,219.479,1.0,21.0,382.0
50n_10p_seed1,0.1,1,220761000,9,TX,220522,9.0,6,10,220.522,,,
50n_10p_seed1,0.1,1,220818984,1,RX,220270,,6,11,220.27,1.0,9.0,1.8446744073709552e+19
50n_10p_seed1,0.1,1,221371000,43,TX,221158,43.0,7,11,221.158,,,
50n_10p_seed1,0.1,1,221407016,1,RX,220859,,7,12,220.859,1.0,43.0,1.8446744073709552e+19
50n_10p_seed1,0.1,1,221640000,13,TX,221100,13.0,6,11,221.1,,,
50n_10p_seed1,0.1,1,221651728,1,RX,221103,,6,12,221.103,1.0,13.0,3.0
50n_10p_seed1,0.1,1,221739000,33,TX,221631,33.0,8,11,221.631,,,
50n_10p_seed1,0.1,1,221774016,1,RX,221226,,8,12,221.226,1.0,33.0,1.8446744073709552e+19
50n_10p_seed1,0.1,1,222136000,44,TX,221716,44.0,7,11,221.716,,,
50n_10p_seed1,0.1,1,222176016,1,RX,221628,,7,12,221.628,1.0,44.0,1.8446744073709552e+19
50n_10p_seed1,0.1,1,222555000,31,TX,221842,31.0,7,11,221.842,,,
50n_10p_seed1,0.1,1,222580728,1,RX,222032,,7,12,222.032,1.0,31.0,190.0
50n_10p_seed1,0.1,1,222851000,12,TX,221853,12.0,6,11,221.853,,,
50n_10p_seed1,0.1,1,222916016,1,RX,222368,,6,12,222.368,1.0,12.0,515.0
50n_10p_seed1,0.1,1,223149000,41,TX,222760,41.0,7,11,222.76,,,
50n_10p_seed1,0.1,1,223204016,1,RX,222656,,7,12,222.656,1.0,41.0,1.8446744073709552e+19
50n_10p_seed1,0.1,1,224120000,34,TX,223285,34.0,6,11,223.285,,,
50n_10p_seed1,0.1,1,224162016,1,RX,223614,,6,12,223.614,1.0,34.0,329.0
50n_10p_seed1,0.1,1,224169000,36,TX,223486,36.0,7,11,223.486,,,
50n_10p_seed1,0.1,1,224186728,1,RX,223638,,7,12,223.638,1.0,36.0,152.0
50n_10p_seed1,0.1,1,224499000,7,TX,223995,7.0,6,10,223.995,,,
50n_10p_seed1,0.1,1,224595984,1,RX,224047,,6,11,224.047,1.0,7.0,52.0
50n_10p_seed1,0.1,1,225302000,8,TX,224396,8.0,7,10,224.396,,,
50n_10p_seed1,0.1,1,225351984,1,RX,224803,,7,11,224.803,1.0,8.0,407.0
50n_10p_seed1,0.1,1,225466000,16,TX,224605,16.0,7,11,224.605,,,
50n_10p_seed1,0.1,1,225499000,1,RX,224951,,7,12,224.951,1.0,16.0,346.0
50n_10p_seed1,0.1,1,225897000,39,TX,225759,39.0,6,11,225.759,,,
50n_10p_seed1,0.1,1,225908728,1,RX,225360,,6,12,225.36,1.0,39.0,1.8446744073709552e+19
50n_10p_seed1,0.1,1,226143000,3,TX,225502,3.0,6,10,225.502,,,
50n_10p_seed1,0.1,1,226186984,1,RX,225638,,6,11,225.638,1.0,3.0,136.0
50n_10p_seed1,0.1,1,226426000,14,TX,225735,14.0,7,11,225.735,,,
50n_10p_seed1,0.1,1,226470728,1,RX,225922,,7,12,225.922,1.0,14.0,187.0
50n_10p_seed1,0.1,1,226680000,42,TX,225844,42.0,7,11,225.844,,,
50n_10p_seed1,0.1,1,226709016,1,RX,226161,,7,12,226.161,1.0,42.0,317.0
50n_10p_seed1,0.1,1,226988000,18,TX,226737,18.0,6,11,226.737,,,
50n_10p_seed1,0.1,1,227071016,1,RX,226523,,6,12,226.523,1.0,18.0,1.8446744073709552e+19
50n_10p_seed1,0.1,1,227524000,32,TX,226782,32.0,7,11,226.782,,,
50n_10p_seed1,0.1,1,227560000,22,TX,226840,22.0,7,11,226.84,,,
50n_10p_seed1,0.1,1,227568728,1,RX,227020,,7,12,227.02,1.0,32.0,238.0
50n_10p_seed1,0.1,1,227574728,1,RX,227026,,7,12,227.026,1.0,22.0,186.0
50n_10p_seed1,0.1,1,229059000,37,TX,228877,37.0,6,11,228.877,,,
50n_10p_seed1,0.1,1,229094728,1,RX,228546,,6,12,228.546,1.0,37.0,1.8446744073709552e+19
50n_10p_seed1,0.1,1,229691000,48,TX,229402,48.0,7,11,229.402,,,
50n_10p_seed1,0.1,1,229728016,1,RX,229180,,7,12,229.18,1.0,48.0,1.8446744073709552e+19
50n_10p_seed1,0.1,1,229879000,29,TX,229842,29.0,7,11,229.842,,,
50n_10p_seed1,0.1,1,229921728,1,RX,229373,,7,12,229.373,1.0,29.0,1.8446744073709552e+19
50n_10p_seed1,0.1,1,230240000,25,TX,229758,25.0,6,11,229.758,,,
50n_10p_seed1,0.1,1,230280016,1,RX,229732,,6,12,229.732,1.0,25.0,1.8446744073709552e+19
50n_10p_seed1,0.1,1,230489000,46,TX,230289,46.0,8,11,230.289,,,
50n_10p_seed1,0.1,1,230498728,1,RX,229950,,8,12,229.95,1.0,46.0,1.8446744073709552e+19
50n_10p_seed1,0.1,1,231858000,4,TX,230888,4.0,7,10,230.888,,,
50n_10p_seed1,0.1,1,231904984,1,RX,231356,,7,11,231.356,1.0,4.0,468.0
50n_10p_seed1,0.1,1,232234000,20,TX,232222,20.0,7,11,232.222,,,
50n_10p_seed1,0.1,1,232243728,1,RX,231695,,7,12,231.695,1.0,20.0,1.8446744073709552e+19
50n_10p_seed1,0.1,1,232311000,27,TX,231646,27.0,6,11,231.646,,,
50n_10p_seed1,0.1,1,232322728,1,RX,231774,,6,12,231.774,1.0,27.0,128.0
50n_10p_seed1,0.1,1,232855000,11,TX,232719,11.0,6,11,232.719,,,
50n_10p_seed1,0.1,1,232931016,1,RX,232383,,6,12,232.383,1.0,11.0,1.8446744073709552e+19
50n_10p_seed1,0.1,1,234246000,49,TX,233552,49.0,6,11,233.552,,,
50n_10p_seed1,0.1,1,234322016,1,RX,233774,,6,12,233.774,1.0,49.0,222.0
50n_10p_seed1,0.1,1,234523000,50,TX,233526,50.0,6,11,233.526,,,
50n_10p_seed1,0.1,1,234622016,1,RX,234074,,6,12,234.074,1.0,50.0,548.0
50n_10p_seed1,0.1,1,234731000,23,TX,234442,23.0,6,11,234.442,,,
50n_10p_seed1,0.1,1,234737728,1,RX,234189,,6,12,234.189,1.0,23.0,1.8446744073709552e+19
50n_10p_seed1,0.1,1,234890000,15,TX,234545,15.0,7,11,234.545,,,
50n_10p_seed1,0.1,1,234909728,1,RX,234361,,7,12,234.361,1.0,15.0,1.8446744073709552e+19
50n_10p_seed1,0.1,1,235021000,47,TX,234597,47.0,7,11,234.597,,,
50n_10p_seed1,0.1,1,235052728,1,RX,234504,,7,12,234.504,1.0,47.0,1.8446744073709552e+19
50n_10p_seed1,0.1,1,235992000,2,TX,235228,2.0,6,10,235.228,,,
50n_10p_seed1,0.1,1,236076984,1,RX,235528,,6,11,235.528,1.0,2.0,300.0
50n_10p_seed1,0.1,1,237084000,24,TX,236905,24.0,6,11,236.905,,,
50n_10p_seed1,0.1,1,237122312,1,RX,236574,,6,12,236.574,1.0,24.0,1.8446744073709552e+19
50n_10p_seed1,0.1,1,237149000,19,TX,236781,19.0,8,11,236.781,,,
50n_10p_seed1,0.1,1,237192016,1,RX,236644,,8,12,236.644,1.0,19.0,1.8446744073709552e+19
50n_10p_seed1,0.1,1,237821000,45,TX,237030,45.0,6,11,237.03,,,
50n_10p_seed1,0.1,1,237848728,1,RX,237300,,6,12,237.3,1.0,45.0,270.0
50n_10p_seed1,0.1,1,239682000,5,TX,239618,5.0,7,10,239.618,,,
50n_10p_seed1,0.1,1,239698984,1,RX,239150,,7,11,239.15,1.0,5.0,1.8446744073709552e+19
50n_10p_seed1,0.1,1,239745000,38,TX,238775,38.0,7,11,238.775,,,
50n_10p_seed1,0.1,1,239750728,1,RX,239202,,7,12,239.202,1.0,38.0,427.0
50n_10p_seed1,0.1,1,240287000,21,TX,239362,21.0,7,11,239.362,,,
50n_10p_seed1,0.1,1,240302728,1,RX,239754,,7,12,239.754,1.0,21.0,392.0
50n_10p_seed1,0.1,1,241989000,28,TX,241569,28.0,7,11,241.569,,,
50n_10p_seed1,0.1,1,241994728,1,RX,241446,,7,12,241.446,1.0,28.0,1.8446744073709552e+19
50n_10p_seed1,0.1,1,242781000,17,TX,242696,17.0,8,11,242.696,,,
50n_10p_seed1,0.1,1,242838016,1,RX,242290,,8,12,242.29,1.0,17.0,1.8446744073709552e+19
50n_10p_seed1,0.1,1,243919000,12,TX,242921,12.0,7,11,242.921,,,
50n_10p_seed1,0.1,1,243957016,1,RX,243409,,7,12,243.409,1.0,12.0,488.0
50n_10p_seed1,0.1,1,244402000,43,TX,244189,43.0,8,11,244.189,,,
50n_10p_seed1,0.1,1,244427016,1,RX,243879,,8,12,243.879,1.0,43.0,1.8446744073709552e+19
50n_10p_seed1,0.1,1,244527000,13,TX,243987,13.0,7,11,243.987,,,
50n_10p_seed1,0.1,1,244542728,1,RX,243994,,7,12,243.994,1.0,13.0,7.0
50n_10p_seed1,0.1,1,244696000,9,TX,244457,9.0,7,10,244.457,,,
50n_10p_seed1,0.1,1,244768984,1,RX,244220,,7,11,244.22,1.0,9.0,1.8446744073709552e+19
50n_10p_seed1,0.1,1,245171000,34,TX,244336,34.0,7,11,244.336,,,
50n_10p_seed1,0.1,1,245251016,1,RX,244703,,7,12,244.703,1.0,34.0,367.0
50n_10p_seed1,0.1,1,245722000,41,TX,245333,41.0,8,11,245.333,,,
50n_10p_seed1,0.1,1,245772016,1,RX,245224,,8,12,245.224,1.0,41.0,1.8446744073709552e+19
50n_10p_seed1,0.1,1,246184040,35,TX,245573,35.0,7,11,245.573,,,
50n_10p_seed1,0.1,1,246244016,1,RX,245696,,7,12,245.696,1.0,35.0,123.0
50n_10p_seed1,0.1,1,246290000,36,TX,245607,36.0,8,11,245.607,,,
50n_10p_seed1,0.1,1,246299728,1,RX,245751,,8,12,245.751,1.0,36.0,144.0
50n_10p_seed1,0.1,1,246872000,26,TX,246446,26.0,7,11,246.446,,,
50n_10p_seed1,0.1,1,246920016,1,RX,246372,,7,12,246.372,1.0,26.0,1.8446744073709552e+19
50n_10p_seed1,0.1,1,246933000,30,TX,246882,30.0,7,11,246.882,,,
50n_10p_seed1,0.1,1,246953728,1,RX,246405,,7,12,246.405,1.0,30.0,1.8446744073709552e+19
50n_10p_seed1,0.1,1,247914000,18,TX,247663,18.0,7,11,247.663,,,
50n_10p_seed1,0.1,1,247982016,1,RX,247434,,7,12,247.434,1.0,18.0,1.8446744073709552e+19
50n_10p_seed1,0.1,1,248400000,40,TX,248198,40.0,8,11,248.198,,,
50n_10p_seed1,0.1,1,248426728,1,RX,247878,,8,12,247.878,1.0,40.0,1.8446744073709552e+19
50n_10p_seed1,0.1,1,248516000,31,TX,247803,31.0,8,11,247.803,,,
50n_10p_seed1,0.1,1,248532000,8,TX,247626,8.0,8,10,247.626,,,
50n_10p_seed1,0.1,1,248553728,1,RX,248005,,8,12,248.005,1.0,31.0,202.0
50n_10p_seed1,0.1,1,248581984,1,RX,248033,,8,11,248.033,1.0,8.0,407.0
50n_10p_seed1,0.1,1,249054000,10,TX,248753,10.0,8,11,248.753,,,
50n_10p_seed1,0.1,1,249086016,1,RX,248538,,8,12,248.538,1.0,10.0,1.8446744073709552e+19
50n_10p_seed1,0.1,1,249550000,3,TX,248909,3.0,7,10,248.909,,,
50n_10p_seed1,0.1,1,249603984,1,RX,249055,,7,11,249.055,1.0,3.0,146.0
50n_10p_seed1,0.1,1,249877000,6,TX,249063,6.0,7,10,249.063,,,
50n_10p_seed1,0.1,1,249956984,1,RX,249408,,7,11,249.408,1.0,6.0,345.0
50n_10p_seed1,0.1,1,250790000,22,TX,250070,22.0,8,11,250.07,,,
50n_10p_seed1,0.1,1,250821728,1,RX,250273,,8,12,250.273,1.0,22.0,203.0
50n_10p_seed1,0.1,1,252351000,29,TX,252314,29.0,8,11,252.314,,,
50n_10p_seed1,0.1,1,252367000,33,TX,252259,33.0,9,11,252.259,,,
50n_10p_seed1,0.1,1,252375728,1,RX,251827,,8,12,251.827,1.0,29.0,1.8446744073709552e+19
50n_10p_seed1,0.1,1,252429016,1,RX,251881,,9,12,251.881,1.0,33.0,1.8446744073709552e+19
50n_10p_seed1,0.1,1,253172000,44,TX,252752,44.0,8,11,252.752,,,
50n_10p_seed1,0.1,1,253228016,1,RX,252680,,8,12,252.68,1.0,44.0,1.8446744073709552e+19
50n_10p_seed1,0.1,1,253549000,32,TX,252807,32.0,8,11,252.807,,,
50n_10p_seed1,0.1,1,253587728,1,RX,253039,,8,12,253.039,1.0,32.0,232.0
50n_10p_seed1,0.1,1,254005000,42,TX,253169,42.0,8,11,253.169,,,
50n_10p_seed1,0.1,1,254066016,1,RX,253518,,8,12,253.518,1.0,42.0,349.0
50n_10p_seed1,0.1,1,255259000,27,TX,254594,27.0,7,11,254.594,,,
50n_10p_seed1,0.1,1,255294728,1,RX,254746,,7,12,254.746,1.0,27.0,152.0
50n_10p_seed1,0.1,1,255591000,48,TX,255302,48.0,8,11,255.302,,,
50n_10p_seed1,0.1,1,255664016,1,RX,255116,,8,12,255.116,1.0,48.0,1.8446744073709552e+19
50n_10p_seed1,0.1,1,256361000,16,TX,255500,16.0,8,11,255.5,,,
50n_10p_seed1,0.1,1,256428016,1,RX,255880,,8,12,255.88,1.0,16.0,380.0
50n_10p_seed1,0.1,1,256892000,7,TX,256388,7.0,7,10,256.388,,,
50n_10p_seed1,0.1,1,256967984,1,RX,256419,,7,11,256.419,1.0,7.0,31.0
50n_10p_seed1,0.1,1,257396000,2,TX,256632,2.0,7,10,256.632,,,
50n_10p_seed1,0.1,1,257491984,1,RX,256943,,7,11,256.943,1.0,2.0,311.0
50n_10p_seed1,0.1,1,257550000,23,TX,257261,23.0,7,11,257.261,,,
50n_10p_seed1,0.1,1,257586728,1,RX,257038,,7,12,257.038,1.0,23.0,1.8446744073709552e+19
50n_10p_seed1,0.1,1,258258000,24,TX,258079,24.0,7,11,258.079,,,
50n_10p_seed1,0.1,1,258296016,1,RX,257748,,7,12,257.748,1.0,24.0,1.8446744073709552e+19
50n_10p_seed1,0.1,1,261254000,39,TX,261116,39.0,7,11,261.116,,,
50n_10p_seed1,0.1,1,261288728,1,RX,260740,,7,12,260.74,1.0,39.0,1.8446744073709552e+19
50n_10p_seed1,0.1,1,261858000,14,TX,261167,14.0,8,11,261.167,,,
50n_10p_seed1,0.1,1,261866728,1,RX,261318,,8,12,261.318,1.0,14.0,151.0
50n_10p_seed1,0.1,1,262365000,37,TX,262183,37.0,7,11,262.183,,,
50n_10p_seed1,0.1,1,262392728,1,RX,261844,,7,12,261.844,1.0,37.0,1.8446744073709552e+19
50n_10p_seed1,0.1,1,262810000,17,TX,262725,17.0,9,11,262.725,,,
50n_10p_seed1,0.1,1,262877016,1,RX,262329,,9,12,262.329,1.0,17.0,1.8446744073709552e+19
50n_10p_seed1,0.1,1,263086000,38,TX,262116,38.0,8,11,262.116,,,
50n_10p_seed1,0.1,1,263091728,1,RX,262543,,8,12,262.543,1.0,38.0,427.0
50n_10p_seed1,0.1,1,263375000,25,TX,262893,25.0,7,11,262.893,,,
50n_10p_seed1,0.1,1,263436016,1,RX,262888,,7,12,262.888,1.0,25.0,1.8446744073709552e+19
50n_10p_seed1,0.1,1,264034000,5,TX,263970,5.0,8,10,263.97,,,
50n_10p_seed1,0.1,1,264050000,21,TX,263125,21.0,8,11,263.125,,,
50n_10p_seed1,0.1,1,264077728,1,RX,263529,,8,12,263.529,1.0,21.0,404.0
50n_10p_seed1,0.1,1,264125984,1,RX,263577,,8,11,263.577,1.0,5.0,1.8446744073709552e+19
50n_10p_seed1,0.1,1,265245000,4,TX,264275,4.0,8,10,264.275,,,
50n_10p_seed1,0.1,1,265296984,1,RX,264748,,8,11,264.748,1.0,4.0,473.0
50n_10p_seed1,0.1,1,266279000,15,TX,265934,15.0,8,11,265.934,,,
50n_10p_seed1,0.1,1,266291728,1,RX,265743,,8,12,265.743,1.0,15.0,1.8446744073709552e+19
50n_10p_seed1,0.1,1,266299000,13,TX,265759,13.0,8,11,265.759,,,
50n_10p_seed1,0.1,1,266323728,1,RX,265775,,8,12,265.775,1.0,13.0,16.0
50n_10p_seed1,0.1,1,266406000,43,TX,266193,43.0,9,11,266.193,,,
50n_10p_seed1,0.1,1,266453016,1,RX,265905,,9,12,265.905,1.0,43.0,1.8446744073709552e+19
50n_10p_seed1,0.1,1,266503000,20,TX,266491,20.0,8,11,266.491,,,
50n_10p_seed1,0.1,1,266533728,1,RX,265985,,8,12,265.985,1.0,20.0,1.8446744073709552e+19
50n_10p_seed1,0.1,1,268287000,49,TX,267593,49.0,7,11,267.593,,,
50n_10p_seed1,0.1,1,268357016,1,RX,267809,,7,12,267.809,1.0,49.0,216.0
50n_10p_seed1,0.1,1,268676000,12,TX,267678,12.0,8,11,267.678,,,
50n_10p_seed1,0.1,1,268737016,1,RX,268189,,8,12,268.189,1.0,12.0,511.0
50n_10p_seed1,0.1,1,269034000,50,TX,268037,50.0,7,11,268.037,,,
50n_10p_seed1,0.1,1,269130016,1,RX,268582,,7,12,268.582,1.0,50.0,545.0
50n_10p_seed1,0.1,1,269341000,46,TX,269141,46.0,9,11,269.141,,,
50n_10p_seed1,0.1,1,269371728,1,RX,268823,,9,12,268.823,1.0,46.0,1.8446744073709552e+19
50n_10p_seed1,0.1,1,270368000,11,TX,270232,11.0,7,11,270.232,,,
50n_10p_seed1,0.1,1,270404016,1,RX,269856,,7,12,269.856,1.0,11.0,1.8446744073709552e+19
50n_10p_seed1,0.1,1,270557000,36,TX,269874,36.0,9,11,269.874,,,
50n_10p_seed1,0.1,1,270563728,1,RX,270015,,9,12,270.015,1.0,36.0,141.0
50n_10p_seed1,0.1,1,270756000,47,TX,270332,47.0,8,11,270.332,,,
50n_10p_seed1,0.1,1,270789728,1,RX,270241,,8,12,270.241,1.0,47.0,1.8446744073709552e+19
50n_10p_seed1,0.1,1,271605000,30,TX,271554,30.0,8,11,271.554,,,
50n_10p_seed1,0.1,1,271643728,1,RX,271095,,8,12,271.095,1.0,30.0,1.8446744073709552e+19
50n_10p_seed1,0.1,1,272537000,40,TX,272335,40.0,9,11,272.335,,,
50n_10p_seed1,0.1,1,272554000,3,TX,271913,3.0,8,10,271.913,,,
50n_10p_seed1,0.1,1,272564728,1,RX,272016,,9,12,272.016,1.0,40.0,1.8446744073709552e+19
50n_10p_seed1,0.1,1,272642984,1,RX,272094,,8,11,272.094,1.0,3.0,181.0
50n_10p_seed1,0.1,1,273347000,6,TX,272533,6.0,8,10,272.533,,,
50n_10p_seed1,0.1,1,273363984,1,RX,272815,,8,11,272.815,1.0,6.0,282.0
50n_10p_seed1,0.1,1,274209000,29,TX,274172,29.0,9,11,274.172,,,
50n_10p_seed1,0.1,1,274218728,1,RX,273670,,9,12,273.67,1.0,29.0,1.8446744073709552e+19
50n_10p_seed1,0.1,1,274564000,45,TX,273773,45.0,7,11,273.773,,,
50n_10p_seed1,0.1,1,274588728,1,RX,274040,,7,12,274.04,1.0,45.0,267.0
50n_10p_seed1,0.1,1,274652000,19,TX,274284,19.0,9,11,274.284,,,
50n_10p_seed1,0.1,1,274694016,1,RX,274146,,9,12,274.146,1.0,19.0,1.8446744073709552e+19
50n_10p_seed1,0.1,1,274793000,26,TX,274367,26.0,8,11,274.367,,,
50n_10p_seed1,0.1,1,274810016,1,RX,274262,,8,12,274.262,1.0,26.0,1.8446744073709552e+19
50n_10p_seed1,0.1,1,274849000,44,TX,274429,44.0,9,11,274.429,,,
50n_10p_seed1,0.1,1,274861000,1,RX,274313,,9,12,274.313,1.0,44.0,1.8446744073709552e+19
50n_10p_seed1,0.1,1,275513000,33,TX,275405,33.0,10,12,275.405,,,
50n_10p_seed1,0.1,1,275589048,1,RX,275041,,10,13,275.041,1.0,33.0,1.8446744073709552e+19
50n_10p_seed1,0.1,1,275602000,9,TX,275363,9.0,8,10,275.363,,,
50n_10p_seed1,0.1,1,275668984,1,RX,275120,,8,11,275.12,1.0,9.0,1.8446744073709552e+19
50n_10p_seed1,0.1,1,276361000,18,TX,276110,18.0,8,11,276.11,,,
50n_10p_seed1,0.1,1,276448016,1,RX,275900,,8,12,275.9,1.0,18.0,1.8446744073709552e+19
50n_10p_seed1,0.1,1,278291000,10,TX,277990,10.0,9,11,277.99,,,
50n_10p_seed1,0.1,1,278358016,1,RX,277810,,9,12,277.81,1.0,10.0,1.8446744073709552e+19
50n_10p_seed1,0.1,1,279814000,28,TX,279394,28.0,8,11,279.394,,,
50n_10p_seed1,0.1,1,279858728,1,RX,279310,,8,12,279.31,1.0,28.0,1.8446744073709552e+19
50n_10p_seed1,0.1,1,280062000,7,TX,279558,7.0,8,10,279.558,,,
50n_10p_seed1,0.1,1,280131984,1,RX,279583,,8,11,279.583,1.0,7.0,25.0
50n_10p_seed1,0.1,1,280139000,2,TX,279375,2.0,8,10,279.375,,,
50n_10p_seed1,0.1,1,280224984,1,RX,279676,,8,11,279.676,1.0,2.0,301.0
50n_10p_seed1,0.1,1,280319000,27,TX,279654,27.0,8,11,279.654,,,
50n_10p_seed1,0.1,1,280341728,1,RX,279793,,8,12,279.793,1.0,27.0,139.0
50n_10p_seed1,0.1,1,282189000,22,TX,281469,22.0,9,11,281.469,,,
50n_10p_seed1,0.1,1,282200728,1,RX,281652,,9,12,281.652,1.0,22.0,183.0
50n_10p_seed1,0.1,1,282684000,34,TX,281849,34.0,8,11,281.849,,,
50n_10p_seed1,0.1,1,282753016,1,RX,282205,,8,12,282.205,1.0,34.0,356.0
50n_10p_seed1,0.1,1,283310000,41,TX,282921,41.0,9,11,282.921,,,
50n_10p_seed1,0.1,1,283364016,1,RX,282816,,9,12,282.816,1.0,41.0,1.8446744073709552e+19
50n_10p_seed1,0.1,1,283527000,17,TX,283442,17.0,10,12,283.442,,,
50n_10p_seed1,0.1,1,283589048,1,RX,283041,,10,13,283.041,1.0,17.0,1.8446744073709552e+19
50n_10p_seed1,0.1,1,284211000,39,TX,284073,39.0,8,11,284.073,,,
50n_10p_seed1,0.1,1,284248728,1,RX,283700,,8,12,283.7,1.0,39.0,1.8446744073709552e+19
50n_10p_seed1,0.1,1,284547000,35,TX,283936,35.0,8,11,283.936,,,
50n_10p_seed1,0.1,1,284587016,1,RX,284039,,8,12,284.039,1.0,35.0,103.0
50n_10p_seed1,0.1,1,285530000,25,TX,285048,25.0,8,11,285.048,,,
50n_10p_seed1,0.1,1,285574016,1,RX,285026,,8,12,285.026,1.0,25.0,1.8446744073709552e+19
50n_10p_seed1,0.1,1,285768000,21,TX,284843,21.0,9,11,284.843,,,
50n_10p_seed1,0.1,1,285804728,1,RX,285256,,9,12,285.256,1.0,21.0,413.0
50n_10p_seed1,0.1,1,286315000,5,TX,286251,5.0,9,10,286.251,,,
50n_10p_seed1,0.1,1,286351984,1,RX,285803,,9,11,285.803,1.0,5.0,1.8446744073709552e+19
50n_10p_seed1,0.1,1,287867000,31,TX,287154,31.0,9,11,287.154,,,
50n_10p_seed1,0.1,1,287897728,1,RX,287349,,9,12,287.349,1.0,31.0,195.0
50n_10p_seed1,0.1,1,288432000,8,TX,287526,8.0,9,10,287.526,,,
50n_10p_seed1,0.1,1,288459984,1,RX,287911,,9,11,287.911,1.0,8.0,385.0
50n_10p_seed1,0.1,1,289880000,42,TX,289044,42.0,9,11,289.044,,,
50n_10p_seed1,0.1,1,289936016,1,RX,289388,,9,12,289.388,1.0,42.0,344.0
50n_10p_seed1,0.1,1,289997000,43,TX,289784,43.0,10,12,289.784,,,
50n_10p_seed1,0.1,1,290017000,48,TX,289728,48.0,9,11,289.728,,,
50n_10p_seed1,0.1,1,290054048,1,RX,289506,,10,13,289.506,1.0,43.0,1.8446744073709552e+19
50n_10p_seed1,0.1,1,290082016,1,RX,289534,,9,12,289.534,1.0,48.0,1.8446744073709552e+19
50n_10p_seed1,0.1,1,290304000,14,TX,289613,14.0,9,11,289.613,,,
50n_10p_seed1,0.1,1,290322728,1,RX,289774,,9,12,289.774,1.0,14.0,161.0
50n_10p_seed1,0.1,1,291073000,24,TX,290894,24.0,8,11,290.894,,,
50n_10p_seed1,0.1,1,291143016,1,RX,290595,,8,12,290.595,1.0,24.0,1.8446744073709552e+19
50n_10p_seed1,0.1,1,291253000,16,TX,290392,16.0,9,11,290.392,,,
50n_10p_seed1,0.1,1,291290016,1,RX,290742,,9,12,290.742,1.0,16.0,350.0
50n_10p_seed1,0.1,1,291442000,32,TX,290700,32.0,9,11,290.7,,,
50n_10p_seed1,0.1,1,291484728,1,RX,290936,,9,12,290.936,1.0,32.0,236.0
50n_10p_seed1,0.1,1,292253000,46,TX,292053,46.0,10,12,292.053,,,
50n_10p_seed1,0.1,1,292267760,1,RX,291719,,10,13,291.719,1.0,46.0,1.8446744073709552e+19
50n_10p_seed1,0.1,1,292315000,38,TX,291345,38.0,9,11,291.345,,,
50n_10p_seed1,0.1,1,292358728,1,RX,291810,,9,12,291.81,1.0,38.0,465.0
50n_10p_seed1,0.1,1,292616000,49,TX,291922,49.0,8,11,291.922,,,
50n_10p_seed1,0.1,1,292665016,1,RX,292117,,8,12,292.117,1.0,49.0,195.0
50n_10p_seed1,0.1,1,292752000,15,TX,292407,15.0,9,11,292.407,,,
50n_10p_seed1,0.1,1,292758728,1,RX,292210,,9,12,292.21,1.0,15.0,1.8446744073709552e+19
50n_10p_seed1,0.1,1,292803000,23,TX,292514,23.0,8,11,292.514,,,
50n_10p_seed1,0.1,1,292811728,1,RX,292263,,8,12,292.263,1.0,23.0,1.8446744073709552e+19
50n_10p_seed1,0.1,1,293472000,4,TX,292502,4.0,9,10,292.502,,,
50n_10p_seed1,0.1,1,293546984,1,RX,292998,,9,11,292.998,1.0,4.0,496.0
50n_10p_seed1,0.1,1,294064000,3,TX,293423,3.0,9,10,293.423,,,
50n_10p_seed1,0.1,1,294174984,1,RX,293626,,9,11,293.626,1.0,3.0,203.0
50n_10p_seed1,0.1,1,294926000,29,TX,294889,29.0,10,12,294.889,,,
50n_10p_seed1,0.1,1,294968760,1,RX,294420,,10,13,294.42,1.0,29.0,1.8446744073709552e+19
50n_10p_seed1,0.1,1,295081000,20,TX,295069,20.0,9,11,295.069,,,
50n_10p_seed1,0.1,1,295087728,1,RX,294539,,9,12,294.539,1.0,20.0,1.8446744073709552e+19
50n_10p_seed1,0.1,1,295401000,47,TX,294977,47.0,9,11,294.977,,,
50n_10p_seed1,0.1,1,295414728,1,RX,294866,,9,12,294.866,1.0,47.0,1.8446744073709552e+19
50n_10p_seed1,0.1,1,295628000,40,TX,295426,40.0,10,12,295.426,,,
50n_10p_seed1,0.1,1,295659760,1,RX,295111,,10,13,295.111,1.0,40.0,1.8446744073709552e+19
50n_10p_seed1,0.1,1,297150000,45,TX,296359,45.0,8,11,296.359,,,
50n_10p_seed1,0.1,1,297181728,1,RX,296633,,8,12,296.633,1.0,45.0,274.0
50n_10p_seed1,0.1,1,297235000,12,TX,296237,12.0,9,11,296.237,,,
50n_10p_seed1,0.1,1,297309016,1,RX,296761,,9,12,296.761,1.0,12.0,524.0
50n_10p_seed1,0.1,1,298541000,9,TX,298302,9.0,9,10,298.302,,,
50n_10p_seed1,0.1,1,298581000,37,TX,298399,37.0,8,11,298.399,,,
50n_10p_seed1,0.1,1,298604984,1,RX,298056,,9,11,298.056,1.0,9.0,1.8446744073709552e+19
50n_10p_seed1,0.1,1,298616728,1,RX,298068,,8,12,298.068,1.0,37.0,1.8446744073709552e+19
50n_10p_seed1,0.1,1,299001000,33,TX,298893,33.0,11,12,298.893,,,
50n_10p_seed1,0.1,1,299049048,1,RX,298501,,11,13,298.501,1.0,33.0,1.8446744073709552e+19
50n_10p_seed1,0.1,1,299898000,44,TX,299478,44.0,10,12,299.478,,,
50n_10p_seed1,0.1,1,299939048,1,RX,299391,,10,13,299.391,1.0,44.0,1.8446744073709552e+19
50n_10p_seed1,0.1,1,300452000,13,TX,299912,13.0,9,11,299.912,,,
50n_10p_seed1,0.1,1,300470728,1,RX,299922,,9,12,299.922,1.0,13.0,10.0
50n_10p_seed1,0.1,1,300497000,28,TX,300077,28.0,9,11,300.077,,,
50n_10p_seed1,0.1,1,300504728,1,RX,299956,,9,12,299.956,1.0,28.0,1.8446744073709552e+19
50n_10p_seed1,0.1,1,302586000,10,TX,302285,10.0,10,12,302.285,,,
50n_10p_seed1,0.1,1,302639048,1,RX,302091,,10,13,302.091,1.0,10.0,1.8446744073709552e+19
50n_10p_seed1,0.1,1,302779000,7,TX,302275,7.0,9,10,302.275,,,
50n_10p_seed1,0.1,1,302840984,1,RX,302292,,9,11,302.292,1.0,7.0,17.0
50n_10p_seed1,0.1,1,303439000,36,TX,302756,36.0,10,12,302.756,,,
50n_10p_seed1,0.1,1,303462760,1,RX,302914,,10,13,302.914,1.0,36.0,158.0
50n_10p_seed1,0.1,1,303573000,18,TX,303322,18.0,9,11,303.322,,,
50n_10p_seed1,0.1,1,303621016,1,RX,303073,,9,12,303.073,1.0,18.0,1.8446744073709552e+19
50n_10p_seed1,0.1,1,304711000,26,TX,304285,26.0,9,11,304.285,,,
50n_10p_seed1,0.1,1,304780016,1,RX,304232,,9,12,304.232,1.0,26.0,1.8446744073709552e+19
50n_10p_seed1,0.1,1,305056000,6,TX,304242,6.0,9,10,304.242,,,
50n_10p_seed1,0.1,1,305104984,1,RX,304556,,9,11,304.556,1.0,6.0,314.0
50n_10p_seed1,0.1,1,306218000,17,TX,306133,17.0,11,12,306.133,,,
50n_10p_seed1,0.1,1,306253048,1,RX,305705,,11,13,305.705,1.0,17.0,1.8446744073709552e+19
50n_10p_seed1,0.1,1,307061000,25,TX,306579,25.0,9,11,306.579,,,
50n_10p_seed1,0.1,1,307075000,11,TX,306939,11.0,8,11,306.939,,,
50n_10p_seed1,0.1,1,307092000,50,TX,306095,50.0,8,11,306.095,,,
50n_10p_seed1,0.1,1,307099016,1,RX,306551,,8,12,306.551,1.0,11.0,1.8446744073709552e+19
50n_10p_seed1,0.1,1,307121016,1,RX,306573,,9,12,306.573,1.0,25.0,1.8446744073709552e+19
50n_10p_seed1,0.1,1,307130000,30,TX,307079,30.0,9,11,307.079,,,
50n_10p_seed1,0.1,1,307140016,1,RX,306592,,8,12,306.592,1.0,50.0,497.0
50n_10p_seed1,0.1,1,307170728,1,RX,306622,,9,12,306.622,1.0,30.0,1.8446744073709552e+19
50n_10p_seed1,0.1,1,307428000,5,TX,307364,5.0,10,11,307.364,,,
50n_10p_seed1,0.1,1,307460016,1,RX,306912,,10,12,306.912,1.0,5.0,1.8446744073709552e+19
50n_10p_seed1,0.1,1,308410000,2,TX,307646,2.0,9,10,307.646,,,
50n_10p_seed1,0.1,1,308492984,1,RX,307944,,9,11,307.944,1.0,2.0,298.0
50n_10p_seed1,0.1,1,310159000,21,TX,309234,21.0,10,12,309.234,,,
50n_10p_seed1,0.1,1,310190760,1,RX,309642,,10,13,309.642,1.0,21.0,408.0
50n_10p_seed1,0.1,1,310318000,34,TX,309483,34.0,9,11,309.483,,,
50n_10p_seed1,0.1,1,310355016,1,RX,309807,,9,12,309.807,1.0,34.0,324.0
50n_10p_seed1,0.1,1,310755000,8,TX,309849,8.0,10,11,309.849,,,
50n_10p_seed1,0.1,1,310788016,1,RX,310240,,10,12,310.24,1.0,8.0,391.0
50n_10p_seed1,0.1,1,312506000,42,TX,311670,42.0,10,12,311.67,,,
50n_10p_seed1,0.1,1,312522000,19,TX,312154,19.0,10,12,312.154,,,
50n_10p_seed1,0.1,1,312553048,1,RX,312005,,10,13,312.005,1.0,19.0,1.8446744073709552e+19
50n_10p_seed1,0.1,1,312569000,27,TX,311904,27.0,9,11,311.904,,,
50n_10p_seed1,0.1,1,312627048,1,RX,312079,,10,13,312.079,1.0,42.0,409.0
50n_10p_seed1,0.1,1,312635728,1,RX,312087,,9,12,312.087,1.0,27.0,183.0
50n_10p_seed1,0.1,1,313006000,23,TX,312717,23.0,9,11,312.717,,,
50n_10p_seed1,0.1,1,313024728,1,RX,312476,,9,12,312.476,1.0,23.0,1.8446744073709552e+19
50n_10p_seed1,0.1,1,313166000,15,TX,312821,15.0,10,12,312.821,,,
50n_10p_seed1,0.1,1,313180760,1,RX,312632,,10,13,312.632,1.0,15.0,1.8446744073709552e+19
50n_10p_seed1,0.1,1,314871000,48,TX,314582,48.0,10,12,314.582,,,
50n_10p_seed1,0.1,1,314937048,1,RX,314389,,10,13,314.389,1.0,48.0,1.8446744073709552e+19
50n_10p_seed1,0.1,1,315070000,32,TX,314328,32.0,10,12,314.328,,,
50n_10p_seed1,0.1,1,315107760,1,RX,314559,,10,13,314.559,1.0,32.0,231.0
50n_10p_seed1,0.1,1,315941000,49,TX,315247,49.0,9,11,315.247,,,
50n_10p_seed1,0.1,1,316014016,1,RX,315466,,9,12,315.466,1.0,49.0,219.0
50n_10p_seed1,0.1,1,317509000,43,TX,317296,43.0,11,12,317.296,,,
50n_10p_seed1,0.1,1,317562048,1,RX,317014,,11,13,317.014,1.0,43.0,1.8446744073709552e+19
50n_10p_seed1,0.1,1,318023000,22,TX,317303,22.0,10,12,317.303,,,
50n_10p_seed1,0.1,1,318063760,1,RX,317515,,10,13,317.515,1.0,22.0,212.0
50n_10p_seed1,0.1,1,318859000,29,TX,318822,29.0,11,12,318.822,,,
50n_10p_seed1,0.1,1,318869760,1,RX,318321,,11,13,318.321,1.0,29.0,1.8446744073709552e+19
50n_10p_seed1,0.1,1,319025000,14,TX,318334,14.0,10,12,318.334,,,
50n_10p_seed1,0.1,1,319068760,1,RX,318520,,10,13,318.52,1.0,14.0,186.0
50n_10p_seed1,0.1,1,319096000,41,TX,318707,41.0,10,12,318.707,,,
50n_10p_seed1,0.1,1,319157048,1,RX,318609,,10,13,318.609,1.0,41.0,1.8446744073709552e+19
50n_10p_seed1,0.1,1,319955000,33,TX,319847,33.0,12,12,319.847,,,
50n_10p_seed1,0.1,1,319974000,16,TX,319113,16.0,10,12,319.113,,,
50n_10p_seed1,0.1,1,320044048,1,RX,319496,,12,13,319.496,1.0,33.0,1.8446744073709552e+19
50n_10p_seed1,0.1,1,320047096,1,RX,319499,,10,13,319.499,1.0,16.0,386.0
50n_10p_seed1,0.1,1,320263000,47,TX,319839,47.0,10,12,319.839,,,
50n_10p_seed1,0.1,1,320283760,1,RX,319735,,10,13,319.735,1.0,47.0,1.8446744073709552e+19
50n_10p_seed1,0.1,1,321969000,45,TX,321178,45.0,9,11,321.178,,,
50n_10p_seed1,0.1,1,321975728,1,RX,321427,,9,12,321.427,1.0,45.0,249.0
50n_10p_seed1,0.1,1,322370000,39,TX,322232,39.0,9,11,322.232,,,
50n_10p_seed1,0.1,1,322397728,1,RX,321849,,9,12,321.849,1.0,39.0,1.8446744073709552e+19
50n_10p_seed1,0.1,1,322654000,3,TX,322013,3.0,10,11,322.013,,,
50n_10p_seed1,0.1,1,322679016,1,RX,322131,,10,12,322.131,1.0,3.0,118.0
50n_10p_seed1,0.1,1,323113000,35,TX,322502,35.0,9,11,322.502,,,
50n_10p_seed1,0.1,1,323174016,1,RX,322626,,9,12,322.626,1.0,35.0,124.0
50n_10p_seed1,0.1,1,323310000,40,TX,323108,40.0,11,12,323.108,,,
50n_10p_seed1,0.1,1,323335760,1,RX,322787,,11,13,322.787,1.0,40.0,1.8446744073709552e+19
50n_10p_seed1,0.1,1,323508000,46,TX,323308,46.0,11,12,323.308,,,
50n_10p_seed1,0.1,1,323531760,1,RX,322983,,11,13,322.983,1.0,46.0,1.8446744073709552e+19
50n_10p_seed1,0.1,1,323980000,9,TX,323741,9.0,10,11,323.741,,,
50n_10p_seed1,0.1,1,324055016,1,RX,323507,,10,12,323.507,1.0,9.0,1.8446744073709552e+19
50n_10p_seed1,0.1,1,325101000,31,TX,324388,31.0,10,12,324.388,,,
50n_10p_seed1,0.1,1,325124760,1,RX,324576,,10,13,324.576,1.0,31.0,188.0
50n_10p_seed1,0.1,1,325260000,36,TX,324577,36.0,11,12,324.577,,,
50n_10p_seed1,0.1,1,325290760,1,RX,324742,,11,13,324.742,1.0,36.0,165.0
50n_10p_seed1,0.1,1,325570000,24,TX,325391,24.0,9,11,325.391,,,
50n_10p_seed1,0.1,1,325635016,1,RX,325087,,9,12,325.087,1.0,24.0,1.8446744073709552e+19
50n_10p_seed1,0.1,1,327149000,10,TX,326848,10.0,11,12,326.848,,,
50n_10p_seed1,0.1,1,327166064,1,RX,326618,,11,13,326.618,1.0,10.0,1.8446744073709552e+19
50n_10p_seed1,0.1,1,327341000,4,TX,326371,4.0,10,11,326.371,,,
50n_10p_seed1,0.1,1,327379016,1,RX,326831,,10,12,326.831,1.0,4.0,460.0
50n_10p_seed1,0.1,1,329075000,44,TX,328655,44.0,11,12,328.655,,,
50n_10p_seed1,0.1,1,329138048,1,RX,328590,,11,13,328.59,1.0,44.0,1.8446744073709552e+19
50n_10p_seed1,0.1,1,329431000,38,TX,328461,38.0,10,12,328.461,,,
50n_10p_seed1,0.1,1,329454760,1,RX,328906,,10,13,328.906,1.0,38.0,445.0
50n_10p_seed1,0.1,1,330236000,5,TX,330172,5.0,11,11,330.172,,,
50n_10p_seed1,0.1,1,330296016,1,RX,329748,,11,12,329.748,1.0,5.0,1.8446744073709552e+19
50n_10p_seed1,0.1,1,331040000,37,TX,330858,37.0,9,11,330.858,,,
50n_10p_seed1,0.1,1,331070728,1,RX,330522,,9,12,330.522,1.0,37.0,1.8446744073709552e+19
50n_10p_seed1,0.1,1,331984000,21,TX,331059,21.0,11,12,331.059,,,
50n_10p_seed1,0.1,1,332025760,1,RX,331477,,11,13,331.477,1.0,21.0,418.0
50n_10p_seed1,0.1,1,332413000,30,TX,332362,30.0,10,12,332.362,,,
50n_10p_seed1,0.1,1,332453760,1,RX,331905,,10,13,331.905,1.0,30.0,1.8446744073709552e+19
50n_10p_seed1,0.1,1,333428000,20,TX,333416,20.0,10,12,333.416,,,
50n_10p_seed1,0.1,1,333462760,1,RX,332914,,10,13,332.914,1.0,20.0,1.8446744073709552e+19
50n_10p_seed1,0.1,1,333544000,12,TX,332546,12.0,10,12,332.546,,,
50n_10p_seed1,0.1,1,333575048,1,RX,333027,,10,13,333.027,1.0,12.0,481.0
50n_10p_seed1,0.1,1,334058000,25,TX,333576,25.0,10,12,333.576,,,
50n_10p_seed1,0.1,1,334094048,1,RX,333546,,10,13,333.546,1.0,25.0,1.8446744073709552e+19
50n_10p_seed1,0.1,1,334559000,26,TX,334133,26.0,10,12,334.133,,,
50n_10p_seed1,0.1,1,334576048,1,RX,334028,,10,13,334.028,1.0,26.0,1.8446744073709552e+19
50n_10p_seed1,0.1,1,334832000,28,TX,334412,28.0,10,12,334.412,,,
50n_10p_seed1,0.1,1,334868760,1,RX,334320,,10,13,334.32,1.0,28.0,1.8446744073709552e+19
50n_10p_seed1,0.1,1,335494000,32,TX,334752,32.0,11,12,334.752,,,
50n_10p_seed1,0.1,1,335530760,1,RX,334982,,11,13,334.982,1.0,32.0,230.0
50n_10p_seed1,0.1,1,335805000,18,TX,335554,18.0,10,12,335.554,,,
50n_10p_seed1,0.1,1,335866048,1,RX,335318,,10,13,335.318,1.0,18.0,1.8446744073709552e+19
50n_10p_seed1,0.1,1,336208000,13,TX,335668,13.0,10,12,335.668,,,
50n_10p_seed1,0.1,1,336241760,1,RX,335693,,10,13,335.693,1.0,13.0,25.0
50n_10p_seed1,0.1,1,336963000,50,TX,335966,50.0,9,11,335.966,,,
50n_10p_seed1,0.1,1,337000016,1,RX,336452,,9,12,336.452,1.0,50.0,486.0
50n_10p_seed1,0.1,1,337289000,11,TX,337153,11.0,9,11,337.153,,,
50n_10p_seed1,0.1,1,337338016,1,RX,336790,,9,12,336.79,1.0,11.0,1.8446744073709552e+19
50n_10p_seed1,0.1,1,337566000,8,TX,336660,8.0,11,11,336.66,,,
50n_10p_seed1,0.1,1,337636016,1,RX,337088,,11,12,337.088,1.0,8.0,428.0
50n_10p_seed1,0.1,1,340107000,48,TX,339818,48.0,11,12,339.818,,,
50n_10p_seed1,0.1,1,340154048,1,RX,339606,,11,13,339.606,1.0,48.0,1.8446744073709552e+19
50n_10p_seed1,0.1,1,340173000,7,TX,339669,7.0,10,11,339.669,,,
50n_10p_seed1,0.1,1,340249016,1,RX,339701,,10,12,339.701,1.0,7.0,32.0
50n_10p_seed1,0.1,1,340752000,49,TX,340058,49.0,10,12,340.058,,,
50n_10p_seed1,0.1,1,340818048,1,RX,340270,,10,13,340.27,1.0,49.0,212.0
50n_10p_seed1,0.1,1,340876000,34,TX,340041,34.0,10,12,340.041,,,
50n_10p_seed1,0.1,1,340940048,1,RX,340392,,10,13,340.392,1.0,34.0,351.0
50n_10p_seed1,0.1,1,341170000,33,TX,341062,33.0,13,12,341.062,,,
50n_10p_seed1,0.1,1,341230048,1,RX,340682,,13,13,340.682,1.0,33.0,1.8446744073709552e+19
50n_10p_seed1,0.1,1,341679000,15,TX,341334,15.0,11,12,341.334,,,
50n_10p_seed1,0.1,1,341689760,1,RX,341141,,11,13,341.141,1.0,15.0,1.8446744073709552e+19
50n_10p_seed1,0.1,1,342972000,6,TX,342158,6.0,10,11,342.158,,,
50n_10p_seed1,0.1,1,342990016,1,RX,342442,,10,12,342.442,1.0,6.0,284.0
50n_10p_seed1,0.1,1,343531000,22,TX,342811,22.0,11,12,342.811,,,
50n_10p_seed1,0.1,1,343536760,1,RX,342988,,11,13,342.988,1.0,22.0,177.0
50n_10p_seed1,0.1,1,343684000,17,TX,343599,17.0,12,12,343.599,,,
50n_10p_seed1,0.1,1,343692000,2,TX,342928,2.0,10,11,342.928,,,
50n_10p_seed1,0.1,1,343713048,1,RX,343165,,12,13,343.165,1.0,17.0,1.8446744073709552e+19
50n_10p_seed1,0.1,1,343755016,1,RX,343207,,10,12,343.207,1.0,2.0,279.0
50n_10p_seed1,0.1,1,343824000,3,TX,343183,3.0,11,11,343.183,,,
50n_10p_seed1,0.1,1,343893000,29,TX,343856,29.0,12,12,343.856,,,
50n_10p_seed1,0.1,1,343898800,1,RX,343350,,12,13,343.35,1.0,29.0,1.8446744073709552e+19
50n_10p_seed1,0.1,1,343906016,1,RX,343358,,11,12,343.358,1.0,3.0,175.0
50n_10p_seed1,0.1,1,344868000,45,TX,344077,45.0,10,12,344.077,,,
50n_10p_seed1,0.1,1,344896760,1,RX,344348,,10,13,344.348,1.0,45.0,271.0
50n_10p_seed1,0.1,1,345584000,14,TX,344893,14.0,11,12,344.893,,,
50n_10p_seed1,0.1,1,345597760,1,RX,345049,,11,13,345.049,1.0,14.0,156.0
50n_10p_seed1,0.1,1,347026000,35,TX,346415,35.0,10,12,346.415,,,
50n_10p_seed1,0.1,1,347082048,1,RX,346534,,10,13,346.534,1.0,35.0,119.0
50n_10p_seed1,0.1,1,347211000,31,TX,346498,31.0,11,12,346.498,,,
50n_10p_seed1,0.1,1,347241760,1,RX,346693,,11,13,346.693,1.0,31.0,195.0
50n_10p_seed1,0.1,1,348028000,27,TX,347363,27.0,10,12,347.363,,,
50n_10p_seed1,0.1,1,348058760,1,RX,347510,,10,13,347.51,1.0,27.0,147.0
50n_10p_seed1,0.1,1,349528000,39,TX,349390,39.0,10,12,349.39,,,
50n_10p_seed1,0.1,1,349536760,1,RX,348988,,10,13,348.988,1.0,39.0,1.8446744073709552e+19
50n_10p_seed1,0.1,1,350195000,19,TX,349827,19.0,11,12,349.827,,,
50n_10p_seed1,0.1,1,350278048,1,RX,349730,,11,13,349.73,1.0,19.0,1.8446744073709552e+19
50n_10p_seed1,0.1,1,350442000,9,TX,350203,9.0,11,11,350.203,,,
50n_10p_seed1,0.1,1,350535016,1,RX,349987,,11,12,349.987,1.0,9.0,1.8446744073709552e+19
50n_10p_seed1,0.1,1,352019000,38,TX,351049,38.0,11,12,351.049,,,
50n_10p_seed1,0.1,1,352055760,1,RX,351507,,11,13,351.507,1.0,38.0,458.0
50n_10p_seed1,0.1,1,352478000,42,TX,351642,42.0,11,12,351.642,,,
50n_10p_seed1,0.1,1,352523048,1,RX,351975,,11,13,351.975,1.0,42.0,333.0
50n_10p_seed1,0.1,1,352624000,47,TX,352200,47.0,11,12,352.2,,,
50n_10p_seed1,0.1,1,352661760,1,RX,352113,,11,13,352.113,1.0,47.0,1.8446744073709552e+19
50n_10p_seed1,0.1,1,352793000,23,TX,352504,23.0,10,12,352.504,,,
50n_10p_seed1,0.1,1,352802760,1,RX,352254,,10,13,352.254,1.0,23.0,1.8446744073709552e+19
50n_10p_seed1,0.1,1,354289000,40,TX,354087,40.0,12,12,354.087,,,
50n_10p_seed1,0.1,1,354315760,1,RX,353767,,12,13,353.767,1.0,40.0,1.8446744073709552e+19
50n_10p_seed1,0.1,1,355319000,12,TX,354321,12.0,11,12,354.321,,,
50n_10p_seed1,0.1,1,355340048,1,RX,354792,,11,13,354.792,1.0,12.0,471.0
50n_10p_seed1,0.1,1,355577000,43,TX,355364,43.0,12,12,355.364,,,
50n_10p_seed1,0.1,1,355648048,1,RX,355100,,12,13,355.1,1.0,43.0,1.8446744073709552e+19
50n_10p_seed1,0.1,1,356451000,16,TX,355590,16.0,11,12,355.59,,,
50n_10p_seed1,0.1,1,356509048,1,RX,355961,,11,13,355.961,1.0,16.0,371.0
50n_10p_seed1,0.1,1,356889000,4,TX,355919,4.0,11,11,355.919,,,
50n_10p_seed1,0.1,1,356931000,1,RX,356383,,11,12,356.383,1.0,4.0,464.0
50n_10p_seed1,0.1,1,357135000,41,TX,356746,41.0,11,12,356.746,,,
50n_10p_seed1,0.1,1,357172048,1,RX,356624,,11,13,356.624,1.0,41.0,1.8446744073709552e+19
50n_10p_seed1,0.1,1,358349000,20,TX,358337,20.0,11,12,358.337,,,
50n_10p_seed1,0.1,1,358385760,1,RX,357837,,11,13,357.837,1.0,20.0,1.8446744073709552e+19
50n_10p_seed1,0.1,1,359513000,46,TX,359313,46.0,12,12,359.313,,,
50n_10p_seed1,0.1,1,359536760,1,RX,358988,,12,13,358.988,1.0,46.0,1.8446744073709552e+19
50n_10p_seed1,0.1,1,360039000,28,TX,359619,28.0,11,12,359.619,,,
50n_10p_seed1,0.1,1,360079760,1,RX,359531,,11,13,359.531,1.0,28.0,1.8446744073709552e+19
50n_10p_seed1,0.1,1,360867000,8,TX,359961,8.0,12,11,359.961,,,
50n_10p_seed1,0.1,1,360950016,1,RX,360402,,12,12,360.402,1.0,8.0,441.0
50n_10p_seed1,0.1,1,361929000,36,TX,361246,36.0,12,12,361.246,,,
50n_10p_seed1,0.1,1,361947760,1,RX,361399,,12,13,361.399,1.0,36.0,153.0
50n_10p_seed1,0.1,1,362084000,37,TX,361902,37.0,10,12,361.902,,,
50n_10p_seed1,0.1,1,362101760,1,RX,361553,,10,13,361.553,1.0,37.0,1.8446744073709552e+19
50n_10p_seed1,0.1,1,362277000,10,TX,361976,10.0,12,12,361.976,,,
50n_10p_seed1,0.1,1,362299048,1,RX,361751,,12,13,361.751,1.0,10.0,1.8446744073709552e+19
50n_10p_seed1,0.1,1,362536000,32,TX,361794,32.0,12,12,361.794,,,
50n_10p_seed1,0.1,1,362550760,1,RX,362002,,12,13,362.002,1.0,32.0,208.0
50n_10p_seed1,0.1,1,362651000,11,TX,362515,11.0,10,12,362.515,,,
50n_10p_seed1,0.1,1,362684048,1,RX,362136,,10,13,362.136,1.0,11.0,1.8446744073709552e+19
50n_10p_seed1,0.1,1,363968000,30,TX,363917,30.0,11,12,363.917,,,
50n_10p_seed1,0.1,1,364009760,1,RX,363461,,11,13,363.461,1.0,30.0,1.8446744073709552e+19
50n_10p_seed1,0.1,1,364072000,48,TX,363783,48.0,12,12,363.783,,,
50n_10p_seed1,0.1,1,364119048,1,RX,363571,,12,13,363.571,1.0,48.0,1.8446744073709552e+19
50n_10p_seed1,0.1,1,364813000,49,TX,364119,49.0,11,12,364.119,,,
50n_10p_seed1,0.1,1,364829000,24,TX,364650,24.0,10,12,364.65,,,
50n_10p_seed1,0.1,1,364878048,1,RX,364330,,10,13,364.33,1.0,24.0,1.8446744073709552e+19
50n_10p_seed1,0.1,1,364918048,1,RX,364370,,11,13,364.37,1.0,49.0,251.0
50n_10p_seed1,0.1,1,365037000,26,TX,364611,26.0,11,12,364.611,,,
50n_10p_seed1,0.1,1,365095048,1,RX,364547,,11,13,364.547,1.0,26.0,1.8446744073709552e+19
50n_10p_seed1,0.1,1,366332000,44,TX,365912,44.0,12,12,365.912,,,
50n_10p_seed1,0.1,1,366377000,15,TX,366032,15.0,12,12,366.032,,,
50n_10p_seed1,0.1,1,366396048,1,RX,365848,,12,13,365.848,1.0,44.0,1.8446744073709552e+19
50n_10p_seed1,0.1,1,366404760,1,RX,365856,,12,13,365.856,1.0,15.0,1.8446744073709552e+19
50n_10p_seed1,0.1,1,366765000,21,TX,365840,21.0,12,12,365.84,,,
50n_10p_seed1,0.1,1,366795760,1,RX,366247,,12,13,366.247,1.0,21.0,407.0
50n_10p_seed1,0.1,1,367030000,18,TX,366779,18.0,11,12,366.779,,,
50n_10p_seed1,0.1,1,367071048,1,RX,366523,,11,13,366.523,1.0,18.0,1.8446744073709552e+19
50n_10p_seed1,0.1,1,367155000,13,TX,366615,13.0,11,12,366.615,,,
50n_10p_seed1,0.1,1,367170760,1,RX,366622,,11,13,366.622,1.0,13.0,7.0
50n_10p_seed1,0.1,1,367380000,5,TX,367316,5.0,12,11,367.316,,,
50n_10p_seed1,0.1,1,367462016,1,RX,366914,,12,12,366.914,1.0,5.0,1.8446744073709552e+19
50n_10p_seed1,0.1,1,368542000,7,TX,368038,7.0,11,11,368.038,,,
50n_10p_seed1,0.1,1,368605016,1,RX,368057,,11,12,368.057,1.0,7.0,19.0
50n_10p_seed1,0.1,1,369076000,25,TX,368594,25.0,11,12,368.594,,,
50n_10p_seed1,0.1,1,369130048,1,RX,368582,,11,13,368.582,1.0,25.0,1.8446744073709552e+19
50n_10p_seed1,0.1,1,370272000,17,TX,370187,17.0,13,12,370.187,,,
50n_10p_seed1,0.1,1,370329048,1,RX,369781,,13,13,369.781,1.0,17.0,1.8446744073709552e+19
50n_10p_seed1,0.1,1,370585000,35,TX,369974,35.0,11,12,369.974,,,
50n_10p_seed1,0.1,1,370605064,1,RX,370057,,11,13,370.057,1.0,35.0,83.0
50n_10p_seed1,0.1,1,370901000,3,TX,370260,3.0,12,11,370.26,,,
50n_10p_seed1,0.1,1,371015016,1,RX,370467,,12,12,370.467,1.0,3.0,207.0
50n_10p_seed1,0.1,1,372325000,2,TX,371561,2.0,11,11,371.561,,,
50n_10p_seed1,0.1,1,372409016,1,RX,371861,,11,12,371.861,1.0,2.0,300.0
50n_10p_seed1,0.1,1,372422000,29,TX,372385,29.0,13,12,372.385,,,
50n_10p_seed1,0.1,1,372466760,1,RX,371918,,13,13,371.918,1.0,29.0,1.8446744073709552e+19
50n_10p_seed1,0.1,1,373591000,27,TX,372926,27.0,11,12,372.926,,,
50n_10p_seed1,0.1,1,373630760,1,RX,373082,,11,13,373.082,1.0,27.0,156.0
50n_10p_seed1,0.1,1,373682000,47,TX,373258,47.0,12,12,373.258,,,
50n_10p_seed1,0.1,1,373687760,1,RX,373139,,12,13,373.139,1.0,47.0,1.8446744073709552e+19
50n_10p_seed1,0.1,1,374154000,9,TX,373915,9.0,12,11,373.915,,,
50n_10p_seed1,0.1,1,374242016,1,RX,373694,,12,12,373.694,1.0,9.0,1.8446744073709552e+19
50n_10p_seed1,0.1,1,375444000,34,TX,374609,34.0,11,12,374.609,,,
50n_10p_seed1,0.1,1,375498048,1,RX,374950,,11,13,374.95,1.0,34.0,341.0
50n_10p_seed1,0.1,1,376156000,50,TX,375159,50.0,10,12,375.159,,,
50n_10p_seed1,0.1,1,376195048,1,RX,375647,,10,13,375.647,1.0,50.0,488.0
50n_10p_seed1,0.1,1,376322000,38,TX,375352,38.0,12,12,375.352,,,
50n_10p_seed1,0.1,1,376327760,1,RX,375779,,12,13,375.779,1.0,38.0,427.0
50n_10p_seed1,0.1,1,376500000,14,TX,375809,14.0,12,12,375.809,,,
50n_10p_seed1,0.1,1,376540760,1,RX,375992,,12,13,375.992,1.0,14.0,183.0
50n_10p_seed1,0.1,1,377023000,42,TX,376187,42.0,12,12,376.187,,,
50n_10p_seed1,0.1,1,377067048,1,RX,376519,,12,13,376.519,1.0,42.0,332.0
50n_10p_seed1,0.1,1,377666000,41,TX,377277,41.0,12,12,377.277,,,
50n_10p_seed1,0.1,1,377723048,1,RX,377175,,12,13,377.175,1.0,41.0,1.8446744073709552e+19
50n_10p_seed1,0.1,1,377815000,39,TX,377677,39.0,11,12,377.677,,,
50n_10p_seed1,0.1,1,377822760,1,RX,377274,,11,13,377.274,1.0,39.0,1.8446744073709552e+19
50n_10p_seed1,0.1,1,378451000,20,TX,378439,20.0,12,12,378.439,,,
50n_10p_seed1,0.1,1,378461760,1,RX,377913,,12,13,377.913,1.0,20.0,1.8446744073709552e+19
50n_10p_seed1,0.1,1,379396000,6,TX,378582,6.0,11,11,378.582,,,
50n_10p_seed1,0.1,1,379453016,1,RX,378905,,11,12,378.905,1.0,6.0,323.0
50n_10p_seed1,0.1,1,380553000,31,TX,379840,31.0,12,12,379.84,,,
50n_10p_seed1,0.1,1,380577760,1,RX,380029,,12,13,380.029,1.0,31.0,189.0
50n_10p_seed1,0.1,1,381028000,33,TX,380920,33.0,14,12,380.92,,,
50n_10p_seed1,0.1,1,381101048,1,RX,380553,,14,13,380.553,1.0,33.0,1.8446744073709552e+19
50n_10p_seed1,0.1,1,382368000,45,TX,381577,45.0,11,12,381.577,,,
50n_10p_seed1,0.1,1,382403760,1,RX,381855,,11,13,381.855,1.0,45.0,278.0
50n_10p_seed1,0.1,1,382424000,19,TX,382056,19.0,12,12,382.056,,,
50n_10p_seed1,0.1,1,382487048,1,RX,381939,,12,13,381.939,1.0,19.0,1.8446744073709552e+19
50n_10p_seed1,0.1,1,382599000,22,TX,381879,22.0,12,12,381.879,,,
50n_10p_seed1,0.1,1,382630760,1,RX,382082,,12,13,382.082,1.0,22.0,203.0
50n_10p_seed1,0.1,1,382937000,23,TX,382648,23.0,11,12,382.648,,,
50n_10p_seed1,0.1,1,382960760,1,RX,382412,,11,13,382.412,1.0,23.0,1.8446744073709552e+19
50n_10p_seed1,0.1,1,383002000,12,TX,382004,12.0,12,12,382.004,,,
50n_10p_seed1,0.1,1,383057048,1,RX,382509,,12,13,382.509,1.0,12.0,505.0
50n_10p_seed1,0.1,1,383828000,37,TX,383646,37.0,11,12,383.646,,,
50n_10p_seed1,0.1,1,383839760,1,RX,383291,,11,13,383.291,1.0,37.0,1.8446744073709552e+19
50n_10p_seed1,0.1,1,386294000,24,TX,386115,24.0,11,12,386.115,,,
50n_10p_seed1,0.1,1,386358048,1,RX,385810,,11,13,385.81,1.0,24.0,1.8446744073709552e+19
50n_10p_seed1,0.1,1,386715000,40,TX,386513,40.0,13,12,386.513,,,
50n_10p_seed1,0.1,1,386746760,1,RX,386198,,13,13,386.198,1.0,40.0,1.8446744073709552e+19
50n_10p_seed1,0.1,1,387191000,15,TX,386846,15.0,13,12,386.846,,,
50n_10p_seed1,0.1,1,387209760,1,RX,386661,,13,13,386.661,1.0,15.0,1.8446744073709552e+19
50n_10p_seed1,0.1,1,387928000,44,TX,387508,44.0,13,12,387.508,,,
50n_10p_seed1,0.1,1,387975048,1,RX,387427,,13,13,387.427,1.0,44.0,1.8446744073709552e+19
50n_10p_seed1,0.1,1,387983000,11,TX,387847,11.0,11,12,387.847,,,
50n_10p_seed1,0.1,1,388000048,1,RX,387452,,11,13,387.452,1.0,11.0,1.8446744073709552e+19
50n_10p_seed1,0.1,1,388336000,32,TX,387594,32.0,13,12,387.594,,,
50n_10p_seed1,0.1,1,388355760,1,RX,387807,,13,13,387.807,1.0,32.0,213.0
50n_10p_seed1,0.1,1,388839000,7,TX,388335,7.0,12,11,388.335,,,
50n_10p_seed1,0.1,1,388909016,1,RX,388361,,12,12,388.361,1.0,7.0,26.0
50n_10p_seed1,0.1,1,388954000,18,TX,388703,18.0,12,12,388.703,,,
50n_10p_seed1,0.1,1,389008048,1,RX,388460,,12,13,388.46,1.0,18.0,1.8446744073709552e+19
50n_10p_seed1,0.1,1,389081000,26,TX,388655,26.0,12,12,388.655,,,
50n_10p_seed1,0.1,1,389136048,1,RX,388588,,12,13,388.588,1.0,26.0,1.8446744073709552e+19
50n_10p_seed1,0.1,1,389709000,43,TX,389496,43.0,13,12,389.496,,,
50n_10p_seed1,0.1,1,389756048,1,RX,389208,,13,13,389.208,1.0,43.0,1.8446744073709552e+19
50n_10p_seed1,0.1,1,389778000,8,TX,388872,8.0,13,11,388.872,,,
50n_10p_seed1,0.1,1,389851016,1,RX,389303,,13,12,389.303,1.0,8.0,431.0
50n_10p_seed1,0.1,1,389956000,21,TX,389031,21.0,13,12,389.031,,,
50n_10p_seed1,0.1,1,389979760,1,RX,389431,,13,13,389.431,1.0,21.0,400.0
50n_10p_seed1,0.1,1,390696000,10,TX,390395,10.0,13,12,390.395,,,
50n_10p_seed1,0.1,1,390736048,1,RX,390188,,13,13,390.188,1.0,10.0,1.8446744073709552e+19
50n_10p_seed1,0.1,1,392622000,16,TX,391761,16.0,12,12,391.761,,,
50n_10p_seed1,0.1,1,392662048,1,RX,392114,,12,13,392.114,1.0,16.0,353.0
50n_10p_seed1,0.1,1,393577000,46,TX,393377,46.0,13,12,393.377,,,
50n_10p_seed1,0.1,1,393615760,1,RX,393067,,13,13,393.067,1.0,46.0,1.8446744073709552e+19
50n_10p_seed1,0.1,1,394004000,49,TX,393310,49.0,12,12,393.31,,,
50n_10p_seed1,0.1,1,394040048,1,RX,393492,,12,13,393.492,1.0,49.0,182.0
50n_10p_seed1,0.1,1,394286000,36,TX,393603,36.0,13,12,393.603,,,
50n_10p_seed1,0.1,1,394328760,1,RX,393780,,13,13,393.78,1.0,36.0,177.0
50n_10p_seed1,0.1,1,394923000,28,TX,394503,28.0,12,12,394.503,,,
50n_10p_seed1,0.1,1,394957760,1,RX,394409,,12,13,394.409,1.0,28.0,1.8446744073709552e+19
50n_10p_seed1,0.1,1,395161000,4,TX,394191,4.0,12,11,394.191,,,
50n_10p_seed1,0.1,1,395243016,1,RX,394695,,12,12,394.695,1.0,4.0,504.0
50n_10p_seed1,0.1,1,395980000,48,TX,395691,48.0,13,12,395.691,,,
50n_10p_seed1,0.1,1,395997000,27,TX,395332,27.0,12,12,395.332,,,
50n_10p_seed1,0.1,1,396017760,1,RX,395469,,12,13,395.469,1.0,27.0,137.0
50n_10p_seed1,0.1,1,396047048,1,RX,395499,,13,13,395.499,1.0,48.0,1.8446744073709552e+19
50n_10p_seed1,0.1,1,397105000,13,TX,396565,13.0,12,12,396.565,,,
50n_10p_seed1,0.1,1,397115760,1,RX,396567,,12,13,396.567,1.0,13.0,2.0
50n_10p_seed1,0.1,1,398509000,29,TX,398472,29.0,14,12,398.472,,,
50n_10p_seed1,0.1,1,398519760,1,RX,397971,,14,13,397.971,1.0,29.0,1.8446744073709552e+19
50n_10p_seed1,0.1,1,399327000,30,TX,399276,30.0,12,12,399.276,,,
50n_10p_seed1,0.1,1,399352760,1,RX,398804,,12,13,398.804,1.0,30.0,1.8446744073709552e+19
50n_10p_seed1,0.1,1,400872000,2,TX,400108,2.0,12,11,400.108,,,
50n_10p_seed1,0.1,1,400943016,1,RX,400395,,12,12,400.395,1.0,2.0,287.0
50n_10p_seed1,0.1,1,402091000,25,TX,401609,25.0,12,12,401.609,,,
50n_10p_seed1,0.1,1,402116064,1,RX,401568,,12,13,401.568,1.0,25.0,1.8446744073709552e+19
50n_10p_seed1,0.1,1,402175000,50,TX,401178,50.0,11,12,401.178,,,
50n_10p_seed1,0.1,1,402259048,1,RX,401711,,11,13,401.711,1.0,50.0,533.0
50n_10p_seed1,0.1,1,402762000,5,TX,402698,5.0,13,11,402.698,,,
50n_10p_seed1,0.1,1,402817016,1,RX,402269,,13,12,402.269,1.0,5.0,1.8446744073709552e+19
50n_10p_seed1,0.1,1,403258000,35,TX,402647,35.0,12,12,402.647,,,
50n_10p_seed1,0.1,1,403328048,1,RX,402780,,12,13,402.78,1.0,35.0,133.0
50n_10p_seed1,0.1,1,403458000,20,TX,403446,20.0,13,12,403.446,,,
50n_10p_seed1,0.1,1,403498760,1,RX,402950,,13,13,402.95,1.0,20.0,1.8446744073709552e+19
50n_10p_seed1,0.1,1,404675000,38,TX,403705,38.0,13,12,403.705,,,
50n_10p_seed1,0.1,1,404680760,1,RX,404132,,13,13,404.132,1.0,38.0,427.0
50n_10p_seed1,0.1,1,405226000,41,TX,404837,41.0,13,12,404.837,,,
50n_10p_seed1,0.1,1,405283048,1,RX,404735,,13,13,404.735,1.0,41.0,1.8446744073709552e+19
50n_10p_seed1,0.1,1,405407000,6,TX,404593,6.0,12,11,404.593,,,
50n_10p_seed1,0.1,1,405468016,1,RX,404920,,12,12,404.92,1.0,6.0,327.0
50n_10p_seed1,0.1,1,405753000,17,TX,405668,17.0,14,12,405.668,,,
50n_10p_seed1,0.1,1,405800048,1,RX,405252,,14,13,405.252,1.0,17.0,1.8446744073709552e+19
50n_10p_seed1,0.1,1,406036000,19,TX,405668,19.0,13,12,405.668,,,
50n_10p_seed1,0.1,1,406107048,1,RX,405559,,13,13,405.559,1.0,19.0,1.8446744073709552e+19
50n_10p_seed1,0.1,1,406380000,3,TX,405739,3.0,13,11,405.739,,,
50n_10p_seed1,0.1,1,406458016,1,RX,405910,,13,12,405.91,1.0,3.0,171.0
50n_10p_seed1,0.1,1,406795000,12,TX,405797,12.0,13,12,405.797,,,
50n_10p_seed1,0.1,1,406844048,1,RX,406296,,13,13,406.296,1.0,12.0,499.0
50n_10p_seed1,0.1,1,406993000,37,TX,406811,37.0,12,12,406.811,,,
50n_10p_seed1,0.1,1,407000760,1,RX,406452,,12,13,406.452,1.0,37.0,1.8446744073709552e+19
50n_10p_seed1,0.1,1,407357000,23,TX,407068,23.0,12,12,407.068,,,
50n_10p_seed1,0.1,1,407370760,1,RX,406822,,12,13,406.822,1.0,23.0,1.8446744073709552e+19
50n_10p_seed1,0.1,1,407862000,40,TX,407660,40.0,14,12,407.66,,,
50n_10p_seed1,0.1,1,407871760,1,RX,407323,,14,13,407.323,1.0,40.0,1.8446744073709552e+19
50n_10p_seed1,0.1,1,407920000,47,TX,407496,47.0,13,12,407.496,,,
50n_10p_seed1,0.1,1,407942760,1,RX,407394,,13,13,407.394,1.0,47.0,1.8446744073709552e+19
50n_10p_seed1,0.1,1,409182000,7,TX,408678,7.0,13,11,408.678,,,
50n_10p_seed1,0.1,1,409249016,1,RX,408701,,13,12,408.701,1.0,7.0,23.0
50n_10p_seed1,0.1,1,409832000,45,TX,409041,45.0,12,12,409.041,,,
50n_10p_seed1,0.1,1,409838760,1,RX,409290,,12,13,409.29,1.0,45.0,249.0
50n_10p_seed1,0.1,1,409852000,33,TX,409744,33.0,15,12,409.744,,,
50n_10p_seed1,0.1,1,409871048,1,RX,409323,,15,13,409.323,1.0,33.0,1.8446744073709552e+19
50n_10p_seed1,0.1,1,411381000,44,TX,410961,44.0,14,12,410.961,,,
50n_10p_seed1,0.1,1,411386000,24,TX,411207,24.0,12,12,411.207,,,
50n_10p_seed1,0.1,1,411422048,1,RX,410874,,12,13,410.874,1.0,24.0,1.8446744073709552e+19
50n_10p_seed1,0.1,1,411437048,1,RX,410889,,14,13,410.889,1.0,44.0,1.8446744073709552e+19
50n_10p_seed1,0.1,1,411904000,42,TX,411068,42.0,13,12,411.068,,,
50n_10p_seed1,0.1,1,411938048,1,RX,411390,,13,13,411.39,1.0,42.0,322.0
50n_10p_seed1,0.1,1,412037000,9,TX,411798,9.0,13,11,411.798,,,
50n_10p_seed1,0.1,1,412125016,1,RX,411577,,13,12,411.577,1.0,9.0,1.8446744073709552e+19
50n_10p_seed1,0.1,1,412255000,14,TX,411564,14.0,13,12,411.564,,,
50n_10p_seed1,0.1,1,412285760,1,RX,411737,,13,13,411.737,1.0,14.0,173.0
50n_10p_seed1,0.1,1,412547000,34,TX,411712,34.0,12,12,411.712,,,
50n_10p_seed1,0.1,1,412610000,31,TX,411897,31.0,13,12,411.897,,,
50n_10p_seed1,0.1,1,412611048,1,RX,412063,,12,13,412.063,1.0,34.0,351.0
50n_10p_seed1,0.1,1,412631760,1,RX,412083,,13,13,412.083,1.0,31.0,186.0
50n_10p_seed1,0.1,1,413233000,22,TX,412513,22.0,13,12,412.513,,,
50n_10p_seed1,0.1,1,413274760,1,RX,412726,,13,13,412.726,1.0,22.0,213.0
50n_10p_seed1,0.1,1,414276000,10,TX,413975,10.0,14,12,413.975,,,
50n_10p_seed1,0.1,1,414327048,1,RX,413779,,14,13,413.779,1.0,10.0,1.8446744073709552e+19
50n_10p_seed1,0.1,1,416658000,39,TX,416520,39.0,12,12,416.52,,,
50n_10p_seed1,0.1,1,416675760,1,RX,416127,,12,13,416.127,1.0,39.0,1.8446744073709552e+19
50n_10p_seed1,0.1,1,418192000,43,TX,417979,43.0,14,12,417.979,,,
50n_10p_seed1,0.1,1,418207048,1,RX,417659,,14,13,417.659,1.0,43.0,1.8446744073709552e+19
50n_10p_seed1,0.1,1,419027000,4,TX,418057,4.0,13,11,418.057,,,
50n_10p_seed1,0.1,1,419039016,1,RX,418491,,13,12,418.491,1.0,4.0,434.0
50n_10p_seed1,0.1,1,419790000,18,TX,419539,18.0,13,12,419.539,,,
50n_10p_seed1,0.1,1,419851048,1,RX,419303,,13,13,419.303,1.0,18.0,1.8446744073709552e+19
50n_10p_seed1,0.1,1,420821000,48,TX,420532,48.0,14,12,420.532,,,
50n_10p_seed1,0.1,1,420878048,1,RX,420330,,14,13,420.33,1.0,48.0,1.8446744073709552e+19
50n_10p_seed1,0.1,1,420985000,32,TX,420243,32.0,14,12,420.243,,,
50n_10p_seed1,0.1,1,421030760,1,RX,420482,,14,13,420.482,1.0,32.0,239.0
50n_10p_seed1,0.1,1,421774000,49,TX,421080,49.0,13,12,421.08,,,
50n_10p_seed1,0.1,1,421821048,1,RX,421273,,13,13,421.273,1.0,49.0,193.0
50n_10p_seed1,0.1,1,422624000,30,TX,422573,30.0,13,12,422.573,,,
50n_10p_seed1,0.1,1,422630760,1,RX,422082,,13,13,422.082,1.0,30.0,1.8446744073709552e+19
50n_10p_seed1,0.1,1,423883000,5,TX,423819,5.0,14,11,423.819,,,
50n_10p_seed1,0.1,1,423930016,1,RX,423382,,14,12,423.382,1.0,5.0,1.8446744073709552e+19
50n_10p_seed1,0.1,1,424557000,28,TX,424137,28.0,13,12,424.137,,,
50n_10p_seed1,0.1,1,424595760,1,RX,424047,,13,13,424.047,1.0,28.0,1.8446744073709552e+19
50n_10p_seed1,0.1,1,425194000,27,TX,424529,27.0,13,12,424.529,,,
50n_10p_seed1,0.1,1,425212760,1,RX,424664,,13,13,424.664,1.0,27.0,135.0
50n_10p_seed1,0.1,1,425713000,15,TX,425368,15.0,14,12,425.368,,,
50n_10p_seed1,0.1,1,425749760,1,RX,425201,,14,13,425.201,1.0,15.0,1.8446744073709552e+19
50n_10p_seed1,0.1,1,426372000,2,TX,425608,2.0,13,11,425.608,,,
50n_10p_seed1,0.1,1,426448016,1,RX,425900,,13,12,425.9,1.0,2.0,292.0
50n_10p_seed1,0.1,1,427244000,26,TX,426818,26.0,13,12,426.818,,,
50n_10p_seed1,0.1,1,427308048,1,RX,426760,,13,13,426.76,1.0,26.0,1.8446744073709552e+19
50n_10p_seed1,0.1,1,427537000,8,TX,426631,8.0,14,11,426.631,,,
50n_10p_seed1,0.1,1,427575016,1,RX,427027,,14,12,427.027,1.0,8.0,396.0
50n_10p_seed1,0.1,1,427593000,16,TX,426732,16.0,13,12,426.732,,,
50n_10p_seed1,0.1,1,427615064,1,RX,427067,,13,13,427.067,1.0,16.0,335.0
50n_10p_seed1,0.1,1,427675000,11,TX,427539,11.0,12,12,427.539,,,
50n_10p_seed1,0.1,1,427728048,1,RX,427180,,12,13,427.18,1.0,11.0,1.8446744073709552e+19
50n_10p_seed1,0.1,1,427845000,21,TX,426920,21.0,14,12,426.92,,,
50n_10p_seed1,0.1,1,427859760,1,RX,427311,,14,13,427.311,1.0,21.0,391.0
50n_10p_seed1,0.1,1,429077000,50,TX,428080,50.0,12,12,428.08,,,
50n_10p_seed1,0.1,1,429168048,1,RX,428620,,12,13,428.62,1.0,50.0,540.0
50n_10p_seed1,0.1,1,431673000,25,TX,431191,25.0,13,12,431.191,,,
50n_10p_seed1,0.1,1,431695048,1,RX,431147,,13,13,431.147,1.0,25.0,1.8446744073709552e+19
50n_10p_seed1,0.1,1,431840000,46,TX,431640,46.0,14,12,431.64,,,
50n_10p_seed1,0.1,1,431868760,1,RX,431320,,14,13,431.32,1.0,46.0,1.8446744073709552e+19
50n_10p_seed1,0.1,1,431983000,29,TX,431946,29.0,15,12,431.946,,,
50n_10p_seed1,0.1,1,432023760,1,RX,431475,,15,13,431.475,1.0,29.0,1.8446744073709552e+19
50n_10p_seed1,0.1,1,432128000,17,TX,432043,17.0,15,12,432.043,,,
50n_10p_seed1,0.1,1,432197048,1,RX,431649,,15,13,431.649,1.0,17.0,1.8446744073709552e+19
50n_10p_seed1,0.1,1,432632000,36,TX,431949,36.0,14,12,431.949,,,
50n_10p_seed1,0.1,1,432660760,1,RX,432112,,14,13,432.112,1.0,36.0,163.0
50n_10p_seed1,0.1,1,434281000,22,TX,433561,22.0,14,12,433.561,,,
50n_10p_seed1,0.1,1,434299760,1,RX,433751,,14,13,433.751,1.0,22.0,190.0
50n_10p_seed1,0.1,1,434604000,40,TX,434402,40.0,15,12,434.402,,,
50n_10p_seed1,0.1,1,434609760,1,RX,434061,,15,13,434.061,1.0,40.0,1.8446744073709552e+19
50n_10p_seed1,0.1,1,435779000,42,TX,434943,42.0,14,12,434.943,,,
50n_10p_seed1,0.1,1,435829048,1,RX,435281,,14,13,435.281,1.0,42.0,338.0
50n_10p_seed1,0.1,1,436315000,13,TX,435775,13.0,13,12,435.775,,,
50n_10p_seed1,0.1,1,436329760,1,RX,435781,,13,13,435.781,1.0,13.0,6.0
50n_10p_seed1,0.1,1,436413000,35,TX,435802,35.0,13,12,435.802,,,
50n_10p_seed1,0.1,1,436436048,1,RX,435888,,13,13,435.888,1.0,35.0,86.0
50n_10p_seed1,0.1,1,436827000,10,TX,436526,10.0,15,12,436.526,,,
50n_10p_seed1,0.1,1,436876048,1,RX,436328,,15,13,436.328,1.0,10.0,1.8446744073709552e+19
50n_10p_seed1,0.1,1,437376000,45,TX,436585,45.0,13,12,436.585,,,
50n_10p_seed1,0.1,1,437406000,14,TX,436715,14.0,14,12,436.715,,,
50n_10p_seed1,0.1,1,437406760,1,RX,436858,,13,13,436.858,1.0,45.0,273.0
50n_10p_seed1,0.1,1,437431760,1,RX,436883,,14,13,436.883,1.0,14.0,168.0
50n_10p_seed1,0.1,1,438010000,33,TX,437902,33.0,16,12,437.902,,,
50n_10p_seed1,0.1,1,438063048,1,RX,437515,,16,13,437.515,1.0,33.0,1.8446744073709552e+19
50n_10p_seed1,0.1,1,438373000,19,TX,438005,19.0,14,12,438.005,,,
50n_10p_seed1,0.1,1,438442048,1,RX,437894,,14,13,437.894,1.0,19.0,1.8446744073709552e+19
50n_10p_seed1,0.1,1,440556000,3,TX,439915,3.0,14,11,439.915,,,
50n_10p_seed1,0.1,1,440623016,1,RX,440075,,14,12,440.075,1.0,3.0,160.0
50n_10p_seed1,0.1,1,440657000,7,TX,440153,7.0,14,11,440.153,,,
50n_10p_seed1,0.1,1,440713016,1,RX,440165,,14,12,440.165,1.0,7.0,12.0
50n_10p_seed1,0.1,1,441221000,48,TX,440932,48.0,15,12,440.932,,,
50n_10p_seed1,0.1,1,441288048,1,RX,440740,,15,13,440.74,1.0,48.0,1.8446744073709552e+19
50n_10p_seed1,0.1,1,441414000,47,TX,440990,47.0,14,12,440.99,,,
50n_10p_seed1,0.1,1,441433760,1,RX,440885,,14,13,440.885,1.0,47.0,1.8446744073709552e+19
50n_10p_seed1,0.1,1,441621000,9,TX,441382,9.0,14,11,441.382,,,
50n_10p_seed1,0.1,1,441642016,1,RX,441094,,14,12,441.094,1.0,9.0,1.8446744073709552e+19
50n_10p_seed1,0.1,1,442353000,20,TX,442341,20.0,14,12,442.341,,,
50n_10p_seed1,0.1,1,442373760,1,RX,441825,,14,13,441.825,1.0,20.0,1.8446744073709552e+19
50n_10p_seed1,0.1,1,442565000,37,TX,442383,37.0,13,12,442.383,,,
50n_10p_seed1,0.1,1,442574760,1,RX,442026,,13,13,442.026,1.0,37.0,1.8446744073709552e+19
50n_10p_seed1,0.1,1,442899000,18,TX,442648,18.0,14,12,442.648,,,
50n_10p_seed1,0.1,1,442921048,1,RX,442373,,14,13,442.373,1.0,18.0,1.8446744073709552e+19
50n_10p_seed1,0.1,1,442988000,12,TX,441990,12.0,14,12,441.99,,,
50n_10p_seed1,0.1,1,443033048,1,RX,442485,,14,13,442.485,1.0,12.0,495.0
50n_10p_seed1,0.1,1,443293000,6,TX,442479,6.0,13,11,442.479,,,
50n_10p_seed1,0.1,1,443375016,1,RX,442827,,13,12,442.827,1.0,6.0,348.0
50n_10p_seed1,0.1,1,443453000,23,TX,443164,23.0,13,12,443.164,,,
50n_10p_seed1,0.1,1,443465760,1,RX,442917,,13,13,442.917,1.0,23.0,1.8446744073709552e+19
50n_10p_seed1,0.1,1,443835000,41,TX,443446,41.0,14,12,443.446,,,
50n_10p_seed1,0.1,1,443859048,1,RX,443311,,14,13,443.311,1.0,41.0,1.8446744073709552e+19
50n_10p_seed1,0.1,1,444294000,38,TX,443324,38.0,14,12,443.324,,,
50n_10p_seed1,0.1,1,444326760,1,RX,443778,,14,13,443.778,1.0,38.0,454.0
50n_10p_seed1,0.1,1,444638000,44,TX,444218,44.0,15,12,444.218,,,
50n_10p_seed1,0.1,1,444683048,1,RX,444135,,15,13,444.135,1.0,44.0,1.8446744073709552e+19
50n_10p_seed1,0.1,1,444859000,49,TX,444165,49.0,14,12,444.165,,,
50n_10p_seed1,0.1,1,444871064,1,RX,444323,,14,13,444.323,1.0,49.0,158.0
50n_10p_seed1,0.1,1,444884000,24,TX,444705,24.0,13,12,444.705,,,
50n_10p_seed1,0.1,1,444921048,1,RX,444373,,13,13,444.373,1.0,24.0,1.8446744073709552e+19
50n_10p_seed1,0.1,1,445191000,34,TX,444356,34.0,13,12,444.356,,,
50n_10p_seed1,0.1,1,445249048,1,RX,444701,,13,13,444.701,1.0,34.0,345.0
50n_10p_seed1,0.1,1,446997000,4,TX,446027,4.0,14,11,446.027,,,
50n_10p_seed1,0.1,1,447030016,1,RX,446482,,14,12,446.482,1.0,4.0,455.0
50n_10p_seed1,0.1,1,447885000,31,TX,447172,31.0,14,12,447.172,,,
50n_10p_seed1,0.1,1,447901760,1,RX,447353,,14,13,447.353,1.0,31.0,181.0
50n_10p_seed1,0.1,1,448192000,39,TX,448054,39.0,13,12,448.054,,,
50n_10p_seed1,0.1,1,448232760,1,RX,447684,,13,13,447.684,1.0,39.0,1.8446744073709552e+19
50n_10p_seed1,0.1,1,449037000,11,TX,448901,11.0,13,12,448.901,,,
50n_10p_seed1,0.1,1,449081048,1,RX,448533,,13,13,448.533,1.0,11.0,1.8446744073709552e+19
50n_10p_seed1,0.1,1,450204000,32,TX,449462,32.0,15,12,449.462,,,
50n_10p_seed1,0.1,1,450229760,1,RX,449681,,15,13,449.681,1.0,32.0,219.0
50n_10p_seed1,0.1,1,451219000,15,TX,450874,15.0,15,12,450.874,,,
50n_10p_seed1,0.1,1,451227760,1,RX,450679,,15,13,450.679,1.0,15.0,1.8446744073709552e+19
50n_10p_seed1,0.1,1,452317000,5,TX,452253,5.0,15,11,452.253,,,
50n_10p_seed1,0.1,1,452374016,1,RX,451826,,15,12,451.826,1.0,5.0,1.8446744073709552e+19
50n_10p_seed1,0.1,1,452557000,21,TX,451632,21.0,15,12,451.632,,,
50n_10p_seed1,0.1,1,452597760,1,RX,452049,,15,13,452.049,1.0,21.0,417.0
50n_10p_seed1,0.1,1,453344000,29,TX,453307,29.0,16,12,453.307,,,
50n_10p_seed1,0.1,1,453355760,1,RX,452807,,16,13,452.807,1.0,29.0,1.8446744073709552e+19
50n_10p_seed1,0.1,1,455959000,25,TX,455477,25.0,14,12,455.477,,,
50n_10p_seed1,0.1,1,456046048,1,RX,455498,,14,13,455.498,1.0,25.0,21.0
50n_10p_seed1,0.1,1,456118000,2,TX,455354,2.0,14,11,455.354,,,
50n_10p_seed1,0.1,1,456185016,1,RX,455637,,14,12,455.637,1.0,2.0,283.0
50n_10p_seed1,0.1,1,456357000,28,TX,455937,28.0,14,12,455.937,,,
50n_10p_seed1,0.1,1,456362760,1,RX,455814,,14,13,455.814,1.0,28.0,1.8446744073709552e+19
50n_10p_seed1,0.1,1,457212000,43,TX,456999,43.0,15,12,456.999,,,
50n_10p_seed1,0.1,1,457264048,1,RX,456716,,15,13,456.716,1.0,43.0,1.8446744073709552e+19
50n_10p_seed1,0.1,1,457868000,42,TX,457032,42.0,15,12,457.032,,,
50n_10p_seed1,0.1,1,457868000,17,TX,457783,17.0,16,12,457.783,,,
50n_10p_seed1,0.1,1,457922048,1,RX,457374,,16,13,457.374,1.0,17.0,1.8446744073709552e+19
50n_10p_seed1,0.1,1,457956048,1,RX,457408,,15,13,457.408,1.0,42.0,376.0
50n_10p_seed1,0.1,1,458036000,40,TX,457834,40.0,16,12,457.834,,,
50n_10p_seed1,0.1,1,458061760,1,RX,457513,,16,13,457.513,1.0,40.0,1.8446744073709552e+19
50n_10p_seed1,0.1,1,458566000,30,TX,458515,30.0,14,12,458.515,,,
50n_10p_seed1,0.1,1,458597760,1,RX,458049,,14,13,458.049,1.0,30.0,1.8446744073709552e+19
50n_10p_seed1,0.1,1,458688000,33,TX,458580,33.0,17,12,458.58,,,
50n_10p_seed1,0.1,1,458763048,1,RX,458215,,17,13,458.215,1.0,33.0,1.8446744073709552e+19
50n_10p_seed1,0.1,1,459363000,46,TX,459163,46.0,15,12,459.163,,,
50n_10p_seed1,0.1,1,459380760,1,RX,458832,,15,13,458.832,1.0,46.0,1.8446744073709552e+19
50n_10p_seed1,0.1,1,459586000,26,TX,459160,26.0,14,12,459.16,,,
50n_10p_seed1,0.1,1,459619048,1,RX,459071,,14,13,459.071,1.0,26.0,1.8446744073709552e+19
50n_10p_seed1,0.1,1,459868000,16,TX,459007,16.0,14,12,459.007,,,
50n_10p_seed1,0.1,1,459920048,1,RX,459372,,14,13,459.372,1.0,16.0,365.0
50n_10p_seed1,0.1,1,461060000,3,TX,460419,3.0,15,11,460.419,,,
50n_10p_seed1,0.1,1,461165016,1,RX,460617,,15,12,460.617,1.0,3.0,198.0
50n_10p_seed1,0.1,1,461298000,27,TX,460633,27.0,14,12,460.633,,,
50n_10p_seed1,0.1,1,461313760,1,RX,460765,,14,13,460.765,1.0,27.0,132.0
50n_10p_seed1,0.1,1,461897000,45,TX,461106,45.0,14,12,461.106,,,
50n_10p_seed1,0.1,1,461902760,1,RX,461354,,14,13,461.354,1.0,45.0,248.0
50n_10p_seed1,0.1,1,463594000,36,TX,462911,36.0,15,12,462.911,,,
50n_10p_seed1,0.1,1,463617760,1,RX,463069,,15,13,463.069,1.0,36.0,158.0
50n_10p_seed1,0.1,1,464115000,10,TX,463814,10.0,16,12,463.814,,,
50n_10p_seed1,0.1,1,464180048,1,RX,463632,,16,13,463.632,1.0,10.0,1.8446744073709552e+19
50n_10p_seed1,0.1,1,464894000,50,TX,463897,50.0,13,12,463.897,,,
50n_10p_seed1,0.1,1,464970048,1,RX,464422,,13,13,464.422,1.0,50.0,525.0
50n_10p_seed1,0.1,1,465170000,8,TX,464264,8.0,15,11,464.264,,,
50n_10p_seed1,0.1,1,465201016,1,RX,464653,,15,12,464.653,1.0,8.0,389.0
50n_10p_seed1,0.1,1,466337000,22,TX,465617,22.0,15,12,465.617,,,
50n_10p_seed1,0.1,1,466351760,1,RX,465803,,15,13,465.803,1.0,22.0,186.0
50n_10p_seed1,0.1,1,468209000,38,TX,467239,38.0,15,12,467.239,,,
50n_10p_seed1,0.1,1,468248760,1,RX,467700,,15,13,467.7,1.0,38.0,461.0
50n_10p_seed1,0.1,1,468416000,49,TX,467722,49.0,15,12,467.722,,,
50n_10p_seed1,0.1,1,468476000,31,TX,467763,31.0,15,12,467.763,,,
50n_10p_seed1,0.1,1,468499048,1,RX,467951,,15,13,467.951,1.0,49.0,229.0
50n_10p_seed1,0.1,1,468508760,1,RX,467960,,15,13,467.96,1.0,31.0,197.0
50n_10p_seed1,0.1,1,469393000,9,TX,469154,9.0,15,11,469.154,,,
50n_10p_seed1,0.1,1,469454016,1,RX,468906,,15,12,468.906,1.0,9.0,1.8446744073709552e+19
50n_10p_seed1,0.1,1,470610000,7,TX,470106,7.0,15,11,470.106,,,
50n_10p_seed1,0.1,1,470715016,1,RX,470167,,15,12,470.167,1.0,7.0,61.0
50n_10p_seed1,0.1,1,470864000,12,TX,469866,12.0,15,12,469.866,,,
50n_10p_seed1,0.1,1,470898048,1,RX,470350,,15,13,470.35,1.0,12.0,484.0
50n_10p_seed1,0.1,1,471109000,37,TX,470927,37.0,14,12,470.927,,,
50n_10p_seed1,0.1,1,471147760,1,RX,470599,,14,13,470.599,1.0,37.0,1.8446744073709552e+19
50n_10p_seed1,0.1,1,471426000,48,TX,471137,48.0,16,12,471.137,,,
50n_10p_seed1,0.1,1,471479048,1,RX,470931,,16,13,470.931,1.0,48.0,1.8446744073709552e+19
50n_10p_seed1,0.1,1,472295000,13,TX,471755,13.0,14,12,471.755,,,
50n_10p_seed1,0.1,1,472324760,1,RX,471776,,14,13,471.776,1.0,13.0,21.0
50n_10p_seed1,0.1,1,473470000,6,TX,472656,6.0,14,11,472.656,,,
50n_10p_seed1,0.1,1,473521016,1,RX,472973,,14,12,472.973,1.0,6.0,317.0
50n_10p_seed1,0.1,1,473771000,39,TX,473633,39.0,14,12,473.633,,,
50n_10p_seed1,0.1,1,473788000,41,TX,473399,41.0,15,12,473.399,,,
50n_10p_seed1,0.1,1,473800776,1,RX,473252,,14,13,473.252,1.0,39.0,1.8446744073709552e+19
50n_10p_seed1,0.1,1,473817048,1,RX,473269,,15,13,473.269,1.0,41.0,1.8446744073709552e+19
50n_10p_seed1,0.1,1,474463000,11,TX,474327,11.0,14,12,474.327,,,
50n_10p_seed1,0.1,1,474502048,1,RX,473954,,14,13,473.954,1.0,11.0,1.8446744073709552e+19
50n_10p_seed1,0.1,1,475529000,23,TX,475240,23.0,14,12,475.24,,,
50n_10p_seed1,0.1,1,475538760,1,RX,474990,,14,13,474.99,1.0,23.0,1.8446744073709552e+19
50n_10p_seed1,0.1,1,475627000,14,TX,474936,14.0,15,12,474.936,,,
50n_10p_seed1,0.1,1,475660760,1,RX,475112,,15,13,475.112,1.0,14.0,176.0
50n_10p_seed1,0.1,1,475756000,47,TX,475332,47.0,15,12,475.332,,,
50n_10p_seed1,0.1,1,475763760,1,RX,475215,,15,13,475.215,1.0,47.0,1.8446744073709552e+19
50n_10p_seed1,0.1,1,475937000,35,TX,475326,35.0,14,12,475.326,,,
50n_10p_seed1,0.1,1,476016048,1,RX,475468,,14,13,475.468,1.0,35.0,142.0
50n_10p_seed1,0.1,1,477099000,5,TX,477035,5.0,16,11,477.035,,,
50n_10p_seed1,0.1,1,477154016,1,RX,476606,,16,12,476.606,1.0,5.0,1.8446744073709552e+19
50n_10p_seed1,0.1,1,477233000,19,TX,476865,19.0,15,12,476.865,,,
50n_10p_seed1,0.1,1,477297048,1,RX,476749,,15,13,476.749,1.0,19.0,1.8446744073709552e+19
50n_10p_seed1,0.1,1,478917000,18,TX,478666,18.0,15,12,478.666,,,
50n_10p_seed1,0.1,1,478981048,1,RX,478433,,15,13,478.433,1.0,18.0,1.8446744073709552e+19
50n_10p_seed1,0.1,1,479071000,44,TX,478651,44.0,16,12,478.651,,,
50n_10p_seed1,0.1,1,479103048,1,RX,478555,,16,13,478.555,1.0,44.0,1.8446744073709552e+19
50n_10p_seed1,0.1,1,479308000,15,TX,478963,15.0,16,12,478.963,,,
50n_10p_seed1,0.1,1,479327760,1,RX,478779,,16,13,478.779,1.0,15.0,1.8446744073709552e+19
50n_10p_seed1,0.1,1,479475000,42,TX,478639,42.0,16,12,478.639,,,
50n_10p_seed1,0.1,1,479487064,1,RX,478939,,16,13,478.939,1.0,42.0,300.0
50n_10p_seed1,0.1,1,479799000,4,TX,478829,4.0,15,11,478.829,,,
50n_10p_seed1,0.1,1,479870016,1,RX,479322,,15,12,479.322,1.0,4.0,493.0
50n_10p_seed1,0.1,1,479985000,20,TX,479973,20.0,15,12,479.973,,,
50n_10p_seed1,0.1,1,480030760,1,RX,479482,,15,13,479.482,1.0,20.0,1.8446744073709552e+19
50n_10p_seed1,0.1,1,480219000,24,TX,480040,24.0,14,12,480.04,,,
50n_10p_seed1,0.1,1,480279048,1,RX,479731,,14,13,479.731,1.0,24.0,1.8446744073709552e+19
50n_10p_seed1,0.1,1,482554000,28,TX,482134,28.0,15,12,482.134,,,
50n_10p_seed1,0.1,1,482569760,1,RX,482021,,15,13,482.021,1.0,28.0,1.8446744073709552e+19
50n_10p_seed1,0.1,1,482603000,33,TX,482495,33.0,18,12,482.495,,,
50n_10p_seed1,0.1,1,482628064,1,RX,482080,,18,13,482.08,1.0,33.0,1.8446744073709552e+19
50n_10p_seed1,0.1,1,483686000,34,TX,482851,34.0,14,12,482.851,,,
50n_10p_seed1,0.1,1,483752048,1,RX,483204,,14,13,483.204,1.0,34.0,353.0
50n_10p_seed1,0.1,1,485963000,46,TX,485763,46.0,16,12,485.763,,,
50n_10p_seed1,0.1,1,485984760,1,RX,485436,,16,13,485.436,1.0,46.0,1.8446744073709552e+19
50n_10p_seed1,0.1,1,486004000,36,TX,485321,36.0,16,12,485.321,,,
50n_10p_seed1,0.1,1,486047760,1,RX,485499,,16,13,485.499,1.0,36.0,178.0
50n_10p_seed1,0.1,1,486078000,17,TX,485993,17.0,17,12,485.993,,,
50n_10p_seed1,0.1,1,486147048,1,RX,485599,,17,13,485.599,1.0,17.0,1.8446744073709552e+19
50n_10p_seed1,0.1,1,486474000,32,TX,485732,32.0,16,12,485.732,,,
50n_10p_seed1,0.1,1,486482760,1,RX,485934,,16,13,485.934,1.0,32.0,202.0
50n_10p_seed1,0.1,1,487255000,2,TX,486491,2.0,15,11,486.491,,,
50n_10p_seed1,0.1,1,487345016,1,RX,486797,,15,12,486.797,1.0,2.0,306.0
50n_10p_seed1,0.1,1,489320000,25,TX,488838,25.0,15,12,488.838,,,
50n_10p_seed1,0.1,1,489379048,1,RX,488831,,15,13,488.831,1.0,25.0,1.8446744073709552e+19
50n_10p_seed1,0.1,1,489706000,43,TX,489493,43.0,16,12,489.493,,,
50n_10p_seed1,0.1,1,489766048,1,RX,489218,,16,13,489.218,1.0,43.0,1.8446744073709552e+19
50n_10p_seed1,0.1,1,489979000,29,TX,489942,29.0,17,12,489.942,,,
50n_10p_seed1,0.1,1,490022760,1,RX,489474,,17,13,489.474,1.0,29.0,1.8446744073709552e+19
50n_10p_seed1,0.1,1,491287000,21,TX,490362,21.0,16,12,490.362,,,
50n_10p_seed1,0.1,1,491300760,1,RX,490752,,16,13,490.752,1.0,21.0,390.0
50n_10p_seed1,0.1,1,492297000,45,TX,491506,45.0,15,12,491.506,,,
50n_10p_seed1,0.1,1,492314760,1,RX,491766,,15,13,491.766,1.0,45.0,260.0
50n_10p_seed1,0.1,1,492702000,48,TX,492413,48.0,17,12,492.413,,,
50n_10p_seed1,0.1,1,492771048,1,RX,492223,,17,13,492.223,1.0,48.0,1.8446744073709552e+19
50n_10p_seed1,0.1,1,492801000,9,TX,492562,9.0,16,11,492.562,,,
50n_10p_seed1,0.1,1,492948016,1,RX,492400,,16,12,492.4,1.0,9.0,1.8446744073709552e+19
50n_10p_seed1,0.1,1,493105000,16,TX,492244,16.0,15,12,492.244,,,
50n_10p_seed1,0.1,1,493189048,1,RX,492641,,15,13,492.641,1.0,16.0,397.0
50n_10p_seed1,0.1,1,493479000,49,TX,492785,49.0,16,12,492.785,,,
50n_10p_seed1,0.1,1,493530048,1,RX,492982,,16,13,492.982,1.0,49.0,197.0
50n_10p_seed1,0.1,1,493797000,10,TX,493496,10.0,17,12,493.496,,,
50n_10p_seed1,0.1,1,493817048,1,RX,493269,,17,13,493.269,1.0,10.0,1.8446744073709552e+19
50n_10p_seed1,0.1,1,493905000,27,TX,493240,27.0,15,12,493.24,,,
50n_10p_seed1,0.1,1,493930760,1,RX,493382,,15,13,493.382,1.0,27.0,142.0
50n_10p_seed1,0.1,1,493956000,50,TX,492959,50.0,14,12,492.959,,,
50n_10p_seed1,0.1,1,494040048,1,RX,493492,,14,13,493.492,1.0,50.0,533.0
50n_10p_seed1,0.1,1,495110000,12,TX,494112,12.0,16,12,494.112,,,
50n_10p_seed1,0.1,1,495145048,1,RX,494597,,16,13,494.597,1.0,12.0,485.0
50n_10p_seed1,0.1,1,495842000,26,TX,495416,26.0,15,12,495.416,,,
50n_10p_seed1,0.1,1,495906048,1,RX,495358,,15,13,495.358,1.0,26.0,1.8446744073709552e+19
50n_10p_seed1,0.1,1,496158000,13,TX,495618,13.0,15,12,495.618,,,
50n_10p_seed1,0.1,1,496193760,1,RX,495645,,15,13,495.645,1.0,13.0,27.0
50n_10p_seed1,0.1,1,496197000,40,TX,495995,40.0,17,12,495.995,,,
50n_10p_seed1,0.1,1,496219760,1,RX,495671,,17,13,495.671,1.0,40.0,1.8446744073709552e+19
50n_10p_seed1,0.1,1,497476000,30,TX,497425,30.0,15,12,497.425,,,
50n_10p_seed1,0.1,1,497502760,1,RX,496954,,15,13,496.954,1.0,30.0,1.8446744073709552e+19
50n_10p_seed1,0.1,1,497699000,37,TX,497517,37.0,15,12,497.517,,,
50n_10p_seed1,0.1,1,497739760,1,RX,497191,,15,13,497.191,1.0,37.0,1.8446744073709552e+19
50n_10p_seed1,0.1,1,498272000,23,TX,497983,23.0,15,12,497.983,,,
50n_10p_seed1,0.1,1,498287760,1,RX,497739,,15,13,497.739,1.0,23.0,1.8446744073709552e+19
50n_10p_seed1,0.1,1,498494000,8,TX,497588,8.0,16,11,497.588,,,
50n_10p_seed1,0.1,1,498560016,1,RX,498012,,16,12,498.012,1.0,8.0,424.0
50n_10p_seed1,0.1,1,499972000,14,TX,499281,14.0,16,12,499.281,,,
50n_10p_seed1,0.1,1,499994760,1,RX,499446,,16,13,499.446,1.0,14.0,165.0
50n_10p_seed1,0.1,1,500625000,3,TX,499984,3.0,16,11,499.984,,,
50n_10p_seed1,0.1,1,500725016,1,RX,500177,,16,12,500.177,1.0,3.0,193.0
50n_10p_seed1,0.1,1,500763000,39,TX,500625,39.0,15,12,500.625,,,
50n_10p_seed1,0.1,1,500802760,1,RX,500254,,15,13,500.254,1.0,39.0,1.8446744073709552e+19
50n_10p_seed1,0.1,1,501617000,6,TX,500803,6.0,15,11,500.803,,,
50n_10p_seed1,0.1,1,501665016,1,RX,501117,,15,12,501.117,1.0,6.0,314.0
50n_10p_seed1,0.1,1,501798000,38,TX,500828,38.0,16,12,500.828,,,
50n_10p_seed1,0.1,1,501804760,1,RX,501256,,16,13,501.256,1.0,38.0,428.0
50n_10p_seed1,0.1,1,501973000,22,TX,501253,22.0,16,12,501.253,,,
50n_10p_seed1,0.1,1,502003760,1,RX,501455,,16,13,501.455,1.0,22.0,202.0
50n_10p_seed1,0.1,1,502903000,18,TX,502652,18.0,16,12,502.652,,,
50n_10p_seed1,0.1,1,502942000,35,TX,502331,35.0,15,12,502.331,,,
50n_10p_seed1,0.1,1,503014048,1,RX,502466,,15,13,502.466,1.0,35.0,135.0
50n_10p_seed1,0.1,1,503030048,1,RX,502482,,16,13,502.482,1.0,18.0,1.8446744073709552e+19
50n_10p_seed1,0.1,1,504380000,41,TX,503991,41.0,16,12,503.991,,,
50n_10p_seed1,0.1,1,504450048,1,RX,503902,,16,13,503.902,1.0,41.0,1.8446744073709552e+19
50n_10p_seed1,0.1,1,504907000,11,TX,504771,11.0,15,12,504.771,,,
50n_10p_seed1,0.1,1,504944048,1,RX,504396,,15,13,504.396,1.0,11.0,1.8446744073709552e+19
50n_10p_seed1,0.1,1,505685000,34,TX,504850,34.0,15,12,504.85,,,
50n_10p_seed1,0.1,1,505719048,1,RX,505171,,15,13,505.171,1.0,34.0,321.0
50n_10p_seed1,0.1,1,505869000,24,TX,505690,24.0,15,12,505.69,,,
50n_10p_seed1,0.1,1,505936048,1,RX,505388,,15,13,505.388,1.0,24.0,1.8446744073709552e+19
50n_10p_seed1,0.1,1,506685000,31,TX,505972,31.0,16,12,505.972,,,
50n_10p_seed1,0.1,1,506712760,1,RX,506164,,16,13,506.164,1.0,31.0,192.0
50n_10p_seed1,0.1,1,506913000,46,TX,506713,46.0,17,12,506.713,,,
50n_10p_seed1,0.1,1,506923760,1,RX,506375,,17,13,506.375,1.0,46.0,1.8446744073709552e+19
50n_10p_seed1,0.1,1,506965000,32,TX,506223,32.0,17,12,506.223,,,
50n_10p_seed1,0.1,1,506986760,1,RX,506438,,17,13,506.438,1.0,32.0,215.0
50n_10p_seed1,0.1,1,507847000,44,TX,507427,44.0,17,12,507.427,,,
50n_10p_seed1,0.1,1,507852000,7,TX,507348,7.0,16,11,507.348,,,
50n_10p_seed1,0.1,1,507907048,1,RX,507359,,17,13,507.359,1.0,44.0,1.8446744073709552e+19
50n_10p_seed1,0.1,1,507953016,1,RX,507405,,16,12,507.405,1.0,7.0,57.0
50n_10p_seed1,0.1,1,508038000,15,TX,507693,15.0,17,12,507.693,,,
50n_10p_seed1,0.1,1,508055760,1,RX,507507,,17,13,507.507,1.0,15.0,1.8446744073709552e+19
50n_10p_seed1,0.1,1,511001000,20,TX,510989,20.0,16,12,510.989,,,
50n_10p_seed1,0.1,1,511013760,1,RX,510465,,16,13,510.465,1.0,20.0,1.8446744073709552e+19
50n_10p_seed1,0.1,1,512491000,45,TX,511700,45.0,16,12,511.7,,,
50n_10p_seed1,0.1,1,512501760,1,RX,511953,,16,13,511.953,1.0,45.0,253.0
50n_10p_seed1,0.1,1,512797000,4,TX,511827,4.0,16,11,511.827,,,
50n_10p_seed1,0.1,1,512865016,1,RX,512317,,16,12,512.317,1.0,4.0,490.0
50n_10p_seed1,0.1,1,513031000,19,TX,512663,19.0,16,12,512.663,,,
50n_10p_seed1,0.1,1,513092048,1,RX,512544,,16,13,512.544,1.0,19.0,1.8446744073709552e+19
50n_10p_seed1,0.1,1,513185000,5,TX,513121,5.0,17,11,513.121,,,
50n_10p_seed1,0.1,1,513228016,1,RX,512680,,17,12,512.68,1.0,5.0,1.8446744073709552e+19
50n_10p_seed1,0.1,1,514487000,47,TX,514063,47.0,16,12,514.063,,,
50n_10p_seed1,0.1,1,514502000,9,TX,514263,9.0,17,11,514.263,,,
50n_10p_seed1,0.1,1,514522760,1,RX,513974,,16,13,513.974,1.0,47.0,1.8446744073709552e+19
50n_10p_seed1,0.1,1,514549016,1,RX,514001,,17,12,514.001,1.0,9.0,1.8446744073709552e+19
50n_10p_seed1,0.1,1,516612000,33,TX,516504,33.0,19,12,516.504,,,
50n_10p_seed1,0.1,1,516659048,1,RX,516111,,19,13,516.111,1.0,33.0,1.8446744073709552e+19
50n_10p_seed1,0.1,1,516848000,42,TX,516012,42.0,17,12,516.012,,,
50n_10p_seed1,0.1,1,516905048,1,RX,516357,,17,13,516.357,1.0,42.0,345.0
50n_10p_seed1,0.1,1,517856000,49,TX,517162,49.0,17,12,517.162,,,
50n_10p_seed1,0.1,1,517924048,1,RX,517376,,17,13,517.376,1.0,49.0,214.0
50n_10p_seed1,0.1,1,518330000,21,TX,517405,21.0,17,12,517.405,,,
50n_10p_seed1,0.1,1,518343000,28,TX,517923,28.0,16,12,517.923,,,
50n_10p_seed1,0.1,1,518355760,1,RX,517807,,16,13,517.807,1.0,28.0,1.8446744073709552e+19
50n_10p_seed1,0.1,1,518365000,37,TX,518183,37.0,16,12,518.183,,,
50n_10p_seed1,0.1,1,518367760,1,RX,517819,,17,13,517.819,1.0,21.0,414.0
50n_10p_seed1,0.1,1,518409760,1,RX,517861,,16,13,517.861,1.0,37.0,1.8446744073709552e+19
50n_10p_seed1,0.1,1,520130000,40,TX,519928,40.0,18,12,519.928,,,
50n_10p_seed1,0.1,1,520135760,1,RX,519587,,18,13,519.587,1.0,40.0,1.8446744073709552e+19
50n_10p_seed1,0.1,1,520576000,36,TX,519893,36.0,17,12,519.893,,,
50n_10p_seed1,0.1,1,520611760,1,RX,520063,,17,13,520.063,1.0,36.0,170.0
50n_10p_seed1,0.1,1,521011000,2,TX,520247,2.0,16,11,520.247,,,
50n_10p_seed1,0.1,1,521115016,1,RX,520567,,16,12,520.567,1.0,2.0,320.0
50n_10p_seed1,0.1,1,521243000,17,TX,521158,17.0,18,12,521.158,,,
50n_10p_seed1,0.1,1,521272000,8,TX,520366,8.0,17,11,520.366,,,
50n_10p_seed1,0.1,1,521295048,1,RX,520747,,18,13,520.747,1.0,17.0,1.8446744073709552e+19
50n_10p_seed1,0.1,1,521342016,1,RX,520794,,17,12,520.794,1.0,8.0,428.0
50n_10p_seed1,0.1,1,522117000,16,TX,521256,16.0,16,12,521.256,,,
50n_10p_seed1,0.1,1,522162048,1,RX,521614,,16,13,521.614,1.0,16.0,358.0
50n_10p_seed1,0.1,1,522282000,39,TX,522144,39.0,16,12,522.144,,,
50n_10p_seed1,0.1,1,522309760,1,RX,521761,,16,13,521.761,1.0,39.0,1.8446744073709552e+19
50n_10p_seed1,0.1,1,522870000,48,TX,522581,48.0,18,12,522.581,,,
50n_10p_seed1,0.1,1,522919048,1,RX,522371,,18,13,522.371,1.0,48.0,1.8446744073709552e+19
50n_10p_seed1,0.1,1,523759000,22,TX,523039,22.0,17,12,523.039,,,
50n_10p_seed1,0.1,1,523777760,1,RX,523229,,17,13,523.229,1.0,22.0,190.0
50n_10p_seed1,0.1,1,524099000,30,TX,524048,30.0,16,12,524.048,,,
50n_10p_seed1,0.1,1,524126760,1,RX,523578,,16,13,523.578,1.0,30.0,1.8446744073709552e+19
50n_10p_seed1,0.1,1,524212000,10,TX,523911,10.0,18,12,523.911,,,
50n_10p_seed1,0.1,1,524251048,1,RX,523703,,18,13,523.703,1.0,10.0,1.8446744073709552e+19
50n_10p_seed1,0.1,1,524377000,25,TX,523895,25.0,16,12,523.895,,,
50n_10p_seed1,0.1,1,524409048,1,RX,523861,,16,13,523.861,1.0,25.0,1.8446744073709552e+19
50n_10p_seed1,0.1,1,524412000,13,TX,523872,13.0,16,12,523.872,,,
50n_10p_seed1,0.1,1,524439760,1,RX,523891,,16,13,523.891,1.0,13.0,19.0
50n_10p_seed1,0.1,1,525056000,29,TX,525019,29.0,18,12,525.019,,,
50n_10p_seed1,0.1,1,525063760,1,RX,524515,,18,13,524.515,1.0,29.0,1.8446744073709552e+19
50n_10p_seed1,0.1,1,526981000,35,TX,526370,35.0,16,12,526.37,,,
50n_10p_seed1,0.1,1,527042048,1,RX,526494,,16,13,526.494,1.0,35.0,124.0
50n_10p_seed1,0.1,1,527444000,32,TX,526702,32.0,18,12,526.702,,,
50n_10p_seed1,0.1,1,527482760,1,RX,526934,,18,13,526.934,1.0,32.0,232.0
50n_10p_seed1,0.1,1,527692000,26,TX,527266,26.0,16,12,527.266,,,
50n_10p_seed1,0.1,1,527716048,1,RX,527168,,16,13,527.168,1.0,26.0,1.8446744073709552e+19
50n_10p_seed1,0.1,1,527898000,18,TX,527647,18.0,17,12,527.647,,,
50n_10p_seed1,0.1,1,527977048,1,RX,527429,,17,13,527.429,1.0,18.0,1.8446744073709552e+19
50n_10p_seed1,0.1,1,528197000,44,TX,527777,44.0,18,12,527.777,,,
50n_10p_seed1,0.1,1,528221048,1,RX,527673,,18,13,527.673,1.0,44.0,1.8446744073709552e+19
50n_10p_seed1,0.1,1,528344000,43,TX,528131,43.0,17,12,528.131,,,
50n_10p_seed1,0.1,1,528384048,1,RX,527836,,17,13,527.836,1.0,43.0,1.8446744073709552e+19
50n_10p_seed1,0.1,1,528471000,15,TX,528126,15.0,18,12,528.126,,,
50n_10p_seed1,0.1,1,528512760,1,RX,527964,,18,13,527.964,1.0,15.0,1.8446744073709552e+19
50n_10p_seed1,0.1,1,528653000,50,TX,527656,50.0,15,12,527.656,,,
50n_10p_seed1,0.1,1,528699352,1,RX,528151,,15,13,528.151,1.0,50.0,495.0
50n_10p_seed1,0.1,1,528902000,11,TX,528766,11.0,16,12,528.766,,,
50n_10p_seed1,0.1,1,528955048,1,RX,528407,,16,13,528.407,1.0,11.0,1.8446744073709552e+19
50n_10p_seed1,0.1,1,529923000,27,TX,529258,27.0,16,12,529.258,,,
50n_10p_seed1,0.1,1,529964760,1,RX,529416,,16,13,529.416,1.0,27.0,158.0
50n_10p_seed1,0.1,1,530532000,3,TX,529891,3.0,17,11,529.891,,,
50n_10p_seed1,0.1,1,530614000,14,TX,529923,14.0,17,12,529.923,,,
50n_10p_seed1,0.1,1,530620016,1,RX,530072,,17,12,530.072,1.0,3.0,181.0
50n_10p_seed1,0.1,1,530641760,1,RX,530093,,17,13,530.093,1.0,14.0,170.0
50n_10p_seed1,0.1,1,531188000,12,TX,530190,12.0,17,12,530.19,,,
50n_10p_seed1,0.1,1,531207048,1,RX,530659,,17,13,530.659,1.0,12.0,469.0
50n_10p_seed1,0.1,1,531749000,41,TX,531360,41.0,17,12,531.36,,,
50n_10p_seed1,0.1,1,531815048,1,RX,531267,,17,13,531.267,1.0,41.0,1.8446744073709552e+19
50n_10p_seed1,0.1,1,532379000,23,TX,532090,23.0,16,12,532.09,,,
50n_10p_seed1,0.1,1,532401760,1,RX,531853,,16,13,531.853,1.0,23.0,1.8446744073709552e+19
50n_10p_seed1,0.1,1,534431000,6,TX,533617,6.0,16,11,533.617,,,
50n_10p_seed1,0.1,1,534482016,1,RX,533934,,16,12,533.934,1.0,6.0,317.0
50n_10p_seed1,0.1,1,536483000,46,TX,536283,46.0,18,12,536.283,,,
50n_10p_seed1,0.1,1,536491760,1,RX,535943,,18,13,535.943,1.0,46.0,1.8446744073709552e+19
50n_10p_seed1,0.1,1,536691000,45,TX,535900,45.0,17,12,535.9,,,
50n_10p_seed1,0.1,1,536734760,1,RX,536186,,17,13,536.186,1.0,45.0,286.0
50n_10p_seed1,0.1,1,537099000,47,TX,536675,47.0,17,12,536.675,,,
50n_10p_seed1,0.1,1,537105760,1,RX,536557,,17,13,536.557,1.0,47.0,1.8446744073709552e+19
50n_10p_seed1,0.1,1,537537000,19,TX,537169,19.0,17,12,537.169,,,
50n_10p_seed1,0.1,1,537589048,1,RX,537041,,17,13,537.041,1.0,19.0,1.8446744073709552e+19
50n_10p_seed1,0.1,1,538667000,33,TX,538559,33.0,20,12,538.559,,,
50n_10p_seed1,0.1,1,538723048,1,RX,538175,,20,13,538.175,1.0,33.0,1.8446744073709552e+19
50n_10p_seed1,0.1,1,538867000,4,TX,537897,4.0,17,11,537.897,,,
50n_10p_seed1,0.1,1,538884000,7,TX,538380,7.0,17,11,538.38,,,
50n_10p_seed1,0.1,1,538934016,1,RX,538386,,17,12,538.386,1.0,4.0,489.0
50n_10p_seed1,0.1,1,539001016,1,RX,538453,,17,12,538.453,1.0,7.0,73.0
50n_10p_seed1,0.1,1,540480000,49,TX,539786,49.0,18,12,539.786,,,
50n_10p_seed1,0.1,1,540551048,1,RX,540003,,18,13,540.003,1.0,49.0,217.0
50n_10p_seed1,0.1,1,540788000,38,TX,539818,38.0,17,12,539.818,,,
50n_10p_seed1,0.1,1,540823760,1,RX,540275,,17,13,540.275,1.0,38.0,457.0
50n_10p_seed1,0.1,1,540917000,20,TX,540905,20.0,17,12,540.905,,,
50n_10p_seed1,0.1,1,540935760,1,RX,540387,,17,13,540.387,1.0,20.0,1.8446744073709552e+19
50n_10p_seed1,0.1,1,541338000,21,TX,540413,21.0,18,12,540.413,,,
50n_10p_seed1,0.1,1,541367760,1,RX,540819,,18,13,540.819,1.0,21.0,406.0
50n_10p_seed1,0.1,1,542283000,40,TX,542081,40.0,19,12,542.081,,,
50n_10p_seed1,0.1,1,542327760,1,RX,541779,,19,13,541.779,1.0,40.0,1.8446744073709552e+19
50n_10p_seed1,0.1,1,542589000,24,TX,542410,24.0,16,12,542.41,,,
50n_10p_seed1,0.1,1,542613048,1,RX,542065,,16,13,542.065,1.0,24.0,1.8446744073709552e+19
50n_10p_seed1,0.1,1,544387000,34,TX,543552,34.0,16,12,543.552,,,
50n_10p_seed1,0.1,1,544427048,1,RX,543879,,16,13,543.879,1.0,34.0,327.0
50n_10p_seed1,0.1,1,544445000,5,TX,544381,5.0,18,11,544.381,,,
50n_10p_seed1,0.1,1,544473000,2,TX,543709,2.0,17,11,543.709,,,
50n_10p_seed1,0.1,1,544485016,1,RX,543937,,18,12,543.937,1.0,5.0,1.8446744073709552e+19
50n_10p_seed1,0.1,1,544550016,1,RX,544002,,17,12,544.002,1.0,2.0,293.0
50n_10p_seed1,0.1,1,545100000,31,TX,544387,31.0,17,12,544.387,,,
50n_10p_seed1,0.1,1,545133760,1,RX,544585,,17,13,544.585,1.0,31.0,198.0
50n_10p_seed1,0.1,1,545332000,25,TX,544850,25.0,17,12,544.85,,,
50n_10p_seed1,0.1,1,545400048,1,RX,544852,,17,13,544.852,1.0,25.0,2.0
50n_10p_seed1,0.1,1,545825000,36,TX,545142,36.0,18,12,545.142,,,
50n_10p_seed1,0.1,1,545831760,1,RX,545283,,18,13,545.283,1.0,36.0,141.0
50n_10p_seed1,0.1,1,546113000,13,TX,545573,13.0,17,12,545.573,,,
50n_10p_seed1,0.1,1,546149760,1,RX,545601,,17,13,545.601,1.0,13.0,28.0
50n_10p_seed1,0.1,1,547899000,16,TX,547038,16.0,17,12,547.038,,,
50n_10p_seed1,0.1,1,547943064,1,RX,547395,,17,13,547.395,1.0,16.0,357.0
50n_10p_seed1,0.1,1,548695000,44,TX,548275,44.0,19,12,548.275,,,
50n_10p_seed1,0.1,1,548717048,1,RX,548169,,19,13,548.169,1.0,44.0,1.8446744073709552e+19
50n_10p_seed1,0.1,1,548721000,28,TX,548301,28.0,17,12,548.301,,,
50n_10p_seed1,0.1,1,548731760,1,RX,548183,,17,13,548.183,1.0,28.0,1.8446744073709552e+19
50n_10p_seed1,0.1,1,549410000,35,TX,548799,35.0,17,12,548.799,,,
50n_10p_seed1,0.1,1,549487048,1,RX,548939,,17,13,548.939,1.0,35.0,140.0
50n_10p_seed1,0.1,1,550063000,30,TX,550012,30.0,17,12,550.012,,,
50n_10p_seed1,0.1,1,550074760,1,RX,549526,,17,13,549.526,1.0,30.0,1.8446744073709552e+19
50n_10p_seed1,0.1,1,550141000,27,TX,549476,27.0,17,12,549.476,,,
50n_10p_seed1,0.1,1,550174760,1,RX,549626,,17,13,549.626,1.0,27.0,150.0
50n_10p_seed1,0.1,1,551107000,22,TX,550387,22.0,18,12,550.387,,,
50n_10p_seed1,0.1,1,551122760,1,RX,550574,,18,13,550.574,1.0,22.0,187.0
50n_10p_seed1,0.1,1,551744000,9,TX,551505,9.0,18,11,551.505,,,
50n_10p_seed1,0.1,1,551824016,1,RX,551276,,18,12,551.276,1.0,9.0,1.8446744073709552e+19
50n_10p_seed1,0.1,1,552226000,10,TX,551925,10.0,19,12,551.925,,,
50n_10p_seed1,0.1,1,552267048,1,RX,551719,,19,13,551.719,1.0,10.0,1.8446744073709552e+19
50n_10p_seed1,0.1,1,552474000,23,TX,552185,23.0,17,12,552.185,,,
50n_10p_seed1,0.1,1,552512760,1,RX,551964,,17,13,551.964,1.0,23.0,1.8446744073709552e+19
50n_10p_seed1,0.1,1,552872000,32,TX,552130,32.0,19,12,552.13,,,
50n_10p_seed1,0.1,1,552906760,1,RX,552358,,19,13,552.358,1.0,32.0,228.0
50n_10p_seed1,0.1,1,553184000,3,TX,552543,3.0,18,11,552.543,,,
50n_10p_seed1,0.1,1,553214000,14,TX,552523,14.0,18,12,552.523,,,
50n_10p_seed1,0.1,1,553264760,1,RX,552716,,18,13,552.716,1.0,14.0,193.0
50n_10p_seed1,0.1,1,553267776,1,RX,552719,,18,12,552.719,1.0,3.0,176.0
50n_10p_seed1,0.1,1,553544000,42,TX,552708,42.0,18,12,552.708,,,
50n_10p_seed1,0.1,1,553565048,1,RX,553017,,18,13,553.017,1.0,42.0,309.0
50n_10p_seed1,0.1,1,553790000,8,TX,552884,8.0,18,11,552.884,,,
50n_10p_seed1,0.1,1,553831016,1,RX,553283,,18,12,553.283,1.0,8.0,399.0
50n_10p_seed1,0.1,1,554440000,17,TX,554355,17.0,19,12,554.355,,,
50n_10p_seed1,0.1,1,554465048,1,RX,553917,,19,13,553.917,1.0,17.0,1.8446744073709552e+19
50n_10p_seed1,0.1,1,554869000,50,TX,553872,50.0,16,12,553.872,,,
50n_10p_seed1,0.1,1,554962048,1,RX,554414,,16,13,554.414,1.0,50.0,542.0
50n_10p_seed1,0.1,1,556305000,29,TX,556268,29.0,19,12,556.268,,,
50n_10p_seed1,0.1,1,556321760,1,RX,555773,,19,13,555.773,1.0,29.0,1.8446744073709552e+19
50n_10p_seed1,0.1,1,556855000,48,TX,556566,48.0,19,12,556.566,,,
50n_10p_seed1,0.1,1,556918048,1,RX,556370,,19,13,556.37,1.0,48.0,1.8446744073709552e+19
50n_10p_seed1,0.1,1,557513000,39,TX,557375,39.0,17,12,557.375,,,
50n_10p_seed1,0.1,1,557531760,1,RX,556983,,17,13,556.983,1.0,39.0,1.8446744073709552e+19
50n_10p_seed1,0.1,1,558175000,37,TX,557993,37.0,17,12,557.993,,,
50n_10p_seed1,0.1,1,558181760,1,RX,557633,,17,13,557.633,1.0,37.0,1.8446744073709552e+19
50n_10p_seed1,0.1,1,558414000,26,TX,557988,26.0,17,12,557.988,,,
50n_10p_seed1,0.1,1,558448048,1,RX,557900,,17,13,557.9,1.0,26.0,1.8446744073709552e+19
50n_10p_seed1,0.1,1,558897000,18,TX,558646,18.0,18,12,558.646,,,
50n_10p_seed1,0.1,1,558944048,1,RX,558396,,18,13,558.396,1.0,18.0,1.8446744073709552e+19
50n_10p_seed1,0.1,1,559334000,15,TX,558989,15.0,19,12,558.989,,,
50n_10p_seed1,0.1,1,559344760,1,RX,558796,,19,13,558.796,1.0,15.0,1.8446744073709552e+19
50n_10p_seed1,0.1,1,560463000,41,TX,560074,41.0,18,12,560.074,,,
50n_10p_seed1,0.1,1,560496048,1,RX,559948,,18,13,559.948,1.0,41.0,1.8446744073709552e+19
50n_10p_seed1,0.1,1,560811000,11,TX,560675,11.0,17,12,560.675,,,
50n_10p_seed1,0.1,1,560859048,1,RX,560311,,17,13,560.311,1.0,11.0,1.8446744073709552e+19
50n_10p_seed1,0.1,1,561556000,33,TX,561448,33.0,21,12,561.448,,,
50n_10p_seed1,0.1,1,561600048,1,RX,561052,,21,13,561.052,1.0,33.0,1.8446744073709552e+19
50n_10p_seed1,0.1,1,561947000,20,TX,561935,20.0,18,12,561.935,,,
50n_10p_seed1,0.1,1,561952760,1,RX,561404,,18,13,561.404,1.0,20.0,1.8446744073709552e+19
50n_10p_seed1,0.1,1,562014000,47,TX,561590,47.0,18,12,561.59,,,
50n_10p_seed1,0.1,1,562026760,1,RX,561478,,18,13,561.478,1.0,47.0,1.8446744073709552e+19
50n_10p_seed1,0.1,1,564575000,21,TX,563650,21.0,19,12,563.65,,,
50n_10p_seed1,0.1,1,564614760,1,RX,564066,,19,13,564.066,1.0,21.0,416.0
50n_10p_seed1,0.1,1,565248000,12,TX,564250,12.0,18,12,564.25,,,
50n_10p_seed1,0.1,1,565300048,1,RX,564752,,18,13,564.752,1.0,12.0,502.0
50n_10p_seed1,0.1,1,565355000,4,TX,564385,4.0,18,11,564.385,,,
50n_10p_seed1,0.1,1,565399000,1,RX,564851,,18,12,564.851,1.0,4.0,466.0
50n_10p_seed1,0.1,1,565894000,34,TX,565059,34.0,17,12,565.059,,,
50n_10p_seed1,0.1,1,565966048,1,RX,565418,,17,13,565.418,1.0,34.0,359.0
50n_10p_seed1,0.1,1,567130000,43,TX,566917,43.0,18,12,566.917,,,
50n_10p_seed1,0.1,1,567191048,1,RX,566643,,18,13,566.643,1.0,43.0,1.8446744073709552e+19
50n_10p_seed1,0.1,1,567635000,40,TX,567433,40.0,20,12,567.433,,,
50n_10p_seed1,0.1,1,567668760,1,RX,567120,,20,13,567.12,1.0,40.0,1.8446744073709552e+19
50n_10p_seed1,0.1,1,569787000,6,TX,568973,6.0,17,11,568.973,,,
50n_10p_seed1,0.1,1,569808016,1,RX,569260,,17,12,569.26,1.0,6.0,287.0
50n_10p_seed1,0.1,1,569869000,7,TX,569365,7.0,18,11,569.365,,,
50n_10p_seed1,0.1,1,569934016,1,RX,569386,,18,12,569.386,1.0,7.0,21.0
50n_10p_seed1,0.1,1,570571000,44,TX,570151,44.0,20,12,570.151,,,
50n_10p_seed1,0.1,1,570598048,1,RX,570050,,20,13,570.05,1.0,44.0,1.8446744073709552e+19
50n_10p_seed1,0.1,1,570666000,16,TX,569805,16.0,18,12,569.805,,,
50n_10p_seed1,0.1,1,570727048,1,RX,570179,,18,13,570.179,1.0,16.0,374.0
50n_10p_seed1,0.1,1,571064000,36,TX,570381,36.0,19,12,570.381,,,
50n_10p_seed1,0.1,1,571085760,1,RX,570537,,19,13,570.537,1.0,36.0,156.0
50n_10p_seed1,0.1,1,571512000,45,TX,570721,45.0,18,12,570.721,,,
50n_10p_seed1,0.1,1,571557760,1,RX,571009,,18,13,571.009,1.0,45.0,288.0
50n_10p_seed1,0.1,1,572113000,27,TX,571448,27.0,18,12,571.448,,,
50n_10p_seed1,0.1,1,572135760,1,RX,571587,,18,13,571.587,1.0,27.0,139.0
50n_10p_seed1,0.1,1,572849000,19,TX,572481,19.0,18,12,572.481,,,
50n_10p_seed1,0.1,1,572905048,1,RX,572357,,18,13,572.357,1.0,19.0,1.8446744073709552e+19
50n_10p_seed1,0.1,1,573828000,23,TX,573539,23.0,18,12,573.539,,,
50n_10p_seed1,0.1,1,573831000,38,TX,572861,38.0,18,12,572.861,,,
50n_10p_seed1,0.1,1,573836760,1,RX,573288,,18,13,573.288,1.0,38.0,427.0
50n_10p_seed1,0.1,1,573861760,1,RX,573313,,18,13,573.313,1.0,23.0,1.8446744073709552e+19
50n_10p_seed1,0.1,1,574593000,14,TX,573902,14.0,19,12,573.902,,,
50n_10p_seed1,0.1,1,574600760,1,RX,574052,,19,13,574.052,1.0,14.0,150.0
50n_10p_seed1,0.1,1,575474000,46,TX,575274,46.0,19,12,575.274,,,
50n_10p_seed1,0.1,1,575492760,1,RX,574944,,19,13,574.944,1.0,46.0,1.8446744073709552e+19
50n_10p_seed1,0.1,1,575587000,9,TX,575348,9.0,19,11,575.348,,,
50n_10p_seed1,0.1,1,575651016,1,RX,575103,,19,12,575.103,1.0,9.0,1.8446744073709552e+19
50n_10p_seed1,0.1,1,575725000,2,TX,574961,2.0,18,11,574.961,,,
50n_10p_seed1,0.1,1,575829016,1,RX,575281,,18,12,575.281,1.0,2.0,320.0
50n_10p_seed1,0.1,1,576018000,25,TX,575536,25.0,18,12,575.536,,,
50n_10p_seed1,0.1,1,576067048,1,RX,575519,,18,13,575.519,1.0,25.0,1.8446744073709552e+19
50n_10p_seed1,0.1,1,576738000,24,TX,576559,24.0,17,12,576.559,,,
50n_10p_seed1,0.1,1,576799048,1,RX,576251,,17,13,576.251,1.0,24.0,1.8446744073709552e+19
50n_10p_seed1,0.1,1,576850000,42,TX,576014,42.0,19,12,576.014,,,
50n_10p_seed1,0.1,1,576894048,1,RX,576346,,19,13,576.346,1.0,42.0,332.0
50n_10p_seed1,0.1,1,577242000,49,TX,576548,49.0,19,12,576.548,,,
50n_10p_seed1,0.1,1,577280048,1,RX,576732,,19,13,576.732,1.0,49.0,184.0
50n_10p_seed1,0.1,1,577625000,8,TX,576719,8.0,19,11,576.719,,,
50n_10p_seed1,0.1,1,577695016,1,RX,577147,,19,12,577.147,1.0,8.0,428.0
50n_10p_seed1,0.1,1,577727000,32,TX,576985,32.0,20,12,576.985,,,
50n_10p_seed1,0.1,1,577745760,1,RX,577197,,20,13,577.197,1.0,32.0,212.0
50n_10p_seed1,0.1,1,578851000,26,TX,578425,26.0,18,12,578.425,,,
50n_10p_seed1,0.1,1,578913048,1,RX,578365,,18,13,578.365,1.0,26.0,1.8446744073709552e+19
50n_10p_seed1,0.1,1,579166000,50,TX,578169,50.0,17,12,578.169,,,
50n_10p_seed1,0.1,1,579220048,1,RX,578672,,17,13,578.672,1.0,50.0,503.0
50n_10p_seed1,0.1,1,580168000,22,TX,579448,22.0,19,12,579.448,,,
50n_10p_seed1,0.1,1,580210760,1,RX,579662,,19,13,579.662,1.0,22.0,214.0
50n_10p_seed1,0.1,1,580731000,17,TX,580646,17.0,20,12,580.646,,,
50n_10p_seed1,0.1,1,580810048,1,RX,580262,,20,13,580.262,1.0,17.0,1.8446744073709552e+19
50n_10p_seed1,0.1,1,580957000,30,TX,580906,30.0,18,12,580.906,,,
50n_10p_seed1,0.1,1,581001760,1,RX,580453,,18,13,580.453,1.0,30.0,1.8446744073709552e+19
50n_10p_seed1,0.1,1,581750000,33,TX,581642,33.0,22,12,581.642,,,
50n_10p_seed1,0.1,1,581795048,1,RX,581247,,22,13,581.247,1.0,33.0,1.8446744073709552e+19
50n_10p_seed1,0.1,1,581854000,35,TX,581243,35.0,18,12,581.243,,,
50n_10p_seed1,0.1,1,581880048,1,RX,581332,,18,13,581.332,1.0,35.0,89.0
50n_10p_seed1,0.1,1,582132000,11,TX,581996,11.0,18,12,581.996,,,
50n_10p_seed1,0.1,1,582188048,1,RX,581640,,18,13,581.64,1.0,11.0,1.8446744073709552e+19
50n_10p_seed1,0.1,1,582903000,31,TX,582190,31.0,18,12,582.19,,,
50n_10p_seed1,0.1,1,582920760,1,RX,582372,,18,13,582.372,1.0,31.0,182.0
50n_10p_seed1,0.1,1,583293000,5,TX,583229,5.0,19,11,583.229,,,
50n_10p_seed1,0.1,1,583306016,1,RX,582758,,19,12,582.758,1.0,5.0,1.8446744073709552e+19
50n_10p_seed1,0.1,1,583551000,37,TX,583369,37.0,18,12,583.369,,,
50n_10p_seed1,0.1,1,583578760,1,RX,583030,,18,13,583.03,1.0,37.0,1.8446744073709552e+19
50n_10p_seed1,0.1,1,584138000,20,TX,584126,20.0,19,12,584.126,,,
50n_10p_seed1,0.1,1,584152760,1,RX,583604,,19,13,583.604,1.0,20.0,1.8446744073709552e+19
50n_10p_seed1,0.1,1,584493000,13,TX,583953,13.0,18,12,583.953,,,
50n_10p_seed1,0.1,1,584507760,1,RX,583959,,18,13,583.959,1.0,13.0,6.0
50n_10p_seed1,0.1,1,584879000,21,TX,583954,21.0,20,12,583.954,,,
50n_10p_seed1,0.1,1,584916760,1,RX,584368,,20,13,584.368,1.0,21.0,414.0
50n_10p_seed1,0.1,1,585132000,10,TX,584831,10.0,20,12,584.831,,,
50n_10p_seed1,0.1,1,585171048,1,RX,584623,,20,13,584.623,1.0,10.0,1.8446744073709552e+19
50n_10p_seed1,0.1,1,585372000,29,TX,585335,29.0,20,12,585.335,,,
50n_10p_seed1,0.1,1,585403760,1,RX,584855,,20,13,584.855,1.0,29.0,1.8446744073709552e+19
50n_10p_seed1,0.1,1,585590000,28,TX,585170,28.0,18,12,585.17,,,
50n_10p_seed1,0.1,1,585616760,1,RX,585068,,18,13,585.068,1.0,28.0,1.8446744073709552e+19
50n_10p_seed1,0.1,1,586838000,4,TX,585868,4.0,19,11,585.868,,,
50n_10p_seed1,0.1,1,586892016,1,RX,586344,,19,12,586.344,1.0,4.0,476.0
50n_10p_seed1,0.1,1,588704000,39,TX,588566,39.0,18,12,588.566,,,
50n_10p_seed1,0.1,1,588746760,1,RX,588198,,18,13,588.198,1.0,39.0,1.8446744073709552e+19
50n_10p_seed1,0.1,1,589176000,41,TX,588787,41.0,19,12,588.787,,,
50n_10p_seed1,0.1,1,589209048,1,RX,588661,,19,13,588.661,1.0,41.0,1.8446744073709552e+19
50n_10p_seed1,0.1,1,590085000,3,TX,589444,3.0,19,11,589.444,,,
50n_10p_seed1,0.1,1,590155016,1,RX,589607,,19,12,589.607,1.0,3.0,163.0
50n_10p_seed1,0.1,1,590482000,12,TX,589484,12.0,19,12,589.484,,,
50n_10p_seed1,0.1,1,590553048,1,RX,590005,,19,13,590.005,1.0,12.0,521.0
50n_10p_seed1,0.1,1,592676000,47,TX,592252,47.0,19,12,592.252,,,
50n_10p_seed1,0.1,1,592718760,1,RX,592170,,19,13,592.17,1.0,47.0,1.8446744073709552e+19
50n_10p_seed1,0.1,1,593509000,48,TX,593220,48.0,20,12,593.22,,,
50n_10p_seed1,0.1,1,593574048,1,RX,593026,,20,13,593.026,1.0,48.0,1.8446744073709552e+19
50n_10p_seed1,0.1,1,594097000,40,TX,593895,40.0,21,12,593.895,,,
50n_10p_seed1,0.1,1,594119760,1,RX,593571,,21,13,593.571,1.0,40.0,1.8446744073709552e+19
50n_10p_seed1,0.1,1,595988000,46,TX,595788,46.0,20,12,595.788,,,
50n_10p_seed1,0.1,1,596006760,1,RX,595458,,20,13,595.458,1.0,46.0,1.8446744073709552e+19
50n_10p_seed1,0.1,1,596236000,25,TX,595754,25.0,19,12,595.754,,,
50n_10p_seed1,0.1,1,596273048,1,RX,595725,,19,13,595.725,1.0,25.0,1.8446744073709552e+19
50n_10p_seed1,0.1,1,596677000,7,TX,596173,7.0,19,11,596.173,,,
50n_10p_seed1,0.1,1,596773000,45,TX,595982,45.0,19,12,595.982,,,
50n_10p_seed1,0.1,1,596815760,1,RX,596267,,19,13,596.267,1.0,45.0,285.0
50n_10p_seed1,0.1,1,596827016,1,RX,596279,,19,12,596.279,1.0,7.0,106.0
50n_10p_seed1,0.1,1,596843000,18,TX,596592,18.0,19,12,596.592,,,
50n_10p_seed1,0.1,1,596897048,1,RX,596349,,19,13,596.349,1.0,18.0,1.8446744073709552e+19
50n_10p_seed1,0.1,1,598076000,43,TX,597863,43.0,19,12,597.863,,,
50n_10p_seed1,0.1,1,598150048,1,RX,597602,,19,13,597.602,1.0,43.0,1.8446744073709552e+19
50n_10p_seed1,0.1,1,598587000,8,TX,597681,8.0,20,11,597.681,,,
50n_10p_seed1,0.1,1,598616000,15,TX,598271,15.0,20,12,598.271,,,
50n_10p_seed1,0.1,1,598632016,1,RX,598084,,20,12,598.084,1.0,8.0,403.0
50n_10p_seed1,0.1,1,598661760,1,RX,598113,,20,13,598.113,1.0,15.0,1.8446744073709552e+19
50n_20p_seed1,0.2,1,20036000,20,TX,20024,20.0,0,10,20.024,,,
50n_20p_seed1,0.2,1,20075696,1,RX,19527,,0,11,19.527,1.0,20.0,1.8446744073709552e+19
50n_20p_seed1,0.2,1,20695000,28,TX,20275,28.0,0,10,20.275,,,
50n_20p_seed1,0.2,1,20763696,1,RX,20215,,0,11,20.215,1.0,28.0,1.8446744073709552e+19
50n_20p_seed1,0.2,1,21863000,16,TX,21002,16.0,0,10,21.002,,,
50n_20p_seed1,0.2,1,21924984,1,RX,21376,,0,11,21.376,1.0,16.0,374.0
50n_20p_seed1,0.2,1,23285000,46,TX,23085,46.0,0,10,23.085,,,
50n_20p_seed1,0.2,1,23315696,1,RX,22767,,0,11,22.767,1.0,46.0,1.8446744073709552e+19
50n_20p_seed1,0.2,1,24184000,44,TX,23764,44.0,0,10,23.764,,,
50n_20p_seed1,0.2,1,24215984,1,RX,23667,,0,11,23.667,1.0,44.0,1.8446744073709552e+19
50n_20p_seed1,0.2,1,24448000,40,TX,24246,40.0,0,10,24.246,,,
50n_20p_seed1,0.2,1,24463696,1,RX,23915,,0,11,23.915,1.0,40.0,1.8446744073709552e+19
50n_20p_seed1,0.2,1,24505000,26,TX,24079,26.0,0,10,24.079,,,
50n_20p_seed1,0.2,1,24591984,1,RX,24043,,0,11,24.043,1.0,26.0,1.8446744073709552e+19
50n_20p_seed1,0.2,1,24714000,38,TX,23744,38.0,0,10,23.744,,,
50n_20p_seed1,0.2,1,24738696,1,RX,24190,,0,11,24.19,1.0,38.0,446.0
50n_20p_seed1,0.2,1,25451000,30,TX,25400,30.0,0,10,25.4,,,
50n_20p_seed1,0.2,1,25459696,1,RX,24911,,0,11,24.911,1.0,30.0,1.8446744073709552e+19
50n_20p_seed1,0.2,1,25539000,34,TX,24704,34.0,0,10,24.704,,,
50n_20p_seed1,0.2,1,25573984,1,RX,25025,,0,11,25.025,1.0,34.0,321.0
50n_20p_seed1,0.2,1,27340000,41,TX,26951,41.0,0,10,26.951,,,
50n_20p_seed1,0.2,1,27417984,1,RX,26869,,0,11,26.869,1.0,41.0,1.8446744073709552e+19
50n_20p_seed1,0.2,1,28816000,36,TX,28133,36.0,0,10,28.133,,,
50n_20p_seed1,0.2,1,28828696,1,RX,28280,,0,11,28.28,1.0,36.0,147.0
50n_20p_seed1,0.2,1,29180000,10,TX,28879,10.0,0,10,28.879,,,
50n_20p_seed1,0.2,1,29182000,23,TX,28893,23.0,0,10,28.893,,,
50n_20p_seed1,0.2,1,29245984,1,RX,28697,,0,11,28.697,1.0,10.0,1.8446744073709552e+19
50n_20p_seed1,0.2,1,29278696,1,RX,28730,,0,11,28.73,1.0,23.0,1.8446744073709552e+19
50n_20p_seed1,0.2,1,29538000,9,TX,29299,9.0,0,9,29.299,,,
50n_20p_seed1,0.2,1,29571872,1,RX,29023,,0,10,29.023,1.0,9.0,1.8446744073709552e+19
50n_20p_seed1,0.2,1,30127000,37,TX,29945,37.0,0,10,29.945,,,
50n_20p_seed1,0.2,1,30151696,1,RX,29603,,0,11,29.603,1.0,37.0,1.8446744073709552e+19
50n_20p_seed1,0.2,1,30283000,22,TX,29563,22.0,0,10,29.563,,,
50n_20p_seed1,0.2,1,30300696,1,RX,29752,,0,11,29.752,1.0,22.0,189.0
50n_20p_seed1,0.2,1,30323000,48,TX,30034,48.0,0,10,30.034,,,
50n_20p_seed1,0.2,1,30381984,1,RX,29833,,0,11,29.833,1.0,48.0,1.8446744073709552e+19
50n_20p_seed1,0.2,1,31126000,12,TX,30128,12.0,0,10,30.128,,,
50n_20p_seed1,0.2,1,31162000,47,TX,30738,47.0,0,10,30.738,,,
50n_20p_seed1,0.2,1,31202696,1,RX,30654,,0,11,30.654,1.0,47.0,1.8446744073709552e+19
50n_20p_seed1,0.2,1,31214984,1,RX,30666,,0,11,30.666,1.0,12.0,538.0
50n_20p_seed1,0.2,1,31839000,31,TX,31126,31.0,0,10,31.126,,,
50n_20p_seed1,0.2,1,31880000,7,TX,31376,7.0,0,9,31.376,,,
50n_20p_seed1,0.2,1,31883696,1,RX,31335,,0,11,31.335,1.0,31.0,209.0
50n_20p_seed1,0.2,1,31944952,1,RX,31396,,0,10,31.396,1.0,7.0,20.0
50n_20p_seed1,0.2,1,32076000,32,TX,31334,32.0,0,10,31.334,,,
50n_20p_seed1,0.2,1,32107696,1,RX,31559,,0,11,31.559,1.0,32.0,225.0
50n_20p_seed1,0.2,1,32689000,5,TX,32625,5.0,0,9,32.625,,,
50n_20p_seed1,0.2,1,32747248,1,RX,32199,,0,10,32.199,1.0,5.0,1.8446744073709552e+19
50n_20p_seed1,0.2,1,33532000,18,TX,33281,18.0,0,10,33.281,,,
50n_20p_seed1,0.2,1,33608984,1,RX,33060,,0,11,33.06,1.0,18.0,1.8446744073709552e+19
50n_20p_seed1,0.2,1,33677000,35,TX,33066,35.0,0,10,33.066,,,
50n_20p_seed1,0.2,1,33722984,1,RX,33174,,0,11,33.174,1.0,35.0,108.0
50n_20p_seed1,0.2,1,34123000,42,TX,33287,42.0,0,10,33.287,,,
50n_20p_seed1,0.2,1,34143000,15,TX,33798,15.0,0,10,33.798,,,
50n_20p_seed1,0.2,1,34153696,1,RX,33605,,0,11,33.605,1.0,15.0,1.8446744073709552e+19
50n_20p_seed1,0.2,1,34179984,1,RX,33631,,0,11,33.631,1.0,42.0,344.0
50n_20p_seed1,0.2,1,34864000,19,TX,34496,19.0,0,10,34.496,,,
50n_20p_seed1,0.2,1,34905000,6,TX,34091,6.0,0,9,34.091,,,
50n_20p_seed1,0.2,1,34918984,1,RX,34370,,0,11,34.37,1.0,19.0,1.8446744073709552e+19
50n_20p_seed1,0.2,1,34936952,1,RX,34388,,0,10,34.388,1.0,6.0,297.0
50n_20p_seed1,0.2,1,35184000,14,TX,34493,14.0,0,10,34.493,,,
50n_20p_seed1,0.2,1,35198696,1,RX,34650,,0,11,34.65,1.0,14.0,157.0
50n_20p_seed1,0.2,1,35334000,11,TX,35198,11.0,0,10,35.198,,,
50n_20p_seed1,0.2,1,35413984,1,RX,34865,,0,11,34.865,1.0,11.0,1.8446744073709552e+19
50n_20p_seed1,0.2,1,35767000,8,TX,34861,8.0,0,9,34.861,,,
50n_20p_seed1,0.2,1,35837952,1,RX,35289,,0,10,35.289,1.0,8.0,428.0
50n_20p_seed1,0.2,1,36187000,43,TX,35974,43.0,0,10,35.974,,,
50n_20p_seed1,0.2,1,36240984,1,RX,35692,,0,11,35.692,1.0,43.0,1.8446744073709552e+19
50n_20p_seed1,0.2,1,37418000,13,TX,36878,13.0,0,10,36.878,,,
50n_20p_seed1,0.2,1,37426000,4,TX,36456,4.0,0,9,36.456,,,
50n_20p_seed1,0.2,1,37438696,1,RX,36890,,0,11,36.89,1.0,13.0,12.0
50n_20p_seed1,0.2,1,37490952,1,RX,36942,,0,10,36.942,1.0,4.0,486.0
50n_20p_seed1,0.2,1,38390000,39,TX,38252,39.0,0,10,38.252,,,
50n_20p_seed1,0.2,1,38407000,17,TX,38322,17.0,0,10,38.322,,,
50n_20p_seed1,0.2,1,38431696,1,RX,37883,,0,11,37.883,1.0,39.0,1.8446744073709552e+19
50n_20p_seed1,0.2,1,38455984,1,RX,37907,,0,11,37.907,1.0,17.0,1.8446744073709552e+19
50n_20p_seed1,0.2,1,38496000,50,TX,37499,50.0,0,10,37.499,,,
50n_20p_seed1,0.2,1,38571984,1,RX,38023,,0,11,38.023,1.0,50.0,524.0
50n_20p_seed1,0.2,1,38770000,21,TX,37845,21.0,0,10,37.845,,,
50n_20p_seed1,0.2,1,38780696,1,RX,38232,,0,11,38.232,1.0,21.0,387.0
50n_20p_seed1,0.2,1,39316000,27,TX,38651,27.0,0,10,38.651,,,
50n_20p_seed1,0.2,1,39328696,1,RX,38780,,0,11,38.78,1.0,27.0,129.0
50n_20p_seed1,0.2,1,39777000,29,TX,39740,29.0,0,10,39.74,,,
50n_20p_seed1,0.2,1,39797696,1,RX,39249,,0,11,39.249,1.0,29.0,1.8446744073709552e+19
50n_20p_seed1,0.2,1,39917000,45,TX,39126,45.0,0,10,39.126,,,
50n_20p_seed1,0.2,1,39958696,1,RX,39410,,0,11,39.41,1.0,45.0,284.0
50n_20p_seed1,0.2,1,43277000,28,TX,42857,28.0,1,10,42.857,,,
50n_20p_seed1,0.2,1,43294696,1,RX,42746,,1,11,42.746,1.0,28.0,1.8446744073709552e+19
50n_20p_seed1,0.2,1,43485000,46,TX,43285,46.0,1,10,43.285,,,
50n_20p_seed1,0.2,1,43498696,1,RX,42950,,1,11,42.95,1.0,46.0,1.8446744073709552e+19
50n_20p_seed1,0.2,1,43864000,25,TX,43382,25.0,0,10,43.382,,,
50n_20p_seed1,0.2,1,43903984,1,RX,43355,,0,11,43.355,1.0,25.0,1.8446744073709552e+19
50n_20p_seed1,0.2,1,45038000,40,TX,44836,40.0,1,10,44.836,,,
50n_20p_seed1,0.2,1,45056696,1,RX,44508,,1,11,44.508,1.0,40.0,1.8446744073709552e+19
50n_20p_seed1,0.2,1,46137000,30,TX,46086,30.0,1,10,46.086,,,
50n_20p_seed1,0.2,1,46175696,1,RX,45627,,1,11,45.627,1.0,30.0,1.8446744073709552e+19
50n_20p_seed1,0.2,1,47141000,16,TX,46280,16.0,1,10,46.28,,,
50n_20p_seed1,0.2,1,47211984,1,RX,46663,,1,11,46.663,1.0,16.0,383.0
50n_20p_seed1,0.2,1,47528000,38,TX,46558,38.0,1,10,46.558,,,
50n_20p_seed1,0.2,1,47545696,1,RX,46997,,1,11,46.997,1.0,38.0,439.0
50n_20p_seed1,0.2,1,49210000,41,TX,48821,41.0,1,10,48.821,,,
50n_20p_seed1,0.2,1,49271984,1,RX,48723,,1,11,48.723,1.0,41.0,1.8446744073709552e+19
50n_20p_seed1,0.2,1,49332000,26,TX,48906,26.0,1,10,48.906,,,
50n_20p_seed1,0.2,1,49411984,1,RX,48863,,1,11,48.863,1.0,26.0,1.8446744073709552e+19
50n_20p_seed1,0.2,1,50418000,2,TX,49654,2.0,0,9,49.654,,,
50n_20p_seed1,0.2,1,50499952,1,RX,49951,,0,10,49.951,1.0,2.0,297.0
50n_20p_seed1,0.2,1,52214000,31,TX,51501,31.0,1,10,51.501,,,
50n_20p_seed1,0.2,1,52240696,1,RX,51692,,1,11,51.692,1.0,31.0,191.0
50n_20p_seed1,0.2,1,53211000,24,TX,53032,24.0,0,10,53.032,,,
50n_20p_seed1,0.2,1,53246984,1,RX,52698,,0,11,52.698,1.0,24.0,1.8446744073709552e+19
50n_20p_seed1,0.2,1,53392000,3,TX,52751,3.0,0,9,52.751,,,
50n_20p_seed1,0.2,1,53395000,49,TX,52701,49.0,0,10,52.701,,,
50n_20p_seed1,0.2,1,53455984,1,RX,52907,,0,11,52.907,1.0,49.0,206.0
50n_20p_seed1,0.2,1,53478952,1,RX,52930,,0,10,52.93,1.0,3.0,179.0
50n_20p_seed1,0.2,1,53884000,36,TX,53201,36.0,1,10,53.201,,,
50n_20p_seed1,0.2,1,53905696,1,RX,53357,,1,11,53.357,1.0,36.0,156.0
50n_20p_seed1,0.2,1,54084000,32,TX,53342,32.0,1,10,53.342,,,
50n_20p_seed1,0.2,1,54090000,48,TX,53801,48.0,1,10,53.801,,,
50n_20p_seed1,0.2,1,54118696,1,RX,53570,,1,11,53.57,1.0,32.0,228.0
50n_20p_seed1,0.2,1,54223984,1,RX,53675,,1,11,53.675,1.0,48.0,1.8446744073709552e+19
50n_20p_seed1,0.2,1,54857000,20,TX,54845,20.0,1,10,54.845,,,
50n_20p_seed1,0.2,1,54896696,1,RX,54348,,1,11,54.348,1.0,20.0,1.8446744073709552e+19
50n_20p_seed1,0.2,1,54932000,9,TX,54693,9.0,1,9,54.693,,,
50n_20p_seed1,0.2,1,54995952,1,RX,54447,,1,10,54.447,1.0,9.0,1.8446744073709552e+19
50n_20p_seed1,0.2,1,55409000,23,TX,55120,23.0,1,10,55.12,,,
50n_20p_seed1,0.2,1,55429696,1,RX,54881,,1,11,54.881,1.0,23.0,1.8446744073709552e+19
50n_20p_seed1,0.2,1,56240000,33,TX,56132,33.0,0,10,56.132,,,
50n_20p_seed1,0.2,1,56278984,1,RX,55730,,0,11,55.73,1.0,33.0,1.8446744073709552e+19
50n_20p_seed1,0.2,1,56366000,34,TX,55531,34.0,1,10,55.531,,,
50n_20p_seed1,0.2,1,56413984,1,RX,55865,,1,11,55.865,1.0,34.0,334.0
50n_20p_seed1,0.2,1,56716000,6,TX,55902,6.0,1,9,55.902,,,
50n_20p_seed1,0.2,1,56779952,1,RX,56231,,1,10,56.231,1.0,6.0,329.0
50n_20p_seed1,0.2,1,57286000,5,TX,57222,5.0,1,9,57.222,,,
50n_20p_seed1,0.2,1,57334872,1,RX,56786,,1,10,56.786,1.0,5.0,1.8446744073709552e+19
50n_20p_seed1,0.2,1,57419000,43,TX,57206,43.0,1,10,57.206,,,
50n_20p_seed1,0.2,1,57472984,1,RX,56924,,1,11,56.924,1.0,43.0,1.8446744073709552e+19
50n_20p_seed1,0.2,1,57680000,7,TX,57176,7.0,1,9,57.176,,,
50n_20p_seed1,0.2,1,57736952,1,RX,57188,,1,10,57.188,1.0,7.0,12.0
50n_20p_seed1,0.2,1,58508000,47,TX,58084,47.0,1,10,58.084,,,
50n_20p_seed1,0.2,1,58550696,1,RX,58002,,1,11,58.002,1.0,47.0,1.8446744073709552e+19
50n_20p_seed1,0.2,1,58931000,11,TX,58795,11.0,1,10,58.795,,,
50n_20p_seed1,0.2,1,58967984,1,RX,58419,,1,11,58.419,1.0,11.0,1.8446744073709552e+19
50n_20p_seed1,0.2,1,59359000,19,TX,58991,19.0,1,10,58.991,,,
50n_20p_seed1,0.2,1,59425984,1,RX,58877,,1,11,58.877,1.0,19.0,1.8446744073709552e+19
50n_20p_seed1,0.2,1,59589000,44,TX,59169,44.0,1,10,59.169,,,
50n_20p_seed1,0.2,1,59645984,1,RX,59097,,1,11,59.097,1.0,44.0,1.8446744073709552e+19
50n_20p_seed1,0.2,1,60353000,17,TX,60268,17.0,1,10,60.268,,,
50n_20p_seed1,0.2,1,60387984,1,RX,59839,,1,11,59.839,1.0,17.0,1.8446744073709552e+19
50n_20p_seed1,0.2,1,60588000,45,TX,59797,45.0,1,10,59.797,,,
50n_20p_seed1,0.2,1,60608696,1,RX,60060,,1,11,60.06,1.0,45.0,263.0
50n_20p_seed1,0.2,1,60756000,18,TX,60505,18.0,1,10,60.505,,,
50n_20p_seed1,0.2,1,60804984,1,RX,60256,,1,11,60.256,1.0,18.0,1.8446744073709552e+19
50n_20p_seed1,0.2,1,61316000,42,TX,60480,42.0,1,10,60.48,,,
50n_20p_seed1,0.2,1,61364984,1,RX,60816,,1,11,60.816,1.0,42.0,336.0
50n_20p_seed1,0.2,1,62092000,10,TX,61791,10.0,1,10,61.791,,,
50n_20p_seed1,0.2,1,62145984,1,RX,61597,,1,11,61.597,1.0,10.0,1.8446744073709552e+19
50n_20p_seed1,0.2,1,62330000,27,TX,61665,27.0,1,10,61.665,,,
50n_20p_seed1,0.2,1,62335696,1,RX,61787,,1,11,61.787,1.0,27.0,122.0
50n_20p_seed1,0.2,1,62349000,37,TX,62167,37.0,1,10,62.167,,,
50n_20p_seed1,0.2,1,62362696,1,RX,61814,,1,11,61.814,1.0,37.0,1.8446744073709552e+19
50n_20p_seed1,0.2,1,62675000,15,TX,62330,15.0,1,10,62.33,,,
50n_20p_seed1,0.2,1,62709696,1,RX,62161,,1,11,62.161,1.0,15.0,1.8446744073709552e+19
50n_20p_seed1,0.2,1,63961000,46,TX,63761,46.0,2,10,63.761,,,
50n_20p_seed1,0.2,1,63977696,1,RX,63429,,2,11,63.429,1.0,46.0,1.8446744073709552e+19
50n_20p_seed1,0.2,1,65793000,8,TX,64887,8.0,1,9,64.887,,,
50n_20p_seed1,0.2,1,65851952,1,RX,65303,,1,10,65.303,1.0,8.0,416.0
50n_20p_seed1,0.2,1,67096000,14,TX,66405,14.0,1,10,66.405,,,
50n_20p_seed1,0.2,1,67116696,1,RX,66568,,1,11,66.568,1.0,14.0,163.0
50n_20p_seed1,0.2,1,67836000,12,TX,66838,12.0,1,10,66.838,,,
50n_20p_seed1,0.2,1,67850984,1,RX,67302,,1,11,67.302,1.0,12.0,464.0
50n_20p_seed1,0.2,1,67959000,35,TX,67348,35.0,1,10,67.348,,,
50n_20p_seed1,0.2,1,68023984,1,RX,67475,,1,11,67.475,1.0,35.0,127.0
50n_20p_seed1,0.2,1,69552000,22,TX,68832,22.0,1,10,68.832,,,
50n_20p_seed1,0.2,1,69586696,1,RX,69038,,1,11,69.038,1.0,22.0,206.0
50n_20p_seed1,0.2,1,69923000,13,TX,69383,13.0,1,10,69.383,,,
50n_20p_seed1,0.2,1,69939696,1,RX,69391,,1,11,69.391,1.0,13.0,8.0
50n_20p_seed1,0.2,1,70213000,25,TX,69731,25.0,1,10,69.731,,,
50n_20p_seed1,0.2,1,70264984,1,RX,69716,,1,11,69.716,1.0,25.0,1.8446744073709552e+19
50n_20p_seed1,0.2,1,70367000,28,TX,69947,28.0,2,10,69.947,,,
50n_20p_seed1,0.2,1,70373696,1,RX,69825,,2,11,69.825,1.0,28.0,1.8446744073709552e+19
50n_20p_seed1,0.2,1,71055000,39,TX,70917,39.0,1,10,70.917,,,
50n_20p_seed1,0.2,1,71072000,38,TX,70102,38.0,2,10,70.102,,,
50n_20p_seed1,0.2,1,71089000,29,TX,71052,29.0,1,10,71.052,,,
50n_20p_seed1,0.2,1,71096696,1,RX,70548,,1,11,70.548,1.0,39.0,1.8446744073709552e+19
50n_20p_seed1,0.2,1,71101696,1,RX,70553,,2,11,70.553,1.0,38.0,451.0
50n_20p_seed1,0.2,1,71120696,1,RX,70572,,1,11,70.572,1.0,29.0,1.8446744073709552e+19
50n_20p_seed1,0.2,1,71589000,2,TX,70825,2.0,1,9,70.825,,,
50n_20p_seed1,0.2,1,71692952,1,RX,71144,,1,10,71.144,1.0,2.0,319.0
50n_20p_seed1,0.2,1,72345000,4,TX,71375,4.0,1,9,71.375,,,
50n_20p_seed1,0.2,1,72387952,1,RX,71839,,1,10,71.839,1.0,4.0,464.0
50n_20p_seed1,0.2,1,72461000,40,TX,72259,40.0,2,10,72.259,,,
50n_20p_seed1,0.2,1,72505696,1,RX,71957,,2,11,71.957,1.0,40.0,1.8446744073709552e+19
50n_20p_seed1,0.2,1,73195000,16,TX,72334,16.0,2,10,72.334,,,
50n_20p_seed1,0.2,1,73241984,1,RX,72693,,2,11,72.693,1.0,16.0,359.0
50n_20p_seed1,0.2,1,73475000,50,TX,72478,50.0,1,10,72.478,,,
50n_20p_seed1,0.2,1,73577984,1,RX,73029,,1,11,73.029,1.0,50.0,551.0
50n_20p_seed1,0.2,1,74159000,21,TX,73234,21.0,1,10,73.234,,,
50n_20p_seed1,0.2,1,74192696,1,RX,73644,,1,11,73.644,1.0,21.0,410.0
50n_20p_seed1,0.2,1,74431000,31,TX,73718,31.0,2,10,73.718,,,
50n_20p_seed1,0.2,1,74474696,1,RX,73926,,2,11,73.926,1.0,31.0,208.0
50n_20p_seed1,0.2,1,75169000,49,TX,74475,49.0,1,10,74.475,,,
50n_20p_seed1,0.2,1,75208984,1,RX,74660,,1,11,74.66,1.0,49.0,185.0
50n_20p_seed1,0.2,1,78092000,20,TX,78080,20.0,2,10,78.08,,,
50n_20p_seed1,0.2,1,78110696,1,RX,77562,,2,11,77.562,1.0,20.0,1.8446744073709552e+19
50n_20p_seed1,0.2,1,79205000,43,TX,78992,43.0,2,10,78.992,,,
50n_20p_seed1,0.2,1,79212000,11,TX,79076,11.0,2,10,79.076,,,
50n_20p_seed1,0.2,1,79263984,1,RX,78715,,2,11,78.715,1.0,43.0,1.8446744073709552e+19
50n_20p_seed1,0.2,1,79284984,1,RX,78736,,2,11,78.736,1.0,11.0,1.8446744073709552e+19
50n_20p_seed1,0.2,1,79450000,33,TX,79342,33.0,1,10,79.342,,,
50n_20p_seed1,0.2,1,79498984,1,RX,78950,,1,11,78.95,1.0,33.0,1.8446744073709552e+19
50n_20p_seed1,0.2,1,81275000,48,TX,80986,48.0,2,10,80.986,,,
50n_20p_seed1,0.2,1,81307984,1,RX,80759,,2,11,80.759,1.0,48.0,1.8446744073709552e+19
50n_20p_seed1,0.2,1,81719000,17,TX,81634,17.0,2,10,81.634,,,
50n_20p_seed1,0.2,1,81765984,1,RX,81217,,2,11,81.217,1.0,17.0,1.8446744073709552e+19
50n_20p_seed1,0.2,1,81840000,32,TX,81098,32.0,2,10,81.098,,,
50n_20p_seed1,0.2,1,81863696,1,RX,81315,,2,11,81.315,1.0,32.0,217.0
50n_20p_seed1,0.2,1,82516000,24,TX,82337,24.0,1,10,82.337,,,
50n_20p_seed1,0.2,1,82540984,1,RX,81992,,1,11,81.992,1.0,24.0,1.8446744073709552e+19
50n_20p_seed1,0.2,1,82565000,23,TX,82276,23.0,2,10,82.276,,,
50n_20p_seed1,0.2,1,82594696,1,RX,82046,,2,11,82.046,1.0,23.0,1.8446744073709552e+19
50n_20p_seed1,0.2,1,83520000,37,TX,83338,37.0,2,10,83.338,,,
50n_20p_seed1,0.2,1,83529696,1,RX,82981,,2,11,82.981,1.0,37.0,1.8446744073709552e+19
50n_20p_seed1,0.2,1,83691000,41,TX,83302,41.0,2,10,83.302,,,
50n_20p_seed1,0.2,1,83755984,1,RX,83207,,2,11,83.207,1.0,41.0,1.8446744073709552e+19
50n_20p_seed1,0.2,1,84109000,30,TX,84058,30.0,2,10,84.058,,,
50n_20p_seed1,0.2,1,84153696,1,RX,83605,,2,11,83.605,1.0,30.0,1.8446744073709552e+19
50n_20p_seed1,0.2,1,86743000,26,TX,86317,26.0,2,10,86.317,,,
50n_20p_seed1,0.2,1,86793984,1,RX,86245,,2,11,86.245,1.0,26.0,1.8446744073709552e+19
50n_20p_seed1,0.2,1,86874000,7,TX,86370,7.0,2,9,86.37,,,
50n_20p_seed1,0.2,1,86968952,1,RX,86420,,2,10,86.42,1.0,7.0,50.0
50n_20p_seed1,0.2,1,87697000,5,TX,87633,5.0,2,9,87.633,,,
50n_20p_seed1,0.2,1,87770952,1,RX,87222,,2,10,87.222,1.0,5.0,1.8446744073709552e+19
50n_20p_seed1,0.2,1,87923000,8,TX,87017,8.0,2,9,87.017,,,
50n_20p_seed1,0.2,1,87975952,1,RX,87427,,2,10,87.427,1.0,8.0,410.0
50n_20p_seed1,0.2,1,88168000,6,TX,87354,6.0,2,9,87.354,,,
50n_20p_seed1,0.2,1,88223952,1,RX,87675,,2,10,87.675,1.0,6.0,321.0
50n_20p_seed1,0.2,1,88984000,46,TX,88784,46.0,3,10,88.784,,,
50n_20p_seed1,0.2,1,89006696,1,RX,88458,,3,11,88.458,1.0,46.0,1.8446744073709552e+19
50n_20p_seed1,0.2,1,90503000,36,TX,89820,36.0,2,10,89.82,,,
50n_20p_seed1,0.2,1,90534696,1,RX,89986,,2,11,89.986,1.0,36.0,166.0
50n_20p_seed1,0.2,1,90546000,3,TX,89905,3.0,1,9,89.905,,,
50n_20p_seed1,0.2,1,90635952,1,RX,90087,,1,10,90.087,1.0,3.0,182.0
50n_20p_seed1,0.2,1,90776000,28,TX,90356,28.0,3,10,90.356,,,
50n_20p_seed1,0.2,1,90809696,1,RX,90261,,3,11,90.261,1.0,28.0,1.8446744073709552e+19
50n_20p_seed1,0.2,1,92013000,15,TX,91668,15.0,2,10,91.668,,,
50n_20p_seed1,0.2,1,92024696,1,RX,91476,,2,11,91.476,1.0,15.0,1.8446744073709552e+19
50n_20p_seed1,0.2,1,93243000,22,TX,92523,22.0,2,10,92.523,,,
50n_20p_seed1,0.2,1,93274696,1,RX,92726,,2,11,92.726,1.0,22.0,203.0
50n_20p_seed1,0.2,1,93539000,10,TX,93238,10.0,2,10,93.238,,,
50n_20p_seed1,0.2,1,93543000,9,TX,93304,9.0,2,9,93.304,,,
50n_20p_seed1,0.2,1,93572952,1,RX,93024,,2,10,93.024,1.0,9.0,1.8446744073709552e+19
50n_20p_seed1,0.2,1,93580984,1,RX,93032,,2,11,93.032,1.0,10.0,1.8446744073709552e+19
50n_20p_seed1,0.2,1,94161000,35,TX,93550,35.0,2,10,93.55,,,
50n_20p_seed1,0.2,1,94205984,1,RX,93657,,2,11,93.657,1.0,35.0,107.0
50n_20p_seed1,0.2,1,95027000,39,TX,94889,39.0,2,10,94.889,,,
50n_20p_seed1,0.2,1,95072696,1,RX,94524,,2,11,94.524,1.0,39.0,1.8446744073709552e+19
50n_20p_seed1,0.2,1,95273000,45,TX,94482,45.0,2,10,94.482,,,
50n_20p_seed1,0.2,1,95314696,1,RX,94766,,2,11,94.766,1.0,45.0,284.0
50n_20p_seed1,0.2,1,95761000,29,TX,95724,29.0,2,10,95.724,,,
50n_20p_seed1,0.2,1,95768696,1,RX,95220,,2,11,95.22,1.0,29.0,1.8446744073709552e+19
50n_20p_seed1,0.2,1,95865000,34,TX,95030,34.0,2,10,95.03,,,
50n_20p_seed1,0.2,1,95942984,1,RX,95394,,2,11,95.394,1.0,34.0,364.0
50n_20p_seed1,0.2,1,95984000,44,TX,95564,44.0,2,10,95.564,,,
50n_20p_seed1,0.2,1,96046984,1,RX,95498,,2,11,95.498,1.0,44.0,1.8446744073709552e+19
50n_20p_seed1,0.2,1,97173000,18,TX,96922,18.0,2,10,96.922,,,
50n_20p_seed1,0.2,1,97231984,1,RX,96683,,2,11,96.683,1.0,18.0,1.8446744073709552e+19
50n_20p_seed1,0.2,1,97541000,21,TX,96616,21.0,2,10,96.616,,,
50n_20p_seed1,0.2,1,97571696,1,RX,97023,,2,11,97.023,1.0,21.0,407.0
50n_20p_seed1,0.2,1,97746000,19,TX,97378,19.0,2,10,97.378,,,
50n_20p_seed1,0.2,1,97825984,1,RX,97277,,2,11,97.277,1.0,19.0,1.8446744073709552e+19
50n_20p_seed1,0.2,1,97960000,47,TX,97536,47.0,2,10,97.536,,,
50n_20p_seed1,0.2,1,97972696,1,RX,97424,,2,11,97.424,1.0,47.0,1.8446744073709552e+19
50n_20p_seed1,0.2,1,99228000,16,TX,98367,16.0,3,10,98.367,,,
50n_20p_seed1,0.2,1,99273984,1,RX,98725,,3,11,98.725,1.0,16.0,358.0
50n_20p_seed1,0.2,1,99367000,12,TX,98369,12.0,2,10,98.369,,,
50n_20p_seed1,0.2,1,99418984,1,RX,98870,,2,11,98.87,1.0,12.0,501.0
50n_20p_seed1,0.2,1,100088000,27,TX,99423,27.0,2,10,99.423,,,
50n_20p_seed1,0.2,1,100094696,1,RX,99546,,2,11,99.546,1.0,27.0,123.0
50n_20p_seed1,0.2,1,100879000,43,TX,100666,43.0,3,11,100.666,,,
50n_20p_seed1,0.2,1,100943016,1,RX,100395,,3,12,100.395,1.0,43.0,1.8446744073709552e+19
50n_20p_seed1,0.2,1,101162000,42,TX,100326,42.0,2,11,100.326,,,
50n_20p_seed1,0.2,1,101217016,1,RX,100669,,2,12,100.669,1.0,42.0,343.0
50n_20p_seed1,0.2,1,102218000,32,TX,101476,32.0,3,11,101.476,,,
50n_20p_seed1,0.2,1,102231728,1,RX,101683,,3,12,101.683,1.0,32.0,207.0
50n_20p_seed1,0.2,1,102321000,17,TX,102236,17.0,3,11,102.236,,,
50n_20p_seed1,0.2,1,102371016,1,RX,101823,,3,12,101.823,1.0,17.0,1.8446744073709552e+19
50n_20p_seed1,0.2,1,102790000,38,TX,101820,38.0,3,11,101.82,,,
50n_20p_seed1,0.2,1,102813728,1,RX,102265,,3,12,102.265,1.0,38.0,445.0
50n_20p_seed1,0.2,1,103041000,11,TX,102905,11.0,3,11,102.905,,,
50n_20p_seed1,0.2,1,103076016,1,RX,102528,,3,12,102.528,1.0,11.0,1.8446744073709552e+19
50n_20p_seed1,0.2,1,104609000,14,TX,103918,14.0,2,11,103.918,,,
50n_20p_seed1,0.2,1,104621000,25,TX,104139,25.0,2,11,104.139,,,
50n_20p_seed1,0.2,1,104630728,1,RX,104082,,2,12,104.082,1.0,14.0,164.0
50n_20p_seed1,0.2,1,104668016,1,RX,104120,,2,12,104.12,1.0,25.0,1.8446744073709552e+19
50n_20p_seed1,0.2,1,105286000,31,TX,104573,31.0,3,11,104.573,,,
50n_20p_seed1,0.2,1,105311728,1,RX,104763,,3,12,104.763,1.0,31.0,190.0
50n_20p_seed1,0.2,1,105816000,50,TX,104819,50.0,2,11,104.819,,,
50n_20p_seed1,0.2,1,105856016,1,RX,105308,,2,12,105.308,1.0,50.0,489.0
50n_20p_seed1,0.2,1,106195000,13,TX,105655,13.0,2,11,105.655,,,
50n_20p_seed1,0.2,1,106221728,1,RX,105673,,2,12,105.673,1.0,13.0,18.0
50n_20p_seed1,0.2,1,106600000,40,TX,106398,40.0,3,11,106.398,,,
50n_20p_seed1,0.2,1,106633728,1,RX,106085,,3,12,106.085,1.0,40.0,1.8446744073709552e+19
50n_20p_seed1,0.2,1,107475000,49,TX,106781,49.0,2,11,106.781,,,
50n_20p_seed1,0.2,1,107520016,1,RX,106972,,2,12,106.972,1.0,49.0,191.0
50n_20p_seed1,0.2,1,108685000,37,TX,108503,37.0,3,11,108.503,,,
50n_20p_seed1,0.2,1,108706728,1,RX,108158,,3,12,108.158,1.0,37.0,1.8446744073709552e+19
50n_20p_seed1,0.2,1,108954000,2,TX,108190,2.0,2,10,108.19,,,
50n_20p_seed1,0.2,1,109039984,1,RX,108491,,2,11,108.491,1.0,2.0,301.0
50n_20p_seed1,0.2,1,109479000,4,TX,108509,4.0,2,10,108.509,,,
50n_20p_seed1,0.2,1,109525984,1,RX,108977,,2,11,108.977,1.0,4.0,468.0
50n_20p_seed1,0.2,1,109677000,33,TX,109569,33.0,2,11,109.569,,,
50n_20p_seed1,0.2,1,109710016,1,RX,109162,,2,12,109.162,1.0,33.0,1.8446744073709552e+19
50n_20p_seed1,0.2,1,110132000,8,TX,109226,8.0,3,10,109.226,,,
50n_20p_seed1,0.2,1,110171984,1,RX,109623,,3,11,109.623,1.0,8.0,397.0
50n_20p_seed1,0.2,1,112196000,46,TX,111996,46.0,4,11,111.996,,,
50n_20p_seed1,0.2,1,112240728,1,RX,111692,,4,12,111.692,1.0,46.0,1.8446744073709552e+19
50n_20p_seed1,0.2,1,112332000,23,TX,112043,23.0,3,11,112.043,,,
50n_20p_seed1,0.2,1,112346728,1,RX,111798,,3,12,111.798,1.0,23.0,1.8446744073709552e+19
50n_20p_seed1,0.2,1,112618000,15,TX,112273,15.0,3,11,112.273,,,
50n_20p_seed1,0.2,1,112657728,1,RX,112109,,3,12,112.109,1.0,15.0,1.8446744073709552e+19
50n_20p_seed1,0.2,1,113475000,36,TX,112792,36.0,3,11,112.792,,,
50n_20p_seed1,0.2,1,113489000,24,TX,113310,24.0,2,11,113.31,,,
50n_20p_seed1,0.2,1,113521016,1,RX,112973,,2,12,112.973,1.0,24.0,1.8446744073709552e+19
50n_20p_seed1,0.2,1,113543728,1,RX,112995,,3,12,112.995,1.0,36.0,203.0
50n_20p_seed1,0.2,1,114221000,41,TX,113832,41.0,3,11,113.832,,,
50n_20p_seed1,0.2,1,114263016,1,RX,113715,,3,12,113.715,1.0,41.0,1.8446744073709552e+19
50n_20p_seed1,0.2,1,114340000,22,TX,113620,22.0,3,11,113.62,,,
50n_20p_seed1,0.2,1,114363728,1,RX,113815,,3,12,113.815,1.0,22.0,195.0
50n_20p_seed1,0.2,1,114599000,3,TX,113958,3.0,2,10,113.958,,,
50n_20p_seed1,0.2,1,114658984,1,RX,114110,,2,11,114.11,1.0,3.0,152.0
50n_20p_seed1,0.2,1,114979000,20,TX,114967,20.0,3,11,114.967,,,
50n_20p_seed1,0.2,1,115005728,1,RX,114457,,3,12,114.457,1.0,20.0,1.8446744073709552e+19
50n_20p_seed1,0.2,1,115056000,48,TX,114767,48.0,3,11,114.767,,,
50n_20p_seed1,0.2,1,115138016,1,RX,114590,,3,12,114.59,1.0,48.0,1.8446744073709552e+19
50n_20p_seed1,0.2,1,116743000,5,TX,116679,5.0,3,10,116.679,,,
50n_20p_seed1,0.2,1,116769936,1,RX,116221,,3,11,116.221,1.0,5.0,1.8446744073709552e+19
50n_20p_seed1,0.2,1,117439000,9,TX,117200,9.0,3,10,117.2,,,
50n_20p_seed1,0.2,1,117481984,1,RX,116933,,3,11,116.933,1.0,9.0,1.8446744073709552e+19
50n_20p_seed1,0.2,1,117583000,29,TX,117546,29.0,3,11,117.546,,,
50n_20p_seed1,0.2,1,117604728,1,RX,117056,,3,12,117.056,1.0,29.0,1.8446744073709552e+19
50n_20p_seed1,0.2,1,120394000,26,TX,119968,26.0,3,11,119.968,,,
50n_20p_seed1,0.2,1,120466016,1,RX,119918,,3,12,119.918,1.0,26.0,1.8446744073709552e+19
50n_20p_seed1,0.2,1,120720000,28,TX,120300,28.0,4,11,120.3,,,
50n_20p_seed1,0.2,1,120754000,44,TX,120334,44.0,3,11,120.334,,,
50n_20p_seed1,0.2,1,120760728,1,RX,120212,,4,12,120.212,1.0,28.0,1.8446744073709552e+19
50n_20p_seed1,0.2,1,120769000,45,TX,119978,45.0,3,11,119.978,,,
50n_20p_seed1,0.2,1,120809016,1,RX,120261,,3,12,120.261,1.0,44.0,1.8446744073709552e+19
50n_20p_seed1,0.2,1,120811744,1,RX,120263,,3,12,120.263,1.0,45.0,285.0
50n_20p_seed1,0.2,1,122538000,7,TX,122034,7.0,3,10,122.034,,,
50n_20p_seed1,0.2,1,122597984,1,RX,122049,,3,11,122.049,1.0,7.0,15.0
50n_20p_seed1,0.2,1,122900000,34,TX,122065,34.0,3,11,122.065,,,
50n_20p_seed1,0.2,1,122944016,1,RX,122396,,3,12,122.396,1.0,34.0,331.0
50n_20p_seed1,0.2,1,123269000,30,TX,123218,30.0,3,11,123.218,,,
50n_20p_seed1,0.2,1,123283728,1,RX,122735,,3,12,122.735,1.0,30.0,1.8446744073709552e+19
50n_20p_seed1,0.2,1,123287000,12,TX,122289,12.0,3,11,122.289,,,
50n_20p_seed1,0.2,1,123328016,1,RX,122780,,3,12,122.78,1.0,12.0,491.0
50n_20p_seed1,0.2,1,125761000,32,TX,125019,32.0,4,11,125.019,,,
50n_20p_seed1,0.2,1,125793728,1,RX,125245,,4,12,125.245,1.0,32.0,226.0
50n_20p_seed1,0.2,1,125938000,14,TX,125247,14.0,3,11,125.247,,,
50n_20p_seed1,0.2,1,125966728,1,RX,125418,,3,12,125.418,1.0,14.0,171.0
50n_20p_seed1,0.2,1,126083000,6,TX,125269,6.0,3,10,125.269,,,
50n_20p_seed1,0.2,1,126122984,1,RX,125574,,3,11,125.574,1.0,6.0,305.0
50n_20p_seed1,0.2,1,127198000,35,TX,126587,35.0,3,11,126.587,,,
50n_20p_seed1,0.2,1,127223016,1,RX,126675,,3,12,126.675,1.0,35.0,88.0
50n_20p_seed1,0.2,1,127307000,47,TX,126883,47.0,3,11,126.883,,,
50n_20p_seed1,0.2,1,127333000,27,TX,126668,27.0,3,11,126.668,,,
50n_20p_seed1,0.2,1,127340728,1,RX,126792,,3,12,126.792,1.0,47.0,1.8446744073709552e+19
50n_20p_seed1,0.2,1,127364728,1,RX,126816,,3,12,126.816,1.0,27.0,148.0
50n_20p_seed1,0.2,1,127616000,19,TX,127248,19.0,3,11,127.248,,,
50n_20p_seed1,0.2,1,127639000,1,RX,127091,,3,12,127.091,1.0,19.0,1.8446744073709552e+19
50n_20p_seed1,0.2,1,128822000,25,TX,128340,25.0,3,11,128.34,,,
50n_20p_seed1,0.2,1,128867016,1,RX,128319,,3,12,128.319,1.0,25.0,1.8446744073709552e+19
50n_20p_seed1,0.2,1,130159000,18,TX,129908,18.0,3,11,129.908,,,
50n_20p_seed1,0.2,1,130212016,1,RX,129664,,3,12,129.664,1.0,18.0,1.8446744073709552e+19
50n_20p_seed1,0.2,1,131507000,10,TX,131206,10.0,3,11,131.206,,,
50n_20p_seed1,0.2,1,131571016,1,RX,131023,,3,12,131.023,1.0,10.0,1.8446744073709552e+19
50n_20p_seed1,0.2,1,132128000,40,TX,131926,40.0,4,11,131.926,,,
50n_20p_seed1,0.2,1,132173728,1,RX,131625,,4,12,131.625,1.0,40.0,1.8446744073709552e+19
50n_20p_seed1,0.2,1,132537000,39,TX,132399,39.0,3,11,132.399,,,
50n_20p_seed1,0.2,1,132556728,1,RX,132008,,3,12,132.008,1.0,39.0,1.8446744073709552e+19
50n_20p_seed1,0.2,1,132654000,43,TX,132441,43.0,4,11,132.441,,,
50n_20p_seed1,0.2,1,132710016,1,RX,132162,,4,12,132.162,1.0,43.0,1.8446744073709552e+19
50n_20p_seed1,0.2,1,134550000,22,TX,133830,22.0,4,11,133.83,,,
50n_20p_seed1,0.2,1,134572728,1,RX,134024,,4,12,134.024,1.0,22.0,194.0
50n_20p_seed1,0.2,1,135324000,21,TX,134399,21.0,3,11,134.399,,,
50n_20p_seed1,0.2,1,135363728,1,RX,134815,,3,12,134.815,1.0,21.0,416.0
50n_20p_seed1,0.2,1,136088000,20,TX,136076,20.0,4,11,136.076,,,
50n_20p_seed1,0.2,1,136097728,1,RX,135549,,4,12,135.549,1.0,20.0,1.8446744073709552e+19
50n_20p_seed1,0.2,1,137015000,42,TX,136179,42.0,3,11,136.179,,,
50n_20p_seed1,0.2,1,137016000,33,TX,136908,33.0,3,11,136.908,,,
50n_20p_seed1,0.2,1,137036016,1,RX,136488,,3,12,136.488,1.0,42.0,309.0
50n_20p_seed1,0.2,1,137099016,1,RX,136551,,3,12,136.551,1.0,33.0,1.8446744073709552e+19
50n_20p_seed1,0.2,1,137147000,8,TX,136241,8.0,4,10,136.241,,,
50n_20p_seed1,0.2,1,137219984,1,RX,136671,,4,11,136.671,1.0,8.0,430.0
50n_20p_seed1,0.2,1,137366000,11,TX,137230,11.0,4,11,137.23,,,
50n_20p_seed1,0.2,1,137457016,1,RX,136909,,4,12,136.909,1.0,11.0,1.8446744073709552e+19
50n_20p_seed1,0.2,1,138740000,41,TX,138351,41.0,4,11,138.351,,,
50n_20p_seed1,0.2,1,138789016,1,RX,138241,,4,12,138.241,1.0,41.0,1.8446744073709552e+19
50n_20p_seed1,0.2,1,139036000,16,TX,138175,16.0,4,11,138.175,,,
50n_20p_seed1,0.2,1,139094016,1,RX,138546,,4,12,138.546,1.0,16.0,371.0
50n_20p_seed1,0.2,1,139595000,38,TX,138625,38.0,4,11,138.625,,,
50n_20p_seed1,0.2,1,139606728,1,RX,139058,,4,12,139.058,1.0,38.0,433.0
50n_20p_seed1,0.2,1,140930000,17,TX,140845,17.0,4,11,140.845,,,
50n_20p_seed1,0.2,1,140945000,1,RX,140397,,4,12,140.397,1.0,17.0,1.8446744073709552e+19
50n_20p_seed1,0.2,1,141218000,31,TX,140505,31.0,4,11,140.505,,,
50n_20p_seed1,0.2,1,141232728,1,RX,140684,,4,12,140.684,1.0,31.0,179.0
50n_20p_seed1,0.2,1,141894000,37,TX,141712,37.0,4,11,141.712,,,
50n_20p_seed1,0.2,1,141935728,1,RX,141387,,4,12,141.387,1.0,37.0,1.8446744073709552e+19
50n_20p_seed1,0.2,1,141991000,50,TX,140994,50.0,3,11,140.994,,,
50n_20p_seed1,0.2,1,142078016,1,RX,141530,,3,12,141.53,1.0,50.0,536.0
50n_20p_seed1,0.2,1,142264000,15,TX,141919,15.0,4,11,141.919,,,
50n_20p_seed1,0.2,1,142289728,1,RX,141741,,4,12,141.741,1.0,15.0,1.8446744073709552e+19
50n_20p_seed1,0.2,1,142529000,5,TX,142465,5.0,4,10,142.465,,,
50n_20p_seed1,0.2,1,142591984,1,RX,142043,,4,11,142.043,1.0,5.0,1.8446744073709552e+19
50n_20p_seed1,0.2,1,143467000,49,TX,142773,49.0,3,11,142.773,,,
50n_20p_seed1,0.2,1,143515016,1,RX,142967,,3,12,142.967,1.0,49.0,194.0
50n_20p_seed1,0.2,1,143909000,13,TX,143369,13.0,3,11,143.369,,,
50n_20p_seed1,0.2,1,143945728,1,RX,143397,,3,12,143.397,1.0,13.0,28.0
50n_20p_seed1,0.2,1,144145000,28,TX,143725,28.0,5,11,143.725,,,
50n_20p_seed1,0.2,1,144162728,1,RX,143614,,5,12,143.614,1.0,28.0,1.8446744073709552e+19
50n_20p_seed1,0.2,1,144170000,34,TX,143335,34.0,4,11,143.335,,,
50n_20p_seed1,0.2,1,144207016,1,RX,143659,,4,12,143.659,1.0,34.0,324.0
50n_20p_seed1,0.2,1,144814000,46,TX,144614,46.0,5,11,144.614,,,
50n_20p_seed1,0.2,1,144856728,1,RX,144308,,5,12,144.308,1.0,46.0,1.8446744073709552e+19
50n_20p_seed1,0.2,1,145108000,2,TX,144344,2.0,3,10,144.344,,,
50n_20p_seed1,0.2,1,145161984,1,RX,144613,,3,11,144.613,1.0,2.0,269.0
50n_20p_seed1,0.2,1,145479000,3,TX,144838,3.0,3,10,144.838,,,
50n_20p_seed1,0.2,1,145542984,1,RX,144994,,3,11,144.994,1.0,3.0,156.0
50n_20p_seed1,0.2,1,145718000,24,TX,145539,24.0,3,11,145.539,,,
50n_20p_seed1,0.2,1,145779016,1,RX,145231,,3,12,145.231,1.0,24.0,1.8446744073709552e+19
50n_20p_seed1,0.2,1,146157000,26,TX,145731,26.0,4,11,145.731,,,
50n_20p_seed1,0.2,1,146199016,1,RX,145651,,4,12,145.651,1.0,26.0,1.8446744073709552e+19
50n_20p_seed1,0.2,1,146930000,6,TX,146116,6.0,4,10,146.116,,,
50n_20p_seed1,0.2,1,146961984,1,RX,146413,,4,11,146.413,1.0,6.0,297.0
50n_20p_seed1,0.2,1,147085000,44,TX,146665,44.0,4,11,146.665,,,
50n_20p_seed1,0.2,1,147143016,1,RX,146595,,4,12,146.595,1.0,44.0,1.8446744073709552e+19
50n_20p_seed1,0.2,1,147691000,23,TX,147402,23.0,4,11,147.402,,,
50n_20p_seed1,0.2,1,147732728,1,RX,147184,,4,12,147.184,1.0,23.0,1.8446744073709552e+19
50n_20p_seed1,0.2,1,147861000,30,TX,147810,30.0,4,11,147.81,,,
50n_20p_seed1,0.2,1,147866728,1,RX,147318,,4,12,147.318,1.0,30.0,1.8446744073709552e+19
50n_20p_seed1,0.2,1,148036000,36,TX,147353,36.0,4,11,147.353,,,
50n_20p_seed1,0.2,1,148059728,1,RX,147511,,4,12,147.511,1.0,36.0,158.0
50n_20p_seed1,0.2,1,148180000,4,TX,147210,4.0,3,10,147.21,,,
50n_20p_seed1,0.2,1,148214984,1,RX,147666,,3,11,147.666,1.0,4.0,456.0
50n_20p_seed1,0.2,1,148988000,27,TX,148323,27.0,4,11,148.323,,,
50n_20p_seed1,0.2,1,149068728,1,RX,148520,,4,12,148.52,1.0,27.0,197.0
50n_20p_seed1,0.2,1,149198000,29,TX,149161,29.0,4,11,149.161,,,
50n_20p_seed1,0.2,1,149227728,1,RX,148679,,4,12,148.679,1.0,29.0,1.8446744073709552e+19
50n_20p_seed1,0.2,1,149938000,25,TX,149456,25.0,4,11,149.456,,,
50n_20p_seed1,0.2,1,150018016,1,RX,149470,,4,12,149.47,1.0,25.0,14.0
50n_20p_seed1,0.2,1,150988000,9,TX,150749,9.0,4,10,150.749,,,
50n_20p_seed1,0.2,1,151118984,1,RX,150570,,4,11,150.57,1.0,9.0,1.8446744073709552e+19
50n_20p_seed1,0.2,1,152990000,7,TX,152486,7.0,4,10,152.486,,,
50n_20p_seed1,0.2,1,153035984,1,RX,152487,,4,11,152.487,1.0,7.0,1.0
50n_20p_seed1,0.2,1,154884000,48,TX,154595,48.0,4,11,154.595,,,
50n_20p_seed1,0.2,1,154951016,1,RX,154403,,4,12,154.403,1.0,48.0,1.8446744073709552e+19
50n_20p_seed1,0.2,1,155204000,40,TX,155002,40.0,5,11,155.002,,,
50n_20p_seed1,0.2,1,155211728,1,RX,154663,,5,12,154.663,1.0,40.0,1.8446744073709552e+19
50n_20p_seed1,0.2,1,156100000,39,TX,155962,39.0,4,11,155.962,,,
50n_20p_seed1,0.2,1,156107000,14,TX,155416,14.0,4,11,155.416,,,
50n_20p_seed1,0.2,1,156108728,1,RX,155560,,4,12,155.56,1.0,39.0,1.8446744073709552e+19
50n_20p_seed1,0.2,1,156126728,1,RX,155578,,4,12,155.578,1.0,14.0,162.0
50n_20p_seed1,0.2,1,156588000,22,TX,155868,22.0,5,11,155.868,,,
50n_20p_seed1,0.2,1,156611728,1,RX,156063,,5,12,156.063,1.0,22.0,195.0
50n_20p_seed1,0.2,1,157469000,43,TX,157256,43.0,5,11,157.256,,,
50n_20p_seed1,0.2,1,157470000,21,TX,156545,21.0,4,11,156.545,,,
50n_20p_seed1,0.2,1,157484016,1,RX,156936,,5,12,156.936,1.0,43.0,1.8446744073709552e+19
50n_20p_seed1,0.2,1,157498728,1,RX,156950,,4,12,156.95,1.0,21.0,405.0
50n_20p_seed1,0.2,1,158209000,8,TX,157303,8.0,5,10,157.303,,,
50n_20p_seed1,0.2,1,158214000,45,TX,157423,45.0,4,11,157.423,,,
50n_20p_seed1,0.2,1,158231728,1,RX,157683,,4,12,157.683,1.0,45.0,260.0
50n_20p_seed1,0.2,1,158239000,42,TX,157403,42.0,4,11,157.403,,,
50n_20p_seed1,0.2,1,158250984,1,RX,157702,,5,11,157.702,1.0,8.0,399.0
50n_20p_seed1,0.2,1,158312016,1,RX,157764,,4,12,157.764,1.0,42.0,361.0
50n_20p_seed1,0.2,1,158499000,35,TX,157888,35.0,4,11,157.888,,,
50n_20p_seed1,0.2,1,158520000,19,TX,158152,19.0,4,11,158.152,,,
50n_20p_seed1,0.2,1,158563016,1,RX,158015,,4,12,158.015,1.0,35.0,127.0
50n_20p_seed1,0.2,1,158606016,1,RX,158058,,4,12,158.058,1.0,19.0,1.8446744073709552e+19
50n_20p_seed1,0.2,1,159238000,10,TX,158937,10.0,4,11,158.937,,,
50n_20p_seed1,0.2,1,159292016,1,RX,158744,,4,12,158.744,1.0,10.0,1.8446744073709552e+19
50n_20p_seed1,0.2,1,159308000,41,TX,158919,41.0,5,11,158.919,,,
50n_20p_seed1,0.2,1,159371016,1,RX,158823,,5,12,158.823,1.0,41.0,1.8446744073709552e+19
50n_20p_seed1,0.2,1,159845000,20,TX,159833,20.0,5,11,159.833,,,
50n_20p_seed1,0.2,1,159855728,1,RX,159307,,5,12,159.307,1.0,20.0,1.8446744073709552e+19
50n_20p_seed1,0.2,1,161281000,18,TX,161030,18.0,4,11,161.03,,,
50n_20p_seed1,0.2,1,161325016,1,RX,160777,,4,12,160.777,1.0,18.0,1.8446744073709552e+19
50n_20p_seed1,0.2,1,162470000,12,TX,161472,12.0,4,11,161.472,,,
50n_20p_seed1,0.2,1,162483016,1,RX,161935,,4,12,161.935,1.0,12.0,463.0
50n_20p_seed1,0.2,1,162670000,32,TX,161928,32.0,5,11,161.928,,,
50n_20p_seed1,0.2,1,162681728,1,RX,162133,,5,12,162.133,1.0,32.0,205.0
50n_20p_seed1,0.2,1,162836000,16,TX,161975,16.0,5,11,161.975,,,
50n_20p_seed1,0.2,1,162853016,1,RX,162305,,5,12,162.305,1.0,16.0,330.0
50n_20p_seed1,0.2,1,163254000,50,TX,162257,50.0,4,11,162.257,,,
50n_20p_seed1,0.2,1,163339016,1,RX,162791,,4,12,162.791,1.0,50.0,534.0
50n_20p_seed1,0.2,1,165090000,47,TX,164666,47.0,4,11,164.666,,,
50n_20p_seed1,0.2,1,165124728,1,RX,164576,,4,12,164.576,1.0,47.0,1.8446744073709552e+19
50n_20p_seed1,0.2,1,165477000,34,TX,164642,34.0,5,11,164.642,,,
50n_20p_seed1,0.2,1,165556016,1,RX,165008,,5,12,165.008,1.0,34.0,366.0
50n_20p_seed1,0.2,1,167306000,6,TX,166492,6.0,5,10,166.492,,,
50n_20p_seed1,0.2,1,167366984,1,RX,166818,,5,11,166.818,1.0,6.0,326.0
50n_20p_seed1,0.2,1,167588000,33,TX,167480,33.0,4,11,167.48,,,
50n_20p_seed1,0.2,1,167662016,1,RX,167114,,4,12,167.114,1.0,33.0,1.8446744073709552e+19
50n_20p_seed1,0.2,1,167817000,37,TX,167635,37.0,5,11,167.635,,,
50n_20p_seed1,0.2,1,167856728,1,RX,167308,,5,12,167.308,1.0,37.0,1.8446744073709552e+19
50n_20p_seed1,0.2,1,168848000,3,TX,168207,3.0,4,10,168.207,,,
50n_20p_seed1,0.2,1,168930984,1,RX,168382,,4,11,168.382,1.0,3.0,175.0
50n_20p_seed1,0.2,1,169223000,17,TX,169138,17.0,5,11,169.138,,,
50n_20p_seed1,0.2,1,169269016,1,RX,168721,,5,12,168.721,1.0,17.0,1.8446744073709552e+19
50n_20p_seed1,0.2,1,170078000,25,TX,169596,25.0,5,11,169.596,,,
50n_20p_seed1,0.2,1,170135016,1,RX,169587,,5,12,169.587,1.0,25.0,1.8446744073709552e+19
50n_20p_seed1,0.2,1,170949000,2,TX,170185,2.0,4,10,170.185,,,
50n_20p_seed1,0.2,1,171033984,1,RX,170485,,4,11,170.485,1.0,2.0,300.0
50n_20p_seed1,0.2,1,171505000,30,TX,171454,30.0,5,11,171.454,,,
50n_20p_seed1,0.2,1,171528728,1,RX,170980,,5,12,170.98,1.0,30.0,1.8446744073709552e+19
50n_20p_seed1,0.2,1,171638000,28,TX,171218,28.0,6,11,171.218,,,
50n_20p_seed1,0.2,1,171674728,1,RX,171126,,6,12,171.126,1.0,28.0,1.8446744073709552e+19
50n_20p_seed1,0.2,1,171925000,23,TX,171636,23.0,5,11,171.636,,,
50n_20p_seed1,0.2,1,171970728,1,RX,171422,,5,12,171.422,1.0,23.0,1.8446744073709552e+19
50n_20p_seed1,0.2,1,172411000,4,TX,171441,4.0,4,10,171.441,,,
50n_20p_seed1,0.2,1,172450984,1,RX,171902,,4,11,171.902,1.0,4.0,461.0
50n_20p_seed1,0.2,1,173690000,36,TX,173007,36.0,5,11,173.007,,,
50n_20p_seed1,0.2,1,173710728,1,RX,173162,,5,12,173.162,1.0,36.0,155.0
50n_20p_seed1,0.2,1,174247000,46,TX,174047,46.0,6,11,174.047,,,
50n_20p_seed1,0.2,1,174252728,1,RX,173704,,6,12,173.704,1.0,46.0,1.8446744073709552e+19
50n_20p_seed1,0.2,1,175138000,38,TX,174168,38.0,5,11,174.168,,,
50n_20p_seed1,0.2,1,175153728,1,RX,174605,,5,12,174.605,1.0,38.0,437.0
50n_20p_seed1,0.2,1,175788000,7,TX,175284,7.0,5,10,175.284,,,
50n_20p_seed1,0.2,1,175854984,1,RX,175306,,5,11,175.306,1.0,7.0,22.0
50n_20p_seed1,0.2,1,176201000,31,TX,175488,31.0,5,11,175.488,,,
50n_20p_seed1,0.2,1,176240728,1,RX,175692,,5,12,175.692,1.0,31.0,204.0
50n_20p_seed1,0.2,1,177145000,11,TX,177009,11.0,5,11,177.009,,,
50n_20p_seed1,0.2,1,177209016,1,RX,176661,,5,12,176.661,1.0,11.0,1.8446744073709552e+19
50n_20p_seed1,0.2,1,178386000,42,TX,177550,42.0,5,11,177.55,,,
50n_20p_seed1,0.2,1,178448016,1,RX,177900,,5,12,177.9,1.0,42.0,350.0
50n_20p_seed1,0.2,1,179601000,5,TX,179537,5.0,5,10,179.537,,,
50n_20p_seed1,0.2,1,179656984,1,RX,179108,,5,11,179.108,1.0,5.0,1.8446744073709552e+19
50n_20p_seed1,0.2,1,179978000,19,TX,179610,19.0,5,11,179.61,,,
50n_20p_seed1,0.2,1,180025016,1,RX,179477,,5,12,179.477,1.0,19.0,1.8446744073709552e+19
50n_20p_seed1,0.2,1,180313000,48,TX,180024,48.0,5,11,180.024,,,
50n_20p_seed1,0.2,1,180320000,45,TX,179529,45.0,5,11,179.529,,,
50n_20p_seed1,0.2,1,180328000,27,TX,179663,27.0,5,11,179.663,,,
50n_20p_seed1,0.2,1,180329016,1,RX,179781,,5,12,179.781,1.0,48.0,1.8446744073709552e+19
50n_20p_seed1,0.2,1,180338728,1,RX,179790,,5,12,179.79,1.0,45.0,261.0
50n_20p_seed1,0.2,1,180350728,1,RX,179802,,5,12,179.802,1.0,27.0,139.0
50n_20p_seed1,0.2,1,181006000,44,TX,180586,44.0,5,11,180.586,,,
50n_20p_seed1,0.2,1,181054016,1,RX,180506,,5,12,180.506,1.0,44.0,1.8446744073709552e+19
50n_20p_seed1,0.2,1,181057000,8,TX,180151,8.0,6,10,180.151,,,
50n_20p_seed1,0.2,1,181092984,1,RX,180544,,6,11,180.544,1.0,8.0,393.0
50n_20p_seed1,0.2,1,181395000,26,TX,180969,26.0,5,11,180.969,,,
50n_20p_seed1,0.2,1,181437016,1,RX,180889,,5,12,180.889,1.0,26.0,1.8446744073709552e+19
50n_20p_seed1,0.2,1,181496000,49,TX,180802,49.0,4,11,180.802,,,
50n_20p_seed1,0.2,1,181537000,22,TX,180817,22.0,6,11,180.817,,,
50n_20p_seed1,0.2,1,181544016,1,RX,180996,,4,12,180.996,1.0,49.0,194.0
50n_20p_seed1,0.2,1,181560000,21,TX,180635,21.0,5,11,180.635,,,
50n_20p_seed1,0.2,1,181561728,1,RX,181013,,6,12,181.013,1.0,22.0,196.0
50n_20p_seed1,0.2,1,181576728,1,RX,181028,,5,12,181.028,1.0,21.0,393.0
50n_20p_seed1,0.2,1,181686000,39,TX,181548,39.0,5,11,181.548,,,
50n_20p_seed1,0.2,1,181728728,1,RX,181180,,5,12,181.18,1.0,39.0,1.8446744073709552e+19
50n_20p_seed1,0.2,1,181766000,14,TX,181075,14.0,5,11,181.075,,,
50n_20p_seed1,0.2,1,181811728,1,RX,181263,,5,12,181.263,1.0,14.0,188.0
50n_20p_seed1,0.2,1,181963000,15,TX,181618,15.0,5,11,181.618,,,
50n_20p_seed1,0.2,1,182001728,1,RX,181453,,5,12,181.453,1.0,15.0,1.8446744073709552e+19
50n_20p_seed1,0.2,1,183259000,13,TX,182719,13.0,4,11,182.719,,,
50n_20p_seed1,0.2,1,183287728,1,RX,182739,,4,12,182.739,1.0,13.0,20.0
50n_20p_seed1,0.2,1,183541000,32,TX,182799,32.0,6,11,182.799,,,
50n_20p_seed1,0.2,1,183556728,1,RX,183008,,6,12,183.008,1.0,32.0,209.0
50n_20p_seed1,0.2,1,183778000,12,TX,182780,12.0,5,11,182.78,,,
50n_20p_seed1,0.2,1,183833016,1,RX,183285,,5,12,183.285,1.0,12.0,505.0
50n_20p_seed1,0.2,1,183890000,35,TX,183279,35.0,5,11,183.279,,,
50n_20p_seed1,0.2,1,183966016,1,RX,183418,,5,12,183.418,1.0,35.0,139.0
50n_20p_seed1,0.2,1,184345000,24,TX,184166,24.0,4,11,184.166,,,
50n_20p_seed1,0.2,1,184400016,1,RX,183852,,4,12,183.852,1.0,24.0,1.8446744073709552e+19
50n_20p_seed1,0.2,1,184672000,40,TX,184470,40.0,6,11,184.47,,,
50n_20p_seed1,0.2,1,184714728,1,RX,184166,,6,12,184.166,1.0,40.0,1.8446744073709552e+19
50n_20p_seed1,0.2,1,185042000,9,TX,184803,9.0,5,10,184.803,,,
50n_20p_seed1,0.2,1,185088984,1,RX,184540,,5,11,184.54,1.0,9.0,1.8446744073709552e+19
50n_20p_seed1,0.2,1,185908000,16,TX,185047,16.0,6,11,185.047,,,
50n_20p_seed1,0.2,1,185938016,1,RX,185390,,6,12,185.39,1.0,16.0,343.0
50n_20p_seed1,0.2,1,186720000,29,TX,186683,29.0,5,11,186.683,,,
50n_20p_seed1,0.2,1,186760728,1,RX,186212,,5,12,186.212,1.0,29.0,1.8446744073709552e+19
50n_20p_seed1,0.2,1,187028000,18,TX,186777,18.0,5,11,186.777,,,
50n_20p_seed1,0.2,1,187076016,1,RX,186528,,5,12,186.528,1.0,18.0,1.8446744073709552e+19
50n_20p_seed1,0.2,1,191429000,43,TX,191216,43.0,6,11,191.216,,,
50n_20p_seed1,0.2,1,191483016,1,RX,190935,,6,12,190.935,1.0,43.0,1.8446744073709552e+19
50n_20p_seed1,0.2,1,191667000,28,TX,191247,28.0,7,11,191.247,,,
50n_20p_seed1,0.2,1,191709728,1,RX,191161,,7,12,191.161,1.0,28.0,1.8446744073709552e+19
50n_20p_seed1,0.2,1,193899000,41,TX,193510,41.0,6,11,193.51,,,
50n_20p_seed1,0.2,1,193951016,1,RX,193403,,6,12,193.403,1.0,41.0,1.8446744073709552e+19
50n_20p_seed1,0.2,1,194343000,17,TX,194258,17.0,6,11,194.258,,,
50n_20p_seed1,0.2,1,194382016,1,RX,193834,,6,12,193.834,1.0,17.0,1.8446744073709552e+19
50n_20p_seed1,0.2,1,194637000,2,TX,193873,2.0,5,10,193.873,,,
50n_20p_seed1,0.2,1,194718984,1,RX,194170,,5,11,194.17,1.0,2.0,297.0
50n_20p_seed1,0.2,1,194903000,10,TX,194602,10.0,5,11,194.602,,,
50n_20p_seed1,0.2,1,194940016,1,RX,194392,,5,12,194.392,1.0,10.0,1.8446744073709552e+19
50n_20p_seed1,0.2,1,196704000,46,TX,196504,46.0,7,11,196.504,,,
50n_20p_seed1,0.2,1,196739728,1,RX,196191,,7,12,196.191,1.0,46.0,1.8446744073709552e+19
50n_20p_seed1,0.2,1,197948000,23,TX,197659,23.0,6,11,197.659,,,
50n_20p_seed1,0.2,1,197962728,1,RX,197414,,6,12,197.414,1.0,23.0,1.8446744073709552e+19
50n_20p_seed1,0.2,1,198216000,33,TX,198108,33.0,5,11,198.108,,,
50n_20p_seed1,0.2,1,198271016,1,RX,197723,,5,12,197.723,1.0,33.0,1.8446744073709552e+19
50n_20p_seed1,0.2,1,198850000,25,TX,198368,25.0,6,11,198.368,,,
50n_20p_seed1,0.2,1,198871000,1,RX,198323,,6,12,198.323,1.0,25.0,1.8446744073709552e+19
50n_20p_seed1,0.2,1,198954000,20,TX,198942,20.0,6,11,198.942,,,
50n_20p_seed1,0.2,1,198983728,1,RX,198435,,6,12,198.435,1.0,20.0,1.8446744073709552e+19
50n_20p_seed1,0.2,1,199164000,47,TX,198740,47.0,5,11,198.74,,,
50n_20p_seed1,0.2,1,199195000,36,TX,198512,36.0,6,11,198.512,,,
50n_20p_seed1,0.2,1,199198728,1,RX,198650,,5,12,198.65,1.0,47.0,1.8446744073709552e+19
50n_20p_seed1,0.2,1,199238728,1,RX,198690,,6,12,198.69,1.0,36.0,178.0
50n_20p_seed1,0.2,1,199796000,5,TX,199732,5.0,6,10,199.732,,,
50n_20p_seed1,0.2,1,199825984,1,RX,199277,,6,11,199.277,1.0,5.0,1.8446744073709552e+19
50n_20p_seed1,0.2,1,200998000,45,TX,200207,45.0,6,11,200.207,,,
50n_20p_seed1,0.2,1,200999000,50,TX,200002,50.0,5,11,200.002,,,
50n_20p_seed1,0.2,1,201013728,1,RX,200465,,6,12,200.465,1.0,45.0,258.0
50n_20p_seed1,0.2,1,201061016,1,RX,200513,,5,12,200.513,1.0,50.0,511.0
50n_20p_seed1,0.2,1,201176000,6,TX,200362,6.0,6,10,200.362,,,
50n_20p_seed1,0.2,1,201204936,1,RX,200656,,6,11,200.656,1.0,6.0,294.0
50n_20p_seed1,0.2,1,201387000,3,TX,200746,3.0,5,10,200.746,,,
50n_20p_seed1,0.2,1,201426984,1,RX,200878,,5,11,200.878,1.0,3.0,132.0
50n_20p_seed1,0.2,1,201492000,34,TX,200657,34.0,6,11,200.657,,,
50n_20p_seed1,0.2,1,201571016,1,RX,201023,,6,12,201.023,1.0,34.0,366.0
50n_20p_seed1,0.2,1,202035000,15,TX,201690,15.0,6,11,201.69,,,
50n_20p_seed1,0.2,1,202060728,1,RX,201512,,6,12,201.512,1.0,15.0,1.8446744073709552e+19
50n_20p_seed1,0.2,1,202571000,48,TX,202282,48.0,6,11,202.282,,,
50n_20p_seed1,0.2,1,202648016,1,RX,202100,,6,12,202.1,1.0,48.0,1.8446744073709552e+19
50n_20p_seed1,0.2,1,204601000,4,TX,203631,4.0,5,10,203.631,,,
50n_20p_seed1,0.2,1,204629000,44,TX,204209,44.0,6,11,204.209,,,
50n_20p_seed1,0.2,1,204630984,1,RX,204082,,5,11,204.082,1.0,4.0,451.0
50n_20p_seed1,0.2,1,204667016,1,RX,204119,,6,12,204.119,1.0,44.0,1.8446744073709552e+19
50n_20p_seed1,0.2,1,206131000,31,TX,205418,31.0,6,11,205.418,,,
50n_20p_seed1,0.2,1,206170728,1,RX,205622,,6,12,205.622,1.0,31.0,204.0
50n_20p_seed1,0.2,1,206342000,13,TX,205802,13.0,5,11,205.802,,,
50n_20p_seed1,0.2,1,206370728,1,RX,205822,,5,12,205.822,1.0,13.0,20.0
50n_20p_seed1,0.2,1,207289000,39,TX,207151,39.0,6,11,207.151,,,
50n_20p_seed1,0.2,1,207294728,1,RX,206746,,6,12,206.746,1.0,39.0,1.8446744073709552e+19
50n_20p_seed1,0.2,1,207551000,30,TX,207500,30.0,6,11,207.5,,,
50n_20p_seed1,0.2,1,207584728,1,RX,207036,,6,12,207.036,1.0,30.0,1.8446744073709552e+19
50n_20p_seed1,0.2,1,207745000,37,TX,207563,37.0,6,11,207.563,,,
50n_20p_seed1,0.2,1,207750728,1,RX,207202,,6,12,207.202,1.0,37.0,1.8446744073709552e+19
50n_20p_seed1,0.2,1,209244000,49,TX,208550,49.0,5,11,208.55,,,
50n_20p_seed1,0.2,1,209283016,1,RX,208735,,5,12,208.735,1.0,49.0,185.0
50n_20p_seed1,0.2,1,209968000,29,TX,209931,29.0,6,11,209.931,,,
50n_20p_seed1,0.2,1,209983728,1,RX,209435,,6,12,209.435,1.0,29.0,1.8446744073709552e+19
50n_20p_seed1,0.2,1,211235000,14,TX,210544,14.0,6,11,210.544,,,
50n_20p_seed1,0.2,1,211242728,1,RX,210694,,6,12,210.694,1.0,14.0,150.0
50n_20p_seed1,0.2,1,211351000,40,TX,211149,40.0,7,11,211.149,,,
50n_20p_seed1,0.2,1,211365000,26,TX,210939,26.0,6,11,210.939,,,
50n_20p_seed1,0.2,1,211387728,1,RX,210839,,7,12,210.839,1.0,40.0,1.8446744073709552e+19
50n_20p_seed1,0.2,1,211449016,1,RX,210901,,6,12,210.901,1.0,26.0,1.8446744073709552e+19
50n_20p_seed1,0.2,1,211732000,42,TX,210896,42.0,6,11,210.896,,,
50n_20p_seed1,0.2,1,211759000,38,TX,210789,38.0,6,11,210.789,,,
50n_20p_seed1,0.2,1,211792016,1,RX,211244,,6,12,211.244,1.0,42.0,348.0
50n_20p_seed1,0.2,1,211794744,1,RX,211246,,6,12,211.246,1.0,38.0,457.0
50n_20p_seed1,0.2,1,211949000,28,TX,211529,28.0,8,11,211.529,,,
50n_20p_seed1,0.2,1,211973728,1,RX,211425,,8,12,211.425,1.0,28.0,1.8446744073709552e+19
50n_20p_seed1,0.2,1,212090000,16,TX,211229,16.0,7,11,211.229,,,
50n_20p_seed1,0.2,1,212145016,1,RX,211597,,7,12,211.597,1.0,16.0,368.0
50n_20p_seed1,0.2,1,212414000,24,TX,212235,24.0,5,11,212.235,,,
50n_20p_seed1,0.2,1,212469016,1,RX,211921,,5,12,211.921,1.0,24.0,1.8446744073709552e+19
50n_20p_seed1,0.2,1,212521000,22,TX,211801,22.0,7,11,211.801,,,
50n_20p_seed1,0.2,1,212562728,1,RX,212014,,7,12,212.014,1.0,22.0,213.0
50n_20p_seed1,0.2,1,212821000,7,TX,212317,7.0,6,10,212.317,,,
50n_20p_seed1,0.2,1,212865984,1,RX,212317,,6,11,212.317,1.0,7.0,0.0
50n_20p_seed1,0.2,1,212887000,18,TX,212636,18.0,6,11,212.636,,,
50n_20p_seed1,0.2,1,212943016,1,RX,212395,,6,12,212.395,1.0,18.0,1.8446744073709552e+19
50n_20p_seed1,0.2,1,213621000,8,TX,212715,8.0,7,10,212.715,,,
50n_20p_seed1,0.2,1,213678984,1,RX,213130,,7,11,213.13,1.0,8.0,415.0
50n_20p_seed1,0.2,1,214854000,2,TX,214090,2.0,6,10,214.09,,,
50n_20p_seed1,0.2,1,214906984,1,RX,214358,,6,11,214.358,1.0,2.0,268.0
50n_20p_seed1,0.2,1,215608000,12,TX,214610,12.0,6,11,214.61,,,
50n_20p_seed1,0.2,1,215642016,1,RX,215094,,6,12,215.094,1.0,12.0,484.0
50n_20p_seed1,0.2,1,215811000,32,TX,215069,32.0,7,11,215.069,,,
50n_20p_seed1,0.2,1,215816728,1,RX,215268,,7,12,215.268,1.0,32.0,199.0
50n_20p_seed1,0.2,1,216055000,43,TX,215842,43.0,7,11,215.842,,,
50n_20p_seed1,0.2,1,216109016,1,RX,215561,,7,12,215.561,1.0,43.0,1.8446744073709552e+19
50n_20p_seed1,0.2,1,216352000,9,TX,216113,9.0,6,10,216.113,,,
50n_20p_seed1,0.2,1,216392984,1,RX,215844,,6,11,215.844,1.0,9.0,1.8446744073709552e+19
50n_20p_seed1,0.2,1,216894000,11,TX,216758,11.0,6,11,216.758,,,
50n_20p_seed1,0.2,1,216970016,1,RX,216422,,6,12,216.422,1.0,11.0,1.8446744073709552e+19
50n_20p_seed1,0.2,1,217068000,21,TX,216143,21.0,6,11,216.143,,,
50n_20p_seed1,0.2,1,217098728,1,RX,216550,,6,12,216.55,1.0,21.0,407.0
50n_20p_seed1,0.2,1,218606000,19,TX,218238,19.0,6,11,218.238,,,
50n_20p_seed1,0.2,1,218645016,1,RX,218097,,6,12,218.097,1.0,19.0,1.8446744073709552e+19
50n_20p_seed1,0.2,1,218898000,41,TX,218509,41.0,7,11,218.509,,,
50n_20p_seed1,0.2,1,218922016,1,RX,218374,,7,12,218.374,1.0,41.0,1.8446744073709552e+19
50n_20p_seed1,0.2,1,218991000,10,TX,218690,10.0,6,11,218.69,,,
50n_20p_seed1,0.2,1,219032016,1,RX,218484,,6,12,218.484,1.0,10.0,1.8446744073709552e+19
50n_20p_seed1,0.2,1,219570000,33,TX,219462,33.0,6,11,219.462,,,
50n_20p_seed1,0.2,1,219624016,1,RX,219076,,6,12,219.076,1.0,33.0,1.8446744073709552e+19
50n_20p_seed1,0.2,1,220064000,27,TX,219399,27.0,6,11,219.399,,,
50n_20p_seed1,0.2,1,220075728,1,RX,219527,,6,12,219.527,1.0,27.0,128.0
50n_20p_seed1,0.2,1,221341000,36,TX,220658,36.0,7,11,220.658,,,
50n_20p_seed1,0.2,1,221359728,1,RX,220811,,7,12,220.811,1.0,36.0,153.0
50n_20p_seed1,0.2,1,221526000,20,TX,221514,20.0,7,11,221.514,,,
50n_20p_seed1,0.2,1,221570728,1,RX,221022,,7,12,221.022,1.0,20.0,1.8446744073709552e+19
50n_20p_seed1,0.2,1,222547000,35,TX,221936,35.0,6,11,221.936,,,
50n_20p_seed1,0.2,1,222637016,1,RX,222089,,6,12,222.089,1.0,35.0,153.0
50n_20p_seed1,0.2,1,223286000,17,TX,223201,17.0,7,11,223.201,,,
50n_20p_seed1,0.2,1,223319040,1,RX,222771,,7,12,222.771,1.0,17.0,1.8446744073709552e+19
50n_20p_seed1,0.2,1,225975000,6,TX,225161,6.0,7,10,225.161,,,
50n_20p_seed1,0.2,1,226043024,1,RX,225495,,7,11,225.495,1.0,6.0,334.0
50n_20p_seed1,0.2,1,226305000,47,TX,225881,47.0,6,11,225.881,,,
50n_20p_seed1,0.2,1,226343728,1,RX,225795,,6,12,225.795,1.0,47.0,1.8446744073709552e+19
50n_20p_seed1,0.2,1,226655000,31,TX,225942,31.0,7,11,225.942,,,
50n_20p_seed1,0.2,1,226687728,1,RX,226139,,7,12,226.139,1.0,31.0,197.0
50n_20p_seed1,0.2,1,226924000,15,TX,226579,15.0,7,11,226.579,,,
50n_20p_seed1,0.2,1,226939728,1,RX,226391,,7,12,226.391,1.0,15.0,1.8446744073709552e+19
50n_20p_seed1,0.2,1,227640000,23,TX,227351,23.0,7,11,227.351,,,
50n_20p_seed1,0.2,1,227667728,1,RX,227119,,7,12,227.119,1.0,23.0,1.8446744073709552e+19
50n_20p_seed1,0.2,1,228770000,3,TX,228129,3.0,6,10,228.129,,,
50n_20p_seed1,0.2,1,228813984,1,RX,228265,,6,11,228.265,1.0,3.0,136.0
50n_20p_seed1,0.2,1,228995000,34,TX,228160,34.0,7,11,228.16,,,
50n_20p_seed1,0.2,1,229075016,1,RX,228527,,7,12,228.527,1.0,34.0,367.0
50n_20p_seed1,0.2,1,229437000,50,TX,228440,50.0,6,11,228.44,,,
50n_20p_seed1,0.2,1,229492016,1,RX,228944,,6,12,228.944,1.0,50.0,504.0
50n_20p_seed1,0.2,1,229589000,30,TX,229538,30.0,7,11,229.538,,,
50n_20p_seed1,0.2,1,229609728,1,RX,229061,,7,12,229.061,1.0,30.0,1.8446744073709552e+19
50n_20p_seed1,0.2,1,230489000,46,TX,230289,46.0,8,11,230.289,,,
50n_20p_seed1,0.2,1,230498728,1,RX,229950,,8,12,229.95,1.0,46.0,1.8446744073709552e+19
50n_20p_seed1,0.2,1,231090000,44,TX,230670,44.0,7,11,230.67,,,
50n_20p_seed1,0.2,1,231106016,1,RX,230558,,7,12,230.558,1.0,44.0,1.8446744073709552e+19
50n_20p_seed1,0.2,1,231985000,25,TX,231503,25.0,7,11,231.503,,,
50n_20p_seed1,0.2,1,232037016,1,RX,231489,,7,12,231.489,1.0,25.0,1.8446744073709552e+19
50n_20p_seed1,0.2,1,232353000,26,TX,231927,26.0,7,11,231.927,,,
50n_20p_seed1,0.2,1,232409016,1,RX,231861,,7,12,231.861,1.0,26.0,1.8446744073709552e+19
50n_20p_seed1,0.2,1,232795000,5,TX,232731,5.0,7,10,232.731,,,
50n_20p_seed1,0.2,1,232827984,1,RX,232279,,7,11,232.279,1.0,5.0,1.8446744073709552e+19
50n_20p_seed1,0.2,1,233545000,24,TX,233366,24.0,6,11,233.366,,,
50n_20p_seed1,0.2,1,233597016,1,RX,233049,,6,12,233.049,1.0,24.0,1.8446744073709552e+19
50n_20p_seed1,0.2,1,234080000,22,TX,233360,22.0,8,11,233.36,,,
50n_20p_seed1,0.2,1,234096728,1,RX,233548,,8,12,233.548,1.0,22.0,188.0
50n_20p_seed1,0.2,1,234141000,28,TX,233721,28.0,9,11,233.721,,,
50n_20p_seed1,0.2,1,234186728,1,RX,233638,,9,12,233.638,1.0,28.0,1.8446744073709552e+19
50n_20p_seed1,0.2,1,235385000,18,TX,235134,18.0,7,11,235.134,,,
50n_20p_seed1,0.2,1,235441016,1,RX,234893,,7,12,234.893,1.0,18.0,1.8446744073709552e+19
50n_20p_seed1,0.2,1,235535000,29,TX,235498,29.0,7,11,235.498,,,
50n_20p_seed1,0.2,1,235541728,1,RX,234993,,7,12,234.993,1.0,29.0,1.8446744073709552e+19
50n_20p_seed1,0.2,1,236314000,43,TX,236101,43.0,8,11,236.101,,,
50n_20p_seed1,0.2,1,236379000,45,TX,235588,45.0,7,11,235.588,,,
50n_20p_seed1,0.2,1,236386016,1,RX,235838,,8,12,235.838,1.0,43.0,1.8446744073709552e+19
50n_20p_seed1,0.2,1,236399728,1,RX,235851,,7,12,235.851,1.0,45.0,263.0
50n_20p_seed1,0.2,1,237394000,14,TX,236703,14.0,7,11,236.703,,,
50n_20p_seed1,0.2,1,237408728,1,RX,236860,,7,12,236.86,1.0,14.0,157.0
50n_20p_seed1,0.2,1,238107000,49,TX,237413,49.0,6,11,237.413,,,
50n_20p_seed1,0.2,1,238165016,1,RX,237617,,6,12,237.617,1.0,49.0,204.0
50n_20p_seed1,0.2,1,238179000,12,TX,237181,12.0,7,11,237.181,,,
50n_20p_seed1,0.2,1,238234016,1,RX,237686,,7,12,237.686,1.0,12.0,505.0
50n_20p_seed1,0.2,1,239075000,10,TX,238774,10.0,7,11,238.774,,,
50n_20p_seed1,0.2,1,239098016,1,RX,238550,,7,12,238.55,1.0,10.0,1.8446744073709552e+19
50n_20p_seed1,0.2,1,240327000,37,TX,240145,37.0,7,11,240.145,,,
50n_20p_seed1,0.2,1,240333728,1,RX,239785,,7,12,239.785,1.0,37.0,1.8446744073709552e+19
50n_20p_seed1,0.2,1,240691000,4,TX,239721,4.0,6,10,239.721,,,
50n_20p_seed1,0.2,1,240763984,1,RX,240215,,6,11,240.215,1.0,4.0,494.0
50n_20p_seed1,0.2,1,240935000,48,TX,240646,48.0,7,11,240.646,,,
50n_20p_seed1,0.2,1,240974016,1,RX,240426,,7,12,240.426,1.0,48.0,1.8446744073709552e+19
50n_20p_seed1,0.2,1,241057000,27,TX,240392,27.0,7,11,240.392,,,
50n_20p_seed1,0.2,1,241101728,1,RX,240553,,7,12,240.553,1.0,27.0,161.0
50n_20p_seed1,0.2,1,241327000,13,TX,240787,13.0,6,11,240.787,,,
50n_20p_seed1,0.2,1,241342728,1,RX,240794,,6,12,240.794,1.0,13.0,7.0
50n_20p_seed1,0.2,1,241880000,19,TX,241512,19.0,7,11,241.512,,,
50n_20p_seed1,0.2,1,241932016,1,RX,241384,,7,12,241.384,1.0,19.0,1.8446744073709552e+19
50n_20p_seed1,0.2,1,241998000,9,TX,241759,9.0,7,10,241.759,,,
50n_20p_seed1,0.2,1,242032984,1,RX,241484,,7,11,241.484,1.0,9.0,1.8446744073709552e+19
50n_20p_seed1,0.2,1,243058000,33,TX,242950,33.0,7,11,242.95,,,
50n_20p_seed1,0.2,1,243108016,1,RX,242560,,7,12,242.56,1.0,33.0,1.8446744073709552e+19
50n_20p_seed1,0.2,1,243565000,41,TX,243176,41.0,8,11,243.176,,,
50n_20p_seed1,0.2,1,243641016,1,RX,243093,,8,12,243.093,1.0,41.0,1.8446744073709552e+19
50n_20p_seed1,0.2,1,243899000,35,TX,243288,35.0,7,11,243.288,,,
50n_20p_seed1,0.2,1,243945016,1,RX,243397,,7,12,243.397,1.0,35.0,109.0
50n_20p_seed1,0.2,1,244240000,8,TX,243334,8.0,8,10,243.334,,,
50n_20p_seed1,0.2,1,244316984,1,RX,243768,,8,11,243.768,1.0,8.0,434.0
50n_20p_seed1,0.2,1,245214000,7,TX,244710,7.0,7,10,244.71,,,
50n_20p_seed1,0.2,1,245283984,1,RX,244735,,7,11,244.735,1.0,7.0,25.0
50n_20p_seed1,0.2,1,245681000,42,TX,244845,42.0,7,11,244.845,,,
50n_20p_seed1,0.2,1,245716016,1,RX,245168,,7,12,245.168,1.0,42.0,323.0
50n_20p_seed1,0.2,1,246124000,2,TX,245360,2.0,7,10,245.36,,,
50n_20p_seed1,0.2,1,246219984,1,RX,245671,,7,11,245.671,1.0,2.0,311.0
50n_20p_seed1,0.2,1,246460000,38,TX,245490,38.0,7,11,245.49,,,
50n_20p_seed1,0.2,1,246502728,1,RX,245954,,7,12,245.954,1.0,38.0,464.0
50n_20p_seed1,0.2,1,247006000,39,TX,246868,39.0,7,11,246.868,,,
50n_20p_seed1,0.2,1,247049728,1,RX,246501,,7,12,246.501,1.0,39.0,1.8446744073709552e+19
50n_20p_seed1,0.2,1,247860000,6,TX,247046,6.0,8,10,247.046,,,
50n_20p_seed1,0.2,1,247895984,1,RX,247347,,8,11,247.347,1.0,6.0,301.0
50n_20p_seed1,0.2,1,248400000,40,TX,248198,40.0,8,11,248.198,,,
50n_20p_seed1,0.2,1,248426728,1,RX,247878,,8,12,247.878,1.0,40.0,1.8446744073709552e+19
50n_20p_seed1,0.2,1,248543000,16,TX,247682,16.0,8,11,247.682,,,
50n_20p_seed1,0.2,1,248555000,1,RX,248007,,8,12,248.007,1.0,16.0,325.0
50n_20p_seed1,0.2,1,250132000,50,TX,249135,50.0,7,11,249.135,,,
50n_20p_seed1,0.2,1,250193016,1,RX,249645,,7,12,249.645,1.0,50.0,510.0
50n_20p_seed1,0.2,1,250812000,20,TX,250800,20.0,8,11,250.8,,,
50n_20p_seed1,0.2,1,250841728,1,RX,250293,,8,12,250.293,1.0,20.0,1.8446744073709552e+19
50n_20p_seed1,0.2,1,253698000,36,TX,253015,36.0,8,11,253.015,,,
50n_20p_seed1,0.2,1,253729728,1,RX,253181,,8,12,253.181,1.0,36.0,166.0
50n_20p_seed1,0.2,1,254261000,30,TX,254210,30.0,8,11,254.21,,,
50n_20p_seed1,0.2,1,254294728,1,RX,253746,,8,12,253.746,1.0,30.0,1.8446744073709552e+19
50n_20p_seed1,0.2,1,254407000,11,TX,254271,11.0,7,11,254.271,,,
50n_20p_seed1,0.2,1,254434016,1,RX,253886,,7,12,253.886,1.0,11.0,1.8446744073709552e+19
50n_20p_seed1,0.2,1,254647000,21,TX,253722,21.0,7,11,253.722,,,
50n_20p_seed1,0.2,1,254656728,1,RX,254108,,7,12,254.108,1.0,21.0,386.0
50n_20p_seed1,0.2,1,255252000,23,TX,254963,23.0,8,11,254.963,,,
50n_20p_seed1,0.2,1,255273728,1,RX,254725,,8,12,254.725,1.0,23.0,1.8446744073709552e+19
50n_20p_seed1,0.2,1,255492000,32,TX,254750,32.0,8,11,254.75,,,
50n_20p_seed1,0.2,1,255530728,1,RX,254982,,8,12,254.982,1.0,32.0,232.0
50n_20p_seed1,0.2,1,255769000,3,TX,255128,3.0,7,10,255.128,,,
50n_20p_seed1,0.2,1,255865984,1,RX,255317,,7,11,255.317,1.0,3.0,189.0
50n_20p_seed1,0.2,1,256522000,17,TX,256437,17.0,8,11,256.437,,,
50n_20p_seed1,0.2,1,256570016,1,RX,256022,,8,12,256.022,1.0,17.0,1.8446744073709552e+19
50n_20p_seed1,0.2,1,257918000,14,TX,257227,14.0,8,11,257.227,,,
50n_20p_seed1,0.2,1,257925728,1,RX,257377,,8,12,257.377,1.0,14.0,150.0
50n_20p_seed1,0.2,1,258020000,29,TX,257983,29.0,8,11,257.983,,,
50n_20p_seed1,0.2,1,258025728,1,RX,257477,,8,12,257.477,1.0,29.0,1.8446744073709552e+19
50n_20p_seed1,0.2,1,258252000,43,TX,258039,43.0,9,11,258.039,,,
50n_20p_seed1,0.2,1,258318016,1,RX,257770,,9,12,257.77,1.0,43.0,1.8446744073709552e+19
50n_20p_seed1,0.2,1,259327000,10,TX,259026,10.0,8,11,259.026,,,
50n_20p_seed1,0.2,1,259372016,1,RX,258824,,8,12,258.824,1.0,10.0,1.8446744073709552e+19
50n_20p_seed1,0.2,1,260269000,15,TX,259924,15.0,8,11,259.924,,,
50n_20p_seed1,0.2,1,260303728,1,RX,259755,,8,12,259.755,1.0,15.0,1.8446744073709552e+19
50n_20p_seed1,0.2,1,260640000,26,TX,260214,26.0,8,11,260.214,,,
50n_20p_seed1,0.2,1,260692016,1,RX,260144,,8,12,260.144,1.0,26.0,1.8446744073709552e+19
50n_20p_seed1,0.2,1,261512000,47,TX,261088,47.0,7,11,261.088,,,
50n_20p_seed1,0.2,1,261525728,1,RX,260977,,7,12,260.977,1.0,47.0,1.8446744073709552e+19
50n_20p_seed1,0.2,1,261626000,34,TX,260791,34.0,8,11,260.791,,,
50n_20p_seed1,0.2,1,261678016,1,RX,261130,,8,12,261.13,1.0,34.0,339.0
50n_20p_seed1,0.2,1,262443000,28,TX,262023,28.0,10,12,262.023,,,
50n_20p_seed1,0.2,1,262451760,1,RX,261903,,10,13,261.903,1.0,28.0,1.8446744073709552e+19
50n_20p_seed1,0.2,1,263016000,27,TX,262351,27.0,8,11,262.351,,,
50n_20p_seed1,0.2,1,263023728,1,RX,262475,,8,12,262.475,1.0,27.0,124.0
50n_20p_seed1,0.2,1,263099000,13,TX,262559,13.0,7,11,262.559,,,
50n_20p_seed1,0.2,1,263116728,1,RX,262568,,7,12,262.568,1.0,13.0,9.0
50n_20p_seed1,0.2,1,263780000,12,TX,262782,12.0,8,11,262.782,,,
50n_20p_seed1,0.2,1,263837016,1,RX,263289,,8,12,263.289,1.0,12.0,507.0
50n_20p_seed1,0.2,1,264700000,25,TX,264218,25.0,8,11,264.218,,,
50n_20p_seed1,0.2,1,264711000,8,TX,263805,8.0,9,10,263.805,,,
50n_20p_seed1,0.2,1,264756984,1,RX,264208,,9,11,264.208,1.0,8.0,403.0
50n_20p_seed1,0.2,1,264769016,1,RX,264221,,8,12,264.221,1.0,25.0,3.0
50n_20p_seed1,0.2,1,265740000,31,TX,265027,31.0,8,11,265.027,,,
50n_20p_seed1,0.2,1,265755728,1,RX,265207,,8,12,265.207,1.0,31.0,180.0
50n_20p_seed1,0.2,1,265847000,42,TX,265011,42.0,8,11,265.011,,,
50n_20p_seed1,0.2,1,265869016,1,RX,265321,,8,12,265.321,1.0,42.0,310.0
50n_20p_seed1,0.2,1,266048000,48,TX,265759,48.0,8,11,265.759,,,
50n_20p_seed1,0.2,1,266130016,1,RX,265582,,8,12,265.582,1.0,48.0,1.8446744073709552e+19
50n_20p_seed1,0.2,1,266414000,5,TX,266350,5.0,8,10,266.35,,,
50n_20p_seed1,0.2,1,266475984,1,RX,265927,,8,11,265.927,1.0,5.0,1.8446744073709552e+19
50n_20p_seed1,0.2,1,266708000,44,TX,266288,44.0,8,11,266.288,,,
50n_20p_seed1,0.2,1,266778016,1,RX,266230,,8,12,266.23,1.0,44.0,1.8446744073709552e+19
50n_20p_seed1,0.2,1,266810000,33,TX,266702,33.0,8,11,266.702,,,
50n_20p_seed1,0.2,1,266835016,1,RX,266287,,8,12,266.287,1.0,33.0,1.8446744073709552e+19
50n_20p_seed1,0.2,1,269341000,46,TX,269141,46.0,9,11,269.141,,,
50n_20p_seed1,0.2,1,269382728,1,RX,268834,,9,12,268.834,1.0,46.0,1.8446744073709552e+19
50n_20p_seed1,0.2,1,269453000,45,TX,268662,45.0,8,11,268.662,,,
50n_20p_seed1,0.2,1,269463728,1,RX,268915,,8,12,268.915,1.0,45.0,253.0
50n_20p_seed1,0.2,1,269767000,24,TX,269588,24.0,7,11,269.588,,,
50n_20p_seed1,0.2,1,269827016,1,RX,269279,,7,12,269.279,1.0,24.0,1.8446744073709552e+19
50n_20p_seed1,0.2,1,270769000,2,TX,270005,2.0,8,10,270.005,,,
50n_20p_seed1,0.2,1,270869984,1,RX,270321,,8,11,270.321,1.0,2.0,316.0
50n_20p_seed1,0.2,1,270940000,19,TX,270572,19.0,8,11,270.572,,,
50n_20p_seed1,0.2,1,270985016,1,RX,270437,,8,12,270.437,1.0,19.0,1.8446744073709552e+19
50n_20p_seed1,0.2,1,271363000,22,TX,270643,22.0,9,11,270.643,,,
50n_20p_seed1,0.2,1,271368728,1,RX,270820,,9,12,270.82,1.0,22.0,177.0
50n_20p_seed1,0.2,1,272537000,40,TX,272335,40.0,9,11,272.335,,,
50n_20p_seed1,0.2,1,272564728,1,RX,272016,,9,12,272.016,1.0,40.0,1.8446744073709552e+19
50n_20p_seed1,0.2,1,272661000,18,TX,272410,18.0,8,11,272.41,,,
50n_20p_seed1,0.2,1,272688016,1,RX,272140,,8,12,272.14,1.0,18.0,1.8446744073709552e+19
50n_20p_seed1,0.2,1,272943000,49,TX,272249,49.0,7,11,272.249,,,
50n_20p_seed1,0.2,1,273002016,1,RX,272454,,7,12,272.454,1.0,49.0,205.0
50n_20p_seed1,0.2,1,274463000,41,TX,274074,41.0,9,11,274.074,,,
50n_20p_seed1,0.2,1,274490016,1,RX,273942,,9,12,273.942,1.0,41.0,1.8446744073709552e+19
50n_20p_seed1,0.2,1,274757000,37,TX,274575,37.0,8,11,274.575,,,
50n_20p_seed1,0.2,1,274786728,1,RX,274238,,8,12,274.238,1.0,37.0,1.8446744073709552e+19
50n_20p_seed1,0.2,1,274790000,11,TX,274654,11.0,8,11,274.654,,,
50n_20p_seed1,0.2,1,274804016,1,RX,274256,,8,12,274.256,1.0,11.0,1.8446744073709552e+19
50n_20p_seed1,0.2,1,276876000,7,TX,276372,7.0,8,10,276.372,,,
50n_20p_seed1,0.2,1,276902984,1,RX,276354,,8,11,276.354,1.0,7.0,1.8446744073709552e+19
50n_20p_seed1,0.2,1,277287000,21,TX,276362,21.0,8,11,276.362,,,
50n_20p_seed1,0.2,1,277311728,1,RX,276763,,8,12,276.763,1.0,21.0,401.0
50n_20p_seed1,0.2,1,278389000,23,TX,278100,23.0,9,11,278.1,,,
50n_20p_seed1,0.2,1,278401728,1,RX,277853,,9,12,277.853,1.0,23.0,1.8446744073709552e+19
50n_20p_seed1,0.2,1,278521000,9,TX,278282,9.0,8,10,278.282,,,
50n_20p_seed1,0.2,1,278563984,1,RX,278015,,8,11,278.015,1.0,9.0,1.8446744073709552e+19
50n_20p_seed1,0.2,1,279173000,4,TX,278203,4.0,7,10,278.203,,,
50n_20p_seed1,0.2,1,279223984,1,RX,278675,,7,11,278.675,1.0,4.0,472.0
50n_20p_seed1,0.2,1,279254000,38,TX,278284,38.0,8,11,278.284,,,
50n_20p_seed1,0.2,1,279273728,1,RX,278725,,8,12,278.725,1.0,38.0,441.0
50n_20p_seed1,0.2,1,279742000,35,TX,279131,35.0,8,11,279.131,,,
50n_20p_seed1,0.2,1,279787016,1,RX,279239,,8,12,279.239,1.0,35.0,108.0
50n_20p_seed1,0.2,1,280316000,29,TX,280279,29.0,9,11,280.279,,,
50n_20p_seed1,0.2,1,280321728,1,RX,279773,,9,12,279.773,1.0,29.0,1.8446744073709552e+19
50n_20p_seed1,0.2,1,281626000,6,TX,280812,6.0,9,10,280.812,,,
50n_20p_seed1,0.2,1,281690984,1,RX,281142,,9,11,281.142,1.0,6.0,330.0
50n_20p_seed1,0.2,1,282208000,39,TX,282070,39.0,8,11,282.07,,,
50n_20p_seed1,0.2,1,282216728,1,RX,281668,,8,12,281.668,1.0,39.0,1.8446744073709552e+19
50n_20p_seed1,0.2,1,283304000,16,TX,282443,16.0,9,11,282.443,,,
50n_20p_seed1,0.2,1,283351016,1,RX,282803,,9,12,282.803,1.0,16.0,360.0
50n_20p_seed1,0.2,1,284090000,34,TX,283255,34.0,9,11,283.255,,,
50n_20p_seed1,0.2,1,284121016,1,RX,283573,,9,12,283.573,1.0,34.0,318.0
50n_20p_seed1,0.2,1,284331000,28,TX,283911,28.0,11,12,283.911,,,
50n_20p_seed1,0.2,1,284361760,1,RX,283813,,11,13,283.813,1.0,28.0,1.8446744073709552e+19
50n_20p_seed1,0.2,1,284436000,20,TX,284424,20.0,9,11,284.424,,,
50n_20p_seed1,0.2,1,284443728,1,RX,283895,,9,12,283.895,1.0,20.0,1.8446744073709552e+19
50n_20p_seed1,0.2,1,285353000,8,TX,284447,8.0,10,11,284.447,,,
50n_20p_seed1,0.2,1,285405016,1,RX,284857,,10,12,284.857,1.0,8.0,410.0
50n_20p_seed1,0.2,1,286374000,47,TX,285950,47.0,8,11,285.95,,,
50n_20p_seed1,0.2,1,286406728,1,RX,285858,,8,12,285.858,1.0,47.0,1.8446744073709552e+19
50n_20p_seed1,0.2,1,286472000,13,TX,285932,13.0,8,11,285.932,,,
50n_20p_seed1,0.2,1,286479728,1,RX,285931,,8,12,285.931,1.0,13.0,1.8446744073709552e+19
50n_20p_seed1,0.2,1,286482000,27,TX,285817,27.0,9,11,285.817,,,
50n_20p_seed1,0.2,1,286523728,1,RX,285975,,9,12,285.975,1.0,27.0,158.0
50n_20p_seed1,0.2,1,286628000,25,TX,286146,25.0,9,11,286.146,,,
50n_20p_seed1,0.2,1,286648016,1,RX,286100,,9,12,286.1,1.0,25.0,1.8446744073709552e+19
50n_20p_seed1,0.2,1,286798000,50,TX,285801,50.0,8,11,285.801,,,
50n_20p_seed1,0.2,1,286861016,1,RX,286313,,8,12,286.313,1.0,50.0,512.0
50n_20p_seed1,0.2,1,287657000,30,TX,287606,30.0,9,11,287.606,,,
50n_20p_seed1,0.2,1,287689728,1,RX,287141,,9,12,287.141,1.0,30.0,1.8446744073709552e+19
50n_20p_seed1,0.2,1,287794000,36,TX,287111,36.0,9,11,287.111,,,
50n_20p_seed1,0.2,1,287811728,1,RX,287263,,9,12,287.263,1.0,36.0,152.0
50n_20p_seed1,0.2,1,289276000,32,TX,288534,32.0,9,11,288.534,,,
50n_20p_seed1,0.2,1,289301728,1,RX,288753,,9,12,288.753,1.0,32.0,219.0
50n_20p_seed1,0.2,1,289651000,42,TX,288815,42.0,9,11,288.815,,,
50n_20p_seed1,0.2,1,289711016,1,RX,289163,,9,12,289.163,1.0,42.0,348.0
50n_20p_seed1,0.2,1,289868000,43,TX,289655,43.0,10,12,289.655,,,
50n_20p_seed1,0.2,1,289904048,1,RX,289356,,10,13,289.356,1.0,43.0,1.8446744073709552e+19
50n_20p_seed1,0.2,1,291692000,5,TX,291628,5.0,9,10,291.628,,,
50n_20p_seed1,0.2,1,291709000,22,TX,290989,22.0,10,12,290.989,,,
50n_20p_seed1,0.2,1,291724760,1,RX,291176,,10,13,291.176,1.0,22.0,187.0
50n_20p_seed1,0.2,1,291750984,1,RX,291202,,9,11,291.202,1.0,5.0,1.8446744073709552e+19
50n_20p_seed1,0.2,1,291820000,3,TX,291179,3.0,8,10,291.179,,,
50n_20p_seed1,0.2,1,291864984,1,RX,291316,,8,11,291.316,1.0,3.0,137.0
50n_20p_seed1,0.2,1,293611000,26,TX,293185,26.0,9,11,293.185,,,
50n_20p_seed1,0.2,1,293667016,1,RX,293119,,9,12,293.119,1.0,26.0,1.8446744073709552e+19
50n_20p_seed1,0.2,1,294088000,44,TX,293668,44.0,9,11,293.668,,,
50n_20p_seed1,0.2,1,294151016,1,RX,293603,,9,12,293.603,1.0,44.0,1.8446744073709552e+19
50n_20p_seed1,0.2,1,294606000,14,TX,293915,14.0,9,11,293.915,,,
50n_20p_seed1,0.2,1,294630728,1,RX,294082,,9,12,294.082,1.0,14.0,167.0
50n_20p_seed1,0.2,1,295188000,17,TX,295103,17.0,9,11,295.103,,,
50n_20p_seed1,0.2,1,295245016,1,RX,294697,,9,12,294.697,1.0,17.0,1.8446744073709552e+19
50n_20p_seed1,0.2,1,295585000,45,TX,294794,45.0,9,11,294.794,,,
50n_20p_seed1,0.2,1,295602728,1,RX,295054,,9,12,295.054,1.0,45.0,260.0
50n_20p_seed1,0.2,1,295628000,40,TX,295426,40.0,10,12,295.426,,,
50n_20p_seed1,0.2,1,295659760,1,RX,295111,,10,13,295.111,1.0,40.0,1.8446744073709552e+19
50n_20p_seed1,0.2,1,296268000,49,TX,295574,49.0,8,11,295.574,,,
50n_20p_seed1,0.2,1,296307016,1,RX,295759,,8,12,295.759,1.0,49.0,185.0
50n_20p_seed1,0.2,1,296664000,18,TX,296413,18.0,9,11,296.413,,,
50n_20p_seed1,0.2,1,296695000,10,TX,296394,10.0,9,11,296.394,,,
50n_20p_seed1,0.2,1,296709016,1,RX,296161,,9,12,296.161,1.0,18.0,1.8446744073709552e+19
50n_20p_seed1,0.2,1,296721016,1,RX,296173,,9,12,296.173,1.0,10.0,1.8446744073709552e+19
50n_20p_seed1,0.2,1,297241000,48,TX,296952,48.0,9,11,296.952,,,
50n_20p_seed1,0.2,1,297325016,1,RX,296777,,9,12,296.777,1.0,48.0,1.8446744073709552e+19
50n_20p_seed1,0.2,1,297891000,7,TX,297387,7.0,9,10,297.387,,,
50n_20p_seed1,0.2,1,297956984,1,RX,297408,,9,11,297.408,1.0,7.0,21.0
50n_20p_seed1,0.2,1,298143000,2,TX,297379,2.0,9,10,297.379,,,
50n_20p_seed1,0.2,1,298179000,33,TX,298071,33.0,9,11,298.071,,,
50n_20p_seed1,0.2,1,298186000,46,TX,297986,46.0,10,12,297.986,,,
50n_20p_seed1,0.2,1,298199888,1,RX,297651,,9,11,297.651,1.0,2.0,272.0
50n_20p_seed1,0.2,1,298222016,1,RX,297674,,9,12,297.674,1.0,33.0,1.8446744073709552e+19
50n_20p_seed1,0.2,1,298224000,19,TX,297856,19.0,9,11,297.856,,,
50n_20p_seed1,0.2,1,298259760,1,RX,297711,,10,13,297.711,1.0,46.0,1.8446744073709552e+19
50n_20p_seed1,0.2,1,298277016,1,RX,297729,,9,12,297.729,1.0,19.0,1.8446744073709552e+19
50n_20p_seed1,0.2,1,299281000,15,TX,298936,15.0,9,11,298.936,,,
50n_20p_seed1,0.2,1,299313728,1,RX,298765,,9,12,298.765,1.0,15.0,1.8446744073709552e+19
50n_20p_seed1,0.2,1,299336000,12,TX,298338,12.0,9,11,298.338,,,
50n_20p_seed1,0.2,1,299364016,1,RX,298816,,9,12,298.816,1.0,12.0,478.0
50n_20p_seed1,0.2,1,301506000,41,TX,301117,41.0,10,12,301.117,,,
50n_20p_seed1,0.2,1,301574048,1,RX,301026,,10,13,301.026,1.0,41.0,1.8446744073709552e+19
50n_20p_seed1,0.2,1,301778000,37,TX,301596,37.0,9,11,301.596,,,
50n_20p_seed1,0.2,1,301823728,1,RX,301275,,9,12,301.275,1.0,37.0,1.8446744073709552e+19
50n_20p_seed1,0.2,1,302059000,31,TX,301346,31.0,9,11,301.346,,,
50n_20p_seed1,0.2,1,302104728,1,RX,301556,,9,12,301.556,1.0,31.0,210.0
50n_20p_seed1,0.2,1,305945000,24,TX,305766,24.0,8,11,305.766,,,
50n_20p_seed1,0.2,1,306010016,1,RX,305462,,8,12,305.462,1.0,24.0,1.8446744073709552e+19
50n_20p_seed1,0.2,1,307027000,6,TX,306213,6.0,10,11,306.213,,,
50n_20p_seed1,0.2,1,307110016,1,RX,306562,,10,12,306.562,1.0,6.0,349.0
50n_20p_seed1,0.2,1,307400000,4,TX,306430,4.0,8,10,306.43,,,
50n_20p_seed1,0.2,1,307454984,1,RX,306906,,8,11,306.906,1.0,4.0,476.0
50n_20p_seed1,0.2,1,308368000,8,TX,307462,8.0,11,11,307.462,,,
50n_20p_seed1,0.2,1,308440016,1,RX,307892,,11,12,307.892,1.0,8.0,430.0
50n_20p_seed1,0.2,1,309285000,38,TX,308315,38.0,9,11,308.315,,,
50n_20p_seed1,0.2,1,309311728,1,RX,308763,,9,12,308.763,1.0,38.0,448.0
50n_20p_seed1,0.2,1,310805000,34,TX,309970,34.0,10,12,309.97,,,
50n_20p_seed1,0.2,1,310833048,1,RX,310285,,10,13,310.285,1.0,34.0,315.0
50n_20p_seed1,0.2,1,312961000,11,TX,312825,11.0,9,11,312.825,,,
50n_20p_seed1,0.2,1,313028016,1,RX,312480,,9,12,312.48,1.0,11.0,1.8446744073709552e+19
50n_20p_seed1,0.2,1,313377000,47,TX,312953,47.0,9,11,312.953,,,
50n_20p_seed1,0.2,1,313411728,1,RX,312863,,9,12,312.863,1.0,47.0,1.8446744073709552e+19
50n_20p_seed1,0.2,1,313506000,27,TX,312841,27.0,10,12,312.841,,,
50n_20p_seed1,0.2,1,313541760,1,RX,312993,,10,13,312.993,1.0,27.0,152.0
50n_20p_seed1,0.2,1,313794000,32,TX,313052,32.0,10,12,313.052,,,
50n_20p_seed1,0.2,1,313831760,1,RX,313283,,10,13,313.283,1.0,32.0,231.0
50n_20p_seed1,0.2,1,315468000,21,TX,314543,21.0,9,11,314.543,,,
50n_20p_seed1,0.2,1,315486728,1,RX,314938,,9,12,314.938,1.0,21.0,395.0
50n_20p_seed1,0.2,1,315492000,9,TX,315253,9.0,9,10,315.253,,,
50n_20p_seed1,0.2,1,315532984,1,RX,314984,,9,11,314.984,1.0,9.0,1.8446744073709552e+19
50n_20p_seed1,0.2,1,315921000,29,TX,315884,29.0,10,12,315.884,,,
50n_20p_seed1,0.2,1,315945760,1,RX,315397,,10,13,315.397,1.0,29.0,1.8446744073709552e+19
50n_20p_seed1,0.2,1,317346000,23,TX,317057,23.0,10,12,317.057,,,
50n_20p_seed1,0.2,1,317389760,1,RX,316841,,10,13,316.841,1.0,23.0,1.8446744073709552e+19
50n_20p_seed1,0.2,1,317879000,17,TX,317794,17.0,10,12,317.794,,,
50n_20p_seed1,0.2,1,317923048,1,RX,317375,,10,13,317.375,1.0,17.0,1.8446744073709552e+19
50n_20p_seed1,0.2,1,318870000,35,TX,318259,35.0,9,11,318.259,,,
50n_20p_seed1,0.2,1,318918016,1,RX,318370,,9,12,318.37,1.0,35.0,111.0
50n_20p_seed1,0.2,1,318977000,28,TX,318557,28.0,12,12,318.557,,,
50n_20p_seed1,0.2,1,318997760,1,RX,318449,,12,13,318.449,1.0,28.0,1.8446744073709552e+19
50n_20p_seed1,0.2,1,319197000,42,TX,318361,42.0,10,12,318.361,,,
50n_20p_seed1,0.2,1,319225048,1,RX,318677,,10,13,318.677,1.0,42.0,316.0
50n_20p_seed1,0.2,1,319372000,16,TX,318511,16.0,10,12,318.511,,,
50n_20p_seed1,0.2,1,319418048,1,RX,318870,,10,13,318.87,1.0,16.0,359.0
50n_20p_seed1,0.2,1,319752000,30,TX,319701,30.0,10,12,319.701,,,
50n_20p_seed1,0.2,1,319776760,1,RX,319228,,10,13,319.228,1.0,30.0,1.8446744073709552e+19
50n_20p_seed1,0.2,1,319808000,39,TX,319670,39.0,9,11,319.67,,,
50n_20p_seed1,0.2,1,319827728,1,RX,319279,,9,12,319.279,1.0,39.0,1.8446744073709552e+19
50n_20p_seed1,0.2,1,320410000,3,TX,319769,3.0,9,10,319.769,,,
50n_20p_seed1,0.2,1,320435984,1,RX,319887,,9,11,319.887,1.0,3.0,118.0
50n_20p_seed1,0.2,1,320564000,25,TX,320082,25.0,10,12,320.082,,,
50n_20p_seed1,0.2,1,320617048,1,RX,320069,,10,13,320.069,1.0,25.0,1.8446744073709552e+19
50n_20p_seed1,0.2,1,320902000,7,TX,320398,7.0,10,11,320.398,,,
50n_20p_seed1,0.2,1,320962016,1,RX,320414,,10,12,320.414,1.0,7.0,16.0
50n_20p_seed1,0.2,1,321163000,46,TX,320963,46.0,11,12,320.963,,,
50n_20p_seed1,0.2,1,321173760,1,RX,320625,,11,13,320.625,1.0,46.0,1.8446744073709552e+19
50n_20p_seed1,0.2,1,322438000,13,TX,321898,13.0,9,11,321.898,,,
50n_20p_seed1,0.2,1,322443728,1,RX,321895,,9,12,321.895,1.0,13.0,1.8446744073709552e+19
50n_20p_seed1,0.2,1,322672000,49,TX,321978,49.0,9,11,321.978,,,
50n_20p_seed1,0.2,1,322726016,1,RX,322178,,9,12,322.178,1.0,49.0,200.0
50n_20p_seed1,0.2,1,323310000,40,TX,323108,40.0,11,12,323.108,,,
50n_20p_seed1,0.2,1,323335760,1,RX,322787,,11,13,322.787,1.0,40.0,1.8446744073709552e+19
50n_20p_seed1,0.2,1,323454000,26,TX,323028,26.0,10,12,323.028,,,
50n_20p_seed1,0.2,1,323519048,1,RX,322971,,10,13,322.971,1.0,26.0,1.8446744073709552e+19
50n_20p_seed1,0.2,1,324182000,20,TX,324170,20.0,10,12,324.17,,,
50n_20p_seed1,0.2,1,324213760,1,RX,323665,,10,13,323.665,1.0,20.0,1.8446744073709552e+19
50n_20p_seed1,0.2,1,325111000,18,TX,324860,18.0,10,12,324.86,,,
50n_20p_seed1,0.2,1,325151048,1,RX,324603,,10,13,324.603,1.0,18.0,1.8446744073709552e+19
50n_20p_seed1,0.2,1,325227000,22,TX,324507,22.0,11,12,324.507,,,
50n_20p_seed1,0.2,1,325245760,1,RX,324697,,11,13,324.697,1.0,22.0,190.0
50n_20p_seed1,0.2,1,326328000,50,TX,325331,50.0,9,11,325.331,,,
50n_20p_seed1,0.2,1,326395016,1,RX,325847,,9,12,325.847,1.0,50.0,516.0
50n_20p_seed1,0.2,1,326809000,36,TX,326126,36.0,10,12,326.126,,,
50n_20p_seed1,0.2,1,326814760,1,RX,326266,,10,13,326.266,1.0,36.0,140.0
50n_20p_seed1,0.2,1,328183000,14,TX,327492,14.0,10,12,327.492,,,
50n_20p_seed1,0.2,1,328211760,1,RX,327663,,10,13,327.663,1.0,14.0,171.0
50n_20p_seed1,0.2,1,328362000,2,TX,327598,2.0,10,11,327.598,,,
50n_20p_seed1,0.2,1,328463016,1,RX,327915,,10,12,327.915,1.0,2.0,317.0
50n_20p_seed1,0.2,1,328753000,43,TX,328540,43.0,11,12,328.54,,,
50n_20p_seed1,0.2,1,328790048,1,RX,328242,,11,13,328.242,1.0,43.0,1.8446744073709552e+19
50n_20p_seed1,0.2,1,328836000,5,TX,328772,5.0,10,11,328.772,,,
50n_20p_seed1,0.2,1,328882000,1,RX,328334,,10,12,328.334,1.0,5.0,1.8446744073709552e+19
50n_20p_seed1,0.2,1,329549000,38,TX,328579,38.0,10,12,328.579,,,
50n_20p_seed1,0.2,1,329572760,1,RX,329024,,10,13,329.024,1.0,38.0,445.0
50n_20p_seed1,0.2,1,329763000,45,TX,328972,45.0,10,12,328.972,,,
50n_20p_seed1,0.2,1,329800760,1,RX,329252,,10,13,329.252,1.0,45.0,280.0
50n_20p_seed1,0.2,1,330963000,24,TX,330784,24.0,9,11,330.784,,,
50n_20p_seed1,0.2,1,330989000,1,RX,330441,,9,12,330.441,1.0,24.0,1.8446744073709552e+19
50n_20p_seed1,0.2,1,331262000,34,TX,330427,34.0,11,12,330.427,,,
50n_20p_seed1,0.2,1,331269000,19,TX,330901,19.0,10,12,330.901,,,
50n_20p_seed1,0.2,1,331321048,1,RX,330773,,11,13,330.773,1.0,34.0,346.0
50n_20p_seed1,0.2,1,331328048,1,RX,330780,,10,13,330.78,1.0,19.0,1.8446744073709552e+19
50n_20p_seed1,0.2,1,331345000,44,TX,330925,44.0,10,12,330.925,,,
50n_20p_seed1,0.2,1,331427048,1,RX,330879,,10,13,330.879,1.0,44.0,1.8446744073709552e+19
50n_20p_seed1,0.2,1,331688000,48,TX,331399,48.0,10,12,331.399,,,
50n_20p_seed1,0.2,1,331753048,1,RX,331205,,10,13,331.205,1.0,48.0,1.8446744073709552e+19
50n_20p_seed1,0.2,1,333670000,12,TX,332672,12.0,10,12,332.672,,,
50n_20p_seed1,0.2,1,333690064,1,RX,333142,,10,13,333.142,1.0,12.0,470.0
50n_20p_seed1,0.2,1,333707000,10,TX,333406,10.0,10,12,333.406,,,
50n_20p_seed1,0.2,1,333761048,1,RX,333213,,10,13,333.213,1.0,10.0,1.8446744073709552e+19
50n_20p_seed1,0.2,1,334127000,32,TX,333385,32.0,11,12,333.385,,,
50n_20p_seed1,0.2,1,334172760,1,RX,333624,,11,13,333.624,1.0,32.0,239.0
50n_20p_seed1,0.2,1,334770000,31,TX,334057,31.0,10,12,334.057,,,
50n_20p_seed1,0.2,1,334807760,1,RX,334259,,10,13,334.259,1.0,31.0,202.0
50n_20p_seed1,0.2,1,335076000,37,TX,334894,37.0,10,12,334.894,,,
50n_20p_seed1,0.2,1,335095760,1,RX,334547,,10,13,334.547,1.0,37.0,1.8446744073709552e+19
50n_20p_seed1,0.2,1,335179000,8,TX,334273,8.0,12,11,334.273,,,
50n_20p_seed1,0.2,1,335234016,1,RX,334686,,12,12,334.686,1.0,8.0,413.0
50n_20p_seed1,0.2,1,336018000,47,TX,335594,47.0,10,12,335.594,,,
50n_20p_seed1,0.2,1,336029760,1,RX,335481,,10,13,335.481,1.0,47.0,1.8446744073709552e+19
50n_20p_seed1,0.2,1,336049000,15,TX,335704,15.0,10,12,335.704,,,
50n_20p_seed1,0.2,1,336090760,1,RX,335542,,10,13,335.542,1.0,15.0,1.8446744073709552e+19
50n_20p_seed1,0.2,1,337584000,21,TX,336659,21.0,10,12,336.659,,,
50n_20p_seed1,0.2,1,337596760,1,RX,337048,,10,13,337.048,1.0,21.0,389.0
50n_20p_seed1,0.2,1,337664000,11,TX,337528,11.0,10,12,337.528,,,
50n_20p_seed1,0.2,1,337690048,1,RX,337142,,10,13,337.142,1.0,11.0,1.8446744073709552e+19
50n_20p_seed1,0.2,1,338037000,33,TX,337929,33.0,10,12,337.929,,,
50n_20p_seed1,0.2,1,338059064,1,RX,337511,,10,13,337.511,1.0,33.0,1.8446744073709552e+19
50n_20p_seed1,0.2,1,338431000,9,TX,338192,9.0,10,11,338.192,,,
50n_20p_seed1,0.2,1,338468016,1,RX,337920,,10,12,337.92,1.0,9.0,1.8446744073709552e+19
50n_20p_seed1,0.2,1,338566000,27,TX,337901,27.0,11,12,337.901,,,
50n_20p_seed1,0.2,1,338581760,1,RX,338033,,11,13,338.033,1.0,27.0,132.0
50n_20p_seed1,0.2,1,339847000,39,TX,339709,39.0,10,12,339.709,,,
50n_20p_seed1,0.2,1,339887760,1,RX,339339,,10,13,339.339,1.0,39.0,1.8446744073709552e+19
50n_20p_seed1,0.2,1,340349000,41,TX,339960,41.0,11,12,339.96,,,
50n_20p_seed1,0.2,1,340409048,1,RX,339861,,11,13,339.861,1.0,41.0,1.8446744073709552e+19
50n_20p_seed1,0.2,1,340563000,23,TX,340274,23.0,11,12,340.274,,,
50n_20p_seed1,0.2,1,340601760,1,RX,340053,,11,13,340.053,1.0,23.0,1.8446744073709552e+19
50n_20p_seed1,0.2,1,341314000,4,TX,340344,4.0,9,10,340.344,,,
50n_20p_seed1,0.2,1,341375984,1,RX,340827,,9,11,340.827,1.0,4.0,483.0
50n_20p_seed1,0.2,1,341378000,42,TX,340542,42.0,11,12,340.542,,,
50n_20p_seed1,0.2,1,341422048,1,RX,340874,,11,13,340.874,1.0,42.0,332.0
50n_20p_seed1,0.2,1,341772000,35,TX,341161,35.0,10,12,341.161,,,
50n_20p_seed1,0.2,1,341797048,1,RX,341249,,10,13,341.249,1.0,35.0,88.0
50n_20p_seed1,0.2,1,342189000,3,TX,341548,3.0,10,11,341.548,,,
50n_20p_seed1,0.2,1,342250016,1,RX,341702,,10,12,341.702,1.0,3.0,154.0
50n_20p_seed1,0.2,1,343538000,29,TX,343501,29.0,11,12,343.501,,,
50n_20p_seed1,0.2,1,343583760,1,RX,343035,,11,13,343.035,1.0,29.0,1.8446744073709552e+19
50n_20p_seed1,0.2,1,344419000,13,TX,343879,13.0,10,12,343.879,,,
50n_20p_seed1,0.2,1,344452760,1,RX,343904,,10,13,343.904,1.0,13.0,25.0
50n_20p_seed1,0.2,1,344598000,20,TX,344586,20.0,11,12,344.586,,,
50n_20p_seed1,0.2,1,344630760,1,RX,344082,,11,13,344.082,1.0,20.0,1.8446744073709552e+19
50n_20p_seed1,0.2,1,344943000,6,TX,344129,6.0,11,11,344.129,,,
50n_20p_seed1,0.2,1,344988016,1,RX,344440,,11,12,344.44,1.0,6.0,311.0
50n_20p_seed1,0.2,1,345530000,30,TX,345479,30.0,11,12,345.479,,,
50n_20p_seed1,0.2,1,345537760,1,RX,344989,,11,13,344.989,1.0,30.0,1.8446744073709552e+19
50n_20p_seed1,0.2,1,346562000,25,TX,346080,25.0,11,12,346.08,,,
50n_20p_seed1,0.2,1,346615048,1,RX,346067,,11,13,346.067,1.0,25.0,1.8446744073709552e+19
50n_20p_seed1,0.2,1,346909000,18,TX,346658,18.0,11,12,346.658,,,
50n_20p_seed1,0.2,1,346950048,1,RX,346402,,11,13,346.402,1.0,18.0,1.8446744073709552e+19
50n_20p_seed1,0.2,1,347550000,26,TX,347124,26.0,11,12,347.124,,,
50n_20p_seed1,0.2,1,347617048,1,RX,347069,,11,13,347.069,1.0,26.0,1.8446744073709552e+19
50n_20p_seed1,0.2,1,347638000,36,TX,346955,36.0,11,12,346.955,,,
50n_20p_seed1,0.2,1,347665760,1,RX,347117,,11,13,347.117,1.0,36.0,162.0
50n_20p_seed1,0.2,1,348391000,46,TX,348191,46.0,12,12,348.191,,,
50n_20p_seed1,0.2,1,348424760,1,RX,347876,,12,13,347.876,1.0,46.0,1.8446744073709552e+19
50n_20p_seed1,0.2,1,349069000,28,TX,348649,28.0,13,12,348.649,,,
50n_20p_seed1,0.2,1,349084760,1,RX,348536,,13,13,348.536,1.0,28.0,1.8446744073709552e+19
50n_20p_seed1,0.2,1,349895000,7,TX,349391,7.0,11,11,349.391,,,
50n_20p_seed1,0.2,1,349926016,1,RX,349378,,11,12,349.378,1.0,7.0,1.8446744073709552e+19
50n_20p_seed1,0.2,1,351893000,44,TX,351473,44.0,11,12,351.473,,,
50n_20p_seed1,0.2,1,351929048,1,RX,351381,,11,13,351.381,1.0,44.0,1.8446744073709552e+19
50n_20p_seed1,0.2,1,352137000,38,TX,351167,38.0,11,12,351.167,,,
50n_20p_seed1,0.2,1,352173760,1,RX,351625,,11,13,351.625,1.0,38.0,458.0
50n_20p_seed1,0.2,1,352575000,22,TX,351855,22.0,12,12,351.855,,,
50n_20p_seed1,0.2,1,352587760,1,RX,352039,,12,13,352.039,1.0,22.0,184.0
50n_20p_seed1,0.2,1,353451000,49,TX,352757,49.0,10,12,352.757,,,
50n_20p_seed1,0.2,1,353483048,1,RX,352935,,10,13,352.935,1.0,49.0,178.0
50n_20p_seed1,0.2,1,354289000,40,TX,354087,40.0,12,12,354.087,,,
50n_20p_seed1,0.2,1,354315760,1,RX,353767,,12,13,353.767,1.0,40.0,1.8446744073709552e+19
50n_20p_seed1,0.2,1,354390000,32,TX,353648,32.0,12,12,353.648,,,
50n_20p_seed1,0.2,1,354406760,1,RX,353858,,12,13,353.858,1.0,32.0,210.0
50n_20p_seed1,0.2,1,355038000,10,TX,354737,10.0,11,12,354.737,,,
50n_20p_seed1,0.2,1,355084048,1,RX,354536,,11,13,354.536,1.0,10.0,1.8446744073709552e+19
50n_20p_seed1,0.2,1,355145000,12,TX,354147,12.0,11,12,354.147,,,
50n_20p_seed1,0.2,1,355221048,1,RX,354673,,11,13,354.673,1.0,12.0,526.0
50n_20p_seed1,0.2,1,355345000,17,TX,355260,17.0,11,12,355.26,,,
50n_20p_seed1,0.2,1,355410048,1,RX,354862,,11,13,354.862,1.0,17.0,1.8446744073709552e+19
50n_20p_seed1,0.2,1,355684000,19,TX,355316,19.0,11,12,355.316,,,
50n_20p_seed1,0.2,1,355720048,1,RX,355172,,11,13,355.172,1.0,19.0,1.8446744073709552e+19
50n_20p_seed1,0.2,1,356672000,5,TX,356608,5.0,11,11,356.608,,,
50n_20p_seed1,0.2,1,356733016,1,RX,356185,,11,12,356.185,1.0,5.0,1.8446744073709552e+19
50n_20p_seed1,0.2,1,357649000,16,TX,356788,16.0,11,12,356.788,,,
50n_20p_seed1,0.2,1,357687048,1,RX,357139,,11,13,357.139,1.0,16.0,351.0
50n_20p_seed1,0.2,1,358480000,8,TX,357574,8.0,13,11,357.574,,,
50n_20p_seed1,0.2,1,358508000,45,TX,357717,45.0,11,12,357.717,,,
50n_20p_seed1,0.2,1,358544760,1,RX,357996,,11,13,357.996,1.0,45.0,279.0
50n_20p_seed1,0.2,1,358575016,1,RX,358027,,13,12,358.027,1.0,8.0,453.0
50n_20p_seed1,0.2,1,360295000,15,TX,359950,15.0,11,12,359.95,,,
50n_20p_seed1,0.2,1,360314760,1,RX,359766,,11,13,359.766,1.0,15.0,1.8446744073709552e+19
50n_20p_seed1,0.2,1,361014000,50,TX,360017,50.0,10,12,360.017,,,
50n_20p_seed1,0.2,1,361051048,1,RX,360503,,10,13,360.503,1.0,50.0,486.0
50n_20p_seed1,0.2,1,361259000,24,TX,361080,24.0,10,12,361.08,,,
50n_20p_seed1,0.2,1,361327048,1,RX,360779,,10,13,360.779,1.0,24.0,1.8446744073709552e+19
50n_20p_seed1,0.2,1,361863000,33,TX,361755,33.0,11,12,361.755,,,
50n_20p_seed1,0.2,1,361913048,1,RX,361365,,11,13,361.365,1.0,33.0,1.8446744073709552e+19
50n_20p_seed1,0.2,1,362877000,41,TX,362488,41.0,12,12,362.488,,,
50n_20p_seed1,0.2,1,362935048,1,RX,362387,,12,13,362.387,1.0,41.0,1.8446744073709552e+19
50n_20p_seed1,0.2,1,363229000,9,TX,362990,9.0,11,11,362.99,,,
50n_20p_seed1,0.2,1,363270016,1,RX,362722,,11,12,362.722,1.0,9.0,1.8446744073709552e+19
50n_20p_seed1,0.2,1,363644000,2,TX,362880,2.0,11,11,362.88,,,
50n_20p_seed1,0.2,1,363733016,1,RX,363185,,11,12,363.185,1.0,2.0,305.0
50n_20p_seed1,0.2,1,364902000,47,TX,364478,47.0,11,12,364.478,,,
50n_20p_seed1,0.2,1,364925760,1,RX,364377,,11,13,364.377,1.0,47.0,1.8446744073709552e+19
50n_20p_seed1,0.2,1,365145000,43,TX,364932,43.0,12,12,364.932,,,
50n_20p_seed1,0.2,1,365192000,14,TX,364501,14.0,11,12,364.501,,,
50n_20p_seed1,0.2,1,365200048,1,RX,364652,,12,13,364.652,1.0,43.0,1.8446744073709552e+19
50n_20p_seed1,0.2,1,365214760,1,RX,364666,,11,13,364.666,1.0,14.0,165.0
50n_20p_seed1,0.2,1,365355000,48,TX,365066,48.0,11,12,365.066,,,
50n_20p_seed1,0.2,1,365435048,1,RX,364887,,11,13,364.887,1.0,48.0,1.8446744073709552e+19
50n_20p_seed1,0.2,1,365923000,42,TX,365087,42.0,12,12,365.087,,,
50n_20p_seed1,0.2,1,365963048,1,RX,365415,,12,13,365.415,1.0,42.0,328.0
50n_20p_seed1,0.2,1,366031000,39,TX,365893,39.0,11,12,365.893,,,
50n_20p_seed1,0.2,1,366065760,1,RX,365517,,11,13,365.517,1.0,39.0,1.8446744073709552e+19
50n_20p_seed1,0.2,1,368618000,31,TX,367905,31.0,11,12,367.905,,,
50n_20p_seed1,0.2,1,368629760,1,RX,368081,,11,13,368.081,1.0,31.0,176.0
50n_20p_seed1,0.2,1,368692000,34,TX,367857,34.0,12,12,367.857,,,
50n_20p_seed1,0.2,1,368744048,1,RX,368196,,12,13,368.196,1.0,34.0,339.0
50n_20p_seed1,0.2,1,369266000,3,TX,368625,3.0,11,11,368.625,,,
50n_20p_seed1,0.2,1,369348016,1,RX,368800,,11,12,368.8,1.0,3.0,175.0
50n_20p_seed1,0.2,1,369808000,37,TX,369626,37.0,11,12,369.626,,,
50n_20p_seed1,0.2,1,369819760,1,RX,369271,,11,13,369.271,1.0,37.0,1.8446744073709552e+19
50n_20p_seed1,0.2,1,370263000,4,TX,369293,4.0,10,11,369.293,,,
50n_20p_seed1,0.2,1,370296016,1,RX,369748,,10,12,369.748,1.0,4.0,455.0
50n_20p_seed1,0.2,1,370491000,36,TX,369808,36.0,12,12,369.808,,,
50n_20p_seed1,0.2,1,370503760,1,RX,369955,,12,13,369.955,1.0,36.0,147.0
50n_20p_seed1,0.2,1,371164000,26,TX,370738,26.0,12,12,370.738,,,
50n_20p_seed1,0.2,1,371203048,1,RX,370655,,12,13,370.655,1.0,26.0,1.8446744073709552e+19
50n_20p_seed1,0.2,1,371242000,11,TX,371106,11.0,11,12,371.106,,,
50n_20p_seed1,0.2,1,371314048,1,RX,370766,,11,13,370.766,1.0,11.0,1.8446744073709552e+19
50n_20p_seed1,0.2,1,372716000,22,TX,371996,22.0,13,12,371.996,,,
50n_20p_seed1,0.2,1,372737760,1,RX,372189,,13,13,372.189,1.0,22.0,193.0
50n_20p_seed1,0.2,1,373060000,21,TX,372135,21.0,11,12,372.135,,,
50n_20p_seed1,0.2,1,373079760,1,RX,372531,,11,13,372.531,1.0,21.0,396.0
50n_20p_seed1,0.2,1,373279000,28,TX,372859,28.0,14,12,372.859,,,
50n_20p_seed1,0.2,1,373299760,1,RX,372751,,14,13,372.751,1.0,28.0,1.8446744073709552e+19
50n_20p_seed1,0.2,1,374754000,18,TX,374503,18.0,12,12,374.503,,,
50n_20p_seed1,0.2,1,374775048,1,RX,374227,,12,13,374.227,1.0,18.0,1.8446744073709552e+19
50n_20p_seed1,0.2,1,375059000,6,TX,374245,6.0,12,11,374.245,,,
50n_20p_seed1,0.2,1,375084000,1,RX,374536,,12,12,374.536,1.0,6.0,291.0
50n_20p_seed1,0.2,1,375287000,49,TX,374593,49.0,11,12,374.593,,,
50n_20p_seed1,0.2,1,375326048,1,RX,374778,,11,13,374.778,1.0,49.0,185.0
50n_20p_seed1,0.2,1,375366000,13,TX,374826,13.0,11,12,374.826,,,
50n_20p_seed1,0.2,1,375381760,1,RX,374833,,11,13,374.833,1.0,13.0,7.0
50n_20p_seed1,0.2,1,376016000,35,TX,375405,35.0,11,12,375.405,,,
50n_20p_seed1,0.2,1,376099048,1,RX,375551,,11,13,375.551,1.0,35.0,146.0
50n_20p_seed1,0.2,1,376440000,38,TX,375470,38.0,12,12,375.47,,,
50n_20p_seed1,0.2,1,376445760,1,RX,375897,,12,13,375.897,1.0,38.0,427.0
50n_20p_seed1,0.2,1,376821000,17,TX,376736,17.0,12,12,376.736,,,
50n_20p_seed1,0.2,1,376865048,1,RX,376317,,12,13,376.317,1.0,17.0,1.8446744073709552e+19
50n_20p_seed1,0.2,1,377159000,20,TX,377147,20.0,12,12,377.147,,,
50n_20p_seed1,0.2,1,377178760,1,RX,376630,,12,13,376.63,1.0,20.0,1.8446744073709552e+19
50n_20p_seed1,0.2,1,377769000,27,TX,377104,27.0,12,12,377.104,,,
50n_20p_seed1,0.2,1,377793760,1,RX,377245,,12,13,377.245,1.0,27.0,141.0
50n_20p_seed1,0.2,1,377921000,29,TX,377884,29.0,12,12,377.884,,,
50n_20p_seed1,0.2,1,377930760,1,RX,377382,,12,13,377.382,1.0,29.0,1.8446744073709552e+19
50n_20p_seed1,0.2,1,378889000,23,TX,378600,23.0,12,12,378.6,,,
50n_20p_seed1,0.2,1,378901760,1,RX,378353,,12,13,378.353,1.0,23.0,1.8446744073709552e+19
50n_20p_seed1,0.2,1,379876000,46,TX,379676,46.0,13,12,379.676,,,
50n_20p_seed1,0.2,1,379914760,1,RX,379366,,13,13,379.366,1.0,46.0,1.8446744073709552e+19
50n_20p_seed1,0.2,1,380638000,8,TX,379732,8.0,14,11,379.732,,,
50n_20p_seed1,0.2,1,380665016,1,RX,380117,,14,12,380.117,1.0,8.0,385.0
50n_20p_seed1,0.2,1,381201000,15,TX,380856,15.0,12,12,380.856,,,
50n_20p_seed1,0.2,1,381203000,7,TX,380699,7.0,12,11,380.699,,,
50n_20p_seed1,0.2,1,381218760,1,RX,380670,,12,13,380.67,1.0,15.0,1.8446744073709552e+19
50n_20p_seed1,0.2,1,381267016,1,RX,380719,,12,12,380.719,1.0,7.0,20.0
50n_20p_seed1,0.2,1,382214000,25,TX,381732,25.0,12,12,381.732,,,
50n_20p_seed1,0.2,1,382270048,1,RX,381722,,12,13,381.722,1.0,25.0,1.8446744073709552e+19
50n_20p_seed1,0.2,1,384507000,33,TX,384399,33.0,12,12,384.399,,,
50n_20p_seed1,0.2,1,384549048,1,RX,384001,,12,13,384.001,1.0,33.0,1.8446744073709552e+19
50n_20p_seed1,0.2,1,384788000,30,TX,384737,30.0,12,12,384.737,,,
50n_20p_seed1,0.2,1,384820760,1,RX,384272,,12,13,384.272,1.0,30.0,1.8446744073709552e+19
50n_20p_seed1,0.2,1,385201000,43,TX,384988,43.0,13,12,384.988,,,
50n_20p_seed1,0.2,1,385259048,1,RX,384711,,13,13,384.711,1.0,43.0,1.8446744073709552e+19
50n_20p_seed1,0.2,1,385391000,41,TX,385002,41.0,13,12,385.002,,,
50n_20p_seed1,0.2,1,385451048,1,RX,384903,,13,13,384.903,1.0,41.0,1.8446744073709552e+19
50n_20p_seed1,0.2,1,385723000,44,TX,385303,44.0,12,12,385.303,,,
50n_20p_seed1,0.2,1,385792048,1,RX,385244,,12,13,385.244,1.0,44.0,1.8446744073709552e+19
50n_20p_seed1,0.2,1,386090000,32,TX,385348,32.0,13,12,385.348,,,
50n_20p_seed1,0.2,1,386110760,1,RX,385562,,13,13,385.562,1.0,32.0,214.0
50n_20p_seed1,0.2,1,386138000,5,TX,386074,5.0,12,11,386.074,,,
50n_20p_seed1,0.2,1,386158000,1,RX,385610,,12,12,385.61,1.0,5.0,1.8446744073709552e+19
50n_20p_seed1,0.2,1,386715000,40,TX,386513,40.0,13,12,386.513,,,
50n_20p_seed1,0.2,1,386746760,1,RX,386198,,13,13,386.198,1.0,40.0,1.8446744073709552e+19
50n_20p_seed1,0.2,1,386888000,47,TX,386464,47.0,12,12,386.464,,,
50n_20p_seed1,0.2,1,386927760,1,RX,386379,,12,13,386.379,1.0,47.0,1.8446744073709552e+19
50n_20p_seed1,0.2,1,387997000,12,TX,386999,12.0,12,12,386.999,,,
50n_20p_seed1,0.2,1,388016064,1,RX,387468,,12,13,387.468,1.0,12.0,469.0
50n_20p_seed1,0.2,1,388245000,50,TX,387248,50.0,11,12,387.248,,,
50n_20p_seed1,0.2,1,388327048,1,RX,387779,,11,13,387.779,1.0,50.0,531.0
50n_20p_seed1,0.2,1,388668000,9,TX,388429,9.0,12,11,388.429,,,
50n_20p_seed1,0.2,1,388714016,1,RX,388166,,12,12,388.166,1.0,9.0,1.8446744073709552e+19
50n_20p_seed1,0.2,1,388935000,24,TX,388756,24.0,11,12,388.756,,,
50n_20p_seed1,0.2,1,389012048,1,RX,388464,,11,13,388.464,1.0,24.0,1.8446744073709552e+19
50n_20p_seed1,0.2,1,389713000,16,TX,388852,16.0,12,12,388.852,,,
50n_20p_seed1,0.2,1,389759048,1,RX,389211,,12,13,389.211,1.0,16.0,359.0
50n_20p_seed1,0.2,1,389786000,2,TX,389022,2.0,12,11,389.022,,,
50n_20p_seed1,0.2,1,389882016,1,RX,389334,,12,12,389.334,1.0,2.0,312.0
50n_20p_seed1,0.2,1,390166000,10,TX,389865,10.0,12,12,389.865,,,
50n_20p_seed1,0.2,1,390206048,1,RX,389658,,12,13,389.658,1.0,10.0,1.8446744073709552e+19
50n_20p_seed1,0.2,1,391536000,36,TX,390853,36.0,13,12,390.853,,,
50n_20p_seed1,0.2,1,391548760,1,RX,391000,,13,13,391.0,1.0,36.0,147.0
50n_20p_seed1,0.2,1,392188000,34,TX,391353,34.0,13,12,391.353,,,
50n_20p_seed1,0.2,1,392218048,1,RX,391670,,13,13,391.67,1.0,34.0,317.0
50n_20p_seed1,0.2,1,392241000,19,TX,391873,19.0,12,12,391.873,,,
50n_20p_seed1,0.2,1,392305048,1,RX,391757,,12,13,391.757,1.0,19.0,1.8446744073709552e+19
50n_20p_seed1,0.2,1,392973000,37,TX,392791,37.0,12,12,392.791,,,
50n_20p_seed1,0.2,1,392995760,1,RX,392447,,12,13,392.447,1.0,37.0,1.8446744073709552e+19
50n_20p_seed1,0.2,1,393293000,45,TX,392502,45.0,12,12,392.502,,,
50n_20p_seed1,0.2,1,393310760,1,RX,392762,,12,13,392.762,1.0,45.0,260.0
50n_20p_seed1,0.2,1,394034000,31,TX,393321,31.0,12,12,393.321,,,
50n_20p_seed1,0.2,1,394044760,1,RX,393496,,12,13,393.496,1.0,31.0,175.0
50n_20p_seed1,0.2,1,394534000,4,TX,393564,4.0,11,11,393.564,,,
50n_20p_seed1,0.2,1,394570016,1,RX,394022,,11,12,394.022,1.0,4.0,458.0
50n_20p_seed1,0.2,1,394954000,21,TX,394029,21.0,12,12,394.029,,,
50n_20p_seed1,0.2,1,394971760,1,RX,394423,,12,13,394.423,1.0,21.0,394.0
50n_20p_seed1,0.2,1,396402000,26,TX,395976,26.0,13,12,395.976,,,
50n_20p_seed1,0.2,1,396461048,1,RX,395913,,13,13,395.913,1.0,26.0,1.8446744073709552e+19
50n_20p_seed1,0.2,1,397263000,39,TX,397125,39.0,12,12,397.125,,,
50n_20p_seed1,0.2,1,397273760,1,RX,396725,,12,13,396.725,1.0,39.0,1.8446744073709552e+19
50n_20p_seed1,0.2,1,398126000,27,TX,397461,27.0,13,12,397.461,,,
50n_20p_seed1,0.2,1,398138760,1,RX,397590,,13,13,397.59,1.0,27.0,129.0
50n_20p_seed1,0.2,1,398701000,14,TX,398010,14.0,12,12,398.01,,,
50n_20p_seed1,0.2,1,398722760,1,RX,398174,,12,13,398.174,1.0,14.0,164.0
50n_20p_seed1,0.2,1,400766296,49,TX,400072,49.0,12,12,400.072,,,
50n_20p_seed1,0.2,1,400786048,1,RX,400238,,12,13,400.238,1.0,49.0,166.0
50n_20p_seed1,0.2,1,401636000,8,TX,400730,8.0,15,11,400.73,,,
50n_20p_seed1,0.2,1,401669016,1,RX,401121,,15,12,401.121,1.0,8.0,391.0
50n_20p_seed1,0.2,1,403343000,11,TX,403207,11.0,12,12,403.207,,,
50n_20p_seed1,0.2,1,403403048,1,RX,402855,,12,13,402.855,1.0,11.0,1.8446744073709552e+19
50n_20p_seed1,0.2,1,404321000,25,TX,403839,25.0,13,12,403.839,,,
50n_20p_seed1,0.2,1,404383048,1,RX,403835,,13,13,403.835,1.0,25.0,1.8446744073709552e+19
50n_20p_seed1,0.2,1,404793000,38,TX,403823,38.0,13,12,403.823,,,
50n_20p_seed1,0.2,1,404809000,22,TX,404089,22.0,14,12,404.089,,,
50n_20p_seed1,0.2,1,404809760,1,RX,404261,,13,13,404.261,1.0,38.0,438.0
50n_20p_seed1,0.2,1,404834760,1,RX,404286,,14,13,404.286,1.0,22.0,197.0
50n_20p_seed1,0.2,1,405233000,48,TX,404944,48.0,12,12,404.944,,,
50n_20p_seed1,0.2,1,405277048,1,RX,404729,,12,13,404.729,1.0,48.0,1.8446744073709552e+19
50n_20p_seed1,0.2,1,405316000,13,TX,404776,13.0,12,12,404.776,,,
50n_20p_seed1,0.2,1,405334760,1,RX,404786,,12,13,404.786,1.0,13.0,10.0
50n_20p_seed1,0.2,1,405401000,46,TX,405201,46.0,14,12,405.201,,,
50n_20p_seed1,0.2,1,405425760,1,RX,404877,,14,13,404.877,1.0,46.0,1.8446744073709552e+19
50n_20p_seed1,0.2,1,405559000,42,TX,404723,42.0,13,12,404.723,,,
50n_20p_seed1,0.2,1,405593048,1,RX,405045,,13,13,405.045,1.0,42.0,322.0
50n_20p_seed1,0.2,1,405615000,30,TX,405564,30.0,13,12,405.564,,,
50n_20p_seed1,0.2,1,405642760,1,RX,405094,,13,13,405.094,1.0,30.0,1.8446744073709552e+19
50n_20p_seed1,0.2,1,406324000,28,TX,405904,28.0,15,12,405.904,,,
50n_20p_seed1,0.2,1,406366760,1,RX,405818,,15,13,405.818,1.0,28.0,1.8446744073709552e+19
50n_20p_seed1,0.2,1,406473000,18,TX,406222,18.0,13,12,406.222,,,
50n_20p_seed1,0.2,1,406542048,1,RX,405994,,13,13,405.994,1.0,18.0,1.8446744073709552e+19
50n_20p_seed1,0.2,1,407862000,40,TX,407660,40.0,14,12,407.66,,,
50n_20p_seed1,0.2,1,407871760,1,RX,407323,,14,13,407.323,1.0,40.0,1.8446744073709552e+19
50n_20p_seed1,0.2,1,408032000,3,TX,407391,3.0,12,11,407.391,,,
50n_20p_seed1,0.2,1,408112016,1,RX,407564,,12,12,407.564,1.0,3.0,173.0
50n_20p_seed1,0.2,1,408891000,6,TX,408077,6.0,13,11,408.077,,,
50n_20p_seed1,0.2,1,408997016,1,RX,408449,,13,12,408.449,1.0,6.0,372.0
50n_20p_seed1,0.2,1,409812000,35,TX,409201,35.0,12,12,409.201,,,
50n_20p_seed1,0.2,1,409855048,1,RX,409307,,12,13,409.307,1.0,35.0,106.0
50n_20p_seed1,0.2,1,410537000,20,TX,410525,20.0,13,12,410.525,,,
50n_20p_seed1,0.2,1,410549760,1,RX,410001,,13,13,410.001,1.0,20.0,1.8446744073709552e+19
50n_20p_seed1,0.2,1,410895000,43,TX,410682,43.0,14,12,410.682,,,
50n_20p_seed1,0.2,1,410938048,1,RX,410390,,14,13,410.39,1.0,43.0,1.8446744073709552e+19
50n_20p_seed1,0.2,1,411112000,41,TX,410723,41.0,14,12,410.723,,,
50n_20p_seed1,0.2,1,411147048,1,RX,410599,,14,13,410.599,1.0,41.0,1.8446744073709552e+19
50n_20p_seed1,0.2,1,411335000,32,TX,410593,32.0,14,12,410.593,,,
50n_20p_seed1,0.2,1,411351760,1,RX,410803,,14,13,410.803,1.0,32.0,210.0
50n_20p_seed1,0.2,1,412302000,17,TX,412217,17.0,13,12,412.217,,,
50n_20p_seed1,0.2,1,412348048,1,RX,411800,,13,13,411.8,1.0,17.0,1.8446744073709552e+19
50n_20p_seed1,0.2,1,413940000,29,TX,413903,29.0,13,12,413.903,,,
50n_20p_seed1,0.2,1,413951760,1,RX,413403,,13,13,413.403,1.0,29.0,1.8446744073709552e+19
50n_20p_seed1,0.2,1,414299000,16,TX,413438,16.0,13,12,413.438,,,
50n_20p_seed1,0.2,1,414340048,1,RX,413792,,13,13,413.792,1.0,16.0,354.0
50n_20p_seed1,0.2,1,414891000,7,TX,414387,7.0,13,11,414.387,,,
50n_20p_seed1,0.2,1,414937016,1,RX,414389,,13,12,414.389,1.0,7.0,2.0
50n_20p_seed1,0.2,1,415660000,10,TX,415359,10.0,13,12,415.359,,,
50n_20p_seed1,0.2,1,415702048,1,RX,415154,,13,13,415.154,1.0,10.0,1.8446744073709552e+19
50n_20p_seed1,0.2,1,415853000,19,TX,415485,19.0,13,12,415.485,,,
50n_20p_seed1,0.2,1,415932048,1,RX,415384,,13,13,415.384,1.0,19.0,1.8446744073709552e+19
50n_20p_seed1,0.2,1,416109000,23,TX,415820,23.0,13,12,415.82,,,
50n_20p_seed1,0.2,1,416146760,1,RX,415598,,13,13,415.598,1.0,23.0,1.8446744073709552e+19
50n_20p_seed1,0.2,1,416660000,15,TX,416315,15.0,13,12,416.315,,,
50n_20p_seed1,0.2,1,416688760,1,RX,416140,,13,13,416.14,1.0,15.0,1.8446744073709552e+19
50n_20p_seed1,0.2,1,416824000,45,TX,416033,45.0,13,12,416.033,,,
50n_20p_seed1,0.2,1,416833760,1,RX,416285,,13,13,416.285,1.0,45.0,252.0
50n_20p_seed1,0.2,1,417357000,44,TX,416937,44.0,13,12,416.937,,,
50n_20p_seed1,0.2,1,417408048,1,RX,416860,,13,13,416.86,1.0,44.0,1.8446744073709552e+19
50n_20p_seed1,0.2,1,418268000,33,TX,418160,33.0,13,12,418.16,,,
50n_20p_seed1,0.2,1,418325048,1,RX,417777,,13,13,417.777,1.0,33.0,1.8446744073709552e+19
50n_20p_seed1,0.2,1,418350000,39,TX,418212,39.0,13,12,418.212,,,
50n_20p_seed1,0.2,1,418381760,1,RX,417833,,13,13,417.833,1.0,39.0,1.8446744073709552e+19
50n_20p_seed1,0.2,1,418821000,9,TX,418582,9.0,13,11,418.582,,,
50n_20p_seed1,0.2,1,418847016,1,RX,418299,,13,12,418.299,1.0,9.0,1.8446744073709552e+19
50n_20p_seed1,0.2,1,418923000,34,TX,418088,34.0,14,12,418.088,,,
50n_20p_seed1,0.2,1,418971048,1,RX,418423,,14,13,418.423,1.0,34.0,335.0
50n_20p_seed1,0.2,1,420736000,47,TX,420312,47.0,13,12,420.312,,,
50n_20p_seed1,0.2,1,420755000,1,RX,420207,,13,13,420.207,1.0,47.0,1.8446744073709552e+19
50n_20p_seed1,0.2,1,421998000,14,TX,421307,14.0,13,12,421.307,,,
50n_20p_seed1,0.2,1,422003760,1,RX,421455,,13,13,421.455,1.0,14.0,148.0
50n_20p_seed1,0.2,1,422389000,26,TX,421963,26.0,14,12,421.963,,,
50n_20p_seed1,0.2,1,422447048,1,RX,421899,,14,13,421.899,1.0,26.0,1.8446744073709552e+19
50n_20p_seed1,0.2,1,423432000,24,TX,423253,24.0,12,12,423.253,,,
50n_20p_seed1,0.2,1,423503048,1,RX,422955,,12,13,422.955,1.0,24.0,1.8446744073709552e+19
50n_20p_seed1,0.2,1,423956000,2,TX,423192,2.0,13,11,423.192,,,
50n_20p_seed1,0.2,1,424040016,1,RX,423492,,13,12,423.492,1.0,2.0,300.0
50n_20p_seed1,0.2,1,424519000,5,TX,424455,5.0,13,11,424.455,,,
50n_20p_seed1,0.2,1,424572016,1,RX,424024,,13,12,424.024,1.0,5.0,1.8446744073709552e+19
50n_20p_seed1,0.2,1,425125000,27,TX,424460,27.0,14,12,424.46,,,
50n_20p_seed1,0.2,1,425147760,1,RX,424599,,14,13,424.599,1.0,27.0,139.0
50n_20p_seed1,0.2,1,425247000,37,TX,425065,37.0,13,12,425.065,,,
50n_20p_seed1,0.2,1,425256760,1,RX,424708,,13,13,424.708,1.0,37.0,1.8446744073709552e+19
50n_20p_seed1,0.2,1,426724000,50,TX,425727,50.0,12,12,425.727,,,
50n_20p_seed1,0.2,1,426796048,1,RX,426248,,12,13,426.248,1.0,50.0,521.0
50n_20p_seed1,0.2,1,427532000,11,TX,427396,11.0,13,12,427.396,,,
50n_20p_seed1,0.2,1,427593048,1,RX,427045,,13,13,427.045,1.0,11.0,1.8446744073709552e+19
50n_20p_seed1,0.2,1,427769000,12,TX,426771,12.0,13,12,426.771,,,
50n_20p_seed1,0.2,1,427846048,1,RX,427298,,13,13,427.298,1.0,12.0,527.0
50n_20p_seed1,0.2,1,430247000,35,TX,429636,35.0,13,12,429.636,,,
50n_20p_seed1,0.2,1,430281048,1,RX,429733,,13,13,429.733,1.0,35.0,97.0
50n_20p_seed1,0.2,1,430679000,36,TX,429996,36.0,14,12,429.996,,,
50n_20p_seed1,0.2,1,430716760,1,RX,430168,,14,13,430.168,1.0,36.0,172.0
50n_20p_seed1,0.2,1,431037000,49,TX,430343,49.0,13,12,430.343,,,
50n_20p_seed1,0.2,1,431078048,1,RX,430530,,13,13,430.53,1.0,49.0,187.0
50n_20p_seed1,0.2,1,431255000,31,TX,430542,31.0,13,12,430.542,,,
50n_20p_seed1,0.2,1,431271000,20,TX,431259,20.0,14,12,431.259,,,
50n_20p_seed1,0.2,1,431297000,1,RX,430749,,14,13,430.749,1.0,20.0,1.8446744073709552e+19
50n_20p_seed1,0.2,1,431299760,1,RX,430751,,13,13,430.751,1.0,31.0,209.0
50n_20p_seed1,0.2,1,431494000,21,TX,430569,21.0,13,12,430.569,,,
50n_20p_seed1,0.2,1,431499760,1,RX,430951,,13,13,430.951,1.0,21.0,382.0
50n_20p_seed1,0.2,1,431960000,4,TX,430990,4.0,12,11,430.99,,,
50n_20p_seed1,0.2,1,431999016,1,RX,431451,,12,12,431.451,1.0,4.0,461.0
50n_20p_seed1,0.2,1,432849000,46,TX,432649,46.0,15,12,432.649,,,
50n_20p_seed1,0.2,1,432877760,1,RX,432329,,15,13,432.329,1.0,46.0,1.8446744073709552e+19
50n_20p_seed1,0.2,1,434604000,40,TX,434402,40.0,15,12,434.402,,,
50n_20p_seed1,0.2,1,434609760,1,RX,434061,,15,13,434.061,1.0,40.0,1.8446744073709552e+19
50n_20p_seed1,0.2,1,435360000,13,TX,434820,13.0,13,12,434.82,,,
50n_20p_seed1,0.2,1,435404760,1,RX,434856,,13,13,434.856,1.0,13.0,36.0
50n_20p_seed1,0.2,1,435765000,16,TX,434904,16.0,14,12,434.904,,,
50n_20p_seed1,0.2,1,435787048,1,RX,435239,,14,13,435.239,1.0,16.0,335.0
50n_20p_seed1,0.2,1,437077000,6,TX,436263,6.0,14,11,436.263,,,
50n_20p_seed1,0.2,1,437147016,1,RX,436599,,14,12,436.599,1.0,6.0,336.0
50n_20p_seed1,0.2,1,437433000,18,TX,437182,18.0,14,12,437.182,,,
50n_20p_seed1,0.2,1,437467048,1,RX,436919,,14,13,436.919,1.0,18.0,1.8446744073709552e+19
50n_20p_seed1,0.2,1,438142000,8,TX,437236,8.0,16,11,437.236,,,
50n_20p_seed1,0.2,1,438208016,1,RX,437660,,16,12,437.66,1.0,8.0,424.0
50n_20p_seed1,0.2,1,438637000,25,TX,438155,25.0,14,12,438.155,,,
50n_20p_seed1,0.2,1,438677000,17,TX,438592,17.0,14,12,438.592,,,
50n_20p_seed1,0.2,1,438694048,1,RX,438146,,14,13,438.146,1.0,25.0,1.8446744073709552e+19
50n_20p_seed1,0.2,1,438717048,1,RX,438169,,14,13,438.169,1.0,17.0,1.8446744073709552e+19
50n_20p_seed1,0.2,1,439240000,10,TX,438939,10.0,14,12,438.939,,,
50n_20p_seed1,0.2,1,439266048,1,RX,438718,,14,13,438.718,1.0,10.0,1.8446744073709552e+19
50n_20p_seed1,0.2,1,439378000,43,TX,439165,43.0,15,12,439.165,,,
50n_20p_seed1,0.2,1,439433048,1,RX,438885,,15,13,438.885,1.0,43.0,1.8446744073709552e+19
50n_20p_seed1,0.2,1,441065000,41,TX,440676,41.0,15,12,440.676,,,
50n_20p_seed1,0.2,1,441116048,1,RX,440568,,15,13,440.568,1.0,41.0,1.8446744073709552e+19
50n_20p_seed1,0.2,1,442037000,7,TX,441533,7.0,14,11,441.533,,,
50n_20p_seed1,0.2,1,442082000,1,RX,441534,,14,12,441.534,1.0,7.0,1.0
50n_20p_seed1,0.2,1,442183000,33,TX,442075,33.0,14,12,442.075,,,
50n_20p_seed1,0.2,1,442238048,1,RX,441690,,14,13,441.69,1.0,33.0,1.8446744073709552e+19
50n_20p_seed1,0.2,1,442339000,42,TX,441503,42.0,14,12,441.503,,,
50n_20p_seed1,0.2,1,442380000,3,TX,441739,3.0,13,11,441.739,,,
50n_20p_seed1,0.2,1,442391048,1,RX,441843,,14,13,441.843,1.0,42.0,340.0
50n_20p_seed1,0.2,1,442404000,22,TX,441684,22.0,15,12,441.684,,,
50n_20p_seed1,0.2,1,442451016,1,RX,441903,,13,12,441.903,1.0,3.0,164.0
50n_20p_seed1,0.2,1,442514760,1,RX,441966,,15,13,441.966,1.0,22.0,282.0
50n_20p_seed1,0.2,1,442668000,38,TX,441698,38.0,14,12,441.698,,,
50n_20p_seed1,0.2,1,442700760,1,RX,442152,,14,13,442.152,1.0,38.0,454.0
50n_20p_seed1,0.2,1,443481000,14,TX,442790,14.0,14,12,442.79,,,
50n_20p_seed1,0.2,1,443487760,1,RX,442939,,14,13,442.939,1.0,14.0,149.0
50n_20p_seed1,0.2,1,443874000,23,TX,443585,23.0,14,12,443.585,,,
50n_20p_seed1,0.2,1,443897760,1,RX,443349,,14,13,443.349,1.0,23.0,1.8446744073709552e+19
50n_20p_seed1,0.2,1,444417000,30,TX,444366,30.0,14,12,444.366,,,
50n_20p_seed1,0.2,1,444439760,1,RX,443891,,14,13,443.891,1.0,30.0,1.8446744073709552e+19
50n_20p_seed1,0.2,1,444957000,48,TX,444668,48.0,13,12,444.668,,,
50n_20p_seed1,0.2,1,445012048,1,RX,444464,,13,13,444.464,1.0,48.0,1.8446744073709552e+19
50n_20p_seed1,0.2,1,445069000,28,TX,444649,28.0,16,12,444.649,,,
50n_20p_seed1,0.2,1,445079760,1,RX,444531,,16,13,444.531,1.0,28.0,1.8446744073709552e+19
50n_20p_seed1,0.2,1,447647000,9,TX,447408,9.0,14,11,447.408,,,
50n_20p_seed1,0.2,1,447675000,1,RX,447127,,14,12,447.127,1.0,9.0,1.8446744073709552e+19
50n_20p_seed1,0.2,1,447756000,2,TX,446992,2.0,14,11,446.992,,,
50n_20p_seed1,0.2,1,447831016,1,RX,447283,,14,12,447.283,1.0,2.0,291.0
50n_20p_seed1,0.2,1,448190000,19,TX,447822,19.0,14,12,447.822,,,
50n_20p_seed1,0.2,1,448208048,1,RX,447660,,14,13,447.66,1.0,19.0,1.8446744073709552e+19
50n_20p_seed1,0.2,1,449301000,5,TX,449237,5.0,14,11,449.237,,,
50n_20p_seed1,0.2,1,449328016,1,RX,448780,,14,12,448.78,1.0,5.0,1.8446744073709552e+19
50n_20p_seed1,0.2,1,450065000,45,TX,449274,45.0,14,12,449.274,,,
50n_20p_seed1,0.2,1,450108760,1,RX,449560,,14,13,449.56,1.0,45.0,286.0
50n_20p_seed1,0.2,1,450262000,27,TX,449597,27.0,15,12,449.597,,,
50n_20p_seed1,0.2,1,450277760,1,RX,449729,,15,13,449.729,1.0,27.0,132.0
50n_20p_seed1,0.2,1,450575000,29,TX,450538,29.0,14,12,450.538,,,
50n_20p_seed1,0.2,1,450585760,1,RX,450037,,14,13,450.037,1.0,29.0,1.8446744073709552e+19
50n_20p_seed1,0.2,1,451065000,44,TX,450645,44.0,14,12,450.645,,,
50n_20p_seed1,0.2,1,451122048,1,RX,450574,,14,13,450.574,1.0,44.0,1.8446744073709552e+19
50n_20p_seed1,0.2,1,451302000,32,TX,450560,32.0,15,12,450.56,,,
50n_20p_seed1,0.2,1,451329760,1,RX,450781,,15,13,450.781,1.0,32.0,221.0
50n_20p_seed1,0.2,1,451545000,12,TX,450547,12.0,14,12,450.547,,,
50n_20p_seed1,0.2,1,451594048,1,RX,451046,,14,13,451.046,1.0,12.0,499.0
50n_20p_seed1,0.2,1,451934000,26,TX,451508,26.0,15,12,451.508,,,
50n_20p_seed1,0.2,1,451974048,1,RX,451426,,15,13,451.426,1.0,26.0,1.8446744073709552e+19
50n_20p_seed1,0.2,1,452354000,36,TX,451671,36.0,15,12,451.671,,,
50n_20p_seed1,0.2,1,452389760,1,RX,451841,,15,13,451.841,1.0,36.0,170.0
50n_20p_seed1,0.2,1,453354000,20,TX,453342,20.0,15,12,453.342,,,
50n_20p_seed1,0.2,1,453363760,1,RX,452815,,15,13,452.815,1.0,20.0,1.8446744073709552e+19
50n_20p_seed1,0.2,1,453457000,49,TX,452763,49.0,14,12,452.763,,,
50n_20p_seed1,0.2,1,453479048,1,RX,452931,,14,13,452.931,1.0,49.0,168.0
50n_20p_seed1,0.2,1,453552000,15,TX,453207,15.0,14,12,453.207,,,
50n_20p_seed1,0.2,1,453592760,1,RX,453044,,14,13,453.044,1.0,15.0,1.8446744073709552e+19
50n_20p_seed1,0.2,1,453791000,37,TX,453609,37.0,14,12,453.609,,,
50n_20p_seed1,0.2,1,453829760,1,RX,453281,,14,13,453.281,1.0,37.0,1.8446744073709552e+19
50n_20p_seed1,0.2,1,456622000,31,TX,455909,31.0,14,12,455.909,,,
50n_20p_seed1,0.2,1,456654760,1,RX,456106,,14,13,456.106,1.0,31.0,197.0
50n_20p_seed1,0.2,1,457418000,34,TX,456583,34.0,15,12,456.583,,,
50n_20p_seed1,0.2,1,457446048,1,RX,456898,,15,13,456.898,1.0,34.0,315.0
50n_20p_seed1,0.2,1,457469000,39,TX,457331,39.0,14,12,457.331,,,
50n_20p_seed1,0.2,1,457490760,1,RX,456942,,14,13,456.942,1.0,39.0,1.8446744073709552e+19
50n_20p_seed1,0.2,1,457666000,47,TX,457242,47.0,14,12,457.242,,,
50n_20p_seed1,0.2,1,457679760,1,RX,457131,,14,13,457.131,1.0,47.0,1.8446744073709552e+19
50n_20p_seed1,0.2,1,458010000,24,TX,457831,24.0,13,12,457.831,,,
50n_20p_seed1,0.2,1,458037000,40,TX,457835,40.0,16,12,457.835,,,
50n_20p_seed1,0.2,1,458056760,1,RX,457508,,16,13,457.508,1.0,40.0,1.8446744073709552e+19
50n_20p_seed1,0.2,1,458076048,1,RX,457528,,13,13,457.528,1.0,24.0,1.8446744073709552e+19
50n_20p_seed1,0.2,1,459879000,50,TX,458882,50.0,13,12,458.882,,,
50n_20p_seed1,0.2,1,459950048,1,RX,459402,,13,13,459.402,1.0,50.0,520.0
50n_20p_seed1,0.2,1,459991000,13,TX,459451,13.0,14,12,459.451,,,
50n_20p_seed1,0.2,1,460007760,1,RX,459459,,14,13,459.459,1.0,13.0,8.0
50n_20p_seed1,0.2,1,460372000,46,TX,460172,46.0,16,12,460.172,,,
50n_20p_seed1,0.2,1,460390760,1,RX,459842,,16,13,459.842,1.0,46.0,1.8446744073709552e+19
50n_20p_seed1,0.2,1,460566000,18,TX,460315,18.0,15,12,460.315,,,
50n_20p_seed1,0.2,1,460637048,1,RX,460089,,15,13,460.089,1.0,18.0,1.8446744073709552e+19
50n_20p_seed1,0.2,1,461437000,25,TX,460955,25.0,15,12,460.955,,,
50n_20p_seed1,0.2,1,461466048,1,RX,460918,,15,13,460.918,1.0,25.0,1.8446744073709552e+19
50n_20p_seed1,0.2,1,465019000,42,TX,464183,42.0,15,12,464.183,,,
50n_20p_seed1,0.2,1,465047048,1,RX,464499,,15,13,464.499,1.0,42.0,316.0
50n_20p_seed1,0.2,1,466008000,11,TX,465872,11.0,14,12,465.872,,,
50n_20p_seed1,0.2,1,466049048,1,RX,465501,,14,13,465.501,1.0,11.0,1.8446744073709552e+19
50n_20p_seed1,0.2,1,466496000,48,TX,466207,48.0,14,12,466.207,,,
50n_20p_seed1,0.2,1,466562048,1,RX,466014,,14,13,466.014,1.0,48.0,1.8446744073709552e+19
50n_20p_seed1,0.2,1,466583000,38,TX,465613,38.0,15,12,465.613,,,
50n_20p_seed1,0.2,1,466622760,1,RX,466074,,15,13,466.074,1.0,38.0,461.0
50n_20p_seed1,0.2,1,467118000,35,TX,466507,35.0,14,12,466.507,,,
50n_20p_seed1,0.2,1,467152048,1,RX,466604,,14,13,466.604,1.0,35.0,97.0
50n_20p_seed1,0.2,1,467254000,6,TX,466440,6.0,15,11,466.44,,,
50n_20p_seed1,0.2,1,467295016,1,RX,466747,,15,12,466.747,1.0,6.0,307.0
50n_20p_seed1,0.2,1,468294000,23,TX,468005,23.0,15,12,468.005,,,
50n_20p_seed1,0.2,1,468323760,1,RX,467775,,15,13,467.775,1.0,23.0,1.8446744073709552e+19
50n_20p_seed1,0.2,1,468603000,21,TX,467678,21.0,14,12,467.678,,,
50n_20p_seed1,0.2,1,468642760,1,RX,468094,,14,13,468.094,1.0,21.0,416.0
50n_20p_seed1,0.2,1,468810000,4,TX,467840,4.0,13,11,467.84,,,
50n_20p_seed1,0.2,1,468845016,1,RX,468297,,13,12,468.297,1.0,4.0,457.0
50n_20p_seed1,0.2,1,469583000,14,TX,468892,14.0,15,12,468.892,,,
50n_20p_seed1,0.2,1,469593760,1,RX,469045,,15,13,469.045,1.0,14.0,153.0
50n_20p_seed1,0.2,1,470297000,27,TX,469632,27.0,16,12,469.632,,,
50n_20p_seed1,0.2,1,470322760,1,RX,469774,,16,13,469.774,1.0,27.0,142.0
50n_20p_seed1,0.2,1,470808000,8,TX,469902,8.0,17,11,469.902,,,
50n_20p_seed1,0.2,1,470844016,1,RX,470296,,17,12,470.296,1.0,8.0,394.0
50n_20p_seed1,0.2,1,471301000,19,TX,470933,19.0,15,12,470.933,,,
50n_20p_seed1,0.2,1,471323048,1,RX,470775,,15,13,470.775,1.0,19.0,1.8446744073709552e+19
50n_20p_seed1,0.2,1,471657000,41,TX,471268,41.0,16,12,471.268,,,
50n_20p_seed1,0.2,1,471697048,1,RX,471149,,16,13,471.149,1.0,41.0,1.8446744073709552e+19
50n_20p_seed1,0.2,1,472580000,32,TX,471838,32.0,16,12,471.838,,,
50n_20p_seed1,0.2,1,472616760,1,RX,472068,,16,13,472.068,1.0,32.0,230.0
50n_20p_seed1,0.2,1,472960000,16,TX,472099,16.0,15,12,472.099,,,
50n_20p_seed1,0.2,1,472994048,1,RX,472446,,15,13,472.446,1.0,16.0,347.0
50n_20p_seed1,0.2,1,473759000,30,TX,473708,30.0,15,12,473.708,,,
50n_20p_seed1,0.2,1,473785760,1,RX,473237,,15,13,473.237,1.0,30.0,1.8446744073709552e+19
50n_20p_seed1,0.2,1,474884000,49,TX,474190,49.0,15,12,474.19,,,
50n_20p_seed1,0.2,1,474917048,1,RX,474369,,15,13,474.369,1.0,49.0,179.0
50n_20p_seed1,0.2,1,475338000,12,TX,474340,12.0,15,12,474.34,,,
50n_20p_seed1,0.2,1,475411048,1,RX,474863,,15,13,474.863,1.0,12.0,523.0
50n_20p_seed1,0.2,1,477018000,7,TX,476514,7.0,15,11,476.514,,,
50n_20p_seed1,0.2,1,477084016,1,RX,476536,,15,12,476.536,1.0,7.0,22.0
50n_20p_seed1,0.2,1,477367000,10,TX,477066,10.0,15,12,477.066,,,
50n_20p_seed1,0.2,1,477425048,1,RX,476877,,15,13,476.877,1.0,10.0,1.8446744073709552e+19
50n_20p_seed1,0.2,1,477502000,2,TX,476738,2.0,15,11,476.738,,,
50n_20p_seed1,0.2,1,477544016,1,RX,476996,,15,12,476.996,1.0,2.0,258.0
50n_20p_seed1,0.2,1,477909000,43,TX,477696,43.0,16,12,477.696,,,
50n_20p_seed1,0.2,1,477935048,1,RX,477387,,16,13,477.387,1.0,43.0,1.8446744073709552e+19
50n_20p_seed1,0.2,1,478269000,17,TX,478184,17.0,15,12,478.184,,,
50n_20p_seed1,0.2,1,478293000,29,TX,478256,29.0,15,12,478.256,,,
50n_20p_seed1,0.2,1,478300760,1,RX,477752,,15,13,477.752,1.0,29.0,1.8446744073709552e+19
50n_20p_seed1,0.2,1,478335048,1,RX,477787,,15,13,477.787,1.0,17.0,1.8446744073709552e+19
50n_20p_seed1,0.2,1,479961000,47,TX,479537,47.0,15,12,479.537,,,
50n_20p_seed1,0.2,1,479967760,1,RX,479419,,15,13,479.419,1.0,47.0,1.8446744073709552e+19
50n_20p_seed1,0.2,1,480109000,40,TX,479907,40.0,17,12,479.907,,,
50n_20p_seed1,0.2,1,480122760,1,RX,479574,,17,13,479.574,1.0,40.0,1.8446744073709552e+19
50n_20p_seed1,0.2,1,480264000,33,TX,480156,33.0,15,12,480.156,,,
50n_20p_seed1,0.2,1,480296048,1,RX,479748,,15,13,479.748,1.0,33.0,1.8446744073709552e+19
50n_20p_seed1,0.2,1,480355000,3,TX,479714,3.0,14,11,479.714,,,
50n_20p_seed1,0.2,1,480381000,37,TX,480199,37.0,15,12,480.199,,,
50n_20p_seed1,0.2,1,480421760,1,RX,479873,,15,13,479.873,1.0,37.0,1.8446744073709552e+19
50n_20p_seed1,0.2,1,480427016,1,RX,479879,,14,12,479.879,1.0,3.0,165.0
50n_20p_seed1,0.2,1,480990000,22,TX,480270,22.0,16,12,480.27,,,
50n_20p_seed1,0.2,1,481012760,1,RX,480464,,16,13,480.464,1.0,22.0,194.0
50n_20p_seed1,0.2,1,481119000,24,TX,480940,24.0,14,12,480.94,,,
50n_20p_seed1,0.2,1,481153048,1,RX,480605,,14,13,480.605,1.0,24.0,1.8446744073709552e+19
50n_20p_seed1,0.2,1,482838000,9,TX,482599,9.0,15,11,482.599,,,
50n_20p_seed1,0.2,1,482918016,1,RX,482370,,15,12,482.37,1.0,9.0,1.8446744073709552e+19
50n_20p_seed1,0.2,1,484580000,28,TX,484160,28.0,17,12,484.16,,,
50n_20p_seed1,0.2,1,484610760,1,RX,484062,,17,13,484.062,1.0,28.0,1.8446744073709552e+19
50n_20p_seed1,0.2,1,485203000,25,TX,484721,25.0,16,12,484.721,,,
50n_20p_seed1,0.2,1,485268048,1,RX,484720,,16,13,484.72,1.0,25.0,1.8446744073709552e+19
50n_20p_seed1,0.2,1,485387000,5,TX,485323,5.0,15,11,485.323,,,
50n_20p_seed1,0.2,1,485447016,1,RX,484899,,15,12,484.899,1.0,5.0,1.8446744073709552e+19
50n_20p_seed1,0.2,1,485566000,26,TX,485140,26.0,16,12,485.14,,,
50n_20p_seed1,0.2,1,485582064,1,RX,485034,,16,13,485.034,1.0,26.0,1.8446744073709552e+19
50n_20p_seed1,0.2,1,485797000,34,TX,484962,34.0,16,12,484.962,,,
50n_20p_seed1,0.2,1,485830048,1,RX,485282,,16,13,485.282,1.0,34.0,320.0
50n_20p_seed1,0.2,1,486935000,46,TX,486735,46.0,17,12,486.735,,,
50n_20p_seed1,0.2,1,486956760,1,RX,486408,,17,13,486.408,1.0,46.0,1.8446744073709552e+19
50n_20p_seed1,0.2,1,487536000,18,TX,487285,18.0,16,12,487.285,,,
50n_20p_seed1,0.2,1,487620048,1,RX,487072,,16,13,487.072,1.0,18.0,1.8446744073709552e+19
50n_20p_seed1,0.2,1,487801000,44,TX,487381,44.0,15,12,487.381,,,
50n_20p_seed1,0.2,1,487835048,1,RX,487287,,15,13,487.287,1.0,44.0,1.8446744073709552e+19
50n_20p_seed1,0.2,1,489172000,15,TX,488827,15.0,15,12,488.827,,,
50n_20p_seed1,0.2,1,489196760,1,RX,488648,,15,13,488.648,1.0,15.0,1.8446744073709552e+19
50n_20p_seed1,0.2,1,489496000,45,TX,488705,45.0,15,12,488.705,,,
50n_20p_seed1,0.2,1,489513760,1,RX,488965,,15,13,488.965,1.0,45.0,260.0
50n_20p_seed1,0.2,1,490636000,36,TX,489953,36.0,16,12,489.953,,,
50n_20p_seed1,0.2,1,490672760,1,RX,490124,,16,13,490.124,1.0,36.0,171.0
50n_20p_seed1,0.2,1,491645000,20,TX,491633,20.0,16,12,491.633,,,
50n_20p_seed1,0.2,1,491673760,1,RX,491125,,16,13,491.125,1.0,20.0,1.8446744073709552e+19
50n_20p_seed1,0.2,1,492461000,39,TX,492323,39.0,15,12,492.323,,,
50n_20p_seed1,0.2,1,492476760,1,RX,491928,,15,13,491.928,1.0,39.0,1.8446744073709552e+19
50n_20p_seed1,0.2,1,493376000,42,TX,492540,42.0,16,12,492.54,,,
50n_20p_seed1,0.2,1,493392064,1,RX,492844,,16,13,492.844,1.0,42.0,304.0
50n_20p_seed1,0.2,1,493489000,11,TX,493353,11.0,15,12,493.353,,,
50n_20p_seed1,0.2,1,493539048,1,RX,492991,,15,13,492.991,1.0,11.0,1.8446744073709552e+19
50n_20p_seed1,0.2,1,494831000,31,TX,494118,31.0,15,12,494.118,,,
50n_20p_seed1,0.2,1,494856760,1,RX,494308,,15,13,494.308,1.0,31.0,190.0
50n_20p_seed1,0.2,1,496218000,16,TX,495357,16.0,16,12,495.357,,,
50n_20p_seed1,0.2,1,496259048,1,RX,495711,,16,13,495.711,1.0,16.0,354.0
50n_20p_seed1,0.2,1,496846000,50,TX,495849,50.0,14,12,495.849,,,
50n_20p_seed1,0.2,1,496916048,1,RX,496368,,14,13,496.368,1.0,50.0,519.0
50n_20p_seed1,0.2,1,497654000,13,TX,497114,13.0,15,12,497.114,,,
50n_20p_seed1,0.2,1,497660760,1,RX,497112,,15,13,497.112,1.0,13.0,1.8446744073709552e+19
50n_20p_seed1,0.2,1,497885000,49,TX,497191,49.0,16,12,497.191,,,
50n_20p_seed1,0.2,1,497929048,1,RX,497381,,16,13,497.381,1.0,49.0,190.0
50n_20p_seed1,0.2,1,498451000,29,TX,498414,29.0,16,12,498.414,,,
50n_20p_seed1,0.2,1,498467760,1,RX,497919,,16,13,497.919,1.0,29.0,1.8446744073709552e+19
50n_20p_seed1,0.2,1,498766000,2,TX,498002,2.0,16,11,498.002,,,
50n_20p_seed1,0.2,1,498830016,1,RX,498282,,16,12,498.282,1.0,2.0,280.0
50n_20p_seed1,0.2,1,499026000,41,TX,498637,41.0,17,12,498.637,,,
50n_20p_seed1,0.2,1,499080048,1,RX,498532,,17,13,498.532,1.0,41.0,1.8446744073709552e+19
50n_20p_seed1,0.2,1,500172000,38,TX,499202,38.0,16,12,499.202,,,
50n_20p_seed1,0.2,1,500209760,1,RX,499661,,16,13,499.661,1.0,38.0,459.0
50n_20p_seed1,0.2,1,500267000,48,TX,499978,48.0,15,12,499.978,,,
50n_20p_seed1,0.2,1,500326048,1,RX,499778,,15,13,499.778,1.0,48.0,1.8446744073709552e+19
50n_20p_seed1,0.2,1,500382000,30,TX,500331,30.0,16,12,500.331,,,
50n_20p_seed1,0.2,1,500393760,1,RX,499845,,16,13,499.845,1.0,30.0,1.8446744073709552e+19
50n_20p_seed1,0.2,1,500594000,21,TX,499669,21.0,15,12,499.669,,,
50n_20p_seed1,0.2,1,500635760,1,RX,500087,,15,13,500.087,1.0,21.0,418.0
50n_20p_seed1,0.2,1,501047000,37,TX,500865,37.0,16,12,500.865,,,
50n_20p_seed1,0.2,1,501091760,1,RX,500543,,16,13,500.543,1.0,37.0,1.8446744073709552e+19
50n_20p_seed1,0.2,1,501282000,35,TX,500671,35.0,15,12,500.671,,,
50n_20p_seed1,0.2,1,501315048,1,RX,500767,,15,13,500.767,1.0,35.0,96.0
50n_20p_seed1,0.2,1,502062000,24,TX,501883,24.0,15,12,501.883,,,
50n_20p_seed1,0.2,1,502105048,1,RX,501557,,15,13,501.557,1.0,24.0,1.8446744073709552e+19
50n_20p_seed1,0.2,1,502547000,8,TX,501641,8.0,18,11,501.641,,,
50n_20p_seed1,0.2,1,502601016,1,RX,502053,,18,12,502.053,1.0,8.0,412.0
50n_20p_seed1,0.2,1,502716000,27,TX,502051,27.0,17,12,502.051,,,
50n_20p_seed1,0.2,1,502744760,1,RX,502196,,17,13,502.196,1.0,27.0,145.0
50n_20p_seed1,0.2,1,504365000,6,TX,503551,6.0,16,11,503.551,,,
50n_20p_seed1,0.2,1,504423016,1,RX,503875,,16,12,503.875,1.0,6.0,324.0
50n_20p_seed1,0.2,1,505753000,4,TX,504783,4.0,14,11,504.783,,,
50n_20p_seed1,0.2,1,505807016,1,RX,505259,,14,12,505.259,1.0,4.0,476.0
50n_20p_seed1,0.2,1,506096000,23,TX,505807,23.0,16,12,505.807,,,
50n_20p_seed1,0.2,1,506131760,1,RX,505583,,16,13,505.583,1.0,23.0,1.8446744073709552e+19
50n_20p_seed1,0.2,1,506475000,25,TX,505993,25.0,17,12,505.993,,,
50n_20p_seed1,0.2,1,506535048,1,RX,505987,,17,13,505.987,1.0,25.0,1.8446744073709552e+19
50n_20p_seed1,0.2,1,506726000,17,TX,506641,17.0,16,12,506.641,,,
50n_20p_seed1,0.2,1,506769048,1,RX,506221,,16,13,506.221,1.0,17.0,1.8446744073709552e+19
50n_20p_seed1,0.2,1,506880000,40,TX,506678,40.0,18,12,506.678,,,
50n_20p_seed1,0.2,1,506914760,1,RX,506366,,18,13,506.366,1.0,40.0,1.8446744073709552e+19
50n_20p_seed1,0.2,1,507062000,32,TX,506320,32.0,17,12,506.32,,,
50n_20p_seed1,0.2,1,507068760,1,RX,506520,,17,13,506.52,1.0,32.0,200.0
50n_20p_seed1,0.2,1,507574000,14,TX,506883,14.0,16,12,506.883,,,
50n_20p_seed1,0.2,1,507604760,1,RX,507056,,16,13,507.056,1.0,14.0,173.0
50n_20p_seed1,0.2,1,507885000,46,TX,507685,46.0,18,12,507.685,,,
50n_20p_seed1,0.2,1,507895760,1,RX,507347,,18,13,507.347,1.0,46.0,1.8446744073709552e+19
50n_20p_seed1,0.2,1,508165000,19,TX,507797,19.0,16,12,507.797,,,
50n_20p_seed1,0.2,1,508222048,1,RX,507674,,16,13,507.674,1.0,19.0,1.8446744073709552e+19
50n_20p_seed1,0.2,1,509000000,18,TX,508749,18.0,17,12,508.749,,,
50n_20p_seed1,0.2,1,509057048,1,RX,508509,,17,13,508.509,1.0,18.0,1.8446744073709552e+19
50n_20p_seed1,0.2,1,509690000,45,TX,508899,45.0,16,12,508.899,,,
50n_20p_seed1,0.2,1,509700760,1,RX,509152,,16,13,509.152,1.0,45.0,253.0
50n_20p_seed1,0.2,1,510403000,43,TX,510190,43.0,17,12,510.19,,,
50n_20p_seed1,0.2,1,510450048,1,RX,509902,,17,13,509.902,1.0,43.0,1.8446744073709552e+19
50n_20p_seed1,0.2,1,510589000,33,TX,510481,33.0,16,12,510.481,,,
50n_20p_seed1,0.2,1,510635048,1,RX,510087,,16,13,510.087,1.0,33.0,1.8446744073709552e+19
50n_20p_seed1,0.2,1,511529000,15,TX,511184,15.0,16,12,511.184,,,
50n_20p_seed1,0.2,1,511545760,1,RX,510997,,16,13,510.997,1.0,15.0,1.8446744073709552e+19
50n_20p_seed1,0.2,1,511705000,12,TX,510707,12.0,16,12,510.707,,,
50n_20p_seed1,0.2,1,511760048,1,RX,511212,,16,13,511.212,1.0,12.0,505.0
50n_20p_seed1,0.2,1,512017000,10,TX,511716,10.0,16,12,511.716,,,
50n_20p_seed1,0.2,1,512050048,1,RX,511502,,16,13,511.502,1.0,10.0,1.8446744073709552e+19
50n_20p_seed1,0.2,1,514260000,7,TX,513756,7.0,16,11,513.756,,,
50n_20p_seed1,0.2,1,514287016,1,RX,513739,,16,12,513.739,1.0,7.0,1.8446744073709552e+19
50n_20p_seed1,0.2,1,515009000,34,TX,514174,34.0,17,12,514.174,,,
50n_20p_seed1,0.2,1,515063048,1,RX,514515,,17,13,514.515,1.0,34.0,341.0
50n_20p_seed1,0.2,1,515191000,9,TX,514952,9.0,16,11,514.952,,,
50n_20p_seed1,0.2,1,515225016,1,RX,514677,,16,12,514.677,1.0,9.0,1.8446744073709552e+19
50n_20p_seed1,0.2,1,515444000,36,TX,514761,36.0,17,12,514.761,,,
50n_20p_seed1,0.2,1,515481760,1,RX,514933,,17,13,514.933,1.0,36.0,172.0
50n_20p_seed1,0.2,1,515894000,39,TX,515756,39.0,16,12,515.756,,,
50n_20p_seed1,0.2,1,515910760,1,RX,515362,,16,13,515.362,1.0,39.0,1.8446744073709552e+19
50n_20p_seed1,0.2,1,515997000,26,TX,515571,26.0,17,12,515.571,,,
50n_20p_seed1,0.2,1,516080048,1,RX,515532,,17,13,515.532,1.0,26.0,1.8446744073709552e+19
50n_20p_seed1,0.2,1,516134000,47,TX,515710,47.0,16,12,515.71,,,
50n_20p_seed1,0.2,1,516176760,1,RX,515628,,16,13,515.628,1.0,47.0,1.8446744073709552e+19
50n_20p_seed1,0.2,1,516647000,5,TX,516583,5.0,16,11,516.583,,,
50n_20p_seed1,0.2,1,516684016,1,RX,516136,,16,12,516.136,1.0,5.0,1.8446744073709552e+19
50n_20p_seed1,0.2,1,519125000,22,TX,518405,22.0,17,12,518.405,,,
50n_20p_seed1,0.2,1,519130760,1,RX,518582,,17,13,518.582,1.0,22.0,177.0
50n_20p_seed1,0.2,1,519920000,3,TX,519279,3.0,15,11,519.279,,,
50n_20p_seed1,0.2,1,520020016,1,RX,519472,,15,12,519.472,1.0,3.0,193.0
50n_20p_seed1,0.2,1,520649000,28,TX,520229,28.0,18,12,520.229,,,
50n_20p_seed1,0.2,1,520684760,1,RX,520136,,18,13,520.136,1.0,28.0,1.8446744073709552e+19
50n_20p_seed1,0.2,1,520713000,49,TX,520019,49.0,17,12,520.019,,,
50n_20p_seed1,0.2,1,520721000,50,TX,519724,50.0,15,12,519.724,,,
50n_20p_seed1,0.2,1,520803048,1,RX,520255,,17,13,520.255,1.0,49.0,236.0
50n_20p_seed1,0.2,1,520806096,1,RX,520258,,15,13,520.258,1.0,50.0,534.0
50n_20p_seed1,0.2,1,521000000,31,TX,520287,31.0,16,12,520.287,,,
50n_20p_seed1,0.2,1,521044760,1,RX,520496,,16,13,520.496,1.0,31.0,209.0
50n_20p_seed1,0.2,1,521306000,44,TX,520886,44.0,16,12,520.886,,,
50n_20p_seed1,0.2,1,521343048,1,RX,520795,,16,13,520.795,1.0,44.0,1.8446744073709552e+19
50n_20p_seed1,0.2,1,521715000,21,TX,520790,21.0,16,12,520.79,,,
50n_20p_seed1,0.2,1,521755760,1,RX,521207,,16,13,521.207,1.0,21.0,417.0
50n_20p_seed1,0.2,1,522108000,16,TX,521247,16.0,17,12,521.247,,,
50n_20p_seed1,0.2,1,522185048,1,RX,521637,,17,13,521.637,1.0,16.0,390.0
50n_20p_seed1,0.2,1,523319000,2,TX,522555,2.0,17,11,522.555,,,
50n_20p_seed1,0.2,1,523368000,11,TX,523232,11.0,16,12,523.232,,,
50n_20p_seed1,0.2,1,523438016,1,RX,522890,,17,12,522.89,1.0,2.0,335.0
50n_20p_seed1,0.2,1,523441064,1,RX,522893,,16,13,522.893,1.0,11.0,1.8446744073709552e+19
50n_20p_seed1,0.2,1,523741000,27,TX,523076,27.0,18,12,523.076,,,
50n_20p_seed1,0.2,1,523755760,1,RX,523207,,18,13,523.207,1.0,27.0,131.0
50n_20p_seed1,0.2,1,525632000,48,TX,525343,48.0,16,12,525.343,,,
50n_20p_seed1,0.2,1,525691048,1,RX,525143,,16,13,525.143,1.0,48.0,1.8446744073709552e+19
50n_20p_seed1,0.2,1,527382000,4,TX,526412,4.0,15,11,526.412,,,
50n_20p_seed1,0.2,1,527456016,1,RX,526908,,15,12,526.908,1.0,4.0,496.0
50n_20p_seed1,0.2,1,527518000,29,TX,527481,29.0,17,12,527.481,,,
50n_20p_seed1,0.2,1,527524760,1,RX,526976,,17,13,526.976,1.0,29.0,1.8446744073709552e+19
50n_20p_seed1,0.2,1,527740000,41,TX,527351,41.0,18,12,527.351,,,
50n_20p_seed1,0.2,1,527782048,1,RX,527234,,18,13,527.234,1.0,41.0,1.8446744073709552e+19
50n_20p_seed1,0.2,1,528244000,30,TX,528193,30.0,17,12,528.193,,,
50n_20p_seed1,0.2,1,528285760,1,RX,527737,,17,13,527.737,1.0,30.0,1.8446744073709552e+19
50n_20p_seed1,0.2,1,530205000,38,TX,529235,38.0,17,12,529.235,,,
50n_20p_seed1,0.2,1,530226760,1,RX,529678,,17,13,529.678,1.0,38.0,443.0
50n_20p_seed1,0.2,1,530310000,17,TX,530225,17.0,17,12,530.225,,,
50n_20p_seed1,0.2,1,530377048,1,RX,529829,,17,13,529.829,1.0,17.0,1.8446744073709552e+19
50n_20p_seed1,0.2,1,530951000,42,TX,530115,42.0,17,12,530.115,,,
50n_20p_seed1,0.2,1,530978048,1,RX,530430,,17,13,530.43,1.0,42.0,315.0
50n_20p_seed1,0.2,1,531470000,20,TX,531458,20.0,17,12,531.458,,,
50n_20p_seed1,0.2,1,531515760,1,RX,530967,,17,13,530.967,1.0,20.0,1.8446744073709552e+19
50n_20p_seed1,0.2,1,533890000,45,TX,533099,45.0,17,12,533.099,,,
50n_20p_seed1,0.2,1,533930760,1,RX,533382,,17,13,533.382,1.0,45.0,283.0
50n_20p_seed1,0.2,1,535374000,40,TX,535172,40.0,19,12,535.172,,,
50n_20p_seed1,0.2,1,535379760,1,RX,534831,,19,13,534.831,1.0,40.0,1.8446744073709552e+19
50n_20p_seed1,0.2,1,536012000,19,TX,535644,19.0,17,12,535.644,,,
50n_20p_seed1,0.2,1,536084048,1,RX,535536,,17,13,535.536,1.0,19.0,1.8446744073709552e+19
50n_20p_seed1,0.2,1,536148000,6,TX,535334,6.0,17,11,535.334,,,
50n_20p_seed1,0.2,1,536150000,13,TX,535610,13.0,16,12,535.61,,,
50n_20p_seed1,0.2,1,536183760,1,RX,535635,,16,13,535.635,1.0,13.0,25.0
50n_20p_seed1,0.2,1,536208016,1,RX,535660,,17,12,535.66,1.0,6.0,326.0
50n_20p_seed1,0.2,1,536816000,35,TX,536205,35.0,16,12,536.205,,,
50n_20p_seed1,0.2,1,536884000,24,TX,536705,24.0,16,12,536.705,,,
50n_20p_seed1,0.2,1,536884048,1,RX,536336,,16,13,536.336,1.0,35.0,131.0
50n_20p_seed1,0.2,1,536932048,1,RX,536384,,16,13,536.384,1.0,24.0,1.8446744073709552e+19
50n_20p_seed1,0.2,1,537075000,33,TX,536967,33.0,17,12,536.967,,,
50n_20p_seed1,0.2,1,537153048,1,RX,536605,,17,13,536.605,1.0,33.0,1.8446744073709552e+19
50n_20p_seed1,0.2,1,537455000,46,TX,537255,46.0,19,12,537.255,,,
50n_20p_seed1,0.2,1,537476760,1,RX,536928,,19,13,536.928,1.0,46.0,1.8446744073709552e+19
50n_20p_seed1,0.2,1,539581000,12,TX,538583,12.0,17,12,538.583,,,
50n_20p_seed1,0.2,1,539651048,1,RX,539103,,17,13,539.103,1.0,12.0,520.0
50n_20p_seed1,0.2,1,539956000,34,TX,539121,34.0,18,12,539.121,,,
50n_20p_seed1,0.2,1,540000048,1,RX,539452,,18,13,539.452,1.0,34.0,331.0
50n_20p_seed1,0.2,1,540328000,23,TX,540039,23.0,17,12,540.039,,,
50n_20p_seed1,0.2,1,540344760,1,RX,539796,,17,13,539.796,1.0,23.0,1.8446744073709552e+19
50n_20p_seed1,0.2,1,540485000,3,TX,539844,3.0,16,11,539.844,,,
50n_20p_seed1,0.2,1,540513000,8,TX,539607,8.0,19,11,539.607,,,
50n_20p_seed1,0.2,1,540573016,1,RX,540025,,16,12,540.025,1.0,3.0,181.0
50n_20p_seed1,0.2,1,540593016,1,RX,540045,,19,12,540.045,1.0,8.0,438.0
50n_20p_seed1,0.2,1,540858000,37,TX,540676,37.0,17,12,540.676,,,
50n_20p_seed1,0.2,1,540864760,1,RX,540316,,17,13,540.316,1.0,37.0,1.8446744073709552e+19
50n_20p_seed1,0.2,1,541043000,26,TX,540617,26.0,18,12,540.617,,,
50n_20p_seed1,0.2,1,541089048,1,RX,540541,,18,13,540.541,1.0,26.0,1.8446744073709552e+19
50n_20p_seed1,0.2,1,541154000,32,TX,540412,32.0,18,12,540.412,,,
50n_20p_seed1,0.2,1,541175760,1,RX,540627,,18,13,540.627,1.0,32.0,215.0
50n_20p_seed1,0.2,1,541380000,39,TX,541242,39.0,17,12,541.242,,,
50n_20p_seed1,0.2,1,541418760,1,RX,540870,,17,13,540.87,1.0,39.0,1.8446744073709552e+19
50n_20p_seed1,0.2,1,541732000,50,TX,540735,50.0,16,12,540.735,,,
50n_20p_seed1,0.2,1,541823048,1,RX,541275,,16,13,541.275,1.0,50.0,540.0
50n_20p_seed1,0.2,1,542751000,25,TX,542269,25.0,18,12,542.269,,,
50n_20p_seed1,0.2,1,542789000,9,TX,542550,9.0,17,11,542.55,,,
50n_20p_seed1,0.2,1,542805016,1,RX,542257,,17,12,542.257,1.0,9.0,1.8446744073709552e+19
50n_20p_seed1,0.2,1,542825048,1,RX,542277,,18,13,542.277,1.0,25.0,8.0
50n_20p_seed1,0.2,1,545679000,7,TX,545175,7.0,17,11,545.175,,,
50n_20p_seed1,0.2,1,545730016,1,RX,545182,,17,12,545.182,1.0,7.0,7.0
50n_20p_seed1,0.2,1,547113000,21,TX,546188,21.0,17,12,546.188,,,
50n_20p_seed1,0.2,1,547153760,1,RX,546605,,17,13,546.605,1.0,21.0,417.0
50n_20p_seed1,0.2,1,547179000,14,TX,546488,14.0,17,12,546.488,,,
50n_20p_seed1,0.2,1,547184760,1,RX,546636,,17,13,546.636,1.0,14.0,148.0
50n_20p_seed1,0.2,1,547906000,18,TX,547655,18.0,18,12,547.655,,,
50n_20p_seed1,0.2,1,547987048,1,RX,547439,,18,13,547.439,1.0,18.0,1.8446744073709552e+19
50n_20p_seed1,0.2,1,548076000,2,TX,547312,2.0,18,11,547.312,,,
50n_20p_seed1,0.2,1,548157312,1,RX,547609,,18,12,547.609,1.0,2.0,297.0
50n_20p_seed1,0.2,1,548952000,10,TX,548651,10.0,17,12,548.651,,,
50n_20p_seed1,0.2,1,549021048,1,RX,548473,,17,13,548.473,1.0,10.0,1.8446744073709552e+19
50n_20p_seed1,0.2,1,549041000,43,TX,548828,43.0,18,12,548.828,,,
50n_20p_seed1,0.2,1,549069048,1,RX,548521,,18,13,548.521,1.0,43.0,1.8446744073709552e+19
50n_20p_seed1,0.2,1,550898000,15,TX,550553,15.0,17,12,550.553,,,
50n_20p_seed1,0.2,1,550903760,1,RX,550355,,17,13,550.355,1.0,15.0,1.8446744073709552e+19
50n_20p_seed1,0.2,1,551365000,29,TX,551328,29.0,18,12,551.328,,,
50n_20p_seed1,0.2,1,551396760,1,RX,550848,,18,13,550.848,1.0,29.0,1.8446744073709552e+19
50n_20p_seed1,0.2,1,552021000,30,TX,551970,30.0,18,12,551.97,,,
50n_20p_seed1,0.2,1,552028760,1,RX,551480,,18,13,551.48,1.0,30.0,1.8446744073709552e+19
50n_20p_seed1,0.2,1,552889000,47,TX,552465,47.0,17,12,552.465,,,
50n_20p_seed1,0.2,1,552912760,1,RX,552364,,17,13,552.364,1.0,47.0,1.8446744073709552e+19
50n_20p_seed1,0.2,1,553439000,27,TX,552774,27.0,19,12,552.774,,,
50n_20p_seed1,0.2,1,553444760,1,RX,552896,,19,13,552.896,1.0,27.0,122.0
50n_20p_seed1,0.2,1,553499000,31,TX,552786,31.0,17,12,552.786,,,
50n_20p_seed1,0.2,1,553513760,1,RX,552965,,17,13,552.965,1.0,31.0,179.0
50n_20p_seed1,0.2,1,553516000,38,TX,552546,38.0,18,12,552.546,,,
50n_20p_seed1,0.2,1,553525760,1,RX,552977,,18,13,552.977,1.0,38.0,431.0
50n_20p_seed1,0.2,1,553997000,36,TX,553314,36.0,18,12,553.314,,,
50n_20p_seed1,0.2,1,554042760,1,RX,553494,,18,13,553.494,1.0,36.0,180.0
50n_20p_seed1,0.2,1,554625000,22,TX,553905,22.0,18,12,553.905,,,
50n_20p_seed1,0.2,1,554643760,1,RX,554095,,18,13,554.095,1.0,22.0,190.0
50n_20p_seed1,0.2,1,555030000,45,TX,554239,45.0,18,12,554.239,,,
50n_20p_seed1,0.2,1,555075760,1,RX,554527,,18,13,554.527,1.0,45.0,288.0
50n_20p_seed1,0.2,1,555461000,44,TX,555041,44.0,17,12,555.041,,,
50n_20p_seed1,0.2,1,555490048,1,RX,554942,,17,13,554.942,1.0,44.0,1.8446744073709552e+19
50n_20p_seed1,0.2,1,555495000,5,TX,555431,5.0,17,11,555.431,,,
50n_20p_seed1,0.2,1,555524016,1,RX,554976,,17,12,554.976,1.0,5.0,1.8446744073709552e+19
50n_20p_seed1,0.2,1,556453000,41,TX,556064,41.0,19,12,556.064,,,
50n_20p_seed1,0.2,1,556501048,1,RX,555953,,19,13,555.953,1.0,41.0,1.8446744073709552e+19
50n_20p_seed1,0.2,1,556591000,28,TX,556171,28.0,19,12,556.171,,,
50n_20p_seed1,0.2,1,556618760,1,RX,556070,,19,13,556.07,1.0,28.0,1.8446744073709552e+19
50n_20p_seed1,0.2,1,557232000,4,TX,556262,4.0,16,11,556.262,,,
50n_20p_seed1,0.2,1,557307016,1,RX,556759,,16,12,556.759,1.0,4.0,497.0
50n_20p_seed1,0.2,1,557527000,40,TX,557325,40.0,20,12,557.325,,,
50n_20p_seed1,0.2,1,557534760,1,RX,556986,,20,13,556.986,1.0,40.0,1.8446744073709552e+19
50n_20p_seed1,0.2,1,557692000,48,TX,557403,48.0,17,12,557.403,,,
50n_20p_seed1,0.2,1,557751048,1,RX,557203,,17,13,557.203,1.0,48.0,1.8446744073709552e+19
50n_20p_seed1,0.2,1,558892000,16,TX,558031,16.0,18,12,558.031,,,
50n_20p_seed1,0.2,1,558940048,1,RX,558392,,18,13,558.392,1.0,16.0,361.0
50n_20p_seed1,0.2,1,558976000,33,TX,558868,33.0,18,12,558.868,,,
50n_20p_seed1,0.2,1,558990064,1,RX,558442,,18,13,558.442,1.0,33.0,1.8446744073709552e+19
50n_20p_seed1,0.2,1,559539000,49,TX,558845,49.0,18,12,558.845,,,
50n_20p_seed1,0.2,1,559567048,1,RX,559019,,18,13,559.019,1.0,49.0,174.0
50n_20p_seed1,0.2,1,559694000,11,TX,559558,11.0,17,12,559.558,,,
50n_20p_seed1,0.2,1,559795048,1,RX,559247,,17,13,559.247,1.0,11.0,1.8446744073709552e+19
50n_20p_seed1,0.2,1,560327000,42,TX,559491,42.0,18,12,559.491,,,
50n_20p_seed1,0.2,1,560374048,1,RX,559826,,18,13,559.826,1.0,42.0,335.0
50n_20p_seed1,0.2,1,561459000,3,TX,560818,3.0,17,11,560.818,,,
50n_20p_seed1,0.2,1,561515016,1,RX,560967,,17,12,560.967,1.0,3.0,149.0
50n_20p_seed1,0.2,1,561810000,13,TX,561270,13.0,17,12,561.27,,,
50n_20p_seed1,0.2,1,561847760,1,RX,561299,,17,13,561.299,1.0,13.0,29.0
50n_20p_seed1,0.2,1,562486000,20,TX,562474,20.0,18,12,562.474,,,
50n_20p_seed1,0.2,1,562509760,1,RX,561961,,18,13,561.961,1.0,20.0,1.8446744073709552e+19
50n_20p_seed1,0.2,1,562816000,12,TX,561818,12.0,18,12,561.818,,,
50n_20p_seed1,0.2,1,562855048,1,RX,562307,,18,13,562.307,1.0,12.0,489.0
50n_20p_seed1,0.2,1,563507000,17,TX,563422,17.0,18,12,563.422,,,
50n_20p_seed1,0.2,1,563566048,1,RX,563018,,18,13,563.018,1.0,17.0,1.8446744073709552e+19
50n_20p_seed1,0.2,1,566121000,32,TX,565379,32.0,19,12,565.379,,,
50n_20p_seed1,0.2,1,566139760,1,RX,565591,,19,13,565.591,1.0,32.0,212.0
50n_20p_seed1,0.2,1,566234000,37,TX,566052,37.0,18,12,566.052,,,
50n_20p_seed1,0.2,1,566261760,1,RX,565713,,18,13,565.713,1.0,37.0,1.8446744073709552e+19
50n_20p_seed1,0.2,1,567674000,6,TX,566860,6.0,18,11,566.86,,,
50n_20p_seed1,0.2,1,567735016,1,RX,567187,,18,12,567.187,1.0,6.0,327.0
50n_20p_seed1,0.2,1,567768000,34,TX,566933,34.0,19,12,566.933,,,
50n_20p_seed1,0.2,1,567832048,1,RX,567284,,19,13,567.284,1.0,34.0,351.0
50n_20p_seed1,0.2,1,568049000,8,TX,567143,8.0,20,11,567.143,,,
50n_20p_seed1,0.2,1,568120016,1,RX,567572,,20,12,567.572,1.0,8.0,429.0
50n_20p_seed1,0.2,1,568482000,46,TX,568282,46.0,20,12,568.282,,,
50n_20p_seed1,0.2,1,568487760,1,RX,567939,,20,13,567.939,1.0,46.0,1.8446744073709552e+19
50n_20p_seed1,0.2,1,569062000,7,TX,568558,7.0,18,11,568.558,,,
50n_20p_seed1,0.2,1,569141016,1,RX,568593,,18,12,568.593,1.0,7.0,35.0
50n_20p_seed1,0.2,1,569817000,23,TX,569528,23.0,18,12,569.528,,,
50n_20p_seed1,0.2,1,569850760,1,RX,569302,,18,13,569.302,1.0,23.0,1.8446744073709552e+19
50n_20p_seed1,0.2,1,569852000,39,TX,569714,39.0,18,12,569.714,,,
50n_20p_seed1,0.2,1,569858000,19,TX,569490,19.0,18,12,569.49,,,
50n_20p_seed1,0.2,1,569878064,1,RX,569330,,18,13,569.33,1.0,19.0,1.8446744073709552e+19
50n_20p_seed1,0.2,1,569892760,1,RX,569344,,18,13,569.344,1.0,39.0,1.8446744073709552e+19
50n_20p_seed1,0.2,1,570260000,24,TX,570081,24.0,17,12,570.081,,,
50n_20p_seed1,0.2,1,570298048,1,RX,569750,,17,13,569.75,1.0,24.0,1.8446744073709552e+19
50n_20p_seed1,0.2,1,571765000,26,TX,571339,26.0,19,12,571.339,,,
50n_20p_seed1,0.2,1,571806048,1,RX,571258,,19,13,571.258,1.0,26.0,1.8446744073709552e+19
50n_20p_seed1,0.2,1,571822000,9,TX,571583,9.0,18,11,571.583,,,
50n_20p_seed1,0.2,1,571883016,1,RX,571335,,18,12,571.335,1.0,9.0,1.8446744073709552e+19
50n_20p_seed1,0.2,1,571941000,43,TX,571728,43.0,19,12,571.728,,,
50n_20p_seed1,0.2,1,571986048,1,RX,571438,,19,13,571.438,1.0,43.0,1.8446744073709552e+19
50n_20p_seed1,0.2,1,572901000,18,TX,572650,18.0,19,12,572.65,,,
50n_20p_seed1,0.2,1,572916048,1,RX,572368,,19,13,572.368,1.0,18.0,1.8446744073709552e+19
50n_20p_seed1,0.2,1,573209000,35,TX,572598,35.0,17,12,572.598,,,
50n_20p_seed1,0.2,1,573262048,1,RX,572714,,17,13,572.714,1.0,35.0,116.0
50n_20p_seed1,0.2,1,573437000,25,TX,572955,25.0,19,12,572.955,,,
50n_20p_seed1,0.2,1,573502048,1,RX,572954,,19,13,572.954,1.0,25.0,1.8446744073709552e+19
50n_20p_seed1,0.2,1,573568000,10,TX,573267,10.0,18,12,573.267,,,
50n_20p_seed1,0.2,1,573580064,1,RX,573032,,18,13,573.032,1.0,10.0,1.8446744073709552e+19
50n_20p_seed1,0.2,1,573771000,15,TX,573426,15.0,18,12,573.426,,,
50n_20p_seed1,0.2,1,573776760,1,RX,573228,,18,13,573.228,1.0,15.0,1.8446744073709552e+19
50n_20p_seed1,0.2,1,574999000,47,TX,574575,47.0,18,12,574.575,,,
50n_20p_seed1,0.2,1,575017760,1,RX,574469,,18,13,574.469,1.0,47.0,1.8446744073709552e+19
50n_20p_seed1,0.2,1,576434000,27,TX,575769,27.0,20,12,575.769,,,
50n_20p_seed1,0.2,1,576474760,1,RX,575926,,20,13,575.926,1.0,27.0,157.0
50n_20p_seed1,0.2,1,576543000,2,TX,575779,2.0,19,11,575.779,,,
50n_20p_seed1,0.2,1,576612000,31,TX,575899,31.0,18,12,575.899,,,
50n_20p_seed1,0.2,1,576613016,1,RX,576065,,19,12,576.065,1.0,2.0,286.0
50n_20p_seed1,0.2,1,576644760,1,RX,576096,,18,13,576.096,1.0,31.0,197.0
50n_20p_seed1,0.2,1,578431000,21,TX,577506,21.0,18,12,577.506,,,
50n_20p_seed1,0.2,1,578450760,1,RX,577902,,18,13,577.902,1.0,21.0,396.0
50n_20p_seed1,0.2,1,578528000,30,TX,578477,30.0,19,12,578.477,,,
50n_20p_seed1,0.2,1,578554760,1,RX,578006,,19,13,578.006,1.0,30.0,1.8446744073709552e+19
50n_20p_seed1,0.2,1,578624000,50,TX,577627,50.0,17,12,577.627,,,
50n_20p_seed1,0.2,1,578704048,1,RX,578156,,17,13,578.156,1.0,50.0,529.0
50n_20p_seed1,0.2,1,579257000,44,TX,578837,44.0,18,12,578.837,,,
50n_20p_seed1,0.2,1,579311048,1,RX,578763,,18,13,578.763,1.0,44.0,1.8446744073709552e+19
50n_20p_seed1,0.2,1,580291000,45,TX,579500,45.0,19,12,579.5,,,
50n_20p_seed1,0.2,1,580326760,1,RX,579778,,19,13,579.778,1.0,45.0,278.0
50n_20p_seed1,0.2,1,581249000,14,TX,580558,14.0,18,12,580.558,,,
50n_20p_seed1,0.2,1,581260760,1,RX,580712,,18,13,580.712,1.0,14.0,154.0
50n_20p_seed1,0.2,1,581602000,41,TX,581213,41.0,20,12,581.213,,,
50n_20p_seed1,0.2,1,581671048,1,RX,581123,,20,13,581.123,1.0,41.0,1.8446744073709552e+19
50n_20p_seed1,0.2,1,581810000,16,TX,580949,16.0,19,12,580.949,,,
50n_20p_seed1,0.2,1,581824048,1,RX,581276,,19,13,581.276,1.0,16.0,327.0
50n_20p_seed1,0.2,1,581830000,48,TX,581541,48.0,18,12,581.541,,,
50n_20p_seed1,0.2,1,581863048,1,RX,581315,,18,13,581.315,1.0,48.0,1.8446744073709552e+19
50n_20p_seed1,0.2,1,583014000,49,TX,582320,49.0,19,12,582.32,,,
50n_20p_seed1,0.2,1,583087048,1,RX,582539,,19,13,582.539,1.0,49.0,219.0
50n_20p_seed1,0.2,1,583694000,29,TX,583657,29.0,19,12,583.657,,,
50n_20p_seed1,0.2,1,583723760,1,RX,583175,,19,13,583.175,1.0,29.0,1.8446744073709552e+19
50n_20p_seed1,0.2,1,584291000,13,TX,583751,13.0,18,12,583.751,,,
50n_20p_seed1,0.2,1,584297760,1,RX,583749,,18,13,583.749,1.0,13.0,1.8446744073709552e+19
50n_20p_seed1,0.2,1,584592000,11,TX,584456,11.0,18,12,584.456,,,
50n_20p_seed1,0.2,1,584644048,1,RX,584096,,18,13,584.096,1.0,11.0,1.8446744073709552e+19
50n_20p_seed1,0.2,1,585475000,22,TX,584755,22.0,19,12,584.755,,,
50n_20p_seed1,0.2,1,585506760,1,RX,584958,,19,13,584.958,1.0,22.0,203.0
50n_20p_seed1,0.2,1,586020000,36,TX,585337,36.0,19,12,585.337,,,
50n_20p_seed1,0.2,1,586053760,1,RX,585505,,19,13,585.505,1.0,36.0,168.0
50n_20p_seed1,0.2,1,586655000,40,TX,586453,40.0,21,12,586.453,,,
50n_20p_seed1,0.2,1,586687760,1,RX,586139,,21,13,586.139,1.0,40.0,1.8446744073709552e+19
50n_20p_seed1,0.2,1,587691000,32,TX,586949,32.0,20,12,586.949,,,
50n_20p_seed1,0.2,1,587706760,1,RX,587158,,20,13,587.158,1.0,32.0,209.0
50n_20p_seed1,0.2,1,588393000,6,TX,587579,6.0,19,11,587.579,,,
50n_20p_seed1,0.2,1,588445016,1,RX,587897,,19,12,587.897,1.0,6.0,318.0
50n_20p_seed1,0.2,1,588876000,28,TX,588456,28.0,20,12,588.456,,,
50n_20p_seed1,0.2,1,588905760,1,RX,588357,,20,13,588.357,1.0,28.0,1.8446744073709552e+19
50n_20p_seed1,0.2,1,589011000,8,TX,588105,8.0,21,11,588.105,,,
50n_20p_seed1,0.2,1,589051016,1,RX,588503,,21,12,588.503,1.0,8.0,398.0
50n_20p_seed1,0.2,1,589227000,42,TX,588391,42.0,19,12,588.391,,,
50n_20p_seed1,0.2,1,589249000,38,TX,588279,38.0,19,12,588.279,,,
50n_20p_seed1,0.2,1,589283760,1,RX,588735,,19,13,588.735,1.0,38.0,456.0
50n_20p_seed1,0.2,1,589305048,1,RX,588757,,19,13,588.757,1.0,42.0,366.0
50n_20p_seed1,0.2,1,589647000,3,TX,589006,3.0,18,11,589.006,,,
50n_20p_seed1,0.2,1,589728016,1,RX,589180,,18,12,589.18,1.0,3.0,174.0
50n_20p_seed1,0.2,1,589798000,17,TX,589713,17.0,19,12,589.713,,,
50n_20p_seed1,0.2,1,589834000,4,TX,588864,4.0,17,11,588.864,,,
50n_20p_seed1,0.2,1,589849048,1,RX,589301,,19,13,589.301,1.0,17.0,1.8446744073709552e+19
50n_20p_seed1,0.2,1,589891016,1,RX,589343,,17,12,589.343,1.0,4.0,479.0
50n_20p_seed1,0.2,1,590051000,46,TX,589851,46.0,21,12,589.851,,,
50n_20p_seed1,0.2,1,590073760,1,RX,589525,,21,13,589.525,1.0,46.0,1.8446744073709552e+19
50n_20p_seed1,0.2,1,592080000,33,TX,591972,33.0,19,12,591.972,,,
50n_20p_seed1,0.2,1,592148048,1,RX,591600,,19,13,591.6,1.0,33.0,1.8446744073709552e+19
50n_20p_seed1,0.2,1,593409000,5,TX,593345,5.0,18,11,593.345,,,
50n_20p_seed1,0.2,1,593450016,1,RX,592902,,18,12,592.902,1.0,5.0,1.8446744073709552e+19
50n_20p_seed1,0.2,1,593998000,23,TX,593709,23.0,19,12,593.709,,,
50n_20p_seed1,0.2,1,594013760,1,RX,593465,,19,13,593.465,1.0,23.0,1.8446744073709552e+19
50n_20p_seed1,0.2,1,595666000,20,TX,595654,20.0,19,12,595.654,,,
50n_20p_seed1,0.2,1,595691760,1,RX,595143,,19,13,595.143,1.0,20.0,1.8446744073709552e+19
50n_20p_seed1,0.2,1,596305000,7,TX,595801,7.0,19,11,595.801,,,
50n_20p_seed1,0.2,1,596344016,1,RX,595796,,19,12,595.796,1.0,7.0,1.8446744073709552e+19
50n_20p_seed1,0.2,1,596738000,18,TX,596487,18.0,20,12,596.487,,,
50n_20p_seed1,0.2,1,596772048,1,RX,596224,,20,13,596.224,1.0,18.0,1.8446744073709552e+19
50n_20p_seed1,0.2,1,598740000,37,TX,598558,37.0,19,12,598.558,,,
50n_20p_seed1,0.2,1,598754760,1,RX,598206,,19,13,598.206,1.0,37.0,1.8446744073709552e+19
50n_20p_seed1,0.2,1,598894000,12,TX,597896,12.0,19,12,597.896,,,
50n_20p_seed1,0.2,1,598954048,1,RX,598406,,19,13,598.406,1.0,12.0,510.0
50n_30p_seed1,0.3,1,20036000,20,TX,20024,20.0,0,10,20.024,,,
50n_30p_seed1,0.3,1,20050696,1,RX,19502,,0,11,19.502,1.0,20.0,1.8446744073709552e+19
50n_30p_seed1,0.3,1,20695000,28,TX,20275,28.0,0,10,20.275,,,
50n_30p_seed1,0.3,1,20735696,1,RX,20187,,0,11,20.187,1.0,28.0,1.8446744073709552e+19
50n_30p_seed1,0.3,1,21863000,16,TX,21002,16.0,0,10,21.002,,,
50n_30p_seed1,0.3,1,21933984,1,RX,21385,,0,11,21.385,1.0,16.0,383.0
50n_30p_seed1,0.3,1,22853000,33,TX,22745,33.0,0,10,22.745,,,
50n_30p_seed1,0.3,1,22902984,1,RX,22354,,0,11,22.354,1.0,33.0,1.8446744073709552e+19
50n_30p_seed1,0.3,1,23285000,46,TX,23085,46.0,0,10,23.085,,,
50n_30p_seed1,0.3,1,23409696,1,RX,22861,,0,11,22.861,1.0,46.0,1.8446744073709552e+19
50n_30p_seed1,0.3,1,23736000,25,TX,23254,25.0,0,10,23.254,,,
50n_30p_seed1,0.3,1,23756936,1,RX,23208,,0,11,23.208,1.0,25.0,1.8446744073709552e+19
50n_30p_seed1,0.3,1,24184000,44,TX,23764,44.0,0,10,23.764,,,
50n_30p_seed1,0.3,1,24262984,1,RX,23714,,0,11,23.714,1.0,44.0,1.8446744073709552e+19
50n_30p_seed1,0.3,1,24448000,40,TX,24246,40.0,0,10,24.246,,,
50n_30p_seed1,0.3,1,24463696,1,RX,23915,,0,11,23.915,1.0,40.0,1.8446744073709552e+19
50n_30p_seed1,0.3,1,24714000,38,TX,23744,38.0,0,10,23.744,,,
50n_30p_seed1,0.3,1,24738696,1,RX,24190,,0,11,24.19,1.0,38.0,446.0
50n_30p_seed1,0.3,1,25451000,30,TX,25400,30.0,0,10,25.4,,,
50n_30p_seed1,0.3,1,25476696,1,RX,24928,,0,11,24.928,1.0,30.0,1.8446744073709552e+19
50n_30p_seed1,0.3,1,25539000,34,TX,24704,34.0,0,10,24.704,,,
50n_30p_seed1,0.3,1,25558984,1,RX,25010,,0,11,25.01,1.0,34.0,306.0
50n_30p_seed1,0.3,1,27340000,41,TX,26951,41.0,0,10,26.951,,,
50n_30p_seed1,0.3,1,27414984,1,RX,26866,,0,11,26.866,1.0,41.0,1.8446744073709552e+19
50n_30p_seed1,0.3,1,28816000,36,TX,28133,36.0,0,10,28.133,,,
50n_30p_seed1,0.3,1,28857696,1,RX,28309,,0,11,28.309,1.0,36.0,176.0
50n_30p_seed1,0.3,1,29180000,10,TX,28879,10.0,0,10,28.879,,,
50n_30p_seed1,0.3,1,29182000,23,TX,28893,23.0,0,10,28.893,,,
50n_30p_seed1,0.3,1,29226696,1,RX,28678,,0,11,28.678,1.0,23.0,1.8446744073709552e+19
50n_30p_seed1,0.3,1,29233984,1,RX,28685,,0,11,28.685,1.0,10.0,1.8446744073709552e+19
50n_30p_seed1,0.3,1,29538000,9,TX,29299,9.0,0,9,29.299,,,
50n_30p_seed1,0.3,1,29609952,1,RX,29061,,0,10,29.061,1.0,9.0,1.8446744073709552e+19
50n_30p_seed1,0.3,1,30127000,37,TX,29945,37.0,0,10,29.945,,,
50n_30p_seed1,0.3,1,30151696,1,RX,29603,,0,11,29.603,1.0,37.0,1.8446744073709552e+19
50n_30p_seed1,0.3,1,30283000,22,TX,29563,22.0,0,10,29.563,,,
50n_30p_seed1,0.3,1,30304696,1,RX,29756,,0,11,29.756,1.0,22.0,193.0
50n_30p_seed1,0.3,1,30323000,48,TX,30034,48.0,0,10,30.034,,,
50n_30p_seed1,0.3,1,30376984,1,RX,29828,,0,11,29.828,1.0,48.0,1.8446744073709552e+19
50n_30p_seed1,0.3,1,31126000,12,TX,30128,12.0,0,10,30.128,,,
50n_30p_seed1,0.3,1,31162000,47,TX,30738,47.0,0,10,30.738,,,
50n_30p_seed1,0.3,1,31176984,1,RX,30628,,0,11,30.628,1.0,12.0,500.0
50n_30p_seed1,0.3,1,31195696,1,RX,30647,,0,11,30.647,1.0,47.0,1.8446744073709552e+19
50n_30p_seed1,0.3,1,31839000,31,TX,31126,31.0,0,10,31.126,,,
50n_30p_seed1,0.3,1,31861696,1,RX,31313,,0,11,31.313,1.0,31.0,187.0
50n_30p_seed1,0.3,1,31880000,7,TX,31376,7.0,0,9,31.376,,,
50n_30p_seed1,0.3,1,31965248,1,RX,31417,,0,10,31.417,1.0,7.0,41.0
50n_30p_seed1,0.3,1,32076000,32,TX,31334,32.0,0,10,31.334,,,
50n_30p_seed1,0.3,1,32110696,1,RX,31562,,0,11,31.562,1.0,32.0,228.0
50n_30p_seed1,0.3,1,32689000,5,TX,32625,5.0,0,9,32.625,,,
50n_30p_seed1,0.3,1,32717952,1,RX,32169,,0,10,32.169,1.0,5.0,1.8446744073709552e+19
50n_30p_seed1,0.3,1,33532000,18,TX,33281,18.0,0,10,33.281,,,
50n_30p_seed1,0.3,1,33636984,1,RX,33088,,0,11,33.088,1.0,18.0,1.8446744073709552e+19
50n_30p_seed1,0.3,1,33677000,35,TX,33066,35.0,0,10,33.066,,,
50n_30p_seed1,0.3,1,33720984,1,RX,33172,,0,11,33.172,1.0,35.0,106.0
50n_30p_seed1,0.3,1,34123000,42,TX,33287,42.0,0,10,33.287,,,
50n_30p_seed1,0.3,1,34143000,15,TX,33798,15.0,0,10,33.798,,,
50n_30p_seed1,0.3,1,34152696,1,RX,33604,,0,11,33.604,1.0,15.0,1.8446744073709552e+19
50n_30p_seed1,0.3,1,34164984,1,RX,33616,,0,11,33.616,1.0,42.0,329.0
50n_30p_seed1,0.3,1,34864000,19,TX,34496,19.0,0,10,34.496,,,
50n_30p_seed1,0.3,1,34905000,6,TX,34091,6.0,0,9,34.091,,,
50n_30p_seed1,0.3,1,34916984,1,RX,34368,,0,11,34.368,1.0,19.0,1.8446744073709552e+19
50n_30p_seed1,0.3,1,34979952,1,RX,34431,,0,10,34.431,1.0,6.0,340.0
50n_30p_seed1,0.3,1,35184000,14,TX,34493,14.0,0,10,34.493,,,
50n_30p_seed1,0.3,1,35209696,1,RX,34661,,0,11,34.661,1.0,14.0,168.0
50n_30p_seed1,0.3,1,35334000,11,TX,35198,11.0,0,10,35.198,,,
50n_30p_seed1,0.3,1,35388984,1,RX,34840,,0,11,34.84,1.0,11.0,1.8446744073709552e+19
50n_30p_seed1,0.3,1,35767000,8,TX,34861,8.0,0,9,34.861,,,
50n_30p_seed1,0.3,1,35817952,1,RX,35269,,0,10,35.269,1.0,8.0,408.0
50n_30p_seed1,0.3,1,36187000,43,TX,35974,43.0,0,10,35.974,,,
50n_30p_seed1,0.3,1,36215984,1,RX,35667,,0,11,35.667,1.0,43.0,1.8446744073709552e+19
50n_30p_seed1,0.3,1,37418000,13,TX,36878,13.0,0,10,36.878,,,
50n_30p_seed1,0.3,1,37426000,4,TX,36456,4.0,0,9,36.456,,,
50n_30p_seed1,0.3,1,37451696,1,RX,36903,,0,11,36.903,1.0,13.0,25.0
50n_30p_seed1,0.3,1,37473952,1,RX,36925,,0,10,36.925,1.0,4.0,469.0
50n_30p_seed1,0.3,1,38390000,39,TX,38252,39.0,0,10,38.252,,,
50n_30p_seed1,0.3,1,38405696,1,RX,37857,,0,11,37.857,1.0,39.0,1.8446744073709552e+19
50n_30p_seed1,0.3,1,38407000,17,TX,38322,17.0,0,10,38.322,,,
50n_30p_seed1,0.3,1,38467984,1,RX,37919,,0,11,37.919,1.0,17.0,1.8446744073709552e+19
50n_30p_seed1,0.3,1,38496000,50,TX,37499,50.0,0,10,37.499,,,
50n_30p_seed1,0.3,1,38599984,1,RX,38051,,0,11,38.051,1.0,50.0,552.0
50n_30p_seed1,0.3,1,38770000,21,TX,37845,21.0,0,10,37.845,,,
50n_30p_seed1,0.3,1,38794696,1,RX,38246,,0,11,38.246,1.0,21.0,401.0
50n_30p_seed1,0.3,1,39316000,27,TX,38651,27.0,0,10,38.651,,,
50n_30p_seed1,0.3,1,39340696,1,RX,38792,,0,11,38.792,1.0,27.0,141.0
50n_30p_seed1,0.3,1,39777000,29,TX,39740,29.0,0,10,39.74,,,
50n_30p_seed1,0.3,1,39803696,1,RX,39255,,0,11,39.255,1.0,29.0,1.8446744073709552e+19
50n_30p_seed1,0.3,1,39917000,45,TX,39126,45.0,0,10,39.126,,,
50n_30p_seed1,0.3,1,39935696,1,RX,39387,,0,11,39.387,1.0,45.0,261.0
50n_30p_seed1,0.3,1,42028000,20,TX,42016,20.0,1,10,42.016,,,
50n_30p_seed1,0.3,1,42033696,1,RX,41485,,1,11,41.485,1.0,20.0,1.8446744073709552e+19
50n_30p_seed1,0.3,1,43485000,46,TX,43285,46.0,1,10,43.285,,,
50n_30p_seed1,0.3,1,43529696,1,RX,42981,,1,11,42.981,1.0,46.0,1.8446744073709552e+19
50n_30p_seed1,0.3,1,45038000,40,TX,44836,40.0,1,10,44.836,,,
50n_30p_seed1,0.3,1,45056696,1,RX,44508,,1,11,44.508,1.0,40.0,1.8446744073709552e+19
50n_30p_seed1,0.3,1,45888000,3,TX,45247,3.0,0,9,45.247,,,
50n_30p_seed1,0.3,1,45944952,1,RX,45396,,0,10,45.396,1.0,3.0,149.0
50n_30p_seed1,0.3,1,45976000,28,TX,45556,28.0,1,10,45.556,,,
50n_30p_seed1,0.3,1,46013696,1,RX,45465,,1,11,45.465,1.0,28.0,1.8446744073709552e+19
50n_30p_seed1,0.3,1,46406000,30,TX,46355,30.0,1,10,46.355,,,
50n_30p_seed1,0.3,1,46415696,1,RX,45867,,1,11,45.867,1.0,30.0,1.8446744073709552e+19
50n_30p_seed1,0.3,1,46705000,44,TX,46285,44.0,1,10,46.285,,,
50n_30p_seed1,0.3,1,46757984,1,RX,46209,,1,11,46.209,1.0,44.0,1.8446744073709552e+19
50n_30p_seed1,0.3,1,47529000,38,TX,46559,38.0,1,10,46.559,,,
50n_30p_seed1,0.3,1,47546696,1,RX,46998,,1,11,46.998,1.0,38.0,439.0
50n_30p_seed1,0.3,1,47876000,26,TX,47450,26.0,0,10,47.45,,,
50n_30p_seed1,0.3,1,47950984,1,RX,47402,,0,11,47.402,1.0,26.0,1.8446744073709552e+19
50n_30p_seed1,0.3,1,48606000,33,TX,48498,33.0,1,10,48.498,,,
50n_30p_seed1,0.3,1,48651936,1,RX,48103,,1,11,48.103,1.0,33.0,1.8446744073709552e+19
50n_30p_seed1,0.3,1,49633000,24,TX,49454,24.0,0,10,49.454,,,
50n_30p_seed1,0.3,1,49681984,1,RX,49133,,0,11,49.133,1.0,24.0,1.8446744073709552e+19
50n_30p_seed1,0.3,1,49890000,41,TX,49501,41.0,1,10,49.501,,,
50n_30p_seed1,0.3,1,49941984,1,RX,49393,,1,11,49.393,1.0,41.0,1.8446744073709552e+19
50n_30p_seed1,0.3,1,50786000,34,TX,49951,34.0,1,10,49.951,,,
50n_30p_seed1,0.3,1,50847984,1,RX,50299,,1,11,50.299,1.0,34.0,348.0
50n_30p_seed1,0.3,1,53201000,16,TX,52340,16.0,1,10,52.34,,,
50n_30p_seed1,0.3,1,53246984,1,RX,52698,,1,11,52.698,1.0,16.0,358.0
50n_30p_seed1,0.3,1,53281000,22,TX,52561,22.0,1,10,52.561,,,
50n_30p_seed1,0.3,1,53295696,1,RX,52747,,1,11,52.747,1.0,22.0,186.0
50n_30p_seed1,0.3,1,53395000,49,TX,52701,49.0,0,10,52.701,,,
50n_30p_seed1,0.3,1,53428984,1,RX,52880,,0,11,52.88,1.0,49.0,179.0
50n_30p_seed1,0.3,1,54482000,31,TX,53769,31.0,1,10,53.769,,,
50n_30p_seed1,0.3,1,54521696,1,RX,53973,,1,11,53.973,1.0,31.0,204.0
50n_30p_seed1,0.3,1,54693000,9,TX,54454,9.0,1,9,54.454,,,
50n_30p_seed1,0.3,1,54717000,42,TX,53881,42.0,1,10,53.881,,,
50n_30p_seed1,0.3,1,54729984,1,RX,54181,,1,11,54.181,1.0,42.0,300.0
50n_30p_seed1,0.3,1,54747952,1,RX,54199,,1,10,54.199,1.0,9.0,1.8446744073709552e+19
50n_30p_seed1,0.3,1,55743000,6,TX,54929,6.0,1,9,54.929,,,
50n_30p_seed1,0.3,1,55820952,1,RX,55272,,1,10,55.272,1.0,6.0,343.0
50n_30p_seed1,0.3,1,55961000,23,TX,55672,23.0,1,10,55.672,,,
50n_30p_seed1,0.3,1,56005696,1,RX,55457,,1,11,55.457,1.0,23.0,1.8446744073709552e+19
50n_30p_seed1,0.3,1,57286000,5,TX,57222,5.0,1,9,57.222,,,
50n_30p_seed1,0.3,1,57338952,1,RX,56790,,1,10,56.79,1.0,5.0,1.8446744073709552e+19
50n_30p_seed1,0.3,1,57419000,43,TX,57206,43.0,1,10,57.206,,,
50n_30p_seed1,0.3,1,57464000,10,TX,57163,10.0,1,10,57.163,,,
50n_30p_seed1,0.3,1,57478984,1,RX,56930,,1,11,56.93,1.0,43.0,1.8446744073709552e+19
50n_30p_seed1,0.3,1,57538984,1,RX,56990,,1,11,56.99,1.0,10.0,1.8446744073709552e+19
50n_30p_seed1,0.3,1,57601000,48,TX,57312,48.0,1,10,57.312,,,
50n_30p_seed1,0.3,1,57611000,2,TX,56847,2.0,0,9,56.847,,,
50n_30p_seed1,0.3,1,57678000,1,RX,57130,,1,11,57.13,1.0,48.0,1.8446744073709552e+19
50n_30p_seed1,0.3,1,57680952,1,RX,57132,,0,10,57.132,1.0,2.0,285.0
50n_30p_seed1,0.3,1,57976000,8,TX,57070,8.0,1,9,57.07,,,
50n_30p_seed1,0.3,1,58009952,1,RX,57461,,1,10,57.461,1.0,8.0,391.0
50n_30p_seed1,0.3,1,58264000,35,TX,57653,35.0,1,10,57.653,,,
50n_30p_seed1,0.3,1,58331984,1,RX,57783,,1,11,57.783,1.0,35.0,130.0
50n_30p_seed1,0.3,1,58538000,25,TX,58056,25.0,1,10,58.056,,,
50n_30p_seed1,0.3,1,58581984,1,RX,58033,,1,11,58.033,1.0,25.0,1.8446744073709552e+19
50n_30p_seed1,0.3,1,59934000,13,TX,59394,13.0,1,10,59.394,,,
50n_30p_seed1,0.3,1,59950696,1,RX,59402,,1,11,59.402,1.0,13.0,8.0
50n_30p_seed1,0.3,1,59960000,7,TX,59456,7.0,1,9,59.456,,,
50n_30p_seed1,0.3,1,60060952,1,RX,59512,,1,10,59.512,1.0,7.0,56.0
50n_30p_seed1,0.3,1,62349000,37,TX,62167,37.0,1,10,62.167,,,
50n_30p_seed1,0.3,1,62363696,1,RX,61815,,1,11,61.815,1.0,37.0,1.8446744073709552e+19
50n_30p_seed1,0.3,1,63321000,29,TX,63284,29.0,1,10,63.284,,,
50n_30p_seed1,0.3,1,63347696,1,RX,62799,,1,11,62.799,1.0,29.0,1.8446744073709552e+19
50n_30p_seed1,0.3,1,63374000,17,TX,63289,17.0,1,10,63.289,,,
50n_30p_seed1,0.3,1,63404984,1,RX,62856,,1,11,62.856,1.0,17.0,1.8446744073709552e+19
50n_30p_seed1,0.3,1,63405000,4,TX,62435,4.0,1,9,62.435,,,
50n_30p_seed1,0.3,1,63445952,1,RX,62897,,1,10,62.897,1.0,4.0,462.0
50n_30p_seed1,0.3,1,63609000,11,TX,63473,11.0,1,10,63.473,,,
50n_30p_seed1,0.3,1,63632984,1,RX,63084,,1,11,63.084,1.0,11.0,1.8446744073709552e+19
50n_30p_seed1,0.3,1,64431000,21,TX,63506,21.0,1,10,63.506,,,
50n_30p_seed1,0.3,1,64476696,1,RX,63928,,1,11,63.928,1.0,21.0,422.0
50n_30p_seed1,0.3,1,64486000,36,TX,63803,36.0,1,10,63.803,,,
50n_30p_seed1,0.3,1,64491696,1,RX,63943,,1,11,63.943,1.0,36.0,140.0
50n_30p_seed1,0.3,1,65600000,47,TX,65176,47.0,1,10,65.176,,,
50n_30p_seed1,0.3,1,65642696,1,RX,65094,,1,11,65.094,1.0,47.0,1.8446744073709552e+19
50n_30p_seed1,0.3,1,66458000,32,TX,65716,32.0,1,10,65.716,,,
50n_30p_seed1,0.3,1,66497696,1,RX,65949,,1,11,65.949,1.0,32.0,233.0
50n_30p_seed1,0.3,1,66753000,27,TX,66088,27.0,1,10,66.088,,,
50n_30p_seed1,0.3,1,66787696,1,RX,66239,,1,11,66.239,1.0,27.0,151.0
50n_30p_seed1,0.3,1,67924000,14,TX,67233,14.0,1,10,67.233,,,
50n_30p_seed1,0.3,1,67949696,1,RX,67401,,1,11,67.401,1.0,14.0,168.0
50n_30p_seed1,0.3,1,68038000,26,TX,67612,26.0,1,10,67.612,,,
50n_30p_seed1,0.3,1,68120984,1,RX,67572,,1,11,67.572,1.0,26.0,1.8446744073709552e+19
50n_30p_seed1,0.3,1,68190000,12,TX,67192,12.0,1,10,67.192,,,
50n_30p_seed1,0.3,1,68230984,1,RX,67682,,1,11,67.682,1.0,12.0,490.0
50n_30p_seed1,0.3,1,69274000,19,TX,68906,19.0,1,10,68.906,,,
50n_30p_seed1,0.3,1,69309984,1,RX,68761,,1,11,68.761,1.0,19.0,1.8446744073709552e+19
50n_30p_seed1,0.3,1,69490000,44,TX,69070,44.0,2,10,69.07,,,
50n_30p_seed1,0.3,1,69519984,1,RX,68971,,2,11,68.971,1.0,44.0,1.8446744073709552e+19
50n_30p_seed1,0.3,1,69706000,15,TX,69361,15.0,1,10,69.361,,,
50n_30p_seed1,0.3,1,69725696,1,RX,69177,,1,11,69.177,1.0,15.0,1.8446744073709552e+19
50n_30p_seed1,0.3,1,69949000,18,TX,69698,18.0,1,10,69.698,,,
50n_30p_seed1,0.3,1,69986984,1,RX,69438,,1,11,69.438,1.0,18.0,1.8446744073709552e+19
50n_30p_seed1,0.3,1,70092000,46,TX,69892,46.0,2,10,69.892,,,
50n_30p_seed1,0.3,1,70114696,1,RX,69566,,2,11,69.566,1.0,46.0,1.8446744073709552e+19
50n_30p_seed1,0.3,1,70170000,3,TX,69529,3.0,1,9,69.529,,,
50n_30p_seed1,0.3,1,70224952,1,RX,69676,,1,10,69.676,1.0,3.0,147.0
50n_30p_seed1,0.3,1,71073000,38,TX,70103,38.0,2,10,70.103,,,
50n_30p_seed1,0.3,1,71102696,1,RX,70554,,2,11,70.554,1.0,38.0,451.0
50n_30p_seed1,0.3,1,71760000,41,TX,71371,41.0,2,10,71.371,,,
50n_30p_seed1,0.3,1,71812984,1,RX,71264,,2,11,71.264,1.0,41.0,1.8446744073709552e+19
50n_30p_seed1,0.3,1,72461000,40,TX,72259,40.0,2,10,72.259,,,
50n_30p_seed1,0.3,1,72505696,1,RX,71957,,2,11,71.957,1.0,40.0,1.8446744073709552e+19
50n_30p_seed1,0.3,1,72623000,39,TX,72485,39.0,1,10,72.485,,,
50n_30p_seed1,0.3,1,72640696,1,RX,72092,,1,11,72.092,1.0,39.0,1.8446744073709552e+19
50n_30p_seed1,0.3,1,73475000,50,TX,72478,50.0,1,10,72.478,,,
50n_30p_seed1,0.3,1,73580984,1,RX,73032,,1,11,73.032,1.0,50.0,554.0
50n_30p_seed1,0.3,1,74732000,45,TX,73941,45.0,1,10,73.941,,,
50n_30p_seed1,0.3,1,74739696,1,RX,74191,,1,11,74.191,1.0,45.0,250.0
50n_30p_seed1,0.3,1,75102000,33,TX,74994,33.0,2,10,74.994,,,
50n_30p_seed1,0.3,1,75144984,1,RX,74596,,2,11,74.596,1.0,33.0,1.8446744073709552e+19
50n_30p_seed1,0.3,1,76656000,42,TX,75820,42.0,2,10,75.82,,,
50n_30p_seed1,0.3,1,76734984,1,RX,76186,,2,11,76.186,1.0,42.0,366.0
50n_30p_seed1,0.3,1,77680000,20,TX,77668,20.0,2,10,77.668,,,
50n_30p_seed1,0.3,1,77689696,1,RX,77141,,2,11,77.141,1.0,20.0,1.8446744073709552e+19
50n_30p_seed1,0.3,1,78499000,2,TX,77735,2.0,1,9,77.735,,,
50n_30p_seed1,0.3,1,78576952,1,RX,78028,,1,10,78.028,1.0,2.0,293.0
50n_30p_seed1,0.3,1,79174000,31,TX,78461,31.0,2,10,78.461,,,
50n_30p_seed1,0.3,1,79205000,43,TX,78992,43.0,2,10,78.992,,,
50n_30p_seed1,0.3,1,79209696,1,RX,78661,,2,11,78.661,1.0,31.0,200.0
50n_30p_seed1,0.3,1,79234000,16,TX,78373,16.0,2,10,78.373,,,
50n_30p_seed1,0.3,1,79238984,1,RX,78690,,2,11,78.69,1.0,43.0,1.8446744073709552e+19
50n_30p_seed1,0.3,1,79284984,1,RX,78736,,2,11,78.736,1.0,16.0,363.0
50n_30p_seed1,0.3,1,79992000,48,TX,79703,48.0,2,10,79.703,,,
50n_30p_seed1,0.3,1,80041984,1,RX,79493,,2,11,79.493,1.0,48.0,1.8446744073709552e+19
50n_30p_seed1,0.3,1,81159000,22,TX,80439,22.0,2,10,80.439,,,
50n_30p_seed1,0.3,1,81169696,1,RX,80621,,2,11,80.621,1.0,22.0,182.0
50n_30p_seed1,0.3,1,81175000,28,TX,80755,28.0,2,10,80.755,,,
50n_30p_seed1,0.3,1,81188000,8,TX,80282,8.0,2,9,80.282,,,
50n_30p_seed1,0.3,1,81208696,1,RX,80660,,2,11,80.66,1.0,28.0,1.8446744073709552e+19
50n_30p_seed1,0.3,1,81236952,1,RX,80688,,2,10,80.688,1.0,8.0,406.0
50n_30p_seed1,0.3,1,81368000,30,TX,81317,30.0,2,10,81.317,,,
50n_30p_seed1,0.3,1,81379696,1,RX,80831,,2,11,80.831,1.0,30.0,1.8446744073709552e+19
50n_30p_seed1,0.3,1,84893000,35,TX,84282,35.0,2,10,84.282,,,
50n_30p_seed1,0.3,1,84951984,1,RX,84403,,2,11,84.403,1.0,35.0,121.0
50n_30p_seed1,0.3,1,87518000,10,TX,87217,10.0,2,10,87.217,,,
50n_30p_seed1,0.3,1,87558984,1,RX,87010,,2,11,87.01,1.0,10.0,1.8446744073709552e+19
50n_30p_seed1,0.3,1,87695000,24,TX,87516,24.0,1,10,87.516,,,
50n_30p_seed1,0.3,1,87697000,5,TX,87633,5.0,2,9,87.633,,,
50n_30p_seed1,0.3,1,87718984,1,RX,87170,,1,11,87.17,1.0,24.0,1.8446744073709552e+19
50n_30p_seed1,0.3,1,87743952,1,RX,87195,,2,10,87.195,1.0,5.0,1.8446744073709552e+19
50n_30p_seed1,0.3,1,88775000,34,TX,87940,34.0,2,10,87.94,,,
50n_30p_seed1,0.3,1,88851984,1,RX,88303,,2,11,88.303,1.0,34.0,363.0
50n_30p_seed1,0.3,1,88939000,6,TX,88125,6.0,2,9,88.125,,,
50n_30p_seed1,0.3,1,88991952,1,RX,88443,,2,10,88.443,1.0,6.0,318.0
50n_30p_seed1,0.3,1,89477000,49,TX,88783,49.0,1,10,88.783,,,
50n_30p_seed1,0.3,1,89501936,1,RX,88953,,1,11,88.953,1.0,49.0,170.0
50n_30p_seed1,0.3,1,89972000,32,TX,89230,32.0,2,10,89.23,,,
50n_30p_seed1,0.3,1,90003696,1,RX,89455,,2,11,89.455,1.0,32.0,225.0
50n_30p_seed1,0.3,1,90026000,19,TX,89658,19.0,2,10,89.658,,,
50n_30p_seed1,0.3,1,90073984,1,RX,89525,,2,11,89.525,1.0,19.0,1.8446744073709552e+19
50n_30p_seed1,0.3,1,91578000,29,TX,91541,29.0,2,10,91.541,,,
50n_30p_seed1,0.3,1,91619696,1,RX,91071,,2,11,91.071,1.0,29.0,1.8446744073709552e+19
50n_30p_seed1,0.3,1,91718000,47,TX,91294,47.0,2,10,91.294,,,
50n_30p_seed1,0.3,1,91725696,1,RX,91177,,2,11,91.177,1.0,47.0,1.8446744073709552e+19
50n_30p_seed1,0.3,1,93304000,46,TX,93104,46.0,3,10,93.104,,,
50n_30p_seed1,0.3,1,93304000,9,TX,93065,9.0,2,9,93.065,,,
50n_30p_seed1,0.3,1,93309696,1,RX,92761,,3,11,92.761,1.0,46.0,1.8446744073709552e+19
50n_30p_seed1,0.3,1,93365000,26,TX,92939,26.0,2,10,92.939,,,
50n_30p_seed1,0.3,1,93368952,1,RX,92820,,2,10,92.82,1.0,9.0,1.8446744073709552e+19
50n_30p_seed1,0.3,1,93427984,1,RX,92879,,2,11,92.879,1.0,26.0,1.8446744073709552e+19
50n_30p_seed1,0.3,1,93539000,23,TX,93250,23.0,2,10,93.25,,,
50n_30p_seed1,0.3,1,93571696,1,RX,93023,,2,11,93.023,1.0,23.0,1.8446744073709552e+19
50n_30p_seed1,0.3,1,93923000,21,TX,92998,21.0,2,10,92.998,,,
50n_30p_seed1,0.3,1,93962696,1,RX,93414,,2,11,93.414,1.0,21.0,416.0
50n_30p_seed1,0.3,1,94063000,12,TX,93065,12.0,2,10,93.065,,,
50n_30p_seed1,0.3,1,94106984,1,RX,93558,,2,11,93.558,1.0,12.0,493.0
50n_30p_seed1,0.3,1,94260000,44,TX,93840,44.0,3,10,93.84,,,
50n_30p_seed1,0.3,1,94324984,1,RX,93776,,3,11,93.776,1.0,44.0,1.8446744073709552e+19
50n_30p_seed1,0.3,1,95639000,33,TX,95531,33.0,3,10,95.531,,,
50n_30p_seed1,0.3,1,95654984,1,RX,95106,,3,11,95.106,1.0,33.0,1.8446744073709552e+19
50n_30p_seed1,0.3,1,95901000,37,TX,95719,37.0,2,10,95.719,,,
50n_30p_seed1,0.3,1,95937696,1,RX,95389,,2,11,95.389,1.0,37.0,1.8446744073709552e+19
50n_30p_seed1,0.3,1,96001000,39,TX,95863,39.0,2,10,95.863,,,
50n_30p_seed1,0.3,1,96027696,1,RX,95479,,2,11,95.479,1.0,39.0,1.8446744073709552e+19
50n_30p_seed1,0.3,1,96206000,13,TX,95666,13.0,2,10,95.666,,,
50n_30p_seed1,0.3,1,96238696,1,RX,95690,,2,11,95.69,1.0,13.0,24.0
50n_30p_seed1,0.3,1,97251000,11,TX,97115,11.0,2,10,97.115,,,
50n_30p_seed1,0.3,1,97297984,1,RX,96749,,2,11,96.749,1.0,11.0,1.8446744073709552e+19
50n_30p_seed1,0.3,1,97892000,27,TX,97227,27.0,2,10,97.227,,,
50n_30p_seed1,0.3,1,97913696,1,RX,97365,,2,11,97.365,1.0,27.0,138.0
50n_30p_seed1,0.3,1,98068000,7,TX,97564,7.0,2,9,97.564,,,
50n_30p_seed1,0.3,1,98149952,1,RX,97601,,2,10,97.601,1.0,7.0,37.0
50n_30p_seed1,0.3,1,98199000,36,TX,97516,36.0,2,10,97.516,,,
50n_30p_seed1,0.3,1,98228696,1,RX,97680,,2,11,97.68,1.0,36.0,164.0
50n_30p_seed1,0.3,1,98511000,25,TX,98029,25.0,2,10,98.029,,,
50n_30p_seed1,0.3,1,98553984,1,RX,98005,,2,11,98.005,1.0,25.0,1.8446744073709552e+19
50n_30p_seed1,0.3,1,100539000,4,TX,99569,4.0,2,9,99.569,,,
50n_30p_seed1,0.3,1,100599952,1,RX,100051,,2,10,100.051,1.0,4.0,482.0
50n_30p_seed1,0.3,1,100879000,43,TX,100666,43.0,3,11,100.666,,,
50n_30p_seed1,0.3,1,100939016,1,RX,100391,,3,12,100.391,1.0,43.0,1.8446744073709552e+19
50n_30p_seed1,0.3,1,101511000,31,TX,100798,31.0,3,11,100.798,,,
50n_30p_seed1,0.3,1,101532728,1,RX,100984,,3,12,100.984,1.0,31.0,186.0
50n_30p_seed1,0.3,1,102593000,17,TX,102508,17.0,2,11,102.508,,,
50n_30p_seed1,0.3,1,102649016,1,RX,102101,,2,12,102.101,1.0,17.0,1.8446744073709552e+19
50n_30p_seed1,0.3,1,102791000,38,TX,101821,38.0,3,11,101.821,,,
50n_30p_seed1,0.3,1,102799000,48,TX,102510,48.0,3,11,102.51,,,
50n_30p_seed1,0.3,1,102814728,1,RX,102266,,3,12,102.266,1.0,38.0,445.0
50n_30p_seed1,0.3,1,102886016,1,RX,102338,,3,12,102.338,1.0,48.0,1.8446744073709552e+19
50n_30p_seed1,0.3,1,103418000,2,TX,102654,2.0,2,10,102.654,,,
50n_30p_seed1,0.3,1,103519984,1,RX,102971,,2,11,102.971,1.0,2.0,317.0
50n_30p_seed1,0.3,1,104446000,14,TX,103755,14.0,2,11,103.755,,,
50n_30p_seed1,0.3,1,104475728,1,RX,103927,,2,12,103.927,1.0,14.0,172.0
50n_30p_seed1,0.3,1,104780000,15,TX,104435,15.0,2,11,104.435,,,
50n_30p_seed1,0.3,1,104788728,1,RX,104240,,2,12,104.24,1.0,15.0,1.8446744073709552e+19
50n_30p_seed1,0.3,1,104941000,8,TX,104035,8.0,3,10,104.035,,,
50n_30p_seed1,0.3,1,104996984,1,RX,104448,,3,11,104.448,1.0,8.0,413.0
50n_30p_seed1,0.3,1,105816000,50,TX,104819,50.0,2,11,104.819,,,
50n_30p_seed1,0.3,1,105862016,1,RX,105314,,2,12,105.314,1.0,50.0,495.0
50n_30p_seed1,0.3,1,106241000,41,TX,105852,41.0,3,11,105.852,,,
50n_30p_seed1,0.3,1,106296016,1,RX,105748,,3,12,105.748,1.0,41.0,1.8446744073709552e+19
50n_30p_seed1,0.3,1,106600000,40,TX,106398,40.0,3,11,106.398,,,
50n_30p_seed1,0.3,1,106633728,1,RX,106085,,3,12,106.085,1.0,40.0,1.8446744073709552e+19
50n_30p_seed1,0.3,1,106867000,42,TX,106031,42.0,3,11,106.031,,,
50n_30p_seed1,0.3,1,106891016,1,RX,106343,,3,12,106.343,1.0,42.0,312.0
50n_30p_seed1,0.3,1,106943000,20,TX,106931,20.0,3,11,106.931,,,
50n_30p_seed1,0.3,1,106978728,1,RX,106430,,3,12,106.43,1.0,20.0,1.8446744073709552e+19
50n_30p_seed1,0.3,1,107236000,18,TX,106985,18.0,2,11,106.985,,,
50n_30p_seed1,0.3,1,107255000,1,RX,106707,,2,12,106.707,1.0,18.0,1.8446744073709552e+19
50n_30p_seed1,0.3,1,108141000,3,TX,107500,3.0,2,10,107.5,,,
50n_30p_seed1,0.3,1,108209000,35,TX,107598,35.0,3,11,107.598,,,
50n_30p_seed1,0.3,1,108255984,1,RX,107707,,2,11,107.707,1.0,3.0,207.0
50n_30p_seed1,0.3,1,108263016,1,RX,107715,,3,12,107.715,1.0,35.0,117.0
50n_30p_seed1,0.3,1,108705000,28,TX,108285,28.0,3,11,108.285,,,
50n_30p_seed1,0.3,1,108738728,1,RX,108190,,3,12,108.19,1.0,28.0,1.8446744073709552e+19
50n_30p_seed1,0.3,1,111251000,49,TX,110557,49.0,2,11,110.557,,,
50n_30p_seed1,0.3,1,111289016,1,RX,110741,,2,12,110.741,1.0,49.0,184.0
50n_30p_seed1,0.3,1,111698000,45,TX,110907,45.0,2,11,110.907,,,
50n_30p_seed1,0.3,1,111708728,1,RX,111160,,2,12,111.16,1.0,45.0,253.0
50n_30p_seed1,0.3,1,112574000,6,TX,111760,6.0,3,10,111.76,,,
50n_30p_seed1,0.3,1,112635984,1,RX,112087,,3,11,112.087,1.0,6.0,327.0
50n_30p_seed1,0.3,1,113239000,22,TX,112519,22.0,3,11,112.519,,,
50n_30p_seed1,0.3,1,113244728,1,RX,112696,,3,12,112.696,1.0,22.0,177.0
50n_30p_seed1,0.3,1,113526000,30,TX,113475,30.0,3,11,113.475,,,
50n_30p_seed1,0.3,1,113540728,1,RX,112992,,3,12,112.992,1.0,30.0,1.8446744073709552e+19
50n_30p_seed1,0.3,1,115249000,10,TX,114948,10.0,3,11,114.948,,,
50n_30p_seed1,0.3,1,115310016,1,RX,114762,,3,12,114.762,1.0,10.0,1.8446744073709552e+19
50n_30p_seed1,0.3,1,116743000,5,TX,116679,5.0,3,10,116.679,,,
50n_30p_seed1,0.3,1,116797984,1,RX,116249,,3,11,116.249,1.0,5.0,1.8446744073709552e+19
50n_30p_seed1,0.3,1,117062000,47,TX,116638,47.0,3,11,116.638,,,
50n_30p_seed1,0.3,1,117096728,1,RX,116548,,3,12,116.548,1.0,47.0,1.8446744073709552e+19
50n_30p_seed1,0.3,1,117698000,46,TX,117498,46.0,4,11,117.498,,,
50n_30p_seed1,0.3,1,117734728,1,RX,117186,,4,12,117.186,1.0,46.0,1.8446744073709552e+19
50n_30p_seed1,0.3,1,119042000,16,TX,118181,16.0,3,11,118.181,,,
50n_30p_seed1,0.3,1,119107016,1,RX,118559,,3,12,118.559,1.0,16.0,378.0
50n_30p_seed1,0.3,1,120365000,32,TX,119623,32.0,3,11,119.623,,,
50n_30p_seed1,0.3,1,120381000,13,TX,119841,13.0,3,11,119.841,,,
50n_30p_seed1,0.3,1,120391728,1,RX,119843,,3,12,119.843,1.0,13.0,2.0
50n_30p_seed1,0.3,1,120398728,1,RX,119850,,3,12,119.85,1.0,32.0,227.0
50n_30p_seed1,0.3,1,121079000,39,TX,120941,39.0,3,11,120.941,,,
50n_30p_seed1,0.3,1,121116728,1,RX,120568,,3,12,120.568,1.0,39.0,1.8446744073709552e+19
50n_30p_seed1,0.3,1,121455000,27,TX,120790,27.0,3,11,120.79,,,
50n_30p_seed1,0.3,1,121477728,1,RX,120929,,3,12,120.929,1.0,27.0,139.0
50n_30p_seed1,0.3,1,121517000,33,TX,121409,33.0,4,11,121.409,,,
50n_30p_seed1,0.3,1,121557016,1,RX,121009,,4,12,121.009,1.0,33.0,1.8446744073709552e+19
50n_30p_seed1,0.3,1,122834000,24,TX,122655,24.0,2,11,122.655,,,
50n_30p_seed1,0.3,1,122853016,1,RX,122305,,2,12,122.305,1.0,24.0,1.8446744073709552e+19
50n_30p_seed1,0.3,1,123050000,29,TX,123013,29.0,3,11,123.013,,,
50n_30p_seed1,0.3,1,123071728,1,RX,122523,,3,12,122.523,1.0,29.0,1.8446744073709552e+19
50n_30p_seed1,0.3,1,123093000,34,TX,122258,34.0,3,11,122.258,,,
50n_30p_seed1,0.3,1,123142016,1,RX,122594,,3,12,122.594,1.0,34.0,336.0
50n_30p_seed1,0.3,1,124690000,31,TX,123977,31.0,4,11,123.977,,,
50n_30p_seed1,0.3,1,124711728,1,RX,124163,,4,12,124.163,1.0,31.0,186.0
50n_30p_seed1,0.3,1,124975000,26,TX,124549,26.0,3,11,124.549,,,
50n_30p_seed1,0.3,1,125007016,1,RX,124459,,3,12,124.459,1.0,26.0,1.8446744073709552e+19
50n_30p_seed1,0.3,1,125348000,19,TX,124980,19.0,3,11,124.98,,,
50n_30p_seed1,0.3,1,125365016,1,RX,124817,,3,12,124.817,1.0,19.0,1.8446744073709552e+19
50n_30p_seed1,0.3,1,125487000,9,TX,125248,9.0,3,10,125.248,,,
50n_30p_seed1,0.3,1,125518984,1,RX,124970,,3,11,124.97,1.0,9.0,1.8446744073709552e+19
50n_30p_seed1,0.3,1,126164000,36,TX,125481,36.0,3,11,125.481,,,
50n_30p_seed1,0.3,1,126188728,1,RX,125640,,3,12,125.64,1.0,36.0,159.0
50n_30p_seed1,0.3,1,127104000,17,TX,127019,17.0,3,11,127.019,,,
50n_30p_seed1,0.3,1,127137016,1,RX,126589,,3,12,126.589,1.0,17.0,1.8446744073709552e+19
50n_30p_seed1,0.3,1,127213000,48,TX,126924,48.0,4,11,126.924,,,
50n_30p_seed1,0.3,1,127269016,1,RX,126721,,4,12,126.721,1.0,48.0,1.8446744073709552e+19
50n_30p_seed1,0.3,1,127789000,8,TX,126883,8.0,4,10,126.883,,,
50n_30p_seed1,0.3,1,127848984,1,RX,127300,,4,11,127.3,1.0,8.0,417.0
50n_30p_seed1,0.3,1,128180000,21,TX,127255,21.0,3,11,127.255,,,
50n_30p_seed1,0.3,1,128210728,1,RX,127662,,3,12,127.662,1.0,21.0,407.0
50n_30p_seed1,0.3,1,128884000,44,TX,128464,44.0,4,11,128.464,,,
50n_30p_seed1,0.3,1,128923016,1,RX,128375,,4,12,128.375,1.0,44.0,1.8446744073709552e+19
50n_30p_seed1,0.3,1,128946000,14,TX,128255,14.0,3,11,128.255,,,
50n_30p_seed1,0.3,1,128964728,1,RX,128416,,3,12,128.416,1.0,14.0,161.0
50n_30p_seed1,0.3,1,129410000,20,TX,129398,20.0,4,11,129.398,,,
50n_30p_seed1,0.3,1,129417728,1,RX,128869,,4,12,128.869,1.0,20.0,1.8446744073709552e+19
50n_30p_seed1,0.3,1,130447000,37,TX,130265,37.0,3,11,130.265,,,
50n_30p_seed1,0.3,1,130467728,1,RX,129919,,3,12,129.919,1.0,37.0,1.8446744073709552e+19
50n_30p_seed1,0.3,1,131126000,23,TX,130837,23.0,3,11,130.837,,,
50n_30p_seed1,0.3,1,131137728,1,RX,130589,,3,12,130.589,1.0,23.0,1.8446744073709552e+19
50n_30p_seed1,0.3,1,131221000,4,TX,130251,4.0,3,10,130.251,,,
50n_30p_seed1,0.3,1,131297984,1,RX,130749,,3,11,130.749,1.0,4.0,498.0
50n_30p_seed1,0.3,1,132016000,7,TX,131512,7.0,3,10,131.512,,,
50n_30p_seed1,0.3,1,132128000,40,TX,131926,40.0,4,11,131.926,,,
50n_30p_seed1,0.3,1,132133984,1,RX,131585,,3,11,131.585,1.0,7.0,73.0
50n_30p_seed1,0.3,1,132173728,1,RX,131625,,4,12,131.625,1.0,40.0,1.8446744073709552e+19
50n_30p_seed1,0.3,1,132302000,49,TX,131608,49.0,3,11,131.608,,,
50n_30p_seed1,0.3,1,132309000,12,TX,131311,12.0,3,11,131.311,,,
50n_30p_seed1,0.3,1,132324000,1,RX,131776,,3,12,131.776,1.0,12.0,465.0
50n_30p_seed1,0.3,1,132371016,1,RX,131823,,3,12,131.823,1.0,49.0,215.0
50n_30p_seed1,0.3,1,132654000,43,TX,132441,43.0,4,11,132.441,,,
50n_30p_seed1,0.3,1,132711016,1,RX,132163,,4,12,132.163,1.0,43.0,1.8446744073709552e+19
50n_30p_seed1,0.3,1,133486000,35,TX,132875,35.0,4,11,132.875,,,
50n_30p_seed1,0.3,1,133544016,1,RX,132996,,4,12,132.996,1.0,35.0,121.0
50n_30p_seed1,0.3,1,135376000,25,TX,134894,25.0,3,11,134.894,,,
50n_30p_seed1,0.3,1,135435016,1,RX,134887,,3,12,134.887,1.0,25.0,1.8446744073709552e+19
50n_30p_seed1,0.3,1,136000000,41,TX,135611,41.0,4,11,135.611,,,
50n_30p_seed1,0.3,1,136048016,1,RX,135500,,4,12,135.5,1.0,41.0,1.8446744073709552e+19
50n_30p_seed1,0.3,1,136216000,2,TX,135452,2.0,3,10,135.452,,,
50n_30p_seed1,0.3,1,136288984,1,RX,135740,,3,11,135.74,1.0,2.0,288.0
50n_30p_seed1,0.3,1,136490000,45,TX,135699,45.0,3,11,135.699,,,
50n_30p_seed1,0.3,1,136510728,1,RX,135962,,3,12,135.962,1.0,45.0,263.0
50n_30p_seed1,0.3,1,136527000,3,TX,135886,3.0,3,10,135.886,,,
50n_30p_seed1,0.3,1,136573984,1,RX,136025,,3,11,136.025,1.0,3.0,139.0
50n_30p_seed1,0.3,1,137197000,11,TX,137061,11.0,3,11,137.061,,,
50n_30p_seed1,0.3,1,137210016,1,RX,136662,,3,12,136.662,1.0,11.0,1.8446744073709552e+19
50n_30p_seed1,0.3,1,137413000,28,TX,136993,28.0,4,11,136.993,,,
50n_30p_seed1,0.3,1,137443728,1,RX,136895,,4,12,136.895,1.0,28.0,1.8446744073709552e+19
50n_30p_seed1,0.3,1,138118000,30,TX,138067,30.0,4,11,138.067,,,
50n_30p_seed1,0.3,1,138129728,1,RX,137581,,4,12,137.581,1.0,30.0,1.8446744073709552e+19
50n_30p_seed1,0.3,1,139596000,38,TX,138626,38.0,4,11,138.626,,,
50n_30p_seed1,0.3,1,139607728,1,RX,139059,,4,12,139.059,1.0,38.0,433.0
50n_30p_seed1,0.3,1,139917000,46,TX,139717,46.0,5,11,139.717,,,
50n_30p_seed1,0.3,1,139945728,1,RX,139397,,5,12,139.397,1.0,46.0,1.8446744073709552e+19
50n_30p_seed1,0.3,1,140664000,22,TX,139944,22.0,4,11,139.944,,,
50n_30p_seed1,0.3,1,140687728,1,RX,140139,,4,12,140.139,1.0,22.0,195.0
50n_30p_seed1,0.3,1,140940000,16,TX,140079,16.0,4,11,140.079,,,
50n_30p_seed1,0.3,1,140971016,1,RX,140423,,4,12,140.423,1.0,16.0,344.0
50n_30p_seed1,0.3,1,141688000,32,TX,140946,32.0,4,11,140.946,,,
50n_30p_seed1,0.3,1,141711728,1,RX,141163,,4,12,141.163,1.0,32.0,217.0
50n_30p_seed1,0.3,1,141991000,50,TX,140994,50.0,3,11,140.994,,,
50n_30p_seed1,0.3,1,142061016,1,RX,141513,,3,12,141.513,1.0,50.0,519.0
50n_30p_seed1,0.3,1,142529000,5,TX,142465,5.0,4,10,142.465,,,
50n_30p_seed1,0.3,1,142596984,1,RX,142048,,4,11,142.048,1.0,5.0,1.8446744073709552e+19
50n_30p_seed1,0.3,1,142622000,18,TX,142371,18.0,3,11,142.371,,,
50n_30p_seed1,0.3,1,142659016,1,RX,142111,,3,12,142.111,1.0,18.0,1.8446744073709552e+19
50n_30p_seed1,0.3,1,142720000,42,TX,141884,42.0,4,11,141.884,,,
50n_30p_seed1,0.3,1,142743016,1,RX,142195,,4,12,142.195,1.0,42.0,311.0
50n_30p_seed1,0.3,1,143567000,15,TX,143222,15.0,3,11,143.222,,,
50n_30p_seed1,0.3,1,143599728,1,RX,143051,,3,12,143.051,1.0,15.0,1.8446744073709552e+19
50n_30p_seed1,0.3,1,143665000,47,TX,143241,47.0,4,11,143.241,,,
50n_30p_seed1,0.3,1,143684728,1,RX,143136,,4,12,143.136,1.0,47.0,1.8446744073709552e+19
50n_30p_seed1,0.3,1,144816000,34,TX,143981,34.0,4,11,143.981,,,
50n_30p_seed1,0.3,1,144854016,1,RX,144306,,4,12,144.306,1.0,34.0,325.0
50n_30p_seed1,0.3,1,147144000,10,TX,146843,10.0,4,11,146.843,,,
50n_30p_seed1,0.3,1,147204016,1,RX,146656,,4,12,146.656,1.0,10.0,1.8446744073709552e+19
50n_30p_seed1,0.3,1,147896000,6,TX,147082,6.0,4,10,147.082,,,
50n_30p_seed1,0.3,1,147947984,1,RX,147399,,4,11,147.399,1.0,6.0,317.0
50n_30p_seed1,0.3,1,148721000,19,TX,148353,19.0,4,11,148.353,,,
50n_30p_seed1,0.3,1,148765016,1,RX,148217,,4,12,148.217,1.0,19.0,1.8446744073709552e+19
50n_30p_seed1,0.3,1,149692000,33,TX,149584,33.0,5,11,149.584,,,
50n_30p_seed1,0.3,1,149744016,1,RX,149196,,5,12,149.196,1.0,33.0,1.8446744073709552e+19
50n_30p_seed1,0.3,1,153983000,9,TX,153744,9.0,4,10,153.744,,,
50n_30p_seed1,0.3,1,154057984,1,RX,153509,,4,11,153.509,1.0,9.0,1.8446744073709552e+19
50n_30p_seed1,0.3,1,154665000,29,TX,154628,29.0,4,11,154.628,,,
50n_30p_seed1,0.3,1,154672728,1,RX,154124,,4,12,154.124,1.0,29.0,1.8446744073709552e+19
50n_30p_seed1,0.3,1,155204000,40,TX,155002,40.0,5,11,155.002,,,
50n_30p_seed1,0.3,1,155211728,1,RX,154663,,5,12,154.663,1.0,40.0,1.8446744073709552e+19
50n_30p_seed1,0.3,1,156543000,36,TX,155860,36.0,4,11,155.86,,,
50n_30p_seed1,0.3,1,156569728,1,RX,156021,,4,12,156.021,1.0,36.0,161.0
50n_30p_seed1,0.3,1,157469000,43,TX,157256,43.0,5,11,157.256,,,
50n_30p_seed1,0.3,1,157507016,1,RX,156959,,5,12,156.959,1.0,43.0,1.8446744073709552e+19
50n_30p_seed1,0.3,1,157741000,2,TX,156977,2.0,4,10,156.977,,,
50n_30p_seed1,0.3,1,157824984,1,RX,157276,,4,11,157.276,1.0,2.0,299.0
50n_30p_seed1,0.3,1,158259000,31,TX,157546,31.0,5,11,157.546,,,
50n_30p_seed1,0.3,1,158264728,1,RX,157716,,5,12,157.716,1.0,31.0,170.0
50n_30p_seed1,0.3,1,159642000,41,TX,159253,41.0,5,11,159.253,,,
50n_30p_seed1,0.3,1,159691000,13,TX,159151,13.0,4,11,159.151,,,
50n_30p_seed1,0.3,1,159702728,1,RX,159154,,4,12,159.154,1.0,13.0,3.0
50n_30p_seed1,0.3,1,159711016,1,RX,159163,,5,12,159.163,1.0,41.0,1.8446744073709552e+19
50n_30p_seed1,0.3,1,160213000,26,TX,159787,26.0,4,11,159.787,,,
50n_30p_seed1,0.3,1,160252016,1,RX,159704,,4,12,159.704,1.0,26.0,1.8446744073709552e+19
50n_30p_seed1,0.3,1,160669000,39,TX,160531,39.0,4,11,160.531,,,
50n_30p_seed1,0.3,1,160702728,1,RX,160154,,4,12,160.154,1.0,39.0,1.8446744073709552e+19
50n_30p_seed1,0.3,1,160784000,44,TX,160364,44.0,5,11,160.364,,,
50n_30p_seed1,0.3,1,160795000,24,TX,160616,24.0,3,11,160.616,,,
50n_30p_seed1,0.3,1,160807000,1,RX,160259,,3,12,160.259,1.0,24.0,1.8446744073709552e+19
50n_30p_seed1,0.3,1,160857016,1,RX,160309,,5,12,160.309,1.0,44.0,1.8446744073709552e+19
50n_30p_seed1,0.3,1,161192000,27,TX,160527,27.0,4,11,160.527,,,
50n_30p_seed1,0.3,1,161230728,1,RX,160682,,4,12,160.682,1.0,27.0,155.0
50n_30p_seed1,0.3,1,162066000,32,TX,161324,32.0,5,11,161.324,,,
50n_30p_seed1,0.3,1,162079728,1,RX,161531,,5,12,161.531,1.0,32.0,207.0
50n_30p_seed1,0.3,1,162805000,16,TX,161944,16.0,5,11,161.944,,,
50n_30p_seed1,0.3,1,162872016,1,RX,162324,,5,12,162.324,1.0,16.0,380.0
50n_30p_seed1,0.3,1,163254000,50,TX,162257,50.0,4,11,162.257,,,
50n_30p_seed1,0.3,1,163323016,1,RX,162775,,4,12,162.775,1.0,50.0,518.0
50n_30p_seed1,0.3,1,163386000,8,TX,162480,8.0,5,10,162.48,,,
50n_30p_seed1,0.3,1,163418984,1,RX,162870,,5,11,162.87,1.0,8.0,390.0
50n_30p_seed1,0.3,1,163603000,23,TX,163314,23.0,4,11,163.314,,,
50n_30p_seed1,0.3,1,163643728,1,RX,163095,,4,12,163.095,1.0,23.0,1.8446744073709552e+19
50n_30p_seed1,0.3,1,163901000,12,TX,162903,12.0,4,11,162.903,,,
50n_30p_seed1,0.3,1,163975016,1,RX,163427,,4,12,163.427,1.0,12.0,524.0
50n_30p_seed1,0.3,1,163976000,14,TX,163285,14.0,4,11,163.285,,,
50n_30p_seed1,0.3,1,164004728,1,RX,163456,,4,12,163.456,1.0,14.0,171.0
50n_30p_seed1,0.3,1,164046000,25,TX,163564,25.0,4,11,163.564,,,
50n_30p_seed1,0.3,1,164093016,1,RX,163545,,4,12,163.545,1.0,25.0,1.8446744073709552e+19
50n_30p_seed1,0.3,1,164642000,18,TX,164391,18.0,4,11,164.391,,,
50n_30p_seed1,0.3,1,164693016,1,RX,164145,,4,12,164.145,1.0,18.0,1.8446744073709552e+19
50n_30p_seed1,0.3,1,165181000,11,TX,165045,11.0,4,11,165.045,,,
50n_30p_seed1,0.3,1,165232016,1,RX,164684,,4,12,164.684,1.0,11.0,1.8446744073709552e+19
50n_30p_seed1,0.3,1,165713000,17,TX,165628,17.0,4,11,165.628,,,
50n_30p_seed1,0.3,1,165761016,1,RX,165213,,4,12,165.213,1.0,17.0,1.8446744073709552e+19
50n_30p_seed1,0.3,1,165963000,21,TX,165038,21.0,4,11,165.038,,,
50n_30p_seed1,0.3,1,165976728,1,RX,165428,,4,12,165.428,1.0,21.0,390.0
50n_30p_seed1,0.3,1,166086000,34,TX,165251,34.0,5,11,165.251,,,
50n_30p_seed1,0.3,1,166145016,1,RX,165597,,5,12,165.597,1.0,34.0,346.0
50n_30p_seed1,0.3,1,166677000,42,TX,165841,42.0,5,11,165.841,,,
50n_30p_seed1,0.3,1,166723016,1,RX,166175,,5,12,166.175,1.0,42.0,334.0
50n_30p_seed1,0.3,1,167041000,48,TX,166752,48.0,5,11,166.752,,,
50n_30p_seed1,0.3,1,167126016,1,RX,166578,,5,12,166.578,1.0,48.0,1.8446744073709552e+19
50n_30p_seed1,0.3,1,167161000,37,TX,166979,37.0,4,11,166.979,,,
50n_30p_seed1,0.3,1,167200728,1,RX,166652,,4,12,166.652,1.0,37.0,1.8446744073709552e+19
50n_30p_seed1,0.3,1,168294000,49,TX,167600,49.0,4,11,167.6,,,
50n_30p_seed1,0.3,1,168341000,46,TX,168141,46.0,6,11,168.141,,,
50n_30p_seed1,0.3,1,168363728,1,RX,167815,,6,12,167.815,1.0,46.0,1.8446744073709552e+19
50n_30p_seed1,0.3,1,168380016,1,RX,167832,,4,12,167.832,1.0,49.0,232.0
50n_30p_seed1,0.3,1,168743000,6,TX,167929,6.0,5,10,167.929,,,
50n_30p_seed1,0.3,1,168806984,1,RX,168258,,5,11,168.258,1.0,6.0,329.0
50n_30p_seed1,0.3,1,169031000,4,TX,168061,4.0,4,10,168.061,,,
50n_30p_seed1,0.3,1,169066984,1,RX,168518,,4,11,168.518,1.0,4.0,457.0
50n_30p_seed1,0.3,1,169156000,20,TX,169144,20.0,5,11,169.144,,,
50n_30p_seed1,0.3,1,169161728,1,RX,168613,,5,12,168.613,1.0,20.0,1.8446744073709552e+19
50n_30p_seed1,0.3,1,170964000,45,TX,170173,45.0,4,11,170.173,,,
50n_30p_seed1,0.3,1,170997728,1,RX,170449,,4,12,170.449,1.0,45.0,276.0
50n_30p_seed1,0.3,1,171893000,7,TX,171389,7.0,4,10,171.389,,,
50n_30p_seed1,0.3,1,172007984,1,RX,171459,,4,11,171.459,1.0,7.0,70.0
50n_30p_seed1,0.3,1,172231000,35,TX,171620,35.0,5,11,171.62,,,
50n_30p_seed1,0.3,1,172287016,1,RX,171739,,5,12,171.739,1.0,35.0,119.0
50n_30p_seed1,0.3,1,173012000,28,TX,172592,28.0,5,11,172.592,,,
50n_30p_seed1,0.3,1,173045728,1,RX,172497,,5,12,172.497,1.0,28.0,1.8446744073709552e+19
50n_30p_seed1,0.3,1,174866000,30,TX,174815,30.0,5,11,174.815,,,
50n_30p_seed1,0.3,1,174887728,1,RX,174339,,5,12,174.339,1.0,30.0,1.8446744073709552e+19
50n_30p_seed1,0.3,1,175139000,38,TX,174169,38.0,5,11,174.169,,,
50n_30p_seed1,0.3,1,175154728,1,RX,174606,,5,12,174.606,1.0,38.0,437.0
50n_30p_seed1,0.3,1,176245000,3,TX,175604,3.0,4,10,175.604,,,
50n_30p_seed1,0.3,1,176253000,33,TX,176145,33.0,6,11,176.145,,,
50n_30p_seed1,0.3,1,176278984,1,RX,175730,,4,11,175.73,1.0,3.0,126.0
50n_30p_seed1,0.3,1,176300016,1,RX,175752,,6,12,175.752,1.0,33.0,1.8446744073709552e+19
50n_30p_seed1,0.3,1,176387000,15,TX,176042,15.0,4,11,176.042,,,
50n_30p_seed1,0.3,1,176429728,1,RX,175881,,4,12,175.881,1.0,15.0,1.8446744073709552e+19
50n_30p_seed1,0.3,1,177193000,22,TX,176473,22.0,5,11,176.473,,,
50n_30p_seed1,0.3,1,177234728,1,RX,176686,,5,12,176.686,1.0,22.0,213.0
50n_30p_seed1,0.3,1,177896000,10,TX,177595,10.0,5,11,177.595,,,
50n_30p_seed1,0.3,1,177944016,1,RX,177396,,5,12,177.396,1.0,10.0,1.8446744073709552e+19
50n_30p_seed1,0.3,1,178259000,19,TX,177891,19.0,5,11,177.891,,,
50n_30p_seed1,0.3,1,178303016,1,RX,177755,,5,12,177.755,1.0,19.0,1.8446744073709552e+19
50n_30p_seed1,0.3,1,179601000,5,TX,179537,5.0,5,10,179.537,,,
50n_30p_seed1,0.3,1,179690984,1,RX,179142,,5,11,179.142,1.0,5.0,1.8446744073709552e+19
50n_30p_seed1,0.3,1,180020000,29,TX,179983,29.0,5,11,179.983,,,
50n_30p_seed1,0.3,1,180039728,1,RX,179491,,5,12,179.491,1.0,29.0,1.8446744073709552e+19
50n_30p_seed1,0.3,1,182578000,13,TX,182038,13.0,5,11,182.038,,,
50n_30p_seed1,0.3,1,182589728,1,RX,182041,,5,12,182.041,1.0,13.0,3.0
50n_30p_seed1,0.3,1,183060000,47,TX,182636,47.0,5,11,182.636,,,
50n_30p_seed1,0.3,1,183103728,1,RX,182555,,5,12,182.555,1.0,47.0,1.8446744073709552e+19
50n_30p_seed1,0.3,1,183787000,2,TX,183023,2.0,5,10,183.023,,,
50n_30p_seed1,0.3,1,183832984,1,RX,183284,,5,11,183.284,1.0,2.0,261.0
50n_30p_seed1,0.3,1,184061000,24,TX,183882,24.0,4,11,183.882,,,
50n_30p_seed1,0.3,1,184115016,1,RX,183567,,4,12,183.567,1.0,24.0,1.8446744073709552e+19
50n_30p_seed1,0.3,1,184407000,44,TX,183987,44.0,6,11,183.987,,,
50n_30p_seed1,0.3,1,184473016,1,RX,183925,,6,12,183.925,1.0,44.0,1.8446744073709552e+19
50n_30p_seed1,0.3,1,184672000,40,TX,184470,40.0,6,11,184.47,,,
50n_30p_seed1,0.3,1,184714728,1,RX,184166,,6,12,184.166,1.0,40.0,1.8446744073709552e+19
50n_30p_seed1,0.3,1,185609000,32,TX,184867,32.0,6,11,184.867,,,
50n_30p_seed1,0.3,1,185648728,1,RX,185100,,6,12,185.1,1.0,32.0,233.0
50n_30p_seed1,0.3,1,185777000,31,TX,185064,31.0,6,11,185.064,,,
50n_30p_seed1,0.3,1,185794728,1,RX,185246,,6,12,185.246,1.0,31.0,182.0
50n_30p_seed1,0.3,1,186683000,34,TX,185848,34.0,6,11,185.848,,,
50n_30p_seed1,0.3,1,186724016,1,RX,186176,,6,12,186.176,1.0,34.0,328.0
50n_30p_seed1,0.3,1,186824000,42,TX,185988,42.0,6,11,185.988,,,
50n_30p_seed1,0.3,1,186868016,1,RX,186320,,6,12,186.32,1.0,42.0,332.0
50n_30p_seed1,0.3,1,187140000,18,TX,186889,18.0,5,11,186.889,,,
50n_30p_seed1,0.3,1,187189016,1,RX,186641,,5,12,186.641,1.0,18.0,1.8446744073709552e+19
50n_30p_seed1,0.3,1,187237000,23,TX,186948,23.0,5,11,186.948,,,
50n_30p_seed1,0.3,1,187274728,1,RX,186726,,5,12,186.726,1.0,23.0,1.8446744073709552e+19
50n_30p_seed1,0.3,1,187692000,17,TX,187607,17.0,5,11,187.607,,,
50n_30p_seed1,0.3,1,187756016,1,RX,187208,,5,12,187.208,1.0,17.0,1.8446744073709552e+19
50n_30p_seed1,0.3,1,188037000,9,TX,187798,9.0,5,10,187.798,,,
50n_30p_seed1,0.3,1,188084984,1,RX,187536,,5,11,187.536,1.0,9.0,1.8446744073709552e+19
50n_30p_seed1,0.3,1,188265000,41,TX,187876,41.0,6,11,187.876,,,
50n_30p_seed1,0.3,1,188285016,1,RX,187737,,6,12,187.737,1.0,41.0,1.8446744073709552e+19
50n_30p_seed1,0.3,1,188987000,16,TX,188126,16.0,6,11,188.126,,,
50n_30p_seed1,0.3,1,189032016,1,RX,188484,,6,12,188.484,1.0,16.0,358.0
50n_30p_seed1,0.3,1,190072000,36,TX,189389,36.0,5,11,189.389,,,
50n_30p_seed1,0.3,1,190089728,1,RX,189541,,5,12,189.541,1.0,36.0,152.0
50n_30p_seed1,0.3,1,190183000,26,TX,189757,26.0,5,11,189.757,,,
50n_30p_seed1,0.3,1,190256016,1,RX,189708,,5,12,189.708,1.0,26.0,1.8446744073709552e+19
50n_30p_seed1,0.3,1,190817000,48,TX,190528,48.0,6,11,190.528,,,
50n_30p_seed1,0.3,1,190842016,1,RX,190294,,6,12,190.294,1.0,48.0,1.8446744073709552e+19
50n_30p_seed1,0.3,1,191429000,43,TX,191216,43.0,6,11,191.216,,,
50n_30p_seed1,0.3,1,191463016,1,RX,190915,,6,12,190.915,1.0,43.0,1.8446744073709552e+19
50n_30p_seed1,0.3,1,193851000,46,TX,193651,46.0,7,11,193.651,,,
50n_30p_seed1,0.3,1,193881728,1,RX,193333,,7,12,193.333,1.0,46.0,1.8446744073709552e+19
50n_30p_seed1,0.3,1,194005000,8,TX,193099,8.0,6,10,193.099,,,
50n_30p_seed1,0.3,1,194071984,1,RX,193523,,6,11,193.523,1.0,8.0,424.0
50n_30p_seed1,0.3,1,194145000,14,TX,193454,14.0,5,11,193.454,,,
50n_30p_seed1,0.3,1,194158728,1,RX,193610,,5,12,193.61,1.0,14.0,156.0
50n_30p_seed1,0.3,1,194991000,49,TX,194297,49.0,5,11,194.297,,,
50n_30p_seed1,0.3,1,195032016,1,RX,194484,,5,12,194.484,1.0,49.0,187.0
50n_30p_seed1,0.3,1,195832000,28,TX,195412,28.0,6,11,195.412,,,
50n_30p_seed1,0.3,1,195847728,1,RX,195299,,6,12,195.299,1.0,28.0,1.8446744073709552e+19
50n_30p_seed1,0.3,1,196166000,21,TX,195241,21.0,5,11,195.241,,,
50n_30p_seed1,0.3,1,196194728,1,RX,195646,,5,12,195.646,1.0,21.0,405.0
50n_30p_seed1,0.3,1,196472000,35,TX,195861,35.0,6,11,195.861,,,
50n_30p_seed1,0.3,1,196544016,1,RX,195996,,6,12,195.996,1.0,35.0,135.0
50n_30p_seed1,0.3,1,196812000,27,TX,196147,27.0,5,11,196.147,,,
50n_30p_seed1,0.3,1,196845728,1,RX,196297,,5,12,196.297,1.0,27.0,150.0
50n_30p_seed1,0.3,1,197940000,33,TX,197832,33.0,7,11,197.832,,,
50n_30p_seed1,0.3,1,197980000,10,TX,197679,10.0,6,11,197.679,,,
50n_30p_seed1,0.3,1,197997016,1,RX,197449,,6,12,197.449,1.0,10.0,1.8446744073709552e+19
50n_30p_seed1,0.3,1,198016016,1,RX,197468,,7,12,197.468,1.0,33.0,1.8446744073709552e+19
50n_30p_seed1,0.3,1,199324000,19,TX,198956,19.0,6,11,198.956,,,
50n_30p_seed1,0.3,1,199405016,1,RX,198857,,6,12,198.857,1.0,19.0,1.8446744073709552e+19
50n_30p_seed1,0.3,1,199796000,5,TX,199732,5.0,6,10,199.732,,,
50n_30p_seed1,0.3,1,199836984,1,RX,199288,,6,11,199.288,1.0,5.0,1.8446744073709552e+19
50n_30p_seed1,0.3,1,200490000,39,TX,200352,39.0,5,11,200.352,,,
50n_30p_seed1,0.3,1,200500728,1,RX,199952,,5,12,199.952,1.0,39.0,1.8446744073709552e+19
50n_30p_seed1,0.3,1,200763000,12,TX,199765,12.0,5,11,199.765,,,
50n_30p_seed1,0.3,1,200838016,1,RX,200290,,5,12,200.29,1.0,12.0,525.0
50n_30p_seed1,0.3,1,200999000,50,TX,200002,50.0,5,11,200.002,,,
50n_30p_seed1,0.3,1,201093016,1,RX,200545,,5,12,200.545,1.0,50.0,543.0
50n_30p_seed1,0.3,1,201468000,25,TX,200986,25.0,5,11,200.986,,,
50n_30p_seed1,0.3,1,201558016,1,RX,201010,,5,12,201.01,1.0,25.0,24.0
50n_30p_seed1,0.3,1,201867000,11,TX,201731,11.0,5,11,201.731,,,
50n_30p_seed1,0.3,1,201893016,1,RX,201345,,5,12,201.345,1.0,11.0,1.8446744073709552e+19
50n_30p_seed1,0.3,1,202313000,4,TX,201343,4.0,5,10,201.343,,,
50n_30p_seed1,0.3,1,202371984,1,RX,201823,,5,11,201.823,1.0,4.0,480.0
50n_30p_seed1,0.3,1,202555000,22,TX,201835,22.0,6,11,201.835,,,
50n_30p_seed1,0.3,1,202581728,1,RX,202033,,6,12,202.033,1.0,22.0,198.0
50n_30p_seed1,0.3,1,203165000,20,TX,203153,20.0,6,11,203.153,,,
50n_30p_seed1,0.3,1,203201728,1,RX,202653,,6,12,202.653,1.0,20.0,1.8446744073709552e+19
50n_30p_seed1,0.3,1,203277000,47,TX,202853,47.0,6,11,202.853,,,
50n_30p_seed1,0.3,1,203284728,1,RX,202736,,6,12,202.736,1.0,47.0,1.8446744073709552e+19
50n_30p_seed1,0.3,1,203415000,29,TX,203378,29.0,6,11,203.378,,,
50n_30p_seed1,0.3,1,203440728,1,RX,202892,,6,12,202.892,1.0,29.0,1.8446744073709552e+19
50n_30p_seed1,0.3,1,204913000,37,TX,204731,37.0,5,11,204.731,,,
50n_30p_seed1,0.3,1,204942728,1,RX,204394,,5,12,204.394,1.0,37.0,1.8446744073709552e+19
50n_30p_seed1,0.3,1,205688000,13,TX,205148,13.0,6,11,205.148,,,
50n_30p_seed1,0.3,1,205698728,1,RX,205150,,6,12,205.15,1.0,13.0,2.0
50n_30p_seed1,0.3,1,206041000,2,TX,205277,2.0,6,10,205.277,,,
50n_30p_seed1,0.3,1,206122984,1,RX,205574,,6,11,205.574,1.0,2.0,297.0
50n_30p_seed1,0.3,1,206419000,6,TX,205605,6.0,6,10,205.605,,,
50n_30p_seed1,0.3,1,206482984,1,RX,205934,,6,11,205.934,1.0,6.0,329.0
50n_30p_seed1,0.3,1,207543000,42,TX,206707,42.0,7,11,206.707,,,
50n_30p_seed1,0.3,1,207618016,1,RX,207070,,7,12,207.07,1.0,42.0,363.0
50n_30p_seed1,0.3,1,207695000,3,TX,207054,3.0,5,10,207.054,,,
50n_30p_seed1,0.3,1,207731000,17,TX,207646,17.0,6,11,207.646,,,
50n_30p_seed1,0.3,1,207732984,1,RX,207184,,5,11,207.184,1.0,3.0,130.0
50n_30p_seed1,0.3,1,207798016,1,RX,207250,,6,12,207.25,1.0,17.0,1.8446744073709552e+19
50n_30p_seed1,0.3,1,207833000,32,TX,207091,32.0,7,11,207.091,,,
50n_30p_seed1,0.3,1,207877728,1,RX,207329,,7,12,207.329,1.0,32.0,238.0
50n_30p_seed1,0.3,1,208265000,30,TX,208214,30.0,6,11,208.214,,,
50n_30p_seed1,0.3,1,208298728,1,RX,207750,,6,12,207.75,1.0,30.0,1.8446744073709552e+19
50n_30p_seed1,0.3,1,209174000,45,TX,208383,45.0,5,11,208.383,,,
50n_30p_seed1,0.3,1,209185728,1,RX,208637,,5,12,208.637,1.0,45.0,254.0
50n_30p_seed1,0.3,1,209464000,7,TX,208960,7.0,5,10,208.96,,,
50n_30p_seed1,0.3,1,209504984,1,RX,208956,,5,11,208.956,1.0,7.0,1.8446744073709552e+19
50n_30p_seed1,0.3,1,210094000,15,TX,209749,15.0,5,11,209.749,,,
50n_30p_seed1,0.3,1,210137728,1,RX,209589,,5,12,209.589,1.0,15.0,1.8446744073709552e+19
50n_30p_seed1,0.3,1,210409000,9,TX,210170,9.0,6,10,210.17,,,
50n_30p_seed1,0.3,1,210452984,1,RX,209904,,6,11,209.904,1.0,9.0,1.8446744073709552e+19
50n_30p_seed1,0.3,1,211171000,26,TX,210745,26.0,6,11,210.745,,,
50n_30p_seed1,0.3,1,211241016,1,RX,210693,,6,12,210.693,1.0,26.0,1.8446744073709552e+19
50n_30p_seed1,0.3,1,211351000,40,TX,211149,40.0,7,11,211.149,,,
50n_30p_seed1,0.3,1,211387728,1,RX,210839,,7,12,210.839,1.0,40.0,1.8446744073709552e+19
50n_30p_seed1,0.3,1,211760000,38,TX,210790,38.0,6,11,210.79,,,
50n_30p_seed1,0.3,1,211796728,1,RX,211248,,6,12,211.248,1.0,38.0,458.0
50n_30p_seed1,0.3,1,214476000,8,TX,213570,8.0,7,10,213.57,,,
50n_30p_seed1,0.3,1,214513936,1,RX,213965,,7,11,213.965,1.0,8.0,395.0
50n_30p_seed1,0.3,1,216055000,43,TX,215842,43.0,7,11,215.842,,,
50n_30p_seed1,0.3,1,216107016,1,RX,215559,,7,12,215.559,1.0,43.0,1.8446744073709552e+19
50n_30p_seed1,0.3,1,217504000,27,TX,216839,27.0,6,11,216.839,,,
50n_30p_seed1,0.3,1,217515728,1,RX,216967,,6,12,216.967,1.0,27.0,128.0
50n_30p_seed1,0.3,1,218232000,10,TX,217931,10.0,7,11,217.931,,,
50n_30p_seed1,0.3,1,218267016,1,RX,217719,,7,12,217.719,1.0,10.0,1.8446744073709552e+19
50n_30p_seed1,0.3,1,218572000,36,TX,217889,36.0,6,11,217.889,,,
50n_30p_seed1,0.3,1,218591728,1,RX,218043,,6,12,218.043,1.0,36.0,154.0
50n_30p_seed1,0.3,1,218615000,34,TX,217780,34.0,7,11,217.78,,,
50n_30p_seed1,0.3,1,218673016,1,RX,218125,,7,12,218.125,1.0,34.0,345.0
50n_30p_seed1,0.3,1,220256000,21,TX,219331,21.0,6,11,219.331,,,
50n_30p_seed1,0.3,1,220270728,1,RX,219722,,6,12,219.722,1.0,21.0,391.0
50n_30p_seed1,0.3,1,220483000,16,TX,219622,16.0,7,11,219.622,,,
50n_30p_seed1,0.3,1,220501016,1,RX,219953,,7,12,219.953,1.0,16.0,331.0
50n_30p_seed1,0.3,1,221577000,39,TX,221439,39.0,6,11,221.439,,,
50n_30p_seed1,0.3,1,221640728,1,RX,221092,,6,12,221.092,1.0,39.0,1.8446744073709552e+19
50n_30p_seed1,0.3,1,221739000,33,TX,221631,33.0,8,11,221.631,,,
50n_30p_seed1,0.3,1,221783016,1,RX,221235,,8,12,221.235,1.0,33.0,1.8446744073709552e+19
50n_30p_seed1,0.3,1,221805000,44,TX,221385,44.0,7,11,221.385,,,
50n_30p_seed1,0.3,1,221859016,1,RX,221311,,7,12,221.311,1.0,44.0,1.8446744073709552e+19
50n_30p_seed1,0.3,1,222555000,31,TX,221842,31.0,7,11,221.842,,,
50n_30p_seed1,0.3,1,222580728,1,RX,222032,,7,12,222.032,1.0,31.0,190.0
50n_30p_seed1,0.3,1,223149000,41,TX,222760,41.0,7,11,222.76,,,
50n_30p_seed1,0.3,1,223153000,23,TX,222864,23.0,6,11,222.864,,,
50n_30p_seed1,0.3,1,223198728,1,RX,222650,,6,12,222.65,1.0,23.0,1.8446744073709552e+19
50n_30p_seed1,0.3,1,223208016,1,RX,222660,,7,12,222.66,1.0,41.0,1.8446744073709552e+19
50n_30p_seed1,0.3,1,223225000,48,TX,222936,48.0,7,11,222.936,,,
50n_30p_seed1,0.3,1,223267000,20,TX,223255,20.0,7,11,223.255,,,
50n_30p_seed1,0.3,1,223273016,1,RX,222725,,7,12,222.725,1.0,48.0,1.8446744073709552e+19
50n_30p_seed1,0.3,1,223279728,1,RX,222731,,7,12,222.731,1.0,20.0,1.8446744073709552e+19
50n_30p_seed1,0.3,1,223440000,4,TX,222470,4.0,6,10,222.47,,,
50n_30p_seed1,0.3,1,223482984,1,RX,222934,,6,11,222.934,1.0,4.0,464.0
50n_30p_seed1,0.3,1,223524000,24,TX,223345,24.0,5,11,223.345,,,
50n_30p_seed1,0.3,1,223557016,1,RX,223009,,5,12,223.009,1.0,24.0,1.8446744073709552e+19
50n_30p_seed1,0.3,1,224416000,18,TX,224165,18.0,6,11,224.165,,,
50n_30p_seed1,0.3,1,224485016,1,RX,223937,,6,12,223.937,1.0,18.0,1.8446744073709552e+19
50n_30p_seed1,0.3,1,225158000,14,TX,224467,14.0,6,11,224.467,,,
50n_30p_seed1,0.3,1,225203728,1,RX,224655,,6,12,224.655,1.0,14.0,188.0
50n_30p_seed1,0.3,1,226466000,46,TX,226266,46.0,8,11,226.266,,,
50n_30p_seed1,0.3,1,226502728,1,RX,225954,,8,12,225.954,1.0,46.0,1.8446744073709552e+19
50n_30p_seed1,0.3,1,227759000,29,TX,227722,29.0,7,11,227.722,,,
50n_30p_seed1,0.3,1,227772728,1,RX,227224,,7,12,227.224,1.0,29.0,1.8446744073709552e+19
50n_30p_seed1,0.3,1,229059000,37,TX,228877,37.0,6,11,228.877,,,
50n_30p_seed1,0.3,1,229094728,1,RX,228546,,6,12,228.546,1.0,37.0,1.8446744073709552e+19
50n_30p_seed1,0.3,1,229146000,11,TX,229010,11.0,6,11,229.01,,,
50n_30p_seed1,0.3,1,229204016,1,RX,228656,,6,12,228.656,1.0,11.0,1.8446744073709552e+19
50n_30p_seed1,0.3,1,229437000,50,TX,228440,50.0,6,11,228.44,,,
50n_30p_seed1,0.3,1,229547016,1,RX,228999,,6,12,228.999,1.0,50.0,559.0
50n_30p_seed1,0.3,1,229720000,28,TX,229300,28.0,7,11,229.3,,,
50n_30p_seed1,0.3,1,229743728,1,RX,229195,,7,12,229.195,1.0,28.0,1.8446744073709552e+19
50n_30p_seed1,0.3,1,230240000,25,TX,229758,25.0,6,11,229.758,,,
50n_30p_seed1,0.3,1,230276016,1,RX,229728,,6,12,229.728,1.0,25.0,1.8446744073709552e+19
50n_30p_seed1,0.3,1,230413000,12,TX,229415,12.0,6,11,229.415,,,
50n_30p_seed1,0.3,1,230451016,1,RX,229903,,6,12,229.903,1.0,12.0,488.0
50n_30p_seed1,0.3,1,231694000,3,TX,231053,3.0,6,10,231.053,,,
50n_30p_seed1,0.3,1,231753984,1,RX,231205,,6,11,231.205,1.0,3.0,152.0
50n_30p_seed1,0.3,1,232315000,35,TX,231704,35.0,7,11,231.704,,,
50n_30p_seed1,0.3,1,232384016,1,RX,231836,,7,12,231.836,1.0,35.0,132.0
50n_30p_seed1,0.3,1,232540000,2,TX,231776,2.0,7,10,231.776,,,
50n_30p_seed1,0.3,1,232641984,1,RX,232093,,7,11,232.093,1.0,2.0,317.0
50n_30p_seed1,0.3,1,232795000,5,TX,232731,5.0,7,10,232.731,,,
50n_30p_seed1,0.3,1,232814984,1,RX,232266,,7,11,232.266,1.0,5.0,1.8446744073709552e+19
50n_30p_seed1,0.3,1,233838000,9,TX,233599,9.0,7,10,233.599,,,
50n_30p_seed1,0.3,1,233872984,1,RX,233324,,7,11,233.324,1.0,9.0,1.8446744073709552e+19
50n_30p_seed1,0.3,1,234246000,49,TX,233552,49.0,6,11,233.552,,,
50n_30p_seed1,0.3,1,234289016,1,RX,233741,,6,12,233.741,1.0,49.0,189.0
50n_30p_seed1,0.3,1,234401000,6,TX,233587,6.0,7,10,233.587,,,
50n_30p_seed1,0.3,1,234451936,1,RX,233903,,7,11,233.903,1.0,6.0,316.0
50n_30p_seed1,0.3,1,235021000,47,TX,234597,47.0,7,11,234.597,,,
50n_30p_seed1,0.3,1,235051728,1,RX,234503,,7,12,234.503,1.0,47.0,1.8446744073709552e+19
50n_30p_seed1,0.3,1,235357000,26,TX,234931,26.0,7,11,234.931,,,
50n_30p_seed1,0.3,1,235407016,1,RX,234859,,7,12,234.859,1.0,26.0,1.8446744073709552e+19
50n_30p_seed1,0.3,1,235771000,42,TX,234935,42.0,8,11,234.935,,,
50n_30p_seed1,0.3,1,235848016,1,RX,235300,,8,12,235.3,1.0,42.0,365.0
50n_30p_seed1,0.3,1,236635000,19,TX,236267,19.0,7,11,236.267,,,
50n_30p_seed1,0.3,1,236682016,1,RX,236134,,7,12,236.134,1.0,19.0,1.8446744073709552e+19
50n_30p_seed1,0.3,1,237821000,45,TX,237030,45.0,6,11,237.03,,,
50n_30p_seed1,0.3,1,237848728,1,RX,237300,,6,12,237.3,1.0,45.0,270.0
50n_30p_seed1,0.3,1,238644000,43,TX,238431,43.0,8,11,238.431,,,
50n_30p_seed1,0.3,1,238673016,1,RX,238125,,8,12,238.125,1.0,43.0,1.8446744073709552e+19
50n_30p_seed1,0.3,1,240159000,8,TX,239253,8.0,8,10,239.253,,,
50n_30p_seed1,0.3,1,240204984,1,RX,239656,,8,11,239.656,1.0,8.0,403.0
50n_30p_seed1,0.3,1,241154000,13,TX,240614,13.0,7,11,240.614,,,
50n_30p_seed1,0.3,1,241180728,1,RX,240632,,7,12,240.632,1.0,13.0,18.0
50n_30p_seed1,0.3,1,241729000,21,TX,240804,21.0,7,11,240.804,,,
50n_30p_seed1,0.3,1,241753728,1,RX,241205,,7,12,241.205,1.0,21.0,401.0
50n_30p_seed1,0.3,1,242382000,22,TX,241662,22.0,7,11,241.662,,,
50n_30p_seed1,0.3,1,242396728,1,RX,241848,,7,12,241.848,1.0,22.0,186.0
50n_30p_seed1,0.3,1,245722000,41,TX,245333,41.0,8,11,245.333,,,
50n_30p_seed1,0.3,1,245743000,44,TX,245323,44.0,8,11,245.323,,,
50n_30p_seed1,0.3,1,245764016,1,RX,245216,,8,12,245.216,1.0,44.0,1.8446744073709552e+19
50n_30p_seed1,0.3,1,245798016,1,RX,245250,,8,12,245.25,1.0,41.0,1.8446744073709552e+19
50n_30p_seed1,0.3,1,246180000,32,TX,245438,32.0,8,11,245.438,,,
50n_30p_seed1,0.3,1,246186728,1,RX,245638,,8,12,245.638,1.0,32.0,200.0
50n_30p_seed1,0.3,1,246461000,38,TX,245491,38.0,7,11,245.491,,,
50n_30p_seed1,0.3,1,246466728,1,RX,245918,,7,12,245.918,1.0,38.0,427.0
50n_30p_seed1,0.3,1,246491000,15,TX,246146,15.0,6,11,246.146,,,
50n_30p_seed1,0.3,1,246501728,1,RX,245953,,6,12,245.953,1.0,15.0,1.8446744073709552e+19
50n_30p_seed1,0.3,1,246709000,17,TX,246624,17.0,7,11,246.624,,,
50n_30p_seed1,0.3,1,246766016,1,RX,246218,,7,12,246.218,1.0,17.0,1.8446744073709552e+19
50n_30p_seed1,0.3,1,246933000,30,TX,246882,30.0,7,11,246.882,,,
50n_30p_seed1,0.3,1,246953728,1,RX,246405,,7,12,246.405,1.0,30.0,1.8446744073709552e+19
50n_30p_seed1,0.3,1,247490000,48,TX,247201,48.0,8,11,247.201,,,
50n_30p_seed1,0.3,1,247552016,1,RX,247004,,8,12,247.004,1.0,48.0,1.8446744073709552e+19
50n_30p_seed1,0.3,1,248400000,40,TX,248198,40.0,8,11,248.198,,,
50n_30p_seed1,0.3,1,248426728,1,RX,247878,,8,12,247.878,1.0,40.0,1.8446744073709552e+19
50n_30p_seed1,0.3,1,248516000,31,TX,247803,31.0,8,11,247.803,,,
50n_30p_seed1,0.3,1,248553728,1,RX,248005,,8,12,248.005,1.0,31.0,202.0
50n_30p_seed1,0.3,1,249054000,10,TX,248753,10.0,8,11,248.753,,,
50n_30p_seed1,0.3,1,249124016,1,RX,248576,,8,12,248.576,1.0,10.0,1.8446744073709552e+19
50n_30p_seed1,0.3,1,249215000,7,TX,248711,7.0,6,10,248.711,,,
50n_30p_seed1,0.3,1,249315984,1,RX,248767,,6,11,248.767,1.0,7.0,56.0
50n_30p_seed1,0.3,1,250132000,50,TX,249135,50.0,7,11,249.135,,,
50n_30p_seed1,0.3,1,250199016,1,RX,249651,,7,12,249.651,1.0,50.0,516.0
50n_30p_seed1,0.3,1,251272000,11,TX,251136,11.0,7,11,251.136,,,
50n_30p_seed1,0.3,1,251279000,34,TX,250444,34.0,8,11,250.444,,,
50n_30p_seed1,0.3,1,251313016,1,RX,250765,,7,12,250.765,1.0,11.0,1.8446744073709552e+19
50n_30p_seed1,0.3,1,251335016,1,RX,250787,,8,12,250.787,1.0,34.0,343.0
50n_30p_seed1,0.3,1,252367000,33,TX,252259,33.0,9,11,252.259,,,
50n_30p_seed1,0.3,1,252433016,1,RX,251885,,9,12,251.885,1.0,33.0,1.8446744073709552e+19
50n_30p_seed1,0.3,1,252863000,18,TX,252612,18.0,7,11,252.612,,,
50n_30p_seed1,0.3,1,252884000,1,RX,252336,,7,12,252.336,1.0,18.0,1.8446744073709552e+19
50n_30p_seed1,0.3,1,253133000,36,TX,252450,36.0,7,11,252.45,,,
50n_30p_seed1,0.3,1,253138728,1,RX,252590,,7,12,252.59,1.0,36.0,140.0
50n_30p_seed1,0.3,1,254117000,23,TX,253828,23.0,7,11,253.828,,,
50n_30p_seed1,0.3,1,254135728,1,RX,253587,,7,12,253.587,1.0,23.0,1.8446744073709552e+19
50n_30p_seed1,0.3,1,254506000,27,TX,253841,27.0,7,11,253.841,,,
50n_30p_seed1,0.3,1,254511728,1,RX,253963,,7,12,253.963,1.0,27.0,122.0
50n_30p_seed1,0.3,1,254627000,14,TX,253936,14.0,7,11,253.936,,,
50n_30p_seed1,0.3,1,254671728,1,RX,254123,,7,12,254.123,1.0,14.0,187.0
50n_30p_seed1,0.3,1,254961000,3,TX,254320,3.0,7,10,254.32,,,
50n_30p_seed1,0.3,1,255002984,1,RX,254454,,7,11,254.454,1.0,3.0,134.0
50n_30p_seed1,0.3,1,255244000,16,TX,254383,16.0,8,11,254.383,,,
50n_30p_seed1,0.3,1,255326016,1,RX,254778,,8,12,254.778,1.0,16.0,395.0
50n_30p_seed1,0.3,1,256257000,26,TX,255831,26.0,8,11,255.831,,,
50n_30p_seed1,0.3,1,256330016,1,RX,255782,,8,12,255.782,1.0,26.0,1.8446744073709552e+19
50n_30p_seed1,0.3,1,258779000,20,TX,258767,20.0,8,11,258.767,,,
50n_30p_seed1,0.3,1,258814728,1,RX,258266,,8,12,258.266,1.0,20.0,1.8446744073709552e+19
50n_30p_seed1,0.3,1,259746000,24,TX,259567,24.0,6,11,259.567,,,
50n_30p_seed1,0.3,1,259800016,1,RX,259252,,6,12,259.252,1.0,24.0,1.8446744073709552e+19
50n_30p_seed1,0.3,1,260308000,4,TX,259338,4.0,7,10,259.338,,,
50n_30p_seed1,0.3,1,260390984,1,RX,259842,,7,11,259.842,1.0,4.0,504.0
50n_30p_seed1,0.3,1,260696000,39,TX,260558,39.0,7,11,260.558,,,
50n_30p_seed1,0.3,1,260715728,1,RX,260167,,7,12,260.167,1.0,39.0,1.8446744073709552e+19
50n_30p_seed1,0.3,1,261846000,6,TX,261032,6.0,8,10,261.032,,,
50n_30p_seed1,0.3,1,261904984,1,RX,261356,,8,11,261.356,1.0,6.0,324.0
50n_30p_seed1,0.3,1,262365000,37,TX,262183,37.0,7,11,262.183,,,
50n_30p_seed1,0.3,1,262380728,1,RX,261832,,7,12,261.832,1.0,37.0,1.8446744073709552e+19
50n_30p_seed1,0.3,1,262854000,35,TX,262243,35.0,8,11,262.243,,,
50n_30p_seed1,0.3,1,262887016,1,RX,262339,,8,12,262.339,1.0,35.0,96.0
50n_30p_seed1,0.3,1,263375000,25,TX,262893,25.0,7,11,262.893,,,
50n_30p_seed1,0.3,1,263418000,9,TX,263179,9.0,8,10,263.179,,,
50n_30p_seed1,0.3,1,263451016,1,RX,262903,,7,12,262.903,1.0,25.0,10.0
50n_30p_seed1,0.3,1,263470984,1,RX,262922,,8,11,262.922,1.0,9.0,1.8446744073709552e+19
50n_30p_seed1,0.3,1,264669000,46,TX,264469,46.0,9,11,264.469,,,
50n_30p_seed1,0.3,1,264689728,1,RX,264141,,9,12,264.141,1.0,46.0,1.8446744073709552e+19
50n_30p_seed1,0.3,1,265612000,22,TX,264892,22.0,8,11,264.892,,,
50n_30p_seed1,0.3,1,265643728,1,RX,265095,,8,12,265.095,1.0,22.0,203.0
50n_30p_seed1,0.3,1,265995000,29,TX,265958,29.0,8,11,265.958,,,
50n_30p_seed1,0.3,1,266001728,1,RX,265453,,8,12,265.453,1.0,29.0,1.8446744073709552e+19
50n_30p_seed1,0.3,1,266005000,28,TX,265585,28.0,8,11,265.585,,,
50n_30p_seed1,0.3,1,266035728,1,RX,265487,,8,12,265.487,1.0,28.0,1.8446744073709552e+19
50n_30p_seed1,0.3,1,266414000,5,TX,266350,5.0,8,10,266.35,,,
50n_30p_seed1,0.3,1,266500984,1,RX,265952,,8,11,265.952,1.0,5.0,1.8446744073709552e+19
50n_30p_seed1,0.3,1,268089000,12,TX,267091,12.0,7,11,267.091,,,
50n_30p_seed1,0.3,1,268123016,1,RX,267575,,7,12,267.575,1.0,12.0,484.0
50n_30p_seed1,0.3,1,268287000,49,TX,267593,49.0,7,11,267.593,,,
50n_30p_seed1,0.3,1,268346016,1,RX,267798,,7,12,267.798,1.0,49.0,205.0
50n_30p_seed1,0.3,1,268789000,2,TX,268025,2.0,8,10,268.025,,,
50n_30p_seed1,0.3,1,268916984,1,RX,268368,,8,11,268.368,1.0,2.0,343.0
50n_30p_seed1,0.3,1,269745000,43,TX,269532,43.0,9,11,269.532,,,
50n_30p_seed1,0.3,1,269801016,1,RX,269253,,9,12,269.253,1.0,43.0,1.8446744073709552e+19
50n_30p_seed1,0.3,1,269802000,38,TX,268832,38.0,8,11,268.832,,,
50n_30p_seed1,0.3,1,269836728,1,RX,269288,,8,12,269.288,1.0,38.0,456.0
50n_30p_seed1,0.3,1,270507000,13,TX,269967,13.0,8,11,269.967,,,
50n_30p_seed1,0.3,1,270516728,1,RX,269968,,8,12,269.968,1.0,13.0,1.0
50n_30p_seed1,0.3,1,271189000,15,TX,270844,15.0,7,11,270.844,,,
50n_30p_seed1,0.3,1,271227728,1,RX,270679,,7,12,270.679,1.0,15.0,1.8446744073709552e+19
50n_30p_seed1,0.3,1,271605000,30,TX,271554,30.0,8,11,271.554,,,
50n_30p_seed1,0.3,1,271643728,1,RX,271095,,8,12,271.095,1.0,30.0,1.8446744073709552e+19
50n_30p_seed1,0.3,1,271685000,19,TX,271317,19.0,8,11,271.317,,,
50n_30p_seed1,0.3,1,271723016,1,RX,271175,,8,12,271.175,1.0,19.0,1.8446744073709552e+19
50n_30p_seed1,0.3,1,272330000,34,TX,271495,34.0,9,11,271.495,,,
50n_30p_seed1,0.3,1,272385016,1,RX,271837,,9,12,271.837,1.0,34.0,342.0
50n_30p_seed1,0.3,1,272537000,40,TX,272335,40.0,9,11,272.335,,,
50n_30p_seed1,0.3,1,272564728,1,RX,272016,,9,12,272.016,1.0,40.0,1.8446744073709552e+19
50n_30p_seed1,0.3,1,272603000,48,TX,272314,48.0,9,11,272.314,,,
50n_30p_seed1,0.3,1,272641000,47,TX,272217,47.0,8,11,272.217,,,
50n_30p_seed1,0.3,1,272650016,1,RX,272102,,9,12,272.102,1.0,48.0,1.8446744073709552e+19
50n_30p_seed1,0.3,1,272669728,1,RX,272121,,8,12,272.121,1.0,47.0,1.8446744073709552e+19
50n_30p_seed1,0.3,1,272891000,42,TX,272055,42.0,9,11,272.055,,,
50n_30p_seed1,0.3,1,272953016,1,RX,272405,,9,12,272.405,1.0,42.0,350.0
50n_30p_seed1,0.3,1,272982000,17,TX,272897,17.0,8,11,272.897,,,
50n_30p_seed1,0.3,1,273056016,1,RX,272508,,8,12,272.508,1.0,17.0,1.8446744073709552e+19
50n_30p_seed1,0.3,1,273609000,21,TX,272684,21.0,8,11,272.684,,,
50n_30p_seed1,0.3,1,273639728,1,RX,273091,,8,12,273.091,1.0,21.0,407.0
50n_30p_seed1,0.3,1,274564000,45,TX,273773,45.0,7,11,273.773,,,
50n_30p_seed1,0.3,1,274591728,1,RX,274043,,7,12,274.043,1.0,45.0,270.0
50n_30p_seed1,0.3,1,274920000,44,TX,274500,44.0,9,11,274.5,,,
50n_30p_seed1,0.3,1,274977016,1,RX,274429,,9,12,274.429,1.0,44.0,1.8446744073709552e+19
50n_30p_seed1,0.3,1,275513000,33,TX,275405,33.0,10,12,275.405,,,
50n_30p_seed1,0.3,1,275556048,1,RX,275008,,10,13,275.008,1.0,33.0,1.8446744073709552e+19
50n_30p_seed1,0.3,1,277965000,3,TX,277324,3.0,8,10,277.324,,,
50n_30p_seed1,0.3,1,277992000,7,TX,277488,7.0,7,10,277.488,,,
50n_30p_seed1,0.3,1,278051984,1,RX,277503,,7,11,277.503,1.0,7.0,15.0
50n_30p_seed1,0.3,1,278066984,1,RX,277518,,8,11,277.518,1.0,3.0,194.0
50n_30p_seed1,0.3,1,278291000,10,TX,277990,10.0,9,11,277.99,,,
50n_30p_seed1,0.3,1,278322016,1,RX,277774,,9,12,277.774,1.0,10.0,1.8446744073709552e+19
50n_30p_seed1,0.3,1,279206000,32,TX,278464,32.0,9,11,278.464,,,
50n_30p_seed1,0.3,1,279247728,1,RX,278699,,9,12,278.699,1.0,32.0,235.0
50n_30p_seed1,0.3,1,280077000,8,TX,279171,8.0,9,10,279.171,,,
50n_30p_seed1,0.3,1,280137984,1,RX,279589,,9,11,279.589,1.0,8.0,418.0
50n_30p_seed1,0.3,1,281664000,16,TX,280803,16.0,9,11,280.803,,,
50n_30p_seed1,0.3,1,281706016,1,RX,281158,,9,12,281.158,1.0,16.0,355.0
50n_30p_seed1,0.3,1,281993000,39,TX,281855,39.0,8,11,281.855,,,
50n_30p_seed1,0.3,1,282031728,1,RX,281483,,8,12,281.483,1.0,39.0,1.8446744073709552e+19
50n_30p_seed1,0.3,1,282850000,4,TX,281880,4.0,8,10,281.88,,,
50n_30p_seed1,0.3,1,282899984,1,RX,282351,,8,11,282.351,1.0,4.0,471.0
50n_30p_seed1,0.3,1,282938000,20,TX,282926,20.0,9,11,282.926,,,
50n_30p_seed1,0.3,1,282949000,36,TX,282266,36.0,8,11,282.266,,,
50n_30p_seed1,0.3,1,282952728,1,RX,282404,,9,12,282.404,1.0,20.0,1.8446744073709552e+19
50n_30p_seed1,0.3,1,282982728,1,RX,282434,,8,12,282.434,1.0,36.0,168.0
50n_30p_seed1,0.3,1,283310000,41,TX,282921,41.0,9,11,282.921,,,
50n_30p_seed1,0.3,1,283393016,1,RX,282845,,9,12,282.845,1.0,41.0,1.8446744073709552e+19
50n_30p_seed1,0.3,1,283732000,6,TX,282918,6.0,9,10,282.918,,,
50n_30p_seed1,0.3,1,283749936,1,RX,283201,,9,11,283.201,1.0,6.0,283.0
50n_30p_seed1,0.3,1,283773000,35,TX,283162,35.0,9,11,283.162,,,
50n_30p_seed1,0.3,1,283814016,1,RX,283266,,9,12,283.266,1.0,35.0,104.0
50n_30p_seed1,0.3,1,284886000,24,TX,284707,24.0,7,11,284.707,,,
50n_30p_seed1,0.3,1,284954016,1,RX,284406,,7,12,284.406,1.0,24.0,1.8446744073709552e+19
50n_30p_seed1,0.3,1,285530000,25,TX,285048,25.0,8,11,285.048,,,
50n_30p_seed1,0.3,1,285571016,1,RX,285023,,8,12,285.023,1.0,25.0,1.8446744073709552e+19
50n_30p_seed1,0.3,1,286798000,50,TX,285801,50.0,8,11,285.801,,,
50n_30p_seed1,0.3,1,286885016,1,RX,286337,,8,12,286.337,1.0,50.0,536.0
50n_30p_seed1,0.3,1,287353000,9,TX,287114,9.0,9,10,287.114,,,
50n_30p_seed1,0.3,1,287420984,1,RX,286872,,9,11,286.872,1.0,9.0,1.8446744073709552e+19
50n_30p_seed1,0.3,1,287867000,31,TX,287154,31.0,9,11,287.154,,,
50n_30p_seed1,0.3,1,287897728,1,RX,287349,,9,12,287.349,1.0,31.0,195.0
50n_30p_seed1,0.3,1,288435000,11,TX,288299,11.0,8,11,288.299,,,
50n_30p_seed1,0.3,1,288473000,27,TX,287808,27.0,8,11,287.808,,,
50n_30p_seed1,0.3,1,288480000,29,TX,288443,29.0,9,11,288.443,,,
50n_30p_seed1,0.3,1,288482016,1,RX,287934,,8,12,287.934,1.0,11.0,1.8446744073709552e+19
50n_30p_seed1,0.3,1,288497728,1,RX,287949,,8,12,287.949,1.0,27.0,141.0
50n_30p_seed1,0.3,1,288519728,1,RX,287971,,9,12,287.971,1.0,29.0,1.8446744073709552e+19
50n_30p_seed1,0.3,1,290059000,14,TX,289368,14.0,8,11,289.368,,,
50n_30p_seed1,0.3,1,290070728,1,RX,289522,,8,12,289.522,1.0,14.0,154.0
50n_30p_seed1,0.3,1,291692000,5,TX,291628,5.0,9,10,291.628,,,
50n_30p_seed1,0.3,1,291750984,1,RX,291202,,9,11,291.202,1.0,5.0,1.8446744073709552e+19
50n_30p_seed1,0.3,1,291884000,23,TX,291595,23.0,8,11,291.595,,,
50n_30p_seed1,0.3,1,291918728,1,RX,291370,,8,12,291.37,1.0,23.0,1.8446744073709552e+19
50n_30p_seed1,0.3,1,292488000,18,TX,292237,18.0,8,11,292.237,,,
50n_30p_seed1,0.3,1,292536016,1,RX,291988,,8,12,291.988,1.0,18.0,1.8446744073709552e+19
50n_30p_seed1,0.3,1,292616000,49,TX,291922,49.0,8,11,291.922,,,
50n_30p_seed1,0.3,1,292654000,38,TX,291684,38.0,9,11,291.684,,,
50n_30p_seed1,0.3,1,292663016,1,RX,292115,,8,12,292.115,1.0,49.0,193.0
50n_30p_seed1,0.3,1,292703000,12,TX,291705,12.0,8,11,291.705,,,
50n_30p_seed1,0.3,1,292719728,1,RX,292171,,9,12,292.171,1.0,38.0,487.0
50n_30p_seed1,0.3,1,292731000,1,RX,292183,,8,12,292.183,1.0,12.0,478.0
50n_30p_seed1,0.3,1,292732000,47,TX,292308,47.0,9,11,292.308,,,
50n_30p_seed1,0.3,1,292745728,1,RX,292197,,9,12,292.197,1.0,47.0,1.8446744073709552e+19
50n_30p_seed1,0.3,1,293254000,37,TX,293072,37.0,8,11,293.072,,,
50n_30p_seed1,0.3,1,293289728,1,RX,292741,,8,12,292.741,1.0,37.0,1.8446744073709552e+19
50n_30p_seed1,0.3,1,293594000,26,TX,293168,26.0,9,11,293.168,,,
50n_30p_seed1,0.3,1,293618016,1,RX,293070,,9,12,293.07,1.0,26.0,1.8446744073709552e+19
50n_30p_seed1,0.3,1,293708000,42,TX,292872,42.0,10,12,292.872,,,
50n_30p_seed1,0.3,1,293754048,1,RX,293206,,10,13,293.206,1.0,42.0,334.0
50n_30p_seed1,0.3,1,294794000,34,TX,293959,34.0,10,12,293.959,,,
50n_30p_seed1,0.3,1,294849048,1,RX,294301,,10,13,294.301,1.0,34.0,342.0
50n_30p_seed1,0.3,1,295628000,40,TX,295426,40.0,10,12,295.426,,,
50n_30p_seed1,0.3,1,295659760,1,RX,295111,,10,13,295.111,1.0,40.0,1.8446744073709552e+19
50n_30p_seed1,0.3,1,296066000,17,TX,295981,17.0,9,11,295.981,,,
50n_30p_seed1,0.3,1,296128016,1,RX,295580,,9,12,295.58,1.0,17.0,1.8446744073709552e+19
50n_30p_seed1,0.3,1,297011000,22,TX,296291,22.0,9,11,296.291,,,
50n_30p_seed1,0.3,1,297034728,1,RX,296486,,9,12,296.486,1.0,22.0,195.0
50n_30p_seed1,0.3,1,297640000,48,TX,297351,48.0,10,12,297.351,,,
50n_30p_seed1,0.3,1,297731048,1,RX,297183,,10,13,297.183,1.0,48.0,1.8446744073709552e+19
50n_30p_seed1,0.3,1,297873000,45,TX,297082,45.0,8,11,297.082,,,
50n_30p_seed1,0.3,1,297889728,1,RX,297341,,8,12,297.341,1.0,45.0,259.0
50n_30p_seed1,0.3,1,298898000,46,TX,298698,46.0,10,12,298.698,,,
50n_30p_seed1,0.3,1,298931760,1,RX,298383,,10,13,298.383,1.0,46.0,1.8446744073709552e+19
50n_30p_seed1,0.3,1,299001000,33,TX,298893,33.0,11,12,298.893,,,
50n_30p_seed1,0.3,1,299058048,1,RX,298510,,11,13,298.51,1.0,33.0,1.8446744073709552e+19
50n_30p_seed1,0.3,1,299227000,43,TX,299014,43.0,10,12,299.014,,,
50n_30p_seed1,0.3,1,299282048,1,RX,298734,,10,13,298.734,1.0,43.0,1.8446744073709552e+19
50n_30p_seed1,0.3,1,299475000,3,TX,298834,3.0,9,10,298.834,,,
50n_30p_seed1,0.3,1,299532984,1,RX,298984,,9,11,298.984,1.0,3.0,150.0
50n_30p_seed1,0.3,1,300154000,19,TX,299786,19.0,9,11,299.786,,,
50n_30p_seed1,0.3,1,300226016,1,RX,299678,,9,12,299.678,1.0,19.0,1.8446744073709552e+19
50n_30p_seed1,0.3,1,300651000,28,TX,300231,28.0,9,11,300.231,,,
50n_30p_seed1,0.3,1,300671728,1,RX,300123,,9,12,300.123,1.0,28.0,1.8446744073709552e+19
50n_30p_seed1,0.3,1,300802000,44,TX,300382,44.0,10,12,300.382,,,
50n_30p_seed1,0.3,1,300848048,1,RX,300300,,10,13,300.3,1.0,44.0,1.8446744073709552e+19
50n_30p_seed1,0.3,1,301507000,13,TX,300967,13.0,9,11,300.967,,,
50n_30p_seed1,0.3,1,301523728,1,RX,300975,,9,12,300.975,1.0,13.0,8.0
50n_30p_seed1,0.3,1,301693000,15,TX,301348,15.0,8,11,301.348,,,
50n_30p_seed1,0.3,1,301706728,1,RX,301158,,8,12,301.158,1.0,15.0,1.8446744073709552e+19
50n_30p_seed1,0.3,1,302116000,2,TX,301352,2.0,9,10,301.352,,,
50n_30p_seed1,0.3,1,302220984,1,RX,301672,,9,11,301.672,1.0,2.0,320.0
50n_30p_seed1,0.3,1,302586000,10,TX,302285,10.0,10,12,302.285,,,
50n_30p_seed1,0.3,1,302658048,1,RX,302110,,10,13,302.11,1.0,10.0,1.8446744073709552e+19
50n_30p_seed1,0.3,1,303378000,8,TX,302472,8.0,10,11,302.472,,,
50n_30p_seed1,0.3,1,303452016,1,RX,302904,,10,12,302.904,1.0,8.0,432.0
50n_30p_seed1,0.3,1,307061000,25,TX,306579,25.0,9,11,306.579,,,
50n_30p_seed1,0.3,1,307122016,1,RX,306574,,9,12,306.574,1.0,25.0,1.8446744073709552e+19
50n_30p_seed1,0.3,1,307130000,30,TX,307079,30.0,9,11,307.079,,,
50n_30p_seed1,0.3,1,307170728,1,RX,306622,,9,12,306.622,1.0,30.0,1.8446744073709552e+19
50n_30p_seed1,0.3,1,307744000,20,TX,307732,20.0,10,12,307.732,,,
50n_30p_seed1,0.3,1,307751760,1,RX,307203,,10,13,307.203,1.0,20.0,1.8446744073709552e+19
50n_30p_seed1,0.3,1,308361000,16,TX,307500,16.0,10,12,307.5,,,
50n_30p_seed1,0.3,1,308376048,1,RX,307828,,10,13,307.828,1.0,16.0,328.0
50n_30p_seed1,0.3,1,308830000,27,TX,308165,27.0,9,11,308.165,,,
50n_30p_seed1,0.3,1,308846728,1,RX,308298,,9,12,308.298,1.0,27.0,133.0
50n_30p_seed1,0.3,1,309269000,7,TX,308765,7.0,8,10,308.765,,,
50n_30p_seed1,0.3,1,309332984,1,RX,308784,,8,11,308.784,1.0,7.0,19.0
50n_30p_seed1,0.3,1,310381000,6,TX,309567,6.0,10,11,309.567,,,
50n_30p_seed1,0.3,1,310455016,1,RX,309907,,10,12,309.907,1.0,6.0,340.0
50n_30p_seed1,0.3,1,310465000,39,TX,310327,39.0,9,11,310.327,,,
50n_30p_seed1,0.3,1,310506728,1,RX,309958,,9,12,309.958,1.0,39.0,1.8446744073709552e+19
50n_30p_seed1,0.3,1,311188000,21,TX,310263,21.0,9,11,310.263,,,
50n_30p_seed1,0.3,1,311201728,1,RX,310653,,9,12,310.653,1.0,21.0,390.0
50n_30p_seed1,0.3,1,312836000,4,TX,311866,4.0,9,10,311.866,,,
50n_30p_seed1,0.3,1,312852984,1,RX,312304,,9,11,312.304,1.0,4.0,438.0
50n_30p_seed1,0.3,1,313728000,14,TX,313037,14.0,9,11,313.037,,,
50n_30p_seed1,0.3,1,313753728,1,RX,313205,,9,12,313.205,1.0,14.0,168.0
50n_30p_seed1,0.3,1,313798000,32,TX,313056,32.0,10,12,313.056,,,
50n_30p_seed1,0.3,1,313828760,1,RX,313280,,10,13,313.28,1.0,32.0,224.0
50n_30p_seed1,0.3,1,314238000,35,TX,313627,35.0,10,12,313.627,,,
50n_30p_seed1,0.3,1,314285048,1,RX,313737,,10,13,313.737,1.0,35.0,110.0
50n_30p_seed1,0.3,1,315548000,36,TX,314865,36.0,9,11,314.865,,,
50n_30p_seed1,0.3,1,315569728,1,RX,315021,,9,12,315.021,1.0,36.0,156.0
50n_30p_seed1,0.3,1,315941000,49,TX,315247,49.0,9,11,315.247,,,
50n_30p_seed1,0.3,1,315987016,1,RX,315439,,9,12,315.439,1.0,49.0,192.0
50n_30p_seed1,0.3,1,317594000,47,TX,317170,47.0,10,12,317.17,,,
50n_30p_seed1,0.3,1,317626760,1,RX,317078,,10,13,317.078,1.0,47.0,1.8446744073709552e+19
50n_30p_seed1,0.3,1,317916000,29,TX,317879,29.0,10,12,317.879,,,
50n_30p_seed1,0.3,1,317942760,1,RX,317394,,10,13,317.394,1.0,29.0,1.8446744073709552e+19
50n_30p_seed1,0.3,1,318259000,9,TX,318020,9.0,10,11,318.02,,,
50n_30p_seed1,0.3,1,318280016,1,RX,317732,,10,12,317.732,1.0,9.0,1.8446744073709552e+19
50n_30p_seed1,0.3,1,319096000,41,TX,318707,41.0,10,12,318.707,,,
50n_30p_seed1,0.3,1,319155048,1,RX,318607,,10,13,318.607,1.0,41.0,1.8446744073709552e+19
50n_30p_seed1,0.3,1,319955000,33,TX,319847,33.0,12,12,319.847,,,
50n_30p_seed1,0.3,1,320028048,1,RX,319480,,12,13,319.48,1.0,33.0,1.8446744073709552e+19
50n_30p_seed1,0.3,1,320795000,24,TX,320616,24.0,8,11,320.616,,,
50n_30p_seed1,0.3,1,320823016,1,RX,320275,,8,12,320.275,1.0,24.0,1.8446744073709552e+19
50n_30p_seed1,0.3,1,320859000,26,TX,320433,26.0,10,12,320.433,,,
50n_30p_seed1,0.3,1,320918048,1,RX,320370,,10,13,320.37,1.0,26.0,1.8446744073709552e+19
50n_30p_seed1,0.3,1,321509000,34,TX,320674,34.0,11,12,320.674,,,
50n_30p_seed1,0.3,1,321578048,1,RX,321030,,11,13,321.03,1.0,34.0,356.0
50n_30p_seed1,0.3,1,322876000,48,TX,322587,48.0,11,12,322.587,,,
50n_30p_seed1,0.3,1,322930048,1,RX,322382,,11,13,322.382,1.0,48.0,1.8446744073709552e+19
50n_30p_seed1,0.3,1,323254000,42,TX,322418,42.0,11,12,322.418,,,
50n_30p_seed1,0.3,1,323293048,1,RX,322745,,11,13,322.745,1.0,42.0,327.0
50n_30p_seed1,0.3,1,323310000,40,TX,323108,40.0,11,12,323.108,,,
50n_30p_seed1,0.3,1,323335760,1,RX,322787,,11,13,322.787,1.0,40.0,1.8446744073709552e+19
50n_30p_seed1,0.3,1,324068000,38,TX,323098,38.0,10,12,323.098,,,
50n_30p_seed1,0.3,1,324073760,1,RX,323525,,10,13,323.525,1.0,38.0,427.0
50n_30p_seed1,0.3,1,324255000,44,TX,323835,44.0,11,12,323.835,,,
50n_30p_seed1,0.3,1,324308048,1,RX,323760,,11,13,323.76,1.0,44.0,1.8446744073709552e+19
50n_30p_seed1,0.3,1,325101000,31,TX,324388,31.0,10,12,324.388,,,
50n_30p_seed1,0.3,1,325124760,1,RX,324576,,10,13,324.576,1.0,31.0,188.0
50n_30p_seed1,0.3,1,325519000,17,TX,325434,17.0,10,12,325.434,,,
50n_30p_seed1,0.3,1,325565064,1,RX,325017,,10,13,325.017,1.0,17.0,1.8446744073709552e+19
50n_30p_seed1,0.3,1,325713000,37,TX,325531,37.0,9,11,325.531,,,
50n_30p_seed1,0.3,1,325743728,1,RX,325195,,9,12,325.195,1.0,37.0,1.8446744073709552e+19
50n_30p_seed1,0.3,1,326328000,50,TX,325331,50.0,9,11,325.331,,,
50n_30p_seed1,0.3,1,326452016,1,RX,325904,,9,12,325.904,1.0,50.0,573.0
50n_30p_seed1,0.3,1,326606000,11,TX,326470,11.0,9,11,326.47,,,
50n_30p_seed1,0.3,1,326664016,1,RX,326116,,9,12,326.116,1.0,11.0,1.8446744073709552e+19
50n_30p_seed1,0.3,1,327037000,12,TX,326039,12.0,9,11,326.039,,,
50n_30p_seed1,0.3,1,327083016,1,RX,326535,,9,12,326.535,1.0,12.0,496.0
50n_30p_seed1,0.3,1,327114000,23,TX,326825,23.0,9,11,326.825,,,
50n_30p_seed1,0.3,1,327149000,10,TX,326848,10.0,11,12,326.848,,,
50n_30p_seed1,0.3,1,327152728,1,RX,326604,,9,12,326.604,1.0,23.0,1.8446744073709552e+19
50n_30p_seed1,0.3,1,327172048,1,RX,326624,,11,13,326.624,1.0,10.0,1.8446744073709552e+19
50n_30p_seed1,0.3,1,327685000,2,TX,326921,2.0,10,11,326.921,,,
50n_30p_seed1,0.3,1,327755016,1,RX,327207,,10,12,327.207,1.0,2.0,286.0
50n_30p_seed1,0.3,1,328065000,3,TX,327424,3.0,10,11,327.424,,,
50n_30p_seed1,0.3,1,328104016,1,RX,327556,,10,12,327.556,1.0,3.0,132.0
50n_30p_seed1,0.3,1,328275000,20,TX,328263,20.0,11,12,328.263,,,
50n_30p_seed1,0.3,1,328305760,1,RX,327757,,11,13,327.757,1.0,20.0,1.8446744073709552e+19
50n_30p_seed1,0.3,1,328421000,45,TX,327630,45.0,9,11,327.63,,,
50n_30p_seed1,0.3,1,328453728,1,RX,327905,,9,12,327.905,1.0,45.0,275.0
50n_30p_seed1,0.3,1,328836000,5,TX,328772,5.0,10,11,328.772,,,
50n_30p_seed1,0.3,1,328891016,1,RX,328343,,10,12,328.343,1.0,5.0,1.8446744073709552e+19
50n_30p_seed1,0.3,1,330304000,18,TX,330053,18.0,9,11,330.053,,,
50n_30p_seed1,0.3,1,330363016,1,RX,329815,,9,12,329.815,1.0,18.0,1.8446744073709552e+19
50n_30p_seed1,0.3,1,330383000,46,TX,330183,46.0,11,12,330.183,,,
50n_30p_seed1,0.3,1,330391760,1,RX,329843,,11,13,329.843,1.0,46.0,1.8446744073709552e+19
50n_30p_seed1,0.3,1,330743000,28,TX,330323,28.0,10,12,330.323,,,
50n_30p_seed1,0.3,1,330780760,1,RX,330232,,10,13,330.232,1.0,28.0,1.8446744073709552e+19
50n_30p_seed1,0.3,1,331829000,19,TX,331461,19.0,10,12,331.461,,,
50n_30p_seed1,0.3,1,331845000,43,TX,331632,43.0,11,12,331.632,,,
50n_30p_seed1,0.3,1,331888048,1,RX,331340,,10,13,331.34,1.0,19.0,1.8446744073709552e+19
50n_30p_seed1,0.3,1,331980048,1,RX,331432,,11,13,331.432,1.0,43.0,1.8446744073709552e+19
50n_30p_seed1,0.3,1,332289000,8,TX,331383,8.0,11,11,331.383,,,
50n_30p_seed1,0.3,1,332307016,1,RX,331759,,11,12,331.759,1.0,8.0,376.0
50n_30p_seed1,0.3,1,332414000,30,TX,332363,30.0,10,12,332.363,,,
50n_30p_seed1,0.3,1,332454760,1,RX,331906,,10,13,331.906,1.0,30.0,1.8446744073709552e+19
50n_30p_seed1,0.3,1,333564000,21,TX,332639,21.0,10,12,332.639,,,
50n_30p_seed1,0.3,1,333573760,1,RX,333025,,10,13,333.025,1.0,21.0,386.0
50n_30p_seed1,0.3,1,334058000,25,TX,333576,25.0,10,12,333.576,,,
50n_30p_seed1,0.3,1,334101048,1,RX,333553,,10,13,333.553,1.0,25.0,1.8446744073709552e+19
50n_30p_seed1,0.3,1,334587000,16,TX,333726,16.0,11,12,333.726,,,
50n_30p_seed1,0.3,1,334648048,1,RX,334100,,11,13,334.1,1.0,16.0,374.0
50n_30p_seed1,0.3,1,335961000,22,TX,335241,22.0,10,12,335.241,,,
50n_30p_seed1,0.3,1,336003760,1,RX,335455,,10,13,335.455,1.0,22.0,214.0
50n_30p_seed1,0.3,1,336241000,13,TX,335701,13.0,10,12,335.701,,,
50n_30p_seed1,0.3,1,336283760,1,RX,335735,,10,13,335.735,1.0,13.0,34.0
50n_30p_seed1,0.3,1,339740000,29,TX,339703,29.0,11,12,339.703,,,
50n_30p_seed1,0.3,1,339746760,1,RX,339198,,11,13,339.198,1.0,29.0,1.8446744073709552e+19
50n_30p_seed1,0.3,1,339942000,15,TX,339597,15.0,9,11,339.597,,,
50n_30p_seed1,0.3,1,339949728,1,RX,339401,,9,12,339.401,1.0,15.0,1.8446744073709552e+19
50n_30p_seed1,0.3,1,340752000,49,TX,340058,49.0,10,12,340.058,,,
50n_30p_seed1,0.3,1,340827048,1,RX,340279,,10,13,340.279,1.0,49.0,221.0
50n_30p_seed1,0.3,1,341170000,33,TX,341062,33.0,13,12,341.062,,,
50n_30p_seed1,0.3,1,341194048,1,RX,340646,,13,13,340.646,1.0,33.0,1.8446744073709552e+19
50n_30p_seed1,0.3,1,341198000,9,TX,340959,9.0,11,11,340.959,,,
50n_30p_seed1,0.3,1,341258016,1,RX,340710,,11,12,340.71,1.0,9.0,1.8446744073709552e+19
50n_30p_seed1,0.3,1,343865000,4,TX,342895,4.0,10,11,342.895,,,
50n_30p_seed1,0.3,1,343886016,1,RX,343338,,10,12,343.338,1.0,4.0,443.0
50n_30p_seed1,0.3,1,343946000,6,TX,343132,6.0,11,11,343.132,,,
50n_30p_seed1,0.3,1,344037016,1,RX,343489,,11,12,343.489,1.0,6.0,357.0
50n_30p_seed1,0.3,1,344571000,42,TX,343735,42.0,12,12,343.735,,,
50n_30p_seed1,0.3,1,344597000,47,TX,344173,47.0,11,12,344.173,,,
50n_30p_seed1,0.3,1,344600048,1,RX,344052,,12,13,344.052,1.0,42.0,317.0
50n_30p_seed1,0.3,1,344623760,1,RX,344075,,11,13,344.075,1.0,47.0,1.8446744073709552e+19
50n_30p_seed1,0.3,1,345163000,39,TX,345025,39.0,10,12,345.025,,,
50n_30p_seed1,0.3,1,345180760,1,RX,344632,,10,13,344.632,1.0,39.0,1.8446744073709552e+19
50n_30p_seed1,0.3,1,345503000,7,TX,344999,7.0,9,10,344.999,,,
50n_30p_seed1,0.3,1,345601984,1,RX,345053,,9,11,345.053,1.0,7.0,54.0
50n_30p_seed1,0.3,1,345652000,48,TX,345363,48.0,12,12,345.363,,,
50n_30p_seed1,0.3,1,345712048,1,RX,345164,,12,13,345.164,1.0,48.0,1.8446744073709552e+19
50n_30p_seed1,0.3,1,346010000,36,TX,345327,36.0,10,12,345.327,,,
50n_30p_seed1,0.3,1,346040760,1,RX,345492,,10,13,345.492,1.0,36.0,165.0
50n_30p_seed1,0.3,1,346288000,27,TX,345623,27.0,10,12,345.623,,,
50n_30p_seed1,0.3,1,346341760,1,RX,345793,,10,13,345.793,1.0,27.0,170.0
50n_30p_seed1,0.3,1,347211000,31,TX,346498,31.0,11,12,346.498,,,
50n_30p_seed1,0.3,1,347241760,1,RX,346693,,11,13,346.693,1.0,31.0,195.0
50n_30p_seed1,0.3,1,347327000,17,TX,347242,17.0,11,12,347.242,,,
50n_30p_seed1,0.3,1,347364048,1,RX,346816,,11,13,346.816,1.0,17.0,1.8446744073709552e+19
50n_30p_seed1,0.3,1,349235000,3,TX,348594,3.0,11,11,348.594,,,
50n_30p_seed1,0.3,1,349301016,1,RX,348753,,11,12,348.753,1.0,3.0,159.0
50n_30p_seed1,0.3,1,351051000,38,TX,350081,38.0,11,12,350.081,,,
50n_30p_seed1,0.3,1,351087760,1,RX,350539,,11,13,350.539,1.0,38.0,458.0
50n_30p_seed1,0.3,1,351476000,14,TX,350785,14.0,10,12,350.785,,,
50n_30p_seed1,0.3,1,351498760,1,RX,350950,,10,13,350.95,1.0,14.0,165.0
50n_30p_seed1,0.3,1,351607000,35,TX,350996,35.0,11,12,350.996,,,
50n_30p_seed1,0.3,1,351655048,1,RX,351107,,11,13,351.107,1.0,35.0,111.0
50n_30p_seed1,0.3,1,351968000,11,TX,351832,11.0,10,12,351.832,,,
50n_30p_seed1,0.3,1,352019048,1,RX,351471,,10,13,351.471,1.0,11.0,1.8446744073709552e+19
50n_30p_seed1,0.3,1,352322000,26,TX,351896,26.0,11,12,351.896,,,
50n_30p_seed1,0.3,1,352357000,32,TX,351615,32.0,11,12,351.615,,,
50n_30p_seed1,0.3,1,352364760,1,RX,351816,,11,13,351.816,1.0,32.0,201.0
50n_30p_seed1,0.3,1,352405048,1,RX,351857,,11,13,351.857,1.0,26.0,1.8446744073709552e+19
50n_30p_seed1,0.3,1,353610000,24,TX,353431,24.0,9,11,353.431,,,
50n_30p_seed1,0.3,1,353643016,1,RX,353095,,9,12,353.095,1.0,24.0,1.8446744073709552e+19
50n_30p_seed1,0.3,1,353700000,28,TX,353280,28.0,11,12,353.28,,,
50n_30p_seed1,0.3,1,353720760,1,RX,353172,,11,13,353.172,1.0,28.0,1.8446744073709552e+19
50n_30p_seed1,0.3,1,354289000,40,TX,354087,40.0,12,12,354.087,,,
50n_30p_seed1,0.3,1,354315760,1,RX,353767,,12,13,353.767,1.0,40.0,1.8446744073709552e+19
50n_30p_seed1,0.3,1,354416000,46,TX,354216,46.0,12,12,354.216,,,
50n_30p_seed1,0.3,1,354429760,1,RX,353881,,12,13,353.881,1.0,46.0,1.8446744073709552e+19
50n_30p_seed1,0.3,1,354590000,23,TX,354301,23.0,10,12,354.301,,,
50n_30p_seed1,0.3,1,354606760,1,RX,354058,,10,13,354.058,1.0,23.0,1.8446744073709552e+19
50n_30p_seed1,0.3,1,354671000,45,TX,353880,45.0,10,12,353.88,,,
50n_30p_seed1,0.3,1,354677760,1,RX,354129,,10,13,354.129,1.0,45.0,249.0
50n_30p_seed1,0.3,1,355596000,12,TX,354598,12.0,10,12,354.598,,,
50n_30p_seed1,0.3,1,355647048,1,RX,355099,,10,13,355.099,1.0,12.0,501.0
50n_30p_seed1,0.3,1,356672000,5,TX,356608,5.0,11,11,356.608,,,
50n_30p_seed1,0.3,1,356719016,1,RX,356171,,11,12,356.171,1.0,5.0,1.8446744073709552e+19
50n_30p_seed1,0.3,1,356732000,16,TX,355871,16.0,12,12,355.871,,,
50n_30p_seed1,0.3,1,356757000,37,TX,356575,37.0,10,12,356.575,,,
50n_30p_seed1,0.3,1,356774760,1,RX,356226,,10,13,356.226,1.0,37.0,1.8446744073709552e+19
50n_30p_seed1,0.3,1,356780048,1,RX,356232,,12,13,356.232,1.0,16.0,361.0
50n_30p_seed1,0.3,1,357135000,41,TX,356746,41.0,11,12,356.746,,,
50n_30p_seed1,0.3,1,357187048,1,RX,356639,,11,13,356.639,1.0,41.0,1.8446744073709552e+19
50n_30p_seed1,0.3,1,357512000,44,TX,357092,44.0,12,12,357.092,,,
50n_30p_seed1,0.3,1,357589048,1,RX,357041,,12,13,357.041,1.0,44.0,1.8446744073709552e+19
50n_30p_seed1,0.3,1,358475000,34,TX,357640,34.0,12,12,357.64,,,
50n_30p_seed1,0.3,1,358513048,1,RX,357965,,12,13,357.965,1.0,34.0,325.0
50n_30p_seed1,0.3,1,359754000,29,TX,359717,29.0,12,12,359.717,,,
50n_30p_seed1,0.3,1,359764760,1,RX,359216,,12,13,359.216,1.0,29.0,1.8446744073709552e+19
50n_30p_seed1,0.3,1,361014000,50,TX,360017,50.0,10,12,360.017,,,
50n_30p_seed1,0.3,1,361043352,1,RX,360495,,10,13,360.495,1.0,50.0,478.0
50n_30p_seed1,0.3,1,361267000,15,TX,360922,15.0,10,12,360.922,,,
50n_30p_seed1,0.3,1,361300760,1,RX,360752,,10,13,360.752,1.0,15.0,1.8446744073709552e+19
50n_30p_seed1,0.3,1,362277000,10,TX,361976,10.0,12,12,361.976,,,
50n_30p_seed1,0.3,1,362309048,1,RX,361761,,12,13,361.761,1.0,10.0,1.8446744073709552e+19
50n_30p_seed1,0.3,1,362607000,33,TX,362499,33.0,14,12,362.499,,,
50n_30p_seed1,0.3,1,362678048,1,RX,362130,,14,13,362.13,1.0,33.0,1.8446744073709552e+19
50n_30p_seed1,0.3,1,362766000,8,TX,361860,8.0,12,11,361.86,,,
50n_30p_seed1,0.3,1,362795016,1,RX,362247,,12,12,362.247,1.0,8.0,387.0
50n_30p_seed1,0.3,1,363969000,30,TX,363918,30.0,11,12,363.918,,,
50n_30p_seed1,0.3,1,364010760,1,RX,363462,,11,13,363.462,1.0,30.0,1.8446744073709552e+19
50n_30p_seed1,0.3,1,364813000,49,TX,364119,49.0,11,12,364.119,,,
50n_30p_seed1,0.3,1,364891048,1,RX,364343,,11,13,364.343,1.0,49.0,224.0
50n_30p_seed1,0.3,1,365680000,4,TX,364710,4.0,11,11,364.71,,,
50n_30p_seed1,0.3,1,365749016,1,RX,365201,,11,12,365.201,1.0,4.0,491.0
50n_30p_seed1,0.3,1,366053000,48,TX,365764,48.0,13,12,365.764,,,
50n_30p_seed1,0.3,1,366113048,1,RX,365565,,13,13,365.565,1.0,48.0,1.8446744073709552e+19
50n_30p_seed1,0.3,1,366390000,2,TX,365626,2.0,11,11,365.626,,,
50n_30p_seed1,0.3,1,366479000,27,TX,365814,27.0,11,12,365.814,,,
50n_30p_seed1,0.3,1,366497760,1,RX,365949,,11,13,365.949,1.0,27.0,135.0
50n_30p_seed1,0.3,1,366503016,1,RX,365955,,11,12,365.955,1.0,2.0,329.0
50n_30p_seed1,0.3,1,366637000,9,TX,366398,9.0,12,11,366.398,,,
50n_30p_seed1,0.3,1,366687016,1,RX,366139,,12,12,366.139,1.0,9.0,1.8446744073709552e+19
50n_30p_seed1,0.3,1,367714000,22,TX,366994,22.0,11,12,366.994,,,
50n_30p_seed1,0.3,1,367738760,1,RX,367190,,11,13,367.19,1.0,22.0,196.0
50n_30p_seed1,0.3,1,367846000,20,TX,367834,20.0,12,12,367.834,,,
50n_30p_seed1,0.3,1,367880760,1,RX,367332,,12,13,367.332,1.0,20.0,1.8446744073709552e+19
50n_30p_seed1,0.3,1,369076000,25,TX,368594,25.0,11,12,368.594,,,
50n_30p_seed1,0.3,1,369116000,42,TX,368280,42.0,13,12,368.28,,,
50n_30p_seed1,0.3,1,369131048,1,RX,368583,,11,13,368.583,1.0,25.0,1.8446744073709552e+19
50n_30p_seed1,0.3,1,369180048,1,RX,368632,,13,13,368.632,1.0,42.0,352.0
50n_30p_seed1,0.3,1,369200000,7,TX,368696,7.0,10,11,368.696,,,
50n_30p_seed1,0.3,1,369252016,1,RX,368704,,10,12,368.704,1.0,7.0,8.0
50n_30p_seed1,0.3,1,369319000,43,TX,369106,43.0,12,12,369.106,,,
50n_30p_seed1,0.3,1,369387048,1,RX,368839,,12,13,368.839,1.0,43.0,1.8446744073709552e+19
50n_30p_seed1,0.3,1,369744000,19,TX,369376,19.0,11,12,369.376,,,
50n_30p_seed1,0.3,1,369774048,1,RX,369226,,11,13,369.226,1.0,19.0,1.8446744073709552e+19
50n_30p_seed1,0.3,1,370238000,18,TX,369987,18.0,10,12,369.987,,,
50n_30p_seed1,0.3,1,370266048,1,RX,369718,,10,13,369.718,1.0,18.0,1.8446744073709552e+19
50n_30p_seed1,0.3,1,370987000,21,TX,370062,21.0,11,12,370.062,,,
50n_30p_seed1,0.3,1,371030760,1,RX,370482,,11,13,370.482,1.0,21.0,420.0
50n_30p_seed1,0.3,1,371126000,36,TX,370443,36.0,11,12,370.443,,,
50n_30p_seed1,0.3,1,371151760,1,RX,370603,,11,13,370.603,1.0,36.0,160.0
50n_30p_seed1,0.3,1,372974000,47,TX,372550,47.0,12,12,372.55,,,
50n_30p_seed1,0.3,1,372985760,1,RX,372437,,12,13,372.437,1.0,47.0,1.8446744073709552e+19
50n_30p_seed1,0.3,1,375354000,38,TX,374384,38.0,12,12,374.384,,,
50n_30p_seed1,0.3,1,375359760,1,RX,374811,,12,13,374.811,1.0,38.0,427.0
50n_30p_seed1,0.3,1,375655000,6,TX,374841,6.0,12,11,374.841,,,
50n_30p_seed1,0.3,1,375685016,1,RX,375137,,12,12,375.137,1.0,6.0,296.0
50n_30p_seed1,0.3,1,376091000,13,TX,375551,13.0,11,12,375.551,,,
50n_30p_seed1,0.3,1,376126760,1,RX,375578,,11,13,375.578,1.0,13.0,27.0
50n_30p_seed1,0.3,1,376312000,3,TX,375671,3.0,12,11,375.671,,,
50n_30p_seed1,0.3,1,376346016,1,RX,375798,,12,12,375.798,1.0,3.0,127.0
50n_30p_seed1,0.3,1,377666000,41,TX,377277,41.0,12,12,377.277,,,
50n_30p_seed1,0.3,1,377723048,1,RX,377175,,12,13,377.175,1.0,41.0,1.8446744073709552e+19
50n_30p_seed1,0.3,1,377828000,16,TX,376967,16.0,13,12,376.967,,,
50n_30p_seed1,0.3,1,377872048,1,RX,377324,,13,13,377.324,1.0,16.0,357.0
50n_30p_seed1,0.3,1,378074000,46,TX,377874,46.0,13,12,377.874,,,
50n_30p_seed1,0.3,1,378091760,1,RX,377543,,13,13,377.543,1.0,46.0,1.8446744073709552e+19
50n_30p_seed1,0.3,1,378501000,37,TX,378319,37.0,11,12,378.319,,,
50n_30p_seed1,0.3,1,378512760,1,RX,377964,,11,13,377.964,1.0,37.0,1.8446744073709552e+19
50n_30p_seed1,0.3,1,378955000,34,TX,378120,34.0,13,12,378.12,,,
50n_30p_seed1,0.3,1,378999048,1,RX,378451,,13,13,378.451,1.0,34.0,331.0
50n_30p_seed1,0.3,1,380020000,12,TX,379022,12.0,11,12,379.022,,,
50n_30p_seed1,0.3,1,380093048,1,RX,379545,,11,13,379.545,1.0,12.0,523.0
50n_30p_seed1,0.3,1,380553000,31,TX,379840,31.0,12,12,379.84,,,
50n_30p_seed1,0.3,1,380577760,1,RX,380029,,12,13,380.029,1.0,31.0,189.0
50n_30p_seed1,0.3,1,381382000,32,TX,380640,32.0,12,12,380.64,,,
50n_30p_seed1,0.3,1,381406760,1,RX,380858,,12,13,380.858,1.0,32.0,218.0
50n_30p_seed1,0.3,1,382398000,45,TX,381607,45.0,11,12,381.607,,,
50n_30p_seed1,0.3,1,382440760,1,RX,381892,,11,13,381.892,1.0,45.0,285.0
50n_30p_seed1,0.3,1,383430000,39,TX,383292,39.0,11,12,383.292,,,
50n_30p_seed1,0.3,1,383467760,1,RX,382919,,11,13,382.919,1.0,39.0,1.8446744073709552e+19
50n_30p_seed1,0.3,1,386138000,5,TX,386074,5.0,12,11,386.074,,,
50n_30p_seed1,0.3,1,386184016,1,RX,385636,,12,12,385.636,1.0,5.0,1.8446744073709552e+19
50n_30p_seed1,0.3,1,386263000,23,TX,385974,23.0,11,12,385.974,,,
50n_30p_seed1,0.3,1,386272760,1,RX,385724,,11,13,385.724,1.0,23.0,1.8446744073709552e+19
50n_30p_seed1,0.3,1,386715000,40,TX,386513,40.0,13,12,386.513,,,
50n_30p_seed1,0.3,1,386745000,28,TX,386325,28.0,12,12,386.325,,,
50n_30p_seed1,0.3,1,386746760,1,RX,386198,,13,13,386.198,1.0,40.0,1.8446744073709552e+19
50n_30p_seed1,0.3,1,386774760,1,RX,386226,,12,13,386.226,1.0,28.0,1.8446744073709552e+19
50n_30p_seed1,0.3,1,386861000,17,TX,386776,17.0,12,12,386.776,,,
50n_30p_seed1,0.3,1,386918048,1,RX,386370,,12,13,386.37,1.0,17.0,1.8446744073709552e+19
50n_30p_seed1,0.3,1,387754000,2,TX,386990,2.0,12,11,386.99,,,
50n_30p_seed1,0.3,1,387843016,1,RX,387295,,12,12,387.295,1.0,2.0,305.0
50n_30p_seed1,0.3,1,388245000,50,TX,387248,50.0,11,12,387.248,,,
50n_30p_seed1,0.3,1,388287000,26,TX,387861,26.0,12,12,387.861,,,
50n_30p_seed1,0.3,1,388331048,1,RX,387783,,12,13,387.783,1.0,26.0,1.8446744073709552e+19
50n_30p_seed1,0.3,1,388392000,24,TX,388213,24.0,10,12,388.213,,,
50n_30p_seed1,0.3,1,388405048,1,RX,387857,,11,13,387.857,1.0,50.0,609.0
50n_30p_seed1,0.3,1,388460048,1,RX,387912,,10,13,387.912,1.0,24.0,1.8446744073709552e+19
50n_30p_seed1,0.3,1,388605000,35,TX,387994,35.0,12,12,387.994,,,
50n_30p_seed1,0.3,1,388641048,1,RX,388093,,12,13,388.093,1.0,35.0,99.0
50n_30p_seed1,0.3,1,388871000,14,TX,388180,14.0,11,12,388.18,,,
50n_30p_seed1,0.3,1,388884760,1,RX,388336,,11,13,388.336,1.0,14.0,156.0
50n_30p_seed1,0.3,1,388951000,20,TX,388939,20.0,13,12,388.939,,,
50n_30p_seed1,0.3,1,388990760,1,RX,388442,,13,13,388.442,1.0,20.0,1.8446744073709552e+19
50n_30p_seed1,0.3,1,389497000,7,TX,388993,7.0,11,11,388.993,,,
50n_30p_seed1,0.3,1,389553000,1,RX,389005,,11,12,389.005,1.0,7.0,12.0
50n_30p_seed1,0.3,1,389621000,11,TX,389485,11.0,11,12,389.485,,,
50n_30p_seed1,0.3,1,389653048,1,RX,389105,,11,13,389.105,1.0,11.0,1.8446744073709552e+19
50n_30p_seed1,0.3,1,389951000,4,TX,388981,4.0,12,11,388.981,,,
50n_30p_seed1,0.3,1,390022016,1,RX,389474,,12,12,389.474,1.0,4.0,493.0
50n_30p_seed1,0.3,1,390306000,33,TX,390198,33.0,15,12,390.198,,,
50n_30p_seed1,0.3,1,390345048,1,RX,389797,,15,13,389.797,1.0,33.0,1.8446744073709552e+19
50n_30p_seed1,0.3,1,390696000,10,TX,390395,10.0,13,12,390.395,,,
50n_30p_seed1,0.3,1,390708064,1,RX,390160,,13,13,390.16,1.0,10.0,1.8446744073709552e+19
50n_30p_seed1,0.3,1,391176000,15,TX,390831,15.0,11,12,390.831,,,
50n_30p_seed1,0.3,1,391211760,1,RX,390663,,11,13,390.663,1.0,15.0,1.8446744073709552e+19
50n_30p_seed1,0.3,1,391575000,36,TX,390892,36.0,12,12,390.892,,,
50n_30p_seed1,0.3,1,391609760,1,RX,391061,,12,13,391.061,1.0,36.0,169.0
50n_30p_seed1,0.3,1,393099000,9,TX,392860,9.0,13,11,392.86,,,
50n_30p_seed1,0.3,1,393157016,1,RX,392609,,13,12,392.609,1.0,9.0,1.8446744073709552e+19
50n_30p_seed1,0.3,1,393237000,18,TX,392986,18.0,11,12,392.986,,,
50n_30p_seed1,0.3,1,393298048,1,RX,392750,,11,13,392.75,1.0,18.0,1.8446744073709552e+19
50n_30p_seed1,0.3,1,393597000,29,TX,393560,29.0,13,12,393.56,,,
50n_30p_seed1,0.3,1,393608760,1,RX,393060,,13,13,393.06,1.0,29.0,1.8446744073709552e+19
50n_30p_seed1,0.3,1,394004000,49,TX,393310,49.0,12,12,393.31,,,
50n_30p_seed1,0.3,1,394024000,21,TX,393099,21.0,12,12,393.099,,,
50n_30p_seed1,0.3,1,394062760,1,RX,393514,,12,13,393.514,1.0,21.0,415.0
50n_30p_seed1,0.3,1,394071048,1,RX,393523,,12,13,393.523,1.0,49.0,213.0
50n_30p_seed1,0.3,1,394159000,19,TX,393791,19.0,12,12,393.791,,,
50n_30p_seed1,0.3,1,394218048,1,RX,393670,,12,13,393.67,1.0,19.0,1.8446744073709552e+19
50n_30p_seed1,0.3,1,396452000,44,TX,396032,44.0,13,12,396.032,,,
50n_30p_seed1,0.3,1,396510048,1,RX,395962,,13,13,395.962,1.0,44.0,1.8446744073709552e+19
50n_30p_seed1,0.3,1,397060000,43,TX,396847,43.0,13,12,396.847,,,
50n_30p_seed1,0.3,1,397107048,1,RX,396559,,13,13,396.559,1.0,43.0,1.8446744073709552e+19
50n_30p_seed1,0.3,1,398636000,48,TX,398347,48.0,14,12,398.347,,,
50n_30p_seed1,0.3,1,398681344,1,RX,398133,,14,13,398.133,1.0,48.0,1.8446744073709552e+19
50n_30p_seed1,0.3,1,399098000,22,TX,398378,22.0,12,12,398.378,,,
50n_30p_seed1,0.3,1,399138760,1,RX,398590,,12,13,398.59,1.0,22.0,212.0
50n_30p_seed1,0.3,1,399294000,16,TX,398433,16.0,14,12,398.433,,,
50n_30p_seed1,0.3,1,399328000,30,TX,399277,30.0,12,12,399.277,,,
50n_30p_seed1,0.3,1,399352048,1,RX,398804,,14,13,398.804,1.0,16.0,371.0
50n_30p_seed1,0.3,1,399430760,1,RX,398882,,12,13,398.882,1.0,30.0,1.8446744073709552e+19
50n_30p_seed1,0.3,1,400399000,8,TX,399493,8.0,13,11,399.493,,,
50n_30p_seed1,0.3,1,400457016,1,RX,399909,,13,12,399.909,1.0,8.0,416.0
50n_30p_seed1,0.3,1,401666000,37,TX,401484,37.0,12,12,401.484,,,
50n_30p_seed1,0.3,1,401673760,1,RX,401125,,12,13,401.125,1.0,37.0,1.8446744073709552e+19
50n_30p_seed1,0.3,1,401858000,47,TX,401434,47.0,13,12,401.434,,,
50n_30p_seed1,0.3,1,401903760,1,RX,401355,,13,13,401.355,1.0,47.0,1.8446744073709552e+19
50n_30p_seed1,0.3,1,402091000,25,TX,401609,25.0,12,12,401.609,,,
50n_30p_seed1,0.3,1,402149048,1,RX,401601,,12,13,401.601,1.0,25.0,1.8446744073709552e+19
50n_30p_seed1,0.3,1,402583000,27,TX,401918,27.0,12,12,401.918,,,
50n_30p_seed1,0.3,1,402621760,1,RX,402073,,12,13,402.073,1.0,27.0,155.0
50n_30p_seed1,0.3,1,403707000,38,TX,402737,38.0,13,12,402.737,,,
50n_30p_seed1,0.3,1,403712760,1,RX,403164,,13,13,403.164,1.0,38.0,427.0
50n_30p_seed1,0.3,1,404345000,13,TX,403805,13.0,12,12,403.805,,,
50n_30p_seed1,0.3,1,404378760,1,RX,403830,,12,13,403.83,1.0,13.0,25.0
50n_30p_seed1,0.3,1,404559000,32,TX,403817,32.0,13,12,403.817,,,
50n_30p_seed1,0.3,1,404594760,1,RX,404046,,13,13,404.046,1.0,32.0,229.0
50n_30p_seed1,0.3,1,404674000,46,TX,404474,46.0,14,12,404.474,,,
50n_30p_seed1,0.3,1,404709760,1,RX,404161,,14,13,404.161,1.0,46.0,1.8446744073709552e+19
50n_30p_seed1,0.3,1,405226000,41,TX,404837,41.0,13,12,404.837,,,
50n_30p_seed1,0.3,1,405270048,1,RX,404722,,13,13,404.722,1.0,41.0,1.8446744073709552e+19
50n_30p_seed1,0.3,1,406203000,42,TX,405367,42.0,14,12,405.367,,,
50n_30p_seed1,0.3,1,406229048,1,RX,405681,,14,13,405.681,1.0,42.0,314.0
50n_30p_seed1,0.3,1,406390000,12,TX,405392,12.0,12,12,405.392,,,
50n_30p_seed1,0.3,1,406437048,1,RX,405889,,12,13,405.889,1.0,12.0,497.0
50n_30p_seed1,0.3,1,407273000,6,TX,406459,6.0,13,11,406.459,,,
50n_30p_seed1,0.3,1,407311016,1,RX,406763,,13,12,406.763,1.0,6.0,304.0
50n_30p_seed1,0.3,1,407765000,34,TX,406930,34.0,14,12,406.93,,,
50n_30p_seed1,0.3,1,407824048,1,RX,407276,,14,13,407.276,1.0,34.0,346.0
50n_30p_seed1,0.3,1,407862000,40,TX,407660,40.0,14,12,407.66,,,
50n_30p_seed1,0.3,1,407871760,1,RX,407323,,14,13,407.323,1.0,40.0,1.8446744073709552e+19
50n_30p_seed1,0.3,1,410273000,17,TX,410188,17.0,13,12,410.188,,,
50n_30p_seed1,0.3,1,410312048,1,RX,409764,,13,13,409.764,1.0,17.0,1.8446744073709552e+19
50n_30p_seed1,0.3,1,412610000,31,TX,411897,31.0,13,12,411.897,,,
50n_30p_seed1,0.3,1,412631760,1,RX,412083,,13,13,412.083,1.0,31.0,186.0
50n_30p_seed1,0.3,1,413088000,14,TX,412397,14.0,12,12,412.397,,,
50n_30p_seed1,0.3,1,413130760,1,RX,412582,,12,13,412.582,1.0,14.0,185.0
50n_30p_seed1,0.3,1,413254000,2,TX,412490,2.0,13,11,412.49,,,
50n_30p_seed1,0.3,1,413319016,1,RX,412771,,13,12,412.771,1.0,2.0,281.0
50n_30p_seed1,0.3,1,413592000,26,TX,413166,26.0,13,12,413.166,,,
50n_30p_seed1,0.3,1,413651048,1,RX,413103,,13,13,413.103,1.0,26.0,1.8446744073709552e+19
50n_30p_seed1,0.3,1,414132000,33,TX,414024,33.0,16,12,414.024,,,
50n_30p_seed1,0.3,1,414170048,1,RX,413622,,16,13,413.622,1.0,33.0,1.8446744073709552e+19
50n_30p_seed1,0.3,1,414182000,20,TX,414170,20.0,14,12,414.17,,,
50n_30p_seed1,0.3,1,414219760,1,RX,413671,,14,13,413.671,1.0,20.0,1.8446744073709552e+19
50n_30p_seed1,0.3,1,414276000,10,TX,413975,10.0,14,12,413.975,,,
50n_30p_seed1,0.3,1,414297000,36,TX,413614,36.0,13,12,413.614,,,
50n_30p_seed1,0.3,1,414318760,1,RX,413770,,13,13,413.77,1.0,36.0,156.0
50n_30p_seed1,0.3,1,414351048,1,RX,413803,,14,13,413.803,1.0,10.0,1.8446744073709552e+19
50n_30p_seed1,0.3,1,414833000,18,TX,414582,18.0,12,12,414.582,,,
50n_30p_seed1,0.3,1,414884048,1,RX,414336,,12,13,414.336,1.0,18.0,1.8446744073709552e+19
50n_30p_seed1,0.3,1,415078000,3,TX,414437,3.0,13,11,414.437,,,
50n_30p_seed1,0.3,1,415139016,1,RX,414591,,13,12,414.591,1.0,3.0,154.0
50n_30p_seed1,0.3,1,416147000,11,TX,416011,11.0,12,12,416.011,,,
50n_30p_seed1,0.3,1,416182048,1,RX,415634,,12,13,415.634,1.0,11.0,1.8446744073709552e+19
50n_30p_seed1,0.3,1,416407000,23,TX,416118,23.0,12,12,416.118,,,
50n_30p_seed1,0.3,1,416412760,1,RX,415864,,12,13,415.864,1.0,23.0,1.8446744073709552e+19
50n_30p_seed1,0.3,1,416811000,9,TX,416572,9.0,14,11,416.572,,,
50n_30p_seed1,0.3,1,416872016,1,RX,416324,,14,12,416.324,1.0,9.0,1.8446744073709552e+19
50n_30p_seed1,0.3,1,417059000,39,TX,416921,39.0,12,12,416.921,,,
50n_30p_seed1,0.3,1,417099760,1,RX,416551,,12,13,416.551,1.0,39.0,1.8446744073709552e+19
50n_30p_seed1,0.3,1,418814000,28,TX,418394,28.0,13,12,418.394,,,
50n_30p_seed1,0.3,1,418819760,1,RX,418271,,13,13,418.271,1.0,28.0,1.8446744073709552e+19
50n_30p_seed1,0.3,1,419336000,35,TX,418725,35.0,13,12,418.725,,,
50n_30p_seed1,0.3,1,419397048,1,RX,418849,,13,13,418.849,1.0,35.0,124.0
50n_30p_seed1,0.3,1,420208000,45,TX,419417,45.0,12,12,419.417,,,
50n_30p_seed1,0.3,1,420230760,1,RX,419682,,12,13,419.682,1.0,45.0,265.0
50n_30p_seed1,0.3,1,421491000,43,TX,421278,43.0,14,12,421.278,,,
50n_30p_seed1,0.3,1,421510048,1,RX,420962,,14,13,420.962,1.0,43.0,1.8446744073709552e+19
50n_30p_seed1,0.3,1,421774000,49,TX,421080,49.0,13,12,421.08,,,
50n_30p_seed1,0.3,1,421852048,1,RX,421304,,13,13,421.304,1.0,49.0,224.0
50n_30p_seed1,0.3,1,422573000,47,TX,422149,47.0,14,12,422.149,,,
50n_30p_seed1,0.3,1,422592760,1,RX,422044,,14,13,422.044,1.0,47.0,1.8446744073709552e+19
50n_30p_seed1,0.3,1,422625000,30,TX,422574,30.0,13,12,422.574,,,
50n_30p_seed1,0.3,1,422652760,1,RX,422104,,13,13,422.104,1.0,30.0,1.8446744073709552e+19
50n_30p_seed1,0.3,1,422967000,44,TX,422547,44.0,14,12,422.547,,,
50n_30p_seed1,0.3,1,423040048,1,RX,422492,,14,13,422.492,1.0,44.0,1.8446744073709552e+19
50n_30p_seed1,0.3,1,424100000,15,TX,423755,15.0,12,12,423.755,,,
50n_30p_seed1,0.3,1,424105760,1,RX,423557,,12,13,423.557,1.0,15.0,1.8446744073709552e+19
50n_30p_seed1,0.3,1,424519000,5,TX,424455,5.0,13,11,424.455,,,
50n_30p_seed1,0.3,1,424566000,1,RX,424018,,13,12,424.018,1.0,5.0,1.8446744073709552e+19
50n_30p_seed1,0.3,1,425167000,22,TX,424447,22.0,13,12,424.447,,,
50n_30p_seed1,0.3,1,425184760,1,RX,424636,,13,13,424.636,1.0,22.0,189.0
50n_30p_seed1,0.3,1,426635000,16,TX,425774,16.0,15,12,425.774,,,
50n_30p_seed1,0.3,1,426657000,21,TX,425732,21.0,13,12,425.732,,,
50n_30p_seed1,0.3,1,426700760,1,RX,426152,,13,13,426.152,1.0,21.0,420.0
50n_30p_seed1,0.3,1,426712048,1,RX,426164,,15,13,426.164,1.0,16.0,390.0
50n_30p_seed1,0.3,1,426724000,50,TX,425727,50.0,12,12,425.727,,,
50n_30p_seed1,0.3,1,426831048,1,RX,426283,,12,13,426.283,1.0,50.0,556.0
50n_30p_seed1,0.3,1,427377000,4,TX,426407,4.0,13,11,426.407,,,
50n_30p_seed1,0.3,1,427426016,1,RX,426878,,13,12,426.878,1.0,4.0,471.0
50n_30p_seed1,0.3,1,427651000,24,TX,427472,24.0,11,12,427.472,,,
50n_30p_seed1,0.3,1,427675048,1,RX,427127,,11,13,427.127,1.0,24.0,1.8446744073709552e+19
50n_30p_seed1,0.3,1,428016000,29,TX,427979,29.0,14,12,427.979,,,
50n_30p_seed1,0.3,1,428052760,1,RX,427504,,14,13,427.504,1.0,29.0,1.8446744073709552e+19
50n_30p_seed1,0.3,1,428110000,7,TX,427606,7.0,12,11,427.606,,,
50n_30p_seed1,0.3,1,428219016,1,RX,427671,,12,12,427.671,1.0,7.0,65.0
50n_30p_seed1,0.3,1,428315000,27,TX,427650,27.0,13,12,427.65,,,
50n_30p_seed1,0.3,1,428355760,1,RX,427807,,13,13,427.807,1.0,27.0,157.0
50n_30p_seed1,0.3,1,430005000,13,TX,429465,13.0,13,12,429.465,,,
50n_30p_seed1,0.3,1,430045760,1,RX,429497,,13,13,429.497,1.0,13.0,32.0
50n_30p_seed1,0.3,1,430716000,19,TX,430348,19.0,13,12,430.348,,,
50n_30p_seed1,0.3,1,430746048,1,RX,430198,,13,13,430.198,1.0,19.0,1.8446744073709552e+19
50n_30p_seed1,0.3,1,431673000,25,TX,431191,25.0,13,12,431.191,,,
50n_30p_seed1,0.3,1,431719048,1,RX,431171,,13,13,431.171,1.0,25.0,1.8446744073709552e+19
50n_30p_seed1,0.3,1,432575000,34,TX,431740,34.0,15,12,431.74,,,
50n_30p_seed1,0.3,1,432634048,1,RX,432086,,15,13,432.086,1.0,34.0,346.0
50n_30p_seed1,0.3,1,433723000,8,TX,432817,8.0,14,11,432.817,,,
50n_30p_seed1,0.3,1,433743016,1,RX,433195,,14,12,433.195,1.0,8.0,378.0
50n_30p_seed1,0.3,1,434604000,40,TX,434402,40.0,15,12,434.402,,,
50n_30p_seed1,0.3,1,434609760,1,RX,434061,,15,13,434.061,1.0,40.0,1.8446744073709552e+19
50n_30p_seed1,0.3,1,435221000,3,TX,434580,3.0,14,11,434.58,,,
50n_30p_seed1,0.3,1,435277016,1,RX,434729,,14,12,434.729,1.0,3.0,149.0
50n_30p_seed1,0.3,1,435541000,12,TX,434543,12.0,13,12,434.543,,,
50n_30p_seed1,0.3,1,435608048,1,RX,435060,,13,13,435.06,1.0,12.0,517.0
50n_30p_seed1,0.3,1,436776000,33,TX,436668,33.0,17,12,436.668,,,
50n_30p_seed1,0.3,1,436827000,10,TX,436526,10.0,15,12,436.526,,,
50n_30p_seed1,0.3,1,436854048,1,RX,436306,,17,13,436.306,1.0,33.0,1.8446744073709552e+19
50n_30p_seed1,0.3,1,436860048,1,RX,436312,,15,13,436.312,1.0,10.0,1.8446744073709552e+19
50n_30p_seed1,0.3,1,436945000,42,TX,436109,42.0,15,12,436.109,,,
50n_30p_seed1,0.3,1,436961048,1,RX,436413,,15,13,436.413,1.0,42.0,304.0
50n_30p_seed1,0.3,1,437074000,17,TX,436989,17.0,14,12,436.989,,,
50n_30p_seed1,0.3,1,437108048,1,RX,436560,,14,13,436.56,1.0,17.0,1.8446744073709552e+19
50n_30p_seed1,0.3,1,437238000,37,TX,437056,37.0,13,12,437.056,,,
50n_30p_seed1,0.3,1,437247760,1,RX,436699,,13,13,436.699,1.0,37.0,1.8446744073709552e+19
50n_30p_seed1,0.3,1,437411000,39,TX,437273,39.0,13,12,437.273,,,
50n_30p_seed1,0.3,1,437419760,1,RX,436871,,13,13,436.871,1.0,39.0,1.8446744073709552e+19
50n_30p_seed1,0.3,1,437509000,11,TX,437373,11.0,13,12,437.373,,,
50n_30p_seed1,0.3,1,437580048,1,RX,437032,,13,13,437.032,1.0,11.0,1.8446744073709552e+19
50n_30p_seed1,0.3,1,438360000,48,TX,438071,48.0,15,12,438.071,,,
50n_30p_seed1,0.3,1,438398048,1,RX,437850,,15,13,437.85,1.0,48.0,1.8446744073709552e+19
50n_30p_seed1,0.3,1,440838000,46,TX,440638,46.0,15,12,440.638,,,
50n_30p_seed1,0.3,1,440843760,1,RX,440295,,15,13,440.295,1.0,46.0,1.8446744073709552e+19
50n_30p_seed1,0.3,1,442939000,32,TX,442197,32.0,14,12,442.197,,,
50n_30p_seed1,0.3,1,442994760,1,RX,442446,,14,13,442.446,1.0,32.0,249.0
50n_30p_seed1,0.3,1,443326000,38,TX,442356,38.0,14,12,442.356,,,
50n_30p_seed1,0.3,1,443358760,1,RX,442810,,14,13,442.81,1.0,38.0,454.0
50n_30p_seed1,0.3,1,443781000,43,TX,443568,43.0,15,12,443.568,,,
50n_30p_seed1,0.3,1,443835000,41,TX,443446,41.0,14,12,443.446,,,
50n_30p_seed1,0.3,1,443890048,1,RX,443342,,14,13,443.342,1.0,41.0,1.8446744073709552e+19
50n_30p_seed1,0.3,1,443904048,1,RX,443356,,15,13,443.356,1.0,43.0,1.8446744073709552e+19
50n_30p_seed1,0.3,1,443919000,44,TX,443499,44.0,15,12,443.499,,,
50n_30p_seed1,0.3,1,443967048,1,RX,443419,,15,13,443.419,1.0,44.0,1.8446744073709552e+19
50n_30p_seed1,0.3,1,444859000,49,TX,444165,49.0,14,12,444.165,,,
50n_30p_seed1,0.3,1,444892048,1,RX,444344,,14,13,444.344,1.0,49.0,179.0
50n_30p_seed1,0.3,1,445131000,14,TX,444440,14.0,13,12,444.44,,,
50n_30p_seed1,0.3,1,445140760,1,RX,444592,,13,13,444.592,1.0,14.0,152.0
50n_30p_seed1,0.3,1,445934000,26,TX,445508,26.0,14,12,445.508,,,
50n_30p_seed1,0.3,1,445990048,1,RX,445442,,14,13,445.442,1.0,26.0,1.8446744073709552e+19
50n_30p_seed1,0.3,1,446194000,6,TX,445380,6.0,14,11,445.38,,,
50n_30p_seed1,0.3,1,446239016,1,RX,445691,,14,12,445.691,1.0,6.0,311.0
50n_30p_seed1,0.3,1,447886000,31,TX,447173,31.0,14,12,447.173,,,
50n_30p_seed1,0.3,1,447902760,1,RX,447354,,14,13,447.354,1.0,31.0,181.0
50n_30p_seed1,0.3,1,448591000,23,TX,448302,23.0,13,12,448.302,,,
50n_30p_seed1,0.3,1,448620760,1,RX,448072,,13,13,448.072,1.0,23.0,1.8446744073709552e+19
50n_30p_seed1,0.3,1,448844000,36,TX,448161,36.0,14,12,448.161,,,
50n_30p_seed1,0.3,1,448887760,1,RX,448339,,14,13,448.339,1.0,36.0,178.0
50n_30p_seed1,0.3,1,449123000,15,TX,448778,15.0,13,12,448.778,,,
50n_30p_seed1,0.3,1,449128760,1,RX,448580,,13,13,448.58,1.0,15.0,1.8446744073709552e+19
50n_30p_seed1,0.3,1,449301000,5,TX,449237,5.0,14,11,449.237,,,
50n_30p_seed1,0.3,1,449322016,1,RX,448774,,14,12,448.774,1.0,5.0,1.8446744073709552e+19
50n_30p_seed1,0.3,1,450039000,20,TX,450027,20.0,15,12,450.027,,,
50n_30p_seed1,0.3,1,450063760,1,RX,449515,,15,13,449.515,1.0,20.0,1.8446744073709552e+19
50n_30p_seed1,0.3,1,450408000,2,TX,449644,2.0,14,11,449.644,,,
50n_30p_seed1,0.3,1,450484016,1,RX,449936,,14,12,449.936,1.0,2.0,292.0
50n_30p_seed1,0.3,1,451519000,45,TX,450728,45.0,13,12,450.728,,,
50n_30p_seed1,0.3,1,451559760,1,RX,451011,,13,13,451.011,1.0,45.0,283.0
50n_30p_seed1,0.3,1,453265000,7,TX,452761,7.0,13,11,452.761,,,
50n_30p_seed1,0.3,1,453362016,1,RX,452814,,13,12,452.814,1.0,7.0,53.0
50n_30p_seed1,0.3,1,453739000,18,TX,453488,18.0,13,12,453.488,,,
50n_30p_seed1,0.3,1,453823048,1,RX,453275,,13,13,453.275,1.0,18.0,1.8446744073709552e+19
50n_30p_seed1,0.3,1,454406000,24,TX,454227,24.0,12,12,454.227,,,
50n_30p_seed1,0.3,1,454446048,1,RX,453898,,12,13,453.898,1.0,24.0,1.8446744073709552e+19
50n_30p_seed1,0.3,1,454694000,9,TX,454455,9.0,15,11,454.455,,,
50n_30p_seed1,0.3,1,454771016,1,RX,454223,,15,12,454.223,1.0,9.0,1.8446744073709552e+19
50n_30p_seed1,0.3,1,454857000,47,TX,454433,47.0,15,12,454.433,,,
50n_30p_seed1,0.3,1,454880760,1,RX,454332,,15,13,454.332,1.0,47.0,1.8446744073709552e+19
50n_30p_seed1,0.3,1,455599000,22,TX,454879,22.0,14,12,454.879,,,
50n_30p_seed1,0.3,1,455613760,1,RX,455065,,14,13,455.065,1.0,22.0,186.0
50n_30p_seed1,0.3,1,455770000,35,TX,455159,35.0,14,12,455.159,,,
50n_30p_seed1,0.3,1,455789000,13,TX,455249,13.0,14,12,455.249,,,
50n_30p_seed1,0.3,1,455790048,1,RX,455242,,14,13,455.242,1.0,35.0,83.0
50n_30p_seed1,0.3,1,455804760,1,RX,455256,,14,13,455.256,1.0,13.0,7.0
50n_30p_seed1,0.3,1,455959000,25,TX,455477,25.0,14,12,455.477,,,
50n_30p_seed1,0.3,1,456019048,1,RX,455471,,14,13,455.471,1.0,25.0,1.8446744073709552e+19
50n_30p_seed1,0.3,1,456244000,16,TX,455383,16.0,16,12,455.383,,,
50n_30p_seed1,0.3,1,456274048,1,RX,455726,,16,13,455.726,1.0,16.0,343.0
50n_30p_seed1,0.3,1,456639000,28,TX,456219,28.0,14,12,456.219,,,
50n_30p_seed1,0.3,1,456670760,1,RX,456122,,14,13,456.122,1.0,28.0,1.8446744073709552e+19
50n_30p_seed1,0.3,1,457565000,21,TX,456640,21.0,14,12,456.64,,,
50n_30p_seed1,0.3,1,457608760,1,RX,457060,,14,13,457.06,1.0,21.0,420.0
50n_30p_seed1,0.3,1,457975000,4,TX,457005,4.0,14,11,457.005,,,
50n_30p_seed1,0.3,1,458022016,1,RX,457474,,14,12,457.474,1.0,4.0,469.0
50n_30p_seed1,0.3,1,458037000,40,TX,457835,40.0,16,12,457.835,,,
50n_30p_seed1,0.3,1,458062760,1,RX,457514,,16,13,457.514,1.0,40.0,1.8446744073709552e+19
50n_30p_seed1,0.3,1,459382000,11,TX,459246,11.0,14,12,459.246,,,
50n_30p_seed1,0.3,1,459416048,1,RX,458868,,14,13,458.868,1.0,11.0,1.8446744073709552e+19
50n_30p_seed1,0.3,1,459879000,50,TX,458882,50.0,13,12,458.882,,,
50n_30p_seed1,0.3,1,460036048,1,RX,459488,,13,13,459.488,1.0,50.0,606.0
50n_30p_seed1,0.3,1,460346000,19,TX,459978,19.0,14,12,459.978,,,
50n_30p_seed1,0.3,1,460403048,1,RX,459855,,14,13,459.855,1.0,19.0,1.8446744073709552e+19
50n_30p_seed1,0.3,1,460886000,27,TX,460221,27.0,14,12,460.221,,,
50n_30p_seed1,0.3,1,460926760,1,RX,460378,,14,13,460.378,1.0,27.0,157.0
50n_30p_seed1,0.3,1,461427000,30,TX,461376,30.0,14,12,461.376,,,
50n_30p_seed1,0.3,1,461448760,1,RX,460900,,14,13,460.9,1.0,30.0,1.8446744073709552e+19
50n_30p_seed1,0.3,1,461994000,48,TX,461705,48.0,16,12,461.705,,,
50n_30p_seed1,0.3,1,462048048,1,RX,461500,,16,13,461.5,1.0,48.0,1.8446744073709552e+19
50n_30p_seed1,0.3,1,462317000,46,TX,462117,46.0,16,12,462.117,,,
50n_30p_seed1,0.3,1,462356760,1,RX,461808,,16,13,461.808,1.0,46.0,1.8446744073709552e+19
50n_30p_seed1,0.3,1,462618000,29,TX,462581,29.0,15,12,462.581,,,
50n_30p_seed1,0.3,1,462634760,1,RX,462086,,15,13,462.086,1.0,29.0,1.8446744073709552e+19
50n_30p_seed1,0.3,1,462983000,32,TX,462241,32.0,15,12,462.241,,,
50n_30p_seed1,0.3,1,463021760,1,RX,462473,,15,13,462.473,1.0,32.0,232.0
50n_30p_seed1,0.3,1,464115000,10,TX,463814,10.0,16,12,463.814,,,
50n_30p_seed1,0.3,1,464168000,8,TX,463262,8.0,15,11,463.262,,,
50n_30p_seed1,0.3,1,464174048,1,RX,463626,,16,13,463.626,1.0,10.0,1.8446744073709552e+19
50n_30p_seed1,0.3,1,464218016,1,RX,463670,,15,12,463.67,1.0,8.0,408.0
50n_30p_seed1,0.3,1,464375000,44,TX,463955,44.0,16,12,463.955,,,
50n_30p_seed1,0.3,1,464426048,1,RX,463878,,16,13,463.878,1.0,44.0,1.8446744073709552e+19
50n_30p_seed1,0.3,1,465782000,37,TX,465600,37.0,14,12,465.6,,,
50n_30p_seed1,0.3,1,465800760,1,RX,465252,,14,13,465.252,1.0,37.0,1.8446744073709552e+19
50n_30p_seed1,0.3,1,467067000,33,TX,466959,33.0,18,12,466.959,,,
50n_30p_seed1,0.3,1,467125048,1,RX,466577,,18,13,466.577,1.0,33.0,1.8446744073709552e+19
50n_30p_seed1,0.3,1,467241000,38,TX,466271,38.0,15,12,466.271,,,
50n_30p_seed1,0.3,1,467280760,1,RX,466732,,15,13,466.732,1.0,38.0,461.0
50n_30p_seed1,0.3,1,468416000,49,TX,467722,49.0,15,12,467.722,,,
50n_30p_seed1,0.3,1,468476000,26,TX,468050,26.0,15,12,468.05,,,
50n_30p_seed1,0.3,1,468477000,31,TX,467764,31.0,15,12,467.764,,,
50n_30p_seed1,0.3,1,468491048,1,RX,467943,,15,13,467.943,1.0,49.0,221.0
50n_30p_seed1,0.3,1,468519000,3,TX,467878,3.0,15,11,467.878,,,
50n_30p_seed1,0.3,1,468539048,1,RX,467991,,15,13,467.991,1.0,26.0,1.8446744073709552e+19
50n_30p_seed1,0.3,1,468544760,1,RX,467996,,15,13,467.996,1.0,31.0,232.0
50n_30p_seed1,0.3,1,468566016,1,RX,468018,,15,12,468.018,1.0,3.0,140.0
50n_30p_seed1,0.3,1,468728000,17,TX,468643,17.0,15,12,468.643,,,
50n_30p_seed1,0.3,1,468754048,1,RX,468206,,15,13,468.206,1.0,17.0,1.8446744073709552e+19
50n_30p_seed1,0.3,1,469801000,12,TX,468803,12.0,14,12,468.803,,,
50n_30p_seed1,0.3,1,469856048,1,RX,469308,,14,13,469.308,1.0,12.0,505.0
50n_30p_seed1,0.3,1,469914000,6,TX,469100,6.0,15,11,469.1,,,
50n_30p_seed1,0.3,1,469963000,39,TX,469825,39.0,14,12,469.825,,,
50n_30p_seed1,0.3,1,469963000,14,TX,469272,14.0,14,12,469.272,,,
50n_30p_seed1,0.3,1,469971016,1,RX,469423,,15,12,469.423,1.0,6.0,323.0
50n_30p_seed1,0.3,1,470022760,1,RX,469474,,14,13,469.474,1.0,14.0,202.0
50n_30p_seed1,0.3,1,470034760,1,RX,469486,,14,13,469.486,1.0,39.0,1.8446744073709552e+19
50n_30p_seed1,0.3,1,471070000,34,TX,470235,34.0,16,12,470.235,,,
50n_30p_seed1,0.3,1,471123048,1,RX,470575,,16,13,470.575,1.0,34.0,340.0
50n_30p_seed1,0.3,1,473788000,41,TX,473399,41.0,15,12,473.399,,,
50n_30p_seed1,0.3,1,473808048,1,RX,473260,,15,13,473.26,1.0,41.0,1.8446744073709552e+19
50n_30p_seed1,0.3,1,474852000,42,TX,474016,42.0,16,12,474.016,,,
50n_30p_seed1,0.3,1,474933048,1,RX,474385,,16,13,474.385,1.0,42.0,369.0
50n_30p_seed1,0.3,1,477414000,28,TX,476994,28.0,15,12,476.994,,,
50n_30p_seed1,0.3,1,477455760,1,RX,476907,,15,13,476.907,1.0,28.0,1.8446744073709552e+19
50n_30p_seed1,0.3,1,478317000,13,TX,477777,13.0,15,12,477.777,,,
50n_30p_seed1,0.3,1,478334760,1,RX,477786,,15,13,477.786,1.0,13.0,9.0
50n_30p_seed1,0.3,1,479451000,16,TX,478590,16.0,17,12,478.59,,,
50n_30p_seed1,0.3,1,479481048,1,RX,478933,,17,13,478.933,1.0,16.0,343.0
50n_30p_seed1,0.3,1,480263000,36,TX,479580,36.0,15,12,479.58,,,
50n_30p_seed1,0.3,1,480308760,1,RX,479760,,15,13,479.76,1.0,36.0,180.0
50n_30p_seed1,0.3,1,481937000,30,TX,481886,30.0,15,12,481.886,,,
50n_30p_seed1,0.3,1,481962760,1,RX,481414,,15,13,481.414,1.0,30.0,1.8446744073709552e+19
50n_30p_seed1,0.3,1,483339000,19,TX,482971,19.0,15,12,482.971,,,
50n_30p_seed1,0.3,1,483373048,1,RX,482825,,15,13,482.825,1.0,19.0,1.8446744073709552e+19
50n_30p_seed1,0.3,1,483528000,21,TX,482603,21.0,15,12,482.603,,,
50n_30p_seed1,0.3,1,483559760,1,RX,483011,,15,13,483.011,1.0,21.0,408.0
50n_30p_seed1,0.3,1,483734000,43,TX,483521,43.0,16,12,483.521,,,
50n_30p_seed1,0.3,1,483786048,1,RX,483238,,16,13,483.238,1.0,43.0,1.8446744073709552e+19
50n_30p_seed1,0.3,1,484278000,9,TX,484039,9.0,16,11,484.039,,,
50n_30p_seed1,0.3,1,484326016,1,RX,483778,,16,12,483.778,1.0,9.0,1.8446744073709552e+19
50n_30p_seed1,0.3,1,485362000,20,TX,485350,20.0,16,12,485.35,,,
50n_30p_seed1,0.3,1,485387000,5,TX,485323,5.0,15,11,485.323,,,
50n_30p_seed1,0.3,1,485405760,1,RX,484857,,16,13,484.857,1.0,20.0,1.8446744073709552e+19
50n_30p_seed1,0.3,1,485441016,1,RX,484893,,15,12,484.893,1.0,5.0,1.8446744073709552e+19
50n_30p_seed1,0.3,1,486075000,15,TX,485730,15.0,14,12,485.73,,,
50n_30p_seed1,0.3,1,486086760,1,RX,485538,,14,13,485.538,1.0,15.0,1.8446744073709552e+19
50n_30p_seed1,0.3,1,486393000,23,TX,486104,23.0,14,12,486.104,,,
50n_30p_seed1,0.3,1,486417760,1,RX,485869,,14,13,485.869,1.0,23.0,1.8446744073709552e+19
50n_30p_seed1,0.3,1,486826000,27,TX,486161,27.0,15,12,486.161,,,
50n_30p_seed1,0.3,1,486851760,1,RX,486303,,15,13,486.303,1.0,27.0,142.0
50n_30p_seed1,0.3,1,486863000,11,TX,486727,11.0,15,12,486.727,,,
50n_30p_seed1,0.3,1,486919048,1,RX,486371,,15,13,486.371,1.0,11.0,1.8446744073709552e+19
50n_30p_seed1,0.3,1,488411000,32,TX,487669,32.0,16,12,487.669,,,
50n_30p_seed1,0.3,1,488456760,1,RX,487908,,16,13,487.908,1.0,32.0,239.0
50n_30p_seed1,0.3,1,489320000,25,TX,488838,25.0,15,12,488.838,,,
50n_30p_seed1,0.3,1,489384048,1,RX,488836,,15,13,488.836,1.0,25.0,1.8446744073709552e+19
50n_30p_seed1,0.3,1,489613000,2,TX,488849,2.0,15,11,488.849,,,
50n_30p_seed1,0.3,1,489681016,1,RX,489133,,15,12,489.133,1.0,2.0,284.0
50n_30p_seed1,0.3,1,490027000,29,TX,489990,29.0,16,12,489.99,,,
50n_30p_seed1,0.3,1,490040000,24,TX,489861,24.0,13,12,489.861,,,
50n_30p_seed1,0.3,1,490070760,1,RX,489522,,16,13,489.522,1.0,29.0,1.8446744073709552e+19
50n_30p_seed1,0.3,1,490132344,1,RX,489584,,13,13,489.584,1.0,24.0,1.8446744073709552e+19
50n_30p_seed1,0.3,1,490235000,4,TX,489265,4.0,15,11,489.265,,,
50n_30p_seed1,0.3,1,490270016,1,RX,489722,,15,12,489.722,1.0,4.0,457.0
50n_30p_seed1,0.3,1,490307000,35,TX,489696,35.0,15,12,489.696,,,
50n_30p_seed1,0.3,1,490351048,1,RX,489803,,15,13,489.803,1.0,35.0,107.0
50n_30p_seed1,0.3,1,490376000,17,TX,490291,17.0,16,12,490.291,,,
50n_30p_seed1,0.3,1,490428048,1,RX,489880,,16,13,489.88,1.0,17.0,1.8446744073709552e+19
50n_30p_seed1,0.3,1,490507000,7,TX,490003,7.0,14,11,490.003,,,
50n_30p_seed1,0.3,1,490589016,1,RX,490041,,14,12,490.041,1.0,7.0,38.0
50n_30p_seed1,0.3,1,490627000,47,TX,490203,47.0,16,12,490.203,,,
50n_30p_seed1,0.3,1,490671760,1,RX,490123,,16,13,490.123,1.0,47.0,1.8446744073709552e+19
50n_30p_seed1,0.3,1,491235000,22,TX,490515,22.0,15,12,490.515,,,
50n_30p_seed1,0.3,1,491268760,1,RX,490720,,15,13,490.72,1.0,22.0,205.0
50n_30p_seed1,0.3,1,491297000,45,TX,490506,45.0,14,12,490.506,,,
50n_30p_seed1,0.3,1,491302760,1,RX,490754,,14,13,490.754,1.0,45.0,248.0
50n_30p_seed1,0.3,1,492979000,18,TX,492728,18.0,14,12,492.728,,,
50n_30p_seed1,0.3,1,493016048,1,RX,492468,,14,13,492.468,1.0,18.0,1.8446744073709552e+19
50n_30p_seed1,0.3,1,493479000,49,TX,492785,49.0,16,12,492.785,,,
50n_30p_seed1,0.3,1,493517344,1,RX,492969,,16,13,492.969,1.0,49.0,184.0
50n_30p_seed1,0.3,1,493731000,48,TX,493442,48.0,17,12,493.442,,,
50n_30p_seed1,0.3,1,493795344,1,RX,493247,,17,13,493.247,1.0,48.0,1.8446744073709552e+19
50n_30p_seed1,0.3,1,493797000,10,TX,493496,10.0,17,12,493.496,,,
50n_30p_seed1,0.3,1,493819048,1,RX,493271,,17,13,493.271,1.0,10.0,1.8446744073709552e+19
50n_30p_seed1,0.3,1,494428000,39,TX,494290,39.0,15,12,494.29,,,
50n_30p_seed1,0.3,1,494447760,1,RX,493899,,15,13,493.899,1.0,39.0,1.8446744073709552e+19
50n_30p_seed1,0.3,1,494834000,37,TX,494652,37.0,15,12,494.652,,,
50n_30p_seed1,0.3,1,494849760,1,RX,494301,,15,13,494.301,1.0,37.0,1.8446744073709552e+19
50n_30p_seed1,0.3,1,496198000,40,TX,495996,40.0,17,12,495.996,,,
50n_30p_seed1,0.3,1,496220760,1,RX,495672,,17,13,495.672,1.0,40.0,1.8446744073709552e+19
50n_30p_seed1,0.3,1,496459000,42,TX,495623,42.0,17,12,495.623,,,
50n_30p_seed1,0.3,1,496495048,1,RX,495947,,17,13,495.947,1.0,42.0,324.0
50n_30p_seed1,0.3,1,496686000,8,TX,495780,8.0,16,11,495.78,,,
50n_30p_seed1,0.3,1,496746016,1,RX,496198,,16,12,496.198,1.0,8.0,418.0
50n_30p_seed1,0.3,1,496846000,50,TX,495849,50.0,14,12,495.849,,,
50n_30p_seed1,0.3,1,496929352,1,RX,496381,,14,13,496.381,1.0,50.0,532.0
50n_30p_seed1,0.3,1,498110000,12,TX,497112,12.0,15,12,497.112,,,
50n_30p_seed1,0.3,1,498165048,1,RX,497617,,15,13,497.617,1.0,12.0,505.0
50n_30p_seed1,0.3,1,500139000,46,TX,499939,46.0,17,12,499.939,,,
50n_30p_seed1,0.3,1,500145760,1,RX,499597,,17,13,499.597,1.0,46.0,1.8446744073709552e+19
50n_30p_seed1,0.3,1,500192000,13,TX,499652,13.0,16,12,499.652,,,
50n_30p_seed1,0.3,1,500221760,1,RX,499673,,16,13,499.673,1.0,13.0,21.0
50n_30p_seed1,0.3,1,500546000,26,TX,500120,26.0,16,12,500.12,,,
50n_30p_seed1,0.3,1,500571048,1,RX,500023,,16,13,500.023,1.0,26.0,1.8446744073709552e+19
50n_30p_seed1,0.3,1,500830000,38,TX,499860,38.0,16,12,499.86,,,
50n_30p_seed1,0.3,1,500867760,1,RX,500319,,16,13,500.319,1.0,38.0,459.0
50n_30p_seed1,0.3,1,500875000,44,TX,500455,44.0,17,12,500.455,,,
50n_30p_seed1,0.3,1,500947048,1,RX,500399,,17,13,500.399,1.0,44.0,1.8446744073709552e+19
50n_30p_seed1,0.3,1,503746000,6,TX,502932,6.0,16,11,502.932,,,
50n_30p_seed1,0.3,1,503770000,1,RX,503222,,16,12,503.222,1.0,6.0,290.0
50n_30p_seed1,0.3,1,504157000,14,TX,503466,14.0,15,12,503.466,,,
50n_30p_seed1,0.3,1,504201760,1,RX,503653,,15,13,503.653,1.0,14.0,187.0
50n_30p_seed1,0.3,1,504380000,41,TX,503991,41.0,16,12,503.991,,,
50n_30p_seed1,0.3,1,504441000,33,TX,504333,33.0,19,12,504.333,,,
50n_30p_seed1,0.3,1,504442048,1,RX,503894,,16,13,503.894,1.0,41.0,1.8446744073709552e+19
50n_30p_seed1,0.3,1,504511048,1,RX,503963,,19,13,503.963,1.0,33.0,1.8446744073709552e+19
50n_30p_seed1,0.3,1,505353000,21,TX,504428,21.0,16,12,504.428,,,
50n_30p_seed1,0.3,1,505369760,1,RX,504821,,16,13,504.821,1.0,21.0,393.0
50n_30p_seed1,0.3,1,506464000,19,TX,506096,19.0,16,12,506.096,,,
50n_30p_seed1,0.3,1,506491048,1,RX,505943,,16,13,505.943,1.0,19.0,1.8446744073709552e+19
50n_30p_seed1,0.3,1,506686000,31,TX,505973,31.0,16,12,505.973,,,
50n_30p_seed1,0.3,1,506724760,1,RX,506176,,16,13,506.176,1.0,31.0,203.0
50n_30p_seed1,0.3,1,507347000,16,TX,506486,16.0,18,12,506.486,,,
50n_30p_seed1,0.3,1,507399048,1,RX,506851,,18,13,506.851,1.0,16.0,365.0
50n_30p_seed1,0.3,1,507532000,34,TX,506697,34.0,17,12,506.697,,,
50n_30p_seed1,0.3,1,507588048,1,RX,507040,,17,13,507.04,1.0,34.0,343.0
50n_30p_seed1,0.3,1,507738000,3,TX,507097,3.0,16,11,507.097,,,
50n_30p_seed1,0.3,1,507793016,1,RX,507245,,16,12,507.245,1.0,3.0,148.0
50n_30p_seed1,0.3,1,508674000,32,TX,507932,32.0,17,12,507.932,,,
50n_30p_seed1,0.3,1,508701760,1,RX,508153,,17,13,508.153,1.0,32.0,221.0
50n_30p_seed1,0.3,1,509584000,28,TX,509164,28.0,16,12,509.164,,,
50n_30p_seed1,0.3,1,509589760,1,RX,509041,,16,13,509.041,1.0,28.0,1.8446744073709552e+19
50n_30p_seed1,0.3,1,509623000,43,TX,509410,43.0,17,12,509.41,,,
50n_30p_seed1,0.3,1,509673048,1,RX,509125,,17,13,509.125,1.0,43.0,1.8446744073709552e+19
50n_30p_seed1,0.3,1,510270000,20,TX,510258,20.0,17,12,510.258,,,
50n_30p_seed1,0.3,1,510293760,1,RX,509745,,17,13,509.745,1.0,20.0,1.8446744073709552e+19
50n_30p_seed1,0.3,1,510894000,17,TX,510809,17.0,17,12,510.809,,,
50n_30p_seed1,0.3,1,510955048,1,RX,510407,,17,13,510.407,1.0,17.0,1.8446744073709552e+19
50n_30p_seed1,0.3,1,512742000,47,TX,512318,47.0,17,12,512.318,,,
50n_30p_seed1,0.3,1,512772760,1,RX,512224,,17,13,512.224,1.0,47.0,1.8446744073709552e+19
50n_30p_seed1,0.3,1,512814000,35,TX,512203,35.0,16,12,512.203,,,
50n_30p_seed1,0.3,1,512855048,1,RX,512307,,16,13,512.307,1.0,35.0,104.0
50n_30p_seed1,0.3,1,513116000,30,TX,513065,30.0,16,12,513.065,,,
50n_30p_seed1,0.3,1,513127760,1,RX,512579,,16,13,512.579,1.0,30.0,1.8446744073709552e+19
50n_30p_seed1,0.3,1,513644000,36,TX,512961,36.0,16,12,512.961,,,
50n_30p_seed1,0.3,1,513680760,1,RX,513132,,16,13,513.132,1.0,36.0,171.0
50n_30p_seed1,0.3,1,515413000,23,TX,515124,23.0,15,12,515.124,,,
50n_30p_seed1,0.3,1,515429760,1,RX,514881,,15,13,514.881,1.0,23.0,1.8446744073709552e+19
50n_30p_seed1,0.3,1,516647000,5,TX,516583,5.0,16,11,516.583,,,
50n_30p_seed1,0.3,1,516690016,1,RX,516142,,16,12,516.142,1.0,5.0,1.8446744073709552e+19
50n_30p_seed1,0.3,1,516994000,15,TX,516649,15.0,15,12,516.649,,,
50n_30p_seed1,0.3,1,517026760,1,RX,516478,,15,13,516.478,1.0,15.0,1.8446744073709552e+19
50n_30p_seed1,0.3,1,517047000,9,TX,516808,9.0,17,11,516.808,,,
50n_30p_seed1,0.3,1,517096016,1,RX,516548,,17,12,516.548,1.0,9.0,1.8446744073709552e+19
50n_30p_seed1,0.3,1,517307000,27,TX,516642,27.0,16,12,516.642,,,
50n_30p_seed1,0.3,1,517346760,1,RX,516798,,16,13,516.798,1.0,27.0,156.0
50n_30p_seed1,0.3,1,517856000,49,TX,517162,49.0,17,12,517.162,,,
50n_30p_seed1,0.3,1,517899048,1,RX,517351,,17,13,517.351,1.0,49.0,189.0
50n_30p_seed1,0.3,1,518388000,48,TX,518099,48.0,18,12,518.099,,,
50n_30p_seed1,0.3,1,518422048,1,RX,517874,,18,13,517.874,1.0,48.0,1.8446744073709552e+19
50n_30p_seed1,0.3,1,520131000,40,TX,519929,40.0,18,12,519.929,,,
50n_30p_seed1,0.3,1,520136760,1,RX,519588,,18,13,519.588,1.0,40.0,1.8446744073709552e+19
50n_30p_seed1,0.3,1,520887000,4,TX,519917,4.0,16,11,519.917,,,
50n_30p_seed1,0.3,1,520922016,1,RX,520374,,16,12,520.374,1.0,4.0,457.0
50n_30p_seed1,0.3,1,521471000,37,TX,521289,37.0,16,12,521.289,,,
50n_30p_seed1,0.3,1,521509760,1,RX,520961,,16,13,520.961,1.0,37.0,1.8446744073709552e+19
50n_30p_seed1,0.3,1,521539000,7,TX,521035,7.0,15,11,521.035,,,
50n_30p_seed1,0.3,1,521600016,1,RX,521052,,15,12,521.052,1.0,7.0,17.0
50n_30p_seed1,0.3,1,521980000,11,TX,521844,11.0,16,12,521.844,,,
50n_30p_seed1,0.3,1,522005000,50,TX,521008,50.0,15,12,521.008,,,
50n_30p_seed1,0.3,1,522033048,1,RX,521485,,16,13,521.485,1.0,11.0,1.8446744073709552e+19
50n_30p_seed1,0.3,1,522082048,1,RX,521534,,15,13,521.534,1.0,50.0,526.0
50n_30p_seed1,0.3,1,522797000,13,TX,522257,13.0,17,12,522.257,,,
50n_30p_seed1,0.3,1,522839760,1,RX,522291,,17,13,522.291,1.0,13.0,34.0
50n_30p_seed1,0.3,1,524212000,10,TX,523911,10.0,18,12,523.911,,,
50n_30p_seed1,0.3,1,524257048,1,RX,523709,,18,13,523.709,1.0,10.0,1.8446744073709552e+19
50n_30p_seed1,0.3,1,524378000,25,TX,523896,25.0,16,12,523.896,,,
50n_30p_seed1,0.3,1,524432048,1,RX,523884,,16,13,523.884,1.0,25.0,1.8446744073709552e+19
50n_30p_seed1,0.3,1,525104000,29,TX,525067,29.0,17,12,525.067,,,
50n_30p_seed1,0.3,1,525109760,1,RX,524561,,17,13,524.561,1.0,29.0,1.8446744073709552e+19
50n_30p_seed1,0.3,1,525897000,12,TX,524899,12.0,16,12,524.899,,,
50n_30p_seed1,0.3,1,525955048,1,RX,525407,,16,13,525.407,1.0,12.0,508.0
50n_30p_seed1,0.3,1,526366000,44,TX,525946,44.0,18,12,525.946,,,
50n_30p_seed1,0.3,1,526396048,1,RX,525848,,18,13,525.848,1.0,44.0,1.8446744073709552e+19
50n_30p_seed1,0.3,1,526496000,33,TX,526388,33.0,20,12,526.388,,,
50n_30p_seed1,0.3,1,526545048,1,RX,525997,,20,13,525.997,1.0,33.0,1.8446744073709552e+19
50n_30p_seed1,0.3,1,527700000,24,TX,527521,24.0,14,12,527.521,,,
50n_30p_seed1,0.3,1,527714064,1,RX,527166,,14,13,527.166,1.0,24.0,1.8446744073709552e+19
50n_30p_seed1,0.3,1,528171000,8,TX,527265,8.0,17,11,527.265,,,
50n_30p_seed1,0.3,1,528243016,1,RX,527695,,17,12,527.695,1.0,8.0,430.0
50n_30p_seed1,0.3,1,528702000,2,TX,527938,2.0,16,11,527.938,,,
50n_30p_seed1,0.3,1,528724288,1,RX,528176,,16,12,528.176,1.0,2.0,238.0
50n_30p_seed1,0.3,1,530004000,22,TX,529284,22.0,16,12,529.284,,,
50n_30p_seed1,0.3,1,530049760,1,RX,529501,,16,13,529.501,1.0,22.0,217.0
50n_30p_seed1,0.3,1,530095000,45,TX,529304,45.0,15,12,529.304,,,
50n_30p_seed1,0.3,1,530106760,1,RX,529558,,15,13,529.558,1.0,45.0,254.0
50n_30p_seed1,0.3,1,530571000,18,TX,530320,18.0,15,12,530.32,,,
50n_30p_seed1,0.3,1,530630344,1,RX,530082,,15,13,530.082,1.0,18.0,1.8446744073709552e+19
50n_30p_seed1,0.3,1,530863000,38,TX,529893,38.0,17,12,529.893,,,
50n_30p_seed1,0.3,1,530899760,1,RX,530351,,17,13,530.351,1.0,38.0,458.0
50n_30p_seed1,0.3,1,531268000,26,TX,530842,26.0,17,12,530.842,,,
50n_30p_seed1,0.3,1,531362048,1,RX,530814,,17,13,530.814,1.0,26.0,1.8446744073709552e+19
50n_30p_seed1,0.3,1,531749000,41,TX,531360,41.0,17,12,531.36,,,
50n_30p_seed1,0.3,1,531804048,1,RX,531256,,17,13,531.256,1.0,41.0,1.8446744073709552e+19
50n_30p_seed1,0.3,1,532002000,46,TX,531802,46.0,18,12,531.802,,,
50n_30p_seed1,0.3,1,532024760,1,RX,531476,,18,13,531.476,1.0,46.0,1.8446744073709552e+19
50n_30p_seed1,0.3,1,532867000,39,TX,532729,39.0,16,12,532.729,,,
50n_30p_seed1,0.3,1,532881760,1,RX,532333,,16,13,532.333,1.0,39.0,1.8446744073709552e+19
50n_30p_seed1,0.3,1,533883000,43,TX,533670,43.0,18,12,533.67,,,
50n_30p_seed1,0.3,1,533927048,1,RX,533379,,18,13,533.379,1.0,43.0,1.8446744073709552e+19
50n_30p_seed1,0.3,1,534034000,42,TX,533198,42.0,18,12,533.198,,,
50n_30p_seed1,0.3,1,534074048,1,RX,533526,,18,13,533.526,1.0,42.0,328.0
50n_30p_seed1,0.3,1,535652000,14,TX,534961,14.0,16,12,534.961,,,
50n_30p_seed1,0.3,1,535666760,1,RX,535118,,16,13,535.118,1.0,14.0,157.0
50n_30p_seed1,0.3,1,535797000,34,TX,534962,34.0,18,12,534.962,,,
50n_30p_seed1,0.3,1,535861048,1,RX,535313,,18,13,535.313,1.0,34.0,351.0
50n_30p_seed1,0.3,1,536431000,36,TX,535748,36.0,17,12,535.748,,,
50n_30p_seed1,0.3,1,536454760,1,RX,535906,,17,13,535.906,1.0,36.0,158.0
50n_30p_seed1,0.3,1,536980000,35,TX,536369,35.0,17,12,536.369,,,
50n_30p_seed1,0.3,1,537012048,1,RX,536464,,17,13,536.464,1.0,35.0,95.0
50n_30p_seed1,0.3,1,537120000,15,TX,536775,15.0,16,12,536.775,,,
50n_30p_seed1,0.3,1,537160760,1,RX,536612,,16,13,536.612,1.0,15.0,1.8446744073709552e+19
50n_30p_seed1,0.3,1,537486000,31,TX,536773,31.0,17,12,536.773,,,
50n_30p_seed1,0.3,1,537509760,1,RX,536961,,17,13,536.961,1.0,31.0,188.0
50n_30p_seed1,0.3,1,537657000,32,TX,536915,32.0,18,12,536.915,,,
50n_30p_seed1,0.3,1,537671760,1,RX,537123,,18,13,537.123,1.0,32.0,208.0
50n_30p_seed1,0.3,1,539697000,21,TX,538772,21.0,17,12,538.772,,,
50n_30p_seed1,0.3,1,539737760,1,RX,539189,,17,13,539.189,1.0,21.0,417.0
50n_30p_seed1,0.3,1,540455000,9,TX,540216,9.0,18,11,540.216,,,
50n_30p_seed1,0.3,1,540480000,49,TX,539786,49.0,18,12,539.786,,,
50n_30p_seed1,0.3,1,540496016,1,RX,539948,,18,12,539.948,1.0,9.0,1.8446744073709552e+19
50n_30p_seed1,0.3,1,540554048,1,RX,540006,,18,13,540.006,1.0,49.0,220.0
50n_30p_seed1,0.3,1,540978000,30,TX,540927,30.0,17,12,540.927,,,
50n_30p_seed1,0.3,1,540997760,1,RX,540449,,17,13,540.449,1.0,30.0,1.8446744073709552e+19
50n_30p_seed1,0.3,1,541632000,6,TX,540818,6.0,17,11,540.818,,,
50n_30p_seed1,0.3,1,541648016,1,RX,541100,,17,12,541.1,1.0,6.0,282.0
50n_30p_seed1,0.3,1,541689000,3,TX,541048,3.0,17,11,541.048,,,
50n_30p_seed1,0.3,1,541741016,1,RX,541193,,17,12,541.193,1.0,3.0,145.0
50n_30p_seed1,0.3,1,542284000,40,TX,542082,40.0,19,12,542.082,,,
50n_30p_seed1,0.3,1,542328760,1,RX,541780,,19,13,541.78,1.0,40.0,1.8446744073709552e+19
50n_30p_seed1,0.3,1,543400000,48,TX,543111,48.0,19,12,543.111,,,
50n_30p_seed1,0.3,1,543419048,1,RX,542871,,19,13,542.871,1.0,48.0,1.8446744073709552e+19
50n_30p_seed1,0.3,1,544902000,23,TX,544613,23.0,16,12,544.613,,,
50n_30p_seed1,0.3,1,544946760,1,RX,544398,,16,13,544.398,1.0,23.0,1.8446744073709552e+19
50n_30p_seed1,0.3,1,545333000,25,TX,544851,25.0,17,12,544.851,,,
50n_30p_seed1,0.3,1,545387048,1,RX,544839,,17,13,544.839,1.0,25.0,1.8446744073709552e+19
50n_30p_seed1,0.3,1,545837000,13,TX,545297,13.0,18,12,545.297,,,
50n_30p_seed1,0.3,1,545847760,1,RX,545299,,18,13,545.299,1.0,13.0,2.0
50n_30p_seed1,0.3,1,546330000,16,TX,545469,16.0,19,12,545.469,,,
50n_30p_seed1,0.3,1,546391048,1,RX,545843,,19,13,545.843,1.0,16.0,374.0
50n_30p_seed1,0.3,1,546397000,19,TX,546029,19.0,17,12,546.029,,,
50n_30p_seed1,0.3,1,546448048,1,RX,545900,,17,13,545.9,1.0,19.0,1.8446744073709552e+19
50n_30p_seed1,0.3,1,547147000,33,TX,547039,33.0,21,12,547.039,,,
50n_30p_seed1,0.3,1,547207000,28,TX,546787,28.0,17,12,546.787,,,
50n_30p_seed1,0.3,1,547212048,1,RX,546664,,21,13,546.664,1.0,33.0,1.8446744073709552e+19
50n_30p_seed1,0.3,1,547247760,1,RX,546699,,17,13,546.699,1.0,28.0,1.8446744073709552e+19
50n_30p_seed1,0.3,1,547837000,12,TX,546839,12.0,17,12,546.839,,,
50n_30p_seed1,0.3,1,547871048,1,RX,547323,,17,13,547.323,1.0,12.0,484.0
50n_30p_seed1,0.3,1,548210000,47,TX,547786,47.0,18,12,547.786,,,
50n_30p_seed1,0.3,1,548223760,1,RX,547675,,18,13,547.675,1.0,47.0,1.8446744073709552e+19
50n_30p_seed1,0.3,1,548417000,37,TX,548235,37.0,17,12,548.235,,,
50n_30p_seed1,0.3,1,548449760,1,RX,547901,,17,13,547.901,1.0,37.0,1.8446744073709552e+19
50n_30p_seed1,0.3,1,548783000,17,TX,548698,17.0,18,12,548.698,,,
50n_30p_seed1,0.3,1,548842048,1,RX,548294,,18,13,548.294,1.0,17.0,1.8446744073709552e+19
50n_30p_seed1,0.3,1,548939000,24,TX,548760,24.0,15,12,548.76,,,
50n_30p_seed1,0.3,1,548974048,1,RX,548426,,15,13,548.426,1.0,24.0,1.8446744073709552e+19
50n_30p_seed1,0.3,1,549814000,20,TX,549802,20.0,18,12,549.802,,,
50n_30p_seed1,0.3,1,549834760,1,RX,549286,,18,13,549.286,1.0,20.0,1.8446744073709552e+19
50n_30p_seed1,0.3,1,550653000,27,TX,549988,27.0,17,12,549.988,,,
50n_30p_seed1,0.3,1,550681760,1,RX,550133,,17,13,550.133,1.0,27.0,145.0
50n_30p_seed1,0.3,1,550683000,4,TX,549713,4.0,17,11,549.713,,,
50n_30p_seed1,0.3,1,550743016,1,RX,550195,,17,12,550.195,1.0,4.0,482.0
50n_30p_seed1,0.3,1,550816000,44,TX,550396,44.0,19,12,550.396,,,
50n_30p_seed1,0.3,1,550877048,1,RX,550329,,19,13,550.329,1.0,44.0,1.8446744073709552e+19
50n_30p_seed1,0.3,1,552226000,10,TX,551925,10.0,19,12,551.925,,,
50n_30p_seed1,0.3,1,552251048,1,RX,551703,,19,13,551.703,1.0,10.0,1.8446744073709552e+19
50n_30p_seed1,0.3,1,552490000,45,TX,551699,45.0,16,12,551.699,,,
50n_30p_seed1,0.3,1,552524000,7,TX,552020,7.0,16,11,552.02,,,
50n_30p_seed1,0.3,1,552530760,1,RX,551982,,16,13,551.982,1.0,45.0,283.0
50n_30p_seed1,0.3,1,552622016,1,RX,552074,,16,12,552.074,1.0,7.0,54.0
50n_30p_seed1,0.3,1,553889000,11,TX,553753,11.0,17,12,553.753,,,
50n_30p_seed1,0.3,1,553936048,1,RX,553388,,17,13,553.388,1.0,11.0,1.8446744073709552e+19
50n_30p_seed1,0.3,1,554184000,26,TX,553758,26.0,18,12,553.758,,,
50n_30p_seed1,0.3,1,554240048,1,RX,553692,,18,13,553.692,1.0,26.0,1.8446744073709552e+19
50n_30p_seed1,0.3,1,555495000,5,TX,555431,5.0,17,11,555.431,,,
50n_30p_seed1,0.3,1,555544016,1,RX,554996,,17,12,554.996,1.0,5.0,1.8446744073709552e+19
50n_30p_seed1,0.3,1,556922000,50,TX,555925,50.0,16,12,555.925,,,
50n_30p_seed1,0.3,1,557005048,1,RX,556457,,16,13,556.457,1.0,50.0,532.0
50n_30p_seed1,0.3,1,557056000,29,TX,557019,29.0,18,12,557.019,,,
50n_30p_seed1,0.3,1,557079760,1,RX,556531,,18,13,556.531,1.0,29.0,1.8446744073709552e+19
50n_30p_seed1,0.3,1,558145000,8,TX,557239,8.0,18,11,557.239,,,
50n_30p_seed1,0.3,1,558170016,1,RX,557622,,18,12,557.622,1.0,8.0,383.0
50n_30p_seed1,0.3,1,558841000,36,TX,558158,36.0,18,12,558.158,,,
50n_30p_seed1,0.3,1,558872760,1,RX,558324,,18,13,558.324,1.0,36.0,166.0
50n_30p_seed1,0.3,1,559083000,22,TX,558363,22.0,17,12,558.363,,,
50n_30p_seed1,0.3,1,559117760,1,RX,558569,,17,13,558.569,1.0,22.0,206.0
50n_30p_seed1,0.3,1,559168000,15,TX,558823,15.0,17,12,558.823,,,
50n_30p_seed1,0.3,1,559195000,46,TX,558995,46.0,19,12,558.995,,,
50n_30p_seed1,0.3,1,559213760,1,RX,558665,,17,13,558.665,1.0,15.0,1.8446744073709552e+19
50n_30p_seed1,0.3,1,559222760,1,RX,558674,,19,13,558.674,1.0,46.0,1.8446744073709552e+19
50n_30p_seed1,0.3,1,559399000,38,TX,558429,38.0,18,12,558.429,,,
50n_30p_seed1,0.3,1,559427760,1,RX,558879,,18,13,558.879,1.0,38.0,450.0
50n_30p_seed1,0.3,1,560463000,41,TX,560074,41.0,18,12,560.074,,,
50n_30p_seed1,0.3,1,560514048,1,RX,559966,,18,13,559.966,1.0,41.0,1.8446744073709552e+19
50n_30p_seed1,0.3,1,561119000,18,TX,560868,18.0,16,12,560.868,,,
50n_30p_seed1,0.3,1,561183048,1,RX,560635,,16,13,560.635,1.0,18.0,1.8446744073709552e+19
50n_30p_seed1,0.3,1,562156000,9,TX,561917,9.0,19,11,561.917,,,
50n_30p_seed1,0.3,1,562205016,1,RX,561657,,19,12,561.657,1.0,9.0,1.8446744073709552e+19
50n_30p_seed1,0.3,1,562663000,3,TX,562022,3.0,18,11,562.022,,,
50n_30p_seed1,0.3,1,562746016,1,RX,562198,,18,12,562.198,1.0,3.0,176.0
50n_30p_seed1,0.3,1,563233000,2,TX,562469,2.0,17,11,562.469,,,
50n_30p_seed1,0.3,1,563316016,1,RX,562768,,17,12,562.768,1.0,2.0,299.0
50n_30p_seed1,0.3,1,564180000,43,TX,563967,43.0,19,12,563.967,,,
50n_30p_seed1,0.3,1,564236048,1,RX,563688,,19,13,563.688,1.0,43.0,1.8446744073709552e+19
50n_30p_seed1,0.3,1,567440000,30,TX,567389,30.0,18,12,567.389,,,
50n_30p_seed1,0.3,1,567479760,1,RX,566931,,18,13,566.931,1.0,30.0,1.8446744073709552e+19
50n_30p_seed1,0.3,1,567636000,40,TX,567434,40.0,20,12,567.434,,,
50n_30p_seed1,0.3,1,567637000,31,TX,566924,31.0,18,12,566.924,,,
50n_30p_seed1,0.3,1,567654760,1,RX,567106,,18,13,567.106,1.0,31.0,182.0
50n_30p_seed1,0.3,1,567669760,1,RX,567121,,20,13,567.121,1.0,40.0,1.8446744073709552e+19
50n_30p_seed1,0.3,1,567684000,39,TX,567546,39.0,17,12,567.546,,,
50n_30p_seed1,0.3,1,567702760,1,RX,567154,,17,13,567.154,1.0,39.0,1.8446744073709552e+19
50n_30p_seed1,0.3,1,567959000,34,TX,567124,34.0,19,12,567.124,,,
50n_30p_seed1,0.3,1,568020048,1,RX,567472,,19,13,567.472,1.0,34.0,348.0
50n_30p_seed1,0.3,1,568035000,19,TX,567667,19.0,18,12,567.667,,,
50n_30p_seed1,0.3,1,568084048,1,RX,567536,,18,13,567.536,1.0,19.0,1.8446744073709552e+19
50n_30p_seed1,0.3,1,569600000,14,TX,568909,14.0,17,12,568.909,,,
50n_30p_seed1,0.3,1,569622760,1,RX,569074,,17,13,569.074,1.0,14.0,165.0
50n_30p_seed1,0.3,1,570344000,24,TX,570165,24.0,16,12,570.165,,,
50n_30p_seed1,0.3,1,570378048,1,RX,569830,,16,13,569.83,1.0,24.0,1.8446744073709552e+19
50n_30p_seed1,0.3,1,570505000,47,TX,570081,47.0,19,12,570.081,,,
50n_30p_seed1,0.3,1,570510760,1,RX,569962,,19,13,569.962,1.0,47.0,1.8446744073709552e+19
50n_30p_seed1,0.3,1,571377000,4,TX,570407,4.0,18,11,570.407,,,
50n_30p_seed1,0.3,1,571453016,1,RX,570905,,18,12,570.905,1.0,4.0,498.0
50n_30p_seed1,0.3,1,572023000,42,TX,571187,42.0,19,12,571.187,,,
50n_30p_seed1,0.3,1,572087048,1,RX,571539,,19,13,571.539,1.0,42.0,352.0
50n_30p_seed1,0.3,1,572674000,16,TX,571813,16.0,20,12,571.813,,,
50n_30p_seed1,0.3,1,572699000,32,TX,571957,32.0,19,12,571.957,,,
50n_30p_seed1,0.3,1,572708760,1,RX,572160,,19,13,572.16,1.0,32.0,203.0
50n_30p_seed1,0.3,1,572722048,1,RX,572174,,20,13,572.174,1.0,16.0,361.0
50n_30p_seed1,0.3,1,572778000,23,TX,572489,23.0,17,12,572.489,,,
50n_30p_seed1,0.3,1,572794760,1,RX,572246,,17,13,572.246,1.0,23.0,1.8446744073709552e+19
50n_30p_seed1,0.3,1,573263000,35,TX,572652,35.0,18,12,572.652,,,
50n_30p_seed1,0.3,1,573316048,1,RX,572768,,18,13,572.768,1.0,35.0,116.0
50n_30p_seed1,0.3,1,573630000,45,TX,572839,45.0,17,12,572.839,,,
50n_30p_seed1,0.3,1,573675760,1,RX,573127,,17,13,573.127,1.0,45.0,288.0
50n_30p_seed1,0.3,1,574489000,13,TX,573949,13.0,19,12,573.949,,,
50n_30p_seed1,0.3,1,574512760,1,RX,573964,,19,13,573.964,1.0,13.0,15.0
50n_30p_seed1,0.3,1,575205000,20,TX,575193,20.0,19,12,575.193,,,
50n_30p_seed1,0.3,1,575248760,1,RX,574700,,19,13,574.7,1.0,20.0,1.8446744073709552e+19
50n_30p_seed1,0.3,1,575316000,37,TX,575134,37.0,18,12,575.134,,,
50n_30p_seed1,0.3,1,575335760,1,RX,574787,,18,13,574.787,1.0,37.0,1.8446744073709552e+19
50n_30p_seed1,0.3,1,576019000,25,TX,575537,25.0,18,12,575.537,,,
50n_30p_seed1,0.3,1,576094048,1,RX,575546,,18,13,575.546,1.0,25.0,9.0
50n_30p_seed1,0.3,1,576465000,27,TX,575800,27.0,18,12,575.8,,,
50n_30p_seed1,0.3,1,576505760,1,RX,575957,,18,13,575.957,1.0,27.0,157.0
50n_30p_seed1,0.3,1,576990000,6,TX,576176,6.0,18,11,576.176,,,
50n_30p_seed1,0.3,1,577067016,1,RX,576519,,18,12,576.519,1.0,6.0,343.0
50n_30p_seed1,0.3,1,577242000,49,TX,576548,49.0,19,12,576.548,,,
50n_30p_seed1,0.3,1,577283048,1,RX,576735,,19,13,576.735,1.0,49.0,187.0
50n_30p_seed1,0.3,1,578375000,21,TX,577450,21.0,18,12,577.45,,,
50n_30p_seed1,0.3,1,578398760,1,RX,577850,,18,13,577.85,1.0,21.0,400.0
50n_30p_seed1,0.3,1,578401000,12,TX,577403,12.0,18,12,577.403,,,
50n_30p_seed1,0.3,1,578427048,1,RX,577879,,18,13,577.879,1.0,12.0,476.0
50n_30p_seed1,0.3,1,578662000,11,TX,578526,11.0,18,12,578.526,,,
50n_30p_seed1,0.3,1,578715048,1,RX,578167,,18,13,578.167,1.0,11.0,1.8446744073709552e+19
50n_30p_seed1,0.3,1,579332000,7,TX,578828,7.0,17,11,578.828,,,
50n_30p_seed1,0.3,1,579427016,1,RX,578879,,17,12,578.879,1.0,7.0,51.0
50n_30p_seed1,0.3,1,579621000,48,TX,579332,48.0,20,12,579.332,,,
50n_30p_seed1,0.3,1,579683048,1,RX,579135,,20,13,579.135,1.0,48.0,1.8446744073709552e+19
50n_30p_seed1,0.3,1,580705000,15,TX,580360,15.0,18,12,580.36,,,
50n_30p_seed1,0.3,1,580739760,1,RX,580191,,18,13,580.191,1.0,15.0,1.8446744073709552e+19
50n_30p_seed1,0.3,1,581107000,38,TX,580137,38.0,19,12,580.137,,,
50n_30p_seed1,0.3,1,581112760,1,RX,580564,,19,13,580.564,1.0,38.0,427.0
50n_30p_seed1,0.3,1,581980000,17,TX,581895,17.0,19,12,581.895,,,
50n_30p_seed1,0.3,1,582035000,22,TX,581315,22.0,18,12,581.315,,,
50n_30p_seed1,0.3,1,582035048,1,RX,581487,,19,13,581.487,1.0,17.0,1.8446744073709552e+19
50n_30p_seed1,0.3,1,582070760,1,RX,581522,,18,13,581.522,1.0,22.0,207.0
50n_30p_seed1,0.3,1,582786000,28,TX,582366,28.0,18,12,582.366,,,
50n_30p_seed1,0.3,1,582828760,1,RX,582280,,18,13,582.28,1.0,28.0,1.8446744073709552e+19
50n_30p_seed1,0.3,1,583147000,33,TX,583039,33.0,22,12,583.039,,,
50n_30p_seed1,0.3,1,583232048,1,RX,582684,,22,13,582.684,1.0,33.0,1.8446744073709552e+19
50n_30p_seed1,0.3,1,583907000,46,TX,583707,46.0,20,12,583.707,,,
50n_30p_seed1,0.3,1,583941760,1,RX,583393,,20,13,583.393,1.0,46.0,1.8446744073709552e+19
50n_30p_seed1,0.3,1,584578000,26,TX,584152,26.0,19,12,584.152,,,
50n_30p_seed1,0.3,1,584646048,1,RX,584098,,19,13,584.098,1.0,26.0,1.8446744073709552e+19
50n_30p_seed1,0.3,1,585132000,10,TX,584831,10.0,20,12,584.831,,,
50n_30p_seed1,0.3,1,585179048,1,RX,584631,,20,13,584.631,1.0,10.0,1.8446744073709552e+19
50n_30p_seed1,0.3,1,587948000,36,TX,587265,36.0,19,12,587.265,,,
50n_30p_seed1,0.3,1,587977000,44,TX,587557,44.0,20,12,587.557,,,
50n_30p_seed1,0.3,1,587983760,1,RX,587435,,19,13,587.435,1.0,36.0,170.0
50n_30p_seed1,0.3,1,588019048,1,RX,587471,,20,13,587.471,1.0,44.0,1.8446744073709552e+19
50n_30p_seed1,0.3,1,589029000,8,TX,588123,8.0,19,11,588.123,,,
50n_30p_seed1,0.3,1,589081312,1,RX,588533,,19,12,588.533,1.0,8.0,410.0
50n_30p_seed1,0.3,1,589176000,41,TX,588787,41.0,19,12,588.787,,,
50n_30p_seed1,0.3,1,589179000,34,TX,588344,34.0,20,12,588.344,,,
50n_30p_seed1,0.3,1,589208048,1,RX,588660,,19,13,588.66,1.0,41.0,1.8446744073709552e+19
50n_30p_seed1,0.3,1,589251048,1,RX,588703,,20,13,588.703,1.0,34.0,359.0
50n_30p_seed1,0.3,1,589299000,31,TX,588586,31.0,19,12,588.586,,,
50n_30p_seed1,0.3,1,589339760,1,RX,588791,,19,13,588.791,1.0,31.0,205.0
50n_30p_seed1,0.3,1,590035000,30,TX,589984,30.0,19,12,589.984,,,
50n_30p_seed1,0.3,1,590061760,1,RX,589513,,19,13,589.513,1.0,30.0,1.8446744073709552e+19
50n_30p_seed1,0.3,1,590341000,9,TX,590102,9.0,20,11,590.102,,,
50n_30p_seed1,0.3,1,590402016,1,RX,589854,,20,12,589.854,1.0,9.0,1.8446744073709552e+19
50n_30p_seed1,0.3,1,591960000,3,TX,591319,3.0,19,11,591.319,,,
50n_30p_seed1,0.3,1,592031016,1,RX,591483,,19,12,591.483,1.0,3.0,164.0
50n_30p_seed1,0.3,1,593329000,43,TX,593116,43.0,20,12,593.116,,,
50n_30p_seed1,0.3,1,593345048,1,RX,592797,,20,13,592.797,1.0,43.0,1.8446744073709552e+19
50n_30p_seed1,0.3,1,593409000,5,TX,593345,5.0,18,11,593.345,,,
50n_30p_seed1,0.3,1,593438016,1,RX,592890,,18,12,592.89,1.0,5.0,1.8446744073709552e+19
50n_30p_seed1,0.3,1,593814000,50,TX,592817,50.0,17,12,592.817,,,
50n_30p_seed1,0.3,1,593889000,19,TX,593521,19.0,19,12,593.521,,,
50n_30p_seed1,0.3,1,593903048,1,RX,593355,,17,13,593.355,1.0,50.0,538.0
50n_30p_seed1,0.3,1,593949048,1,RX,593401,,19,13,593.401,1.0,19.0,1.8446744073709552e+19
50n_30p_seed1,0.3,1,594098000,40,TX,593896,40.0,21,12,593.896,,,
50n_30p_seed1,0.3,1,594120760,1,RX,593572,,21,13,593.572,1.0,40.0,1.8446744073709552e+19
50n_30p_seed1,0.3,1,594440000,29,TX,594403,29.0,19,12,594.403,,,
50n_30p_seed1,0.3,1,594477760,1,RX,593929,,19,13,593.929,1.0,29.0,1.8446744073709552e+19
50n_30p_seed1,0.3,1,595111000,18,TX,594860,18.0,17,12,594.86,,,
50n_30p_seed1,0.3,1,595213048,1,RX,594665,,17,13,594.665,1.0,18.0,1.8446744073709552e+19
50n_30p_seed1,0.3,1,596237000,25,TX,595755,25.0,19,12,595.755,,,
50n_30p_seed1,0.3,1,596266048,1,RX,595718,,19,13,595.718,1.0,25.0,1.8446744073709552e+19
50n_30p_seed1,0.3,1,596551000,32,TX,595809,32.0,20,12,595.809,,,
50n_30p_seed1,0.3,1,596571760,1,RX,596023,,20,13,596.023,1.0,32.0,214.0
50n_30p_seed1,0.3,1,596692000,2,TX,595928,2.0,18,11,595.928,,,
50n_30p_seed1,0.3,1,596808016,1,RX,596260,,18,12,596.26,1.0,2.0,332.0
50n_30p_seed1,0.3,1,598127000,24,TX,597948,24.0,17,12,597.948,,,
50n_30p_seed1,0.3,1,598144048,1,RX,597596,,17,13,597.596,1.0,24.0,1.8446744073709552e+19
50n_30p_seed1,0.3,1,598463000,35,TX,597852,35.0,19,12,597.852,,,
50n_30p_seed1,0.3,1,598536048,1,RX,597988,,19,13,597.988,1.0,35.0,136.0
50n_30p_seed1,0.3,1,598875000,39,TX,598737,39.0,18,12,598.737,,,
50n_30p_seed1,0.3,1,598891000,45,TX,598100,45.0,18,12,598.1,,,
50n_30p_seed1,0.3,1,598894760,1,RX,598346,,18,13,598.346,1.0,39.0,1.8446744073709552e+19
50n_30p_seed1,0.3,1,598926760,1,RX,598378,,18,13,598.378,1.0,45.0,278.0
50n_30p_seed1,0.3,1,599424000,47,TX,599000,47.0,20,12,599.0,,,
50n_30p_seed1,0.3,1,599433760,1,RX,598885,,20,13,598.885,1.0,47.0,1.8446744073709552e+19
