scenario,attack_ratio,seed,sim_time_us,mote,record_type,time_ticks,actual_rank,advertised_rank,decrement,time_s
50n_10p_seed1,0.1,1,8616000,39,DRA_ADVERTISE,8478,357,128,512,8.478
50n_10p_seed1,0.1,1,8874000,39,DRA_ADVERTISE,8736,357,128,512,8.736
50n_10p_seed1,0.1,1,9801000,39,DRA_ADVERTISE,9663,357,128,512,9.663
50n_10p_seed1,0.1,1,12059000,39,DRA_ADVERTISE,11921,357,128,512,11.921
50n_10p_seed1,0.1,1,14710000,39,DRA_ADVERTISE,14572,357,128,512,14.572
50n_10p_seed1,0.1,1,16209000,28,DRA_ADVERTISE,15789,355,128,512,15.789
50n_10p_seed1,0.1,1,16666000,28,DRA_ADVERTISE,16246,355,128,512,16.246
50n_10p_seed1,0.1,1,17803000,28,DRA_ADVERTISE,17383,355,128,512,17.383
50n_10p_seed1,0.1,1,18897000,28,DRA_ADVERTISE,18477,355,128,512,18.477
50n_10p_seed1,0.1,1,18932008,39,DRA_ADVERTISE,18794,357,128,512,18.794
50n_10p_seed1,0.1,1,19291000,28,DRA_ADVERTISE,18871,355,128,512,18.871
50n_10p_seed1,0.1,1,20034000,28,DRA_ADVERTISE,19614,355,128,512,19.614
50n_10p_seed1,0.1,1,20282000,28,DRA_ADVERTISE,19862,355,128,512,19.862
50n_10p_seed1,0.1,1,20874000,28,DRA_ADVERTISE,20454,345,128,512,20.454
50n_10p_seed1,0.1,1,20900008,39,DRA_ADVERTISE,20762,346,128,512,20.762
50n_10p_seed1,0.1,1,20929000,6,DRA_ADVERTISE,20115,518,128,512,20.115
50n_10p_seed1,0.1,1,21179000,39,DRA_ADVERTISE,21041,339,128,512,21.041
50n_10p_seed1,0.1,1,21330000,6,DRA_ADVERTISE,20516,518,128,512,20.516
50n_10p_seed1,0.1,1,21564000,28,DRA_ADVERTISE,21144,345,128,512,21.144
50n_10p_seed1,0.1,1,21850008,39,DRA_ADVERTISE,21712,339,128,512,21.712
50n_10p_seed1,0.1,1,22011000,6,DRA_ADVERTISE,21197,518,128,512,21.197
50n_10p_seed1,0.1,1,22188000,24,DRA_ADVERTISE,22009,306,128,512,22.009
50n_10p_seed1,0.1,1,22668000,24,DRA_ADVERTISE,22489,306,128,512,22.489
50n_10p_seed1,0.1,1,22866952,39,DRA_ADVERTISE,22728,330,128,512,22.728
50n_10p_seed1,0.1,1,23482000,24,DRA_ADVERTISE,23303,306,128,512,23.303
50n_10p_seed1,0.1,1,23754000,28,DRA_ADVERTISE,23334,345,128,512,23.334
50n_10p_seed1,0.1,1,23854008,28,DRA_ADVERTISE,23434,345,128,512,23.434
50n_10p_seed1,0.1,1,24315000,6,DRA_ADVERTISE,23501,510,128,512,23.501
50n_10p_seed1,0.1,1,24420008,28,DRA_ADVERTISE,24000,336,128,512,24.0
50n_10p_seed1,0.1,1,25455000,24,DRA_ADVERTISE,25276,306,128,512,25.276
50n_10p_seed1,0.1,1,26237000,28,DRA_ADVERTISE,25817,328,128,512,25.817
50n_10p_seed1,0.1,1,26797000,6,DRA_ADVERTISE,25983,503,128,512,25.983
50n_10p_seed1,0.1,1,27946008,28,DRA_ADVERTISE,27526,320,128,512,27.526
50n_10p_seed1,0.1,1,29011008,6,DRA_ADVERTISE,28197,503,128,512,28.197
50n_10p_seed1,0.1,1,29369000,24,DRA_ADVERTISE,29190,306,128,512,29.19
50n_10p_seed1,0.1,1,31136952,28,DRA_ADVERTISE,30716,313,128,512,30.716
50n_10p_seed1,0.1,1,31888920,24,DRA_ADVERTISE,31709,306,128,512,31.709
50n_10p_seed1,0.1,1,32795000,9,DRA_ADVERTISE,32556,305,128,512,32.556
50n_10p_seed1,0.1,1,33221000,9,DRA_ADVERTISE,32982,305,128,512,32.982
50n_10p_seed1,0.1,1,33546952,28,DRA_ADVERTISE,33126,307,128,512,33.126
50n_10p_seed1,0.1,1,33620000,28,DRA_ADVERTISE,33200,301,128,512,33.2
50n_10p_seed1,0.1,1,33915000,9,DRA_ADVERTISE,33676,305,128,512,33.676
50n_10p_seed1,0.1,1,34346000,6,DRA_ADVERTISE,33532,490,128,512,33.532
50n_10p_seed1,0.1,1,36165000,24,DRA_ADVERTISE,35986,292,128,512,35.986
50n_10p_seed1,0.1,1,36404000,9,DRA_ADVERTISE,36165,305,128,512,36.165
50n_10p_seed1,0.1,1,37725000,39,DRA_ADVERTISE,37587,289,128,512,37.587
50n_10p_seed1,0.1,1,39162000,9,DRA_ADVERTISE,38923,305,128,512,38.923
50n_10p_seed1,0.1,1,44780000,9,DRA_ADVERTISE,44541,305,128,512,44.541
50n_10p_seed1,0.1,1,45907920,6,DRA_ADVERTISE,45093,485,128,512,45.093
50n_10p_seed1,0.1,1,52373000,28,DRA_ADVERTISE,51953,288,128,512,51.953
50n_10p_seed1,0.1,1,52776000,6,DRA_ADVERTISE,51962,456,128,512,51.962
50n_10p_seed1,0.1,1,53545000,39,DRA_ADVERTISE,53407,285,128,512,53.407
50n_10p_seed1,0.1,1,54512000,24,DRA_ADVERTISE,54333,288,128,512,54.333
50n_10p_seed1,0.1,1,54821000,39,DRA_ADVERTISE,54683,285,128,512,54.683
50n_10p_seed1,0.1,1,63171000,28,DRA_ADVERTISE,62751,284,128,512,62.751
50n_10p_seed1,0.1,1,64382000,9,DRA_ADVERTISE,64143,300,128,512,64.143
50n_10p_seed1,0.1,1,66995000,28,DRA_ADVERTISE,66575,284,128,512,66.575
50n_10p_seed1,0.1,1,68658000,6,DRA_ADVERTISE,67844,439,128,512,67.844
50n_10p_seed1,0.1,1,69525000,6,DRA_ADVERTISE,68711,439,128,512,68.711
50n_10p_seed1,0.1,1,69657920,6,DRA_ADVERTISE,68843,439,128,512,68.843
50n_10p_seed1,0.1,1,69793000,24,DRA_ADVERTISE,69614,281,128,512,69.614
50n_10p_seed1,0.1,1,71801000,39,DRA_ADVERTISE,71663,276,128,512,71.663
50n_10p_seed1,0.1,1,75510000,9,DRA_ADVERTISE,75271,300,128,512,75.271
50n_10p_seed1,0.1,1,77824000,24,DRA_ADVERTISE,77645,278,128,512,77.645
50n_10p_seed1,0.1,1,84164000,28,DRA_ADVERTISE,83744,275,128,512,83.744
50n_10p_seed1,0.1,1,84860000,6,DRA_ADVERTISE,84046,425,128,512,84.046
50n_10p_seed1,0.1,1,87054000,24,DRA_ADVERTISE,86875,275,128,512,86.875
50n_10p_seed1,0.1,1,87236000,39,DRA_ADVERTISE,87098,265,128,512,87.098
50n_10p_seed1,0.1,1,90843000,9,DRA_ADVERTISE,90604,295,128,512,90.604
50n_10p_seed1,0.1,1,93635000,28,DRA_ADVERTISE,93215,271,128,512,93.215
50n_10p_seed1,0.1,1,95383000,9,DRA_ADVERTISE,95144,295,128,512,95.144
50n_10p_seed1,0.1,1,95963000,24,DRA_ADVERTISE,95784,275,128,512,95.784
50n_10p_seed1,0.1,1,99659000,6,DRA_ADVERTISE,98845,425,128,512,98.845
50n_10p_seed1,0.1,1,101819000,39,DRA_ADVERTISE,101681,261,128,512,101.681
50n_10p_seed1,0.1,1,106331000,9,DRA_ADVERTISE,106092,295,128,512,106.092
50n_10p_seed1,0.1,1,106820952,6,DRA_ADVERTISE,106006,425,128,512,106.006
50n_10p_seed1,0.1,1,113426000,6,DRA_ADVERTISE,112612,417,128,512,112.612
50n_10p_seed1,0.1,1,115798000,28,DRA_ADVERTISE,115378,263,128,512,115.378
50n_10p_seed1,0.1,1,116998000,39,DRA_ADVERTISE,116860,256,128,512,116.86
50n_10p_seed1,0.1,1,119131000,24,DRA_ADVERTISE,118952,269,128,512,118.952
50n_10p_seed1,0.1,1,123347000,9,DRA_ADVERTISE,123108,291,128,512,123.108
50n_10p_seed1,0.1,1,124131000,39,DRA_ADVERTISE,123993,256,128,512,123.993
50n_10p_seed1,0.1,1,125977000,6,DRA_ADVERTISE,125163,414,128,512,125.163
50n_10p_seed1,0.1,1,130270000,28,DRA_ADVERTISE,129850,261,128,512,129.85
50n_10p_seed1,0.1,1,132650000,6,DRA_ADVERTISE,131836,414,128,512,131.836
50n_10p_seed1,0.1,1,135599000,24,DRA_ADVERTISE,135420,267,128,512,135.42
50n_10p_seed1,0.1,1,135619192,6,DRA_ADVERTISE,134805,407,128,512,134.805
50n_10p_seed1,0.1,1,137853000,39,DRA_ADVERTISE,137715,256,128,512,137.715
50n_10p_seed1,0.1,1,142990000,28,DRA_ADVERTISE,142570,258,128,512,142.57
50n_10p_seed1,0.1,1,146831000,9,DRA_ADVERTISE,146592,287,128,512,146.592
50n_10p_seed1,0.1,1,146844000,6,DRA_ADVERTISE,146030,403,128,512,146.03
50n_10p_seed1,0.1,1,148105000,24,DRA_ADVERTISE,147926,264,128,512,147.926
50n_10p_seed1,0.1,1,149483000,24,DRA_ADVERTISE,149304,264,128,512,149.304
50n_10p_seed1,0.1,1,151953000,28,DRA_ADVERTISE,151533,258,128,512,151.533
50n_10p_seed1,0.1,1,154452000,39,DRA_ADVERTISE,154314,256,128,512,154.314
50n_10p_seed1,0.1,1,161634000,9,DRA_ADVERTISE,161395,287,128,512,161.395
50n_10p_seed1,0.1,1,161962000,28,DRA_ADVERTISE,161542,268,128,512,161.542
50n_10p_seed1,0.1,1,162948000,6,DRA_ADVERTISE,162134,401,128,512,162.134
50n_10p_seed1,0.1,1,163886000,39,DRA_ADVERTISE,163748,256,128,512,163.748
50n_10p_seed1,0.1,1,169033000,24,DRA_ADVERTISE,168854,262,128,512,168.854
50n_10p_seed1,0.1,1,169392000,9,DRA_ADVERTISE,169153,283,128,512,169.153
50n_10p_seed1,0.1,1,169989952,6,DRA_ADVERTISE,169175,401,128,512,169.175
50n_10p_seed1,0.1,1,177401000,9,DRA_ADVERTISE,177162,283,128,512,177.162
50n_10p_seed1,0.1,1,177655000,39,DRA_ADVERTISE,177517,256,128,512,177.517
50n_10p_seed1,0.1,1,177863000,6,DRA_ADVERTISE,177049,399,128,512,177.049
50n_10p_seed1,0.1,1,178192000,24,DRA_ADVERTISE,178013,261,128,512,178.013
50n_10p_seed1,0.1,1,183312000,28,DRA_ADVERTISE,182892,265,128,512,182.892
50n_10p_seed1,0.1,1,185442000,39,DRA_ADVERTISE,185304,256,128,512,185.304
50n_10p_seed1,0.1,1,191196000,9,DRA_ADVERTISE,190957,283,128,512,190.957
50n_10p_seed1,0.1,1,198565000,28,DRA_ADVERTISE,198145,261,128,512,198.145
50n_10p_seed1,0.1,1,199360952,6,DRA_ADVERTISE,198546,397,128,512,198.546
50n_10p_seed1,0.1,1,199589000,6,DRA_ADVERTISE,198775,395,128,512,198.775
50n_10p_seed1,0.1,1,199663000,24,DRA_ADVERTISE,199484,259,128,512,199.484
50n_10p_seed1,0.1,1,200937984,39,DRA_ADVERTISE,200799,266,128,512,200.799
50n_10p_seed1,0.1,1,201671000,39,DRA_ADVERTISE,201533,265,128,512,201.533
50n_10p_seed1,0.1,1,209848000,6,DRA_ADVERTISE,209034,395,128,512,209.034
50n_10p_seed1,0.1,1,211225000,28,DRA_ADVERTISE,210805,259,128,512,210.805
50n_10p_seed1,0.1,1,212258000,9,DRA_ADVERTISE,212019,280,128,512,212.019
50n_10p_seed1,0.1,1,213338000,24,DRA_ADVERTISE,213159,258,128,512,213.159
50n_10p_seed1,0.1,1,215119000,28,DRA_ADVERTISE,214699,259,128,512,214.699
50n_10p_seed1,0.1,1,215131000,6,DRA_ADVERTISE,214317,393,128,512,214.317
50n_10p_seed1,0.1,1,219993000,39,DRA_ADVERTISE,219855,265,128,512,219.855
50n_10p_seed1,0.1,1,220810240,39,DRA_ADVERTISE,220672,265,128,512,220.672
50n_10p_seed1,0.1,1,224559240,39,DRA_ADVERTISE,224421,262,128,512,224.421
50n_10p_seed1,0.1,1,226151952,6,DRA_ADVERTISE,225337,393,128,512,225.337
50n_10p_seed1,0.1,1,226909000,24,DRA_ADVERTISE,226730,256,128,512,226.73
50n_10p_seed1,0.1,1,228512000,9,DRA_ADVERTISE,228273,277,128,512,228.273
50n_10p_seed1,0.1,1,229266000,28,DRA_ADVERTISE,228846,256,128,512,228.846
50n_10p_seed1,0.1,1,233020000,6,DRA_ADVERTISE,232206,392,128,512,232.206
50n_10p_seed1,0.1,1,236782000,39,DRA_ADVERTISE,236644,258,128,512,236.644
50n_10p_seed1,0.1,1,237095984,39,DRA_ADVERTISE,236957,258,128,512,236.957
50n_10p_seed1,0.1,1,237821000,9,DRA_ADVERTISE,237582,277,128,512,237.582
50n_10p_seed1,0.1,1,239448000,9,DRA_ADVERTISE,239209,277,128,512,239.209
50n_10p_seed1,0.1,1,244610000,28,DRA_ADVERTISE,244190,256,128,512,244.19
50n_10p_seed1,0.1,1,244753240,39,DRA_ADVERTISE,244615,257,128,512,244.615
50n_10p_seed1,0.1,1,245001000,6,DRA_ADVERTISE,244187,392,128,512,244.187
50n_10p_seed1,0.1,1,246784000,39,DRA_ADVERTISE,246646,256,128,512,246.646
50n_10p_seed1,0.1,1,248929000,24,DRA_ADVERTISE,248750,256,128,512,248.75
50n_10p_seed1,0.1,1,249565192,6,DRA_ADVERTISE,248751,391,128,512,248.751
50n_10p_seed1,0.1,1,253353000,39,DRA_ADVERTISE,253215,256,128,512,253.215
50n_10p_seed1,0.1,1,255412000,24,DRA_ADVERTISE,255233,256,128,512,255.233
50n_10p_seed1,0.1,1,257087000,9,DRA_ADVERTISE,256848,274,128,512,256.848
50n_10p_seed1,0.1,1,259390000,28,DRA_ADVERTISE,258970,256,128,512,258.97
50n_10p_seed1,0.1,1,261142000,6,DRA_ADVERTISE,260328,390,128,512,260.328
50n_10p_seed1,0.1,1,262757000,6,DRA_ADVERTISE,261943,390,128,512,261.943
50n_10p_seed1,0.1,1,266679000,24,DRA_ADVERTISE,266500,256,128,512,266.5
50n_10p_seed1,0.1,1,267346000,39,DRA_ADVERTISE,267208,256,128,512,267.208
50n_10p_seed1,0.1,1,272566952,6,DRA_ADVERTISE,271752,390,128,512,271.752
50n_10p_seed1,0.1,1,275884000,6,DRA_ADVERTISE,275070,388,128,512,275.07
50n_10p_seed1,0.1,1,275975000,9,DRA_ADVERTISE,275736,272,128,512,275.736
50n_10p_seed1,0.1,1,277068000,24,DRA_ADVERTISE,276889,256,128,512,276.889
50n_10p_seed1,0.1,1,278038000,28,DRA_ADVERTISE,277618,256,128,512,277.618
50n_10p_seed1,0.1,1,283423000,39,DRA_ADVERTISE,283285,256,128,512,283.285
50n_10p_seed1,0.1,1,283509000,28,DRA_ADVERTISE,283089,256,128,512,283.089
50n_10p_seed1,0.1,1,287931000,9,DRA_ADVERTISE,287692,272,128,512,287.692
50n_10p_seed1,0.1,1,294093192,6,DRA_ADVERTISE,293279,387,128,512,293.279
50n_10p_seed1,0.1,1,294516000,6,DRA_ADVERTISE,293702,387,128,512,293.702
50n_10p_seed1,0.1,1,296125000,28,DRA_ADVERTISE,295705,256,128,512,295.705
50n_10p_seed1,0.1,1,296374000,9,DRA_ADVERTISE,296135,272,128,512,296.135
50n_10p_seed1,0.1,1,298586000,24,DRA_ADVERTISE,298407,256,128,512,298.407
50n_10p_seed1,0.1,1,300780000,39,DRA_ADVERTISE,300642,256,128,512,300.642
50n_10p_seed1,0.1,1,305759000,9,DRA_ADVERTISE,305520,270,128,512,305.52
50n_10p_seed1,0.1,1,311258000,6,DRA_ADVERTISE,310444,386,128,512,310.444
50n_10p_seed1,0.1,1,313838000,24,DRA_ADVERTISE,313659,256,128,512,313.659
50n_10p_seed1,0.1,1,314326000,39,DRA_ADVERTISE,314188,256,128,512,314.188
50n_10p_seed1,0.1,1,314411000,28,DRA_ADVERTISE,313991,256,128,512,313.991
50n_10p_seed1,0.1,1,322660984,6,DRA_ADVERTISE,321846,386,128,512,321.846
50n_10p_seed1,0.1,1,324885000,39,DRA_ADVERTISE,324747,256,128,512,324.747
50n_10p_seed1,0.1,1,324896000,9,DRA_ADVERTISE,324657,268,128,512,324.657
50n_10p_seed1,0.1,1,324937000,28,DRA_ADVERTISE,324517,256,128,512,324.517
50n_10p_seed1,0.1,1,325047000,6,DRA_ADVERTISE,324233,385,128,512,324.233
50n_10p_seed1,0.1,1,326733000,24,DRA_ADVERTISE,326554,256,128,512,326.554
50n_10p_seed1,0.1,1,327949000,39,DRA_ADVERTISE,327811,256,128,512,327.811
50n_10p_seed1,0.1,1,330708000,24,DRA_ADVERTISE,330529,256,128,512,330.529
50n_10p_seed1,0.1,1,336404000,9,DRA_ADVERTISE,336165,268,128,512,336.165
50n_10p_seed1,0.1,1,341877000,28,DRA_ADVERTISE,341457,256,128,512,341.457
50n_10p_seed1,0.1,1,343846984,6,DRA_ADVERTISE,343032,384,128,512,343.032
50n_10p_seed1,0.1,1,344367000,24,DRA_ADVERTISE,344188,256,128,512,344.188
50n_10p_seed1,0.1,1,344451000,28,DRA_ADVERTISE,344031,256,128,512,344.031
50n_10p_seed1,0.1,1,344807000,6,DRA_ADVERTISE,343993,384,128,512,343.993
50n_10p_seed1,0.1,1,348184000,39,DRA_ADVERTISE,348046,256,128,512,348.046
50n_10p_seed1,0.1,1,358644000,24,DRA_ADVERTISE,358465,256,128,512,358.465
50n_10p_seed1,0.1,1,359236000,6,DRA_ADVERTISE,358422,384,128,512,358.422
50n_10p_seed1,0.1,1,359554000,9,DRA_ADVERTISE,359315,266,128,512,359.315
50n_10p_seed1,0.1,1,362629000,6,DRA_ADVERTISE,361815,384,128,512,361.815
50n_10p_seed1,0.1,1,362837000,28,DRA_ADVERTISE,362417,256,128,512,362.417
50n_10p_seed1,0.1,1,363470000,39,DRA_ADVERTISE,363332,256,128,512,363.332
50n_10p_seed1,0.1,1,364865000,9,DRA_ADVERTISE,364626,266,128,512,364.626
50n_10p_seed1,0.1,1,370941984,6,DRA_ADVERTISE,370127,384,128,512,370.127
50n_10p_seed1,0.1,1,371129000,9,DRA_ADVERTISE,370890,266,128,512,370.89
50n_10p_seed1,0.1,1,373240000,39,DRA_ADVERTISE,373102,256,128,512,373.102
50n_10p_seed1,0.1,1,375379000,28,DRA_ADVERTISE,374959,256,128,512,374.959
50n_10p_seed1,0.1,1,377001000,6,DRA_ADVERTISE,376187,384,128,512,376.187
50n_10p_seed1,0.1,1,379711000,24,DRA_ADVERTISE,379532,256,128,512,379.532
50n_10p_seed1,0.1,1,383865000,39,DRA_ADVERTISE,383727,256,128,512,383.727
50n_10p_seed1,0.1,1,384793000,9,DRA_ADVERTISE,384554,265,128,512,384.554
50n_10p_seed1,0.1,1,388540000,28,DRA_ADVERTISE,388120,256,128,512,388.12
50n_10p_seed1,0.1,1,392488000,6,DRA_ADVERTISE,391674,384,128,512,391.674
50n_10p_seed1,0.1,1,394358000,24,DRA_ADVERTISE,394179,256,128,512,394.179
50n_10p_seed1,0.1,1,397415000,39,DRA_ADVERTISE,397277,256,128,512,397.277
50n_10p_seed1,0.1,1,405434000,9,DRA_ADVERTISE,405195,265,128,512,405.195
50n_10p_seed1,0.1,1,406423984,6,DRA_ADVERTISE,405609,384,128,512,405.609
50n_10p_seed1,0.1,1,410016000,28,DRA_ADVERTISE,409596,256,128,512,409.596
50n_10p_seed1,0.1,1,411709000,6,DRA_ADVERTISE,410895,384,128,512,410.895
50n_10p_seed1,0.1,1,412465000,39,DRA_ADVERTISE,412327,256,128,512,412.327
50n_10p_seed1,0.1,1,412482000,24,DRA_ADVERTISE,412303,256,128,512,412.303
50n_10p_seed1,0.1,1,418313000,9,DRA_ADVERTISE,418074,264,128,512,418.074
50n_10p_seed1,0.1,1,418691000,9,DRA_ADVERTISE,418452,264,128,512,418.452
50n_10p_seed1,0.1,1,419756000,24,DRA_ADVERTISE,419577,256,128,512,419.577
50n_10p_seed1,0.1,1,425328000,6,DRA_ADVERTISE,424514,384,128,512,424.514
50n_10p_seed1,0.1,1,429306000,28,DRA_ADVERTISE,428886,256,128,512,428.886
50n_10p_seed1,0.1,1,429909000,24,DRA_ADVERTISE,429730,256,128,512,429.73
50n_10p_seed1,0.1,1,432512000,39,DRA_ADVERTISE,432374,256,128,512,432.374
50n_10p_seed1,0.1,1,440080000,9,DRA_ADVERTISE,439841,264,128,512,439.841
50n_10p_seed1,0.1,1,440579984,6,DRA_ADVERTISE,439765,384,128,512,439.765
50n_10p_seed1,0.1,1,441853000,6,DRA_ADVERTISE,441039,384,128,512,441.039
50n_10p_seed1,0.1,1,443763000,39,DRA_ADVERTISE,443625,256,128,512,443.625
50n_10p_seed1,0.1,1,443842000,28,DRA_ADVERTISE,443422,256,128,512,443.422
50n_10p_seed1,0.1,1,444225000,24,DRA_ADVERTISE,444046,256,128,512,444.046
50n_10p_seed1,0.1,1,445744000,28,DRA_ADVERTISE,445324,256,128,512,445.324
50n_10p_seed1,0.1,1,448109000,39,DRA_ADVERTISE,447971,256,128,512,447.971
50n_10p_seed1,0.1,1,456205000,6,DRA_ADVERTISE,455391,384,128,512,455.391
50n_10p_seed1,0.1,1,456288000,24,DRA_ADVERTISE,456109,256,128,512,456.109
50n_10p_seed1,0.1,1,457686000,9,DRA_ADVERTISE,457447,263,128,512,457.447
50n_10p_seed1,0.1,1,458460000,28,DRA_ADVERTISE,458040,256,128,512,458.04
50n_10p_seed1,0.1,1,461098984,6,DRA_ADVERTISE,460284,384,128,512,460.284
50n_10p_seed1,0.1,1,464135000,39,DRA_ADVERTISE,463997,256,128,512,463.997
50n_10p_seed1,0.1,1,465899000,6,DRA_ADVERTISE,465085,384,128,512,465.085
50n_10p_seed1,0.1,1,472760000,28,DRA_ADVERTISE,472340,256,128,512,472.34
50n_10p_seed1,0.1,1,473922000,9,DRA_ADVERTISE,473683,262,128,512,473.683
50n_10p_seed1,0.1,1,474044000,6,DRA_ADVERTISE,473230,384,128,512,473.23
50n_10p_seed1,0.1,1,475031000,24,DRA_ADVERTISE,474852,256,128,512,474.852
50n_10p_seed1,0.1,1,477432000,39,DRA_ADVERTISE,477294,256,128,512,477.294
50n_10p_seed1,0.1,1,486129000,9,DRA_ADVERTISE,485890,262,128,512,485.89
50n_10p_seed1,0.1,1,488472000,6,DRA_ADVERTISE,487658,384,128,512,487.658
50n_10p_seed1,0.1,1,489702000,28,DRA_ADVERTISE,489282,256,128,512,489.282
50n_10p_seed1,0.1,1,492731000,39,DRA_ADVERTISE,492593,256,128,512,492.593
50n_10p_seed1,0.1,1,494650000,24,DRA_ADVERTISE,494471,256,128,512,494.471
50n_10p_seed1,0.1,1,500664984,6,DRA_ADVERTISE,499850,384,128,512,499.85
50n_10p_seed1,0.1,1,501253000,9,DRA_ADVERTISE,501014,287,128,512,501.014
50n_10p_seed1,0.1,1,504421000,6,DRA_ADVERTISE,503607,384,128,512,503.607
50n_10p_seed1,0.1,1,507444000,24,DRA_ADVERTISE,507265,256,128,512,507.265
50n_10p_seed1,0.1,1,509031000,28,DRA_ADVERTISE,508611,256,128,512,508.611
50n_10p_seed1,0.1,1,511791000,39,DRA_ADVERTISE,511653,256,128,512,511.653
50n_10p_seed1,0.1,1,512405000,24,DRA_ADVERTISE,512226,268,128,512,512.226
50n_10p_seed1,0.1,1,516044000,9,DRA_ADVERTISE,515805,283,128,512,515.805
50n_10p_seed1,0.1,1,517574000,39,DRA_ADVERTISE,517436,256,128,512,517.436
50n_10p_seed1,0.1,1,520533000,9,DRA_ADVERTISE,520294,283,128,512,520.294
50n_10p_seed1,0.1,1,521913000,6,DRA_ADVERTISE,521099,384,128,512,521.099
50n_10p_seed1,0.1,1,523394000,24,DRA_ADVERTISE,523215,266,128,512,523.215
50n_10p_seed1,0.1,1,524685000,28,DRA_ADVERTISE,524265,256,128,512,524.265
50n_10p_seed1,0.1,1,530577984,6,DRA_ADVERTISE,529763,384,128,512,529.763
50n_10p_seed1,0.1,1,530975000,39,DRA_ADVERTISE,530837,256,128,512,530.837
50n_10p_seed1,0.1,1,536946000,9,DRA_ADVERTISE,536707,283,128,512,536.707
50n_10p_seed1,0.1,1,537146000,28,DRA_ADVERTISE,536726,256,128,512,536.726
50n_10p_seed1,0.1,1,537460000,6,DRA_ADVERTISE,536646,384,128,512,536.646
50n_10p_seed1,0.1,1,538900984,24,DRA_ADVERTISE,538721,266,128,512,538.721
50n_10p_seed1,0.1,1,542397000,24,DRA_ADVERTISE,542218,277,128,512,542.218
50n_10p_seed1,0.1,1,547241000,39,DRA_ADVERTISE,547103,256,128,512,547.103
50n_10p_seed1,0.1,1,553213984,6,DRA_ADVERTISE,552399,409,128,512,552.399
50n_10p_seed1,0.1,1,553467000,6,DRA_ADVERTISE,552653,409,128,512,552.653
50n_10p_seed1,0.1,1,554645000,24,DRA_ADVERTISE,554466,272,128,512,554.466
50n_10p_seed1,0.1,1,555018000,28,DRA_ADVERTISE,554598,256,128,512,554.598
50n_10p_seed1,0.1,1,555666000,9,DRA_ADVERTISE,555427,280,128,512,555.427
50n_10p_seed1,0.1,1,559744000,28,DRA_ADVERTISE,559324,256,128,512,559.324
50n_10p_seed1,0.1,1,563830000,39,DRA_ADVERTISE,563692,256,128,512,563.692
50n_10p_seed1,0.1,1,566997000,9,DRA_ADVERTISE,566758,280,128,512,566.758
50n_10p_seed1,0.1,1,568010000,6,DRA_ADVERTISE,567196,401,128,512,567.196
50n_10p_seed1,0.1,1,569894984,24,DRA_ADVERTISE,569715,272,128,512,569.715
50n_10p_seed1,0.1,1,571501000,6,DRA_ADVERTISE,570687,397,128,512,570.687
50n_10p_seed1,0.1,1,572824000,28,DRA_ADVERTISE,572404,256,128,512,572.404
50n_10p_seed1,0.1,1,574946000,39,DRA_ADVERTISE,574808,256,128,512,574.808
50n_10p_seed1,0.1,1,575903000,24,DRA_ADVERTISE,575724,268,128,512,575.724
50n_10p_seed1,0.1,1,584572000,9,DRA_ADVERTISE,584333,277,128,512,584.333
50n_10p_seed1,0.1,1,585343000,28,DRA_ADVERTISE,584923,256,128,512,584.923
50n_10p_seed1,0.1,1,585382000,39,DRA_ADVERTISE,585244,256,128,512,585.244
50n_10p_seed1,0.1,1,587720000,24,DRA_ADVERTISE,587541,266,128,512,587.541
50n_10p_seed1,0.1,1,590098984,6,DRA_ADVERTISE,589284,393,128,512,589.284
50n_10p_seed1,0.1,1,591274000,6,DRA_ADVERTISE,590460,393,128,512,590.46
50n_10p_seed1,0.1,1,596583000,39,DRA_ADVERTISE,596445,256,128,512,596.445
50n_10p_seed1,0.1,1,596685984,24,DRA_ADVERTISE,596506,266,128,512,596.506
50n_10p_seed1,0.1,1,599691000,9,DRA_ADVERTISE,599452,277,128,512,599.452
50n_10p_seed2,0.1,2,13243000,40,DRA_ADVERTISE,12805,300,128,512,12.805
50n_10p_seed2,0.1,2,13589000,40,DRA_ADVERTISE,13151,300,128,512,13.151
50n_10p_seed2,0.1,2,14380000,40,DRA_ADVERTISE,13942,300,128,512,13.942
50n_10p_seed2,0.1,2,15875000,40,DRA_ADVERTISE,15437,300,128,512,15.437
50n_10p_seed2,0.1,2,16637000,40,DRA_ADVERTISE,16199,300,128,512,16.199
50n_10p_seed2,0.1,2,17056000,40,DRA_ADVERTISE,16618,300,128,512,16.618
50n_10p_seed2,0.1,2,17695000,26,DRA_ADVERTISE,16979,597,128,512,16.979
50n_10p_seed2,0.1,2,18007000,40,DRA_ADVERTISE,17569,300,128,512,17.569
50n_10p_seed2,0.1,2,18094000,26,DRA_ADVERTISE,17378,582,128,512,17.378
50n_10p_seed2,0.1,2,18898000,40,DRA_ADVERTISE,18460,300,128,512,18.46
50n_10p_seed2,0.1,2,19029000,26,DRA_ADVERTISE,18313,582,128,512,18.313
50n_10p_seed2,0.1,2,19383000,40,DRA_ADVERTISE,18945,300,128,512,18.945
50n_10p_seed2,0.1,2,20320000,40,DRA_ADVERTISE,19882,300,128,512,19.882
50n_10p_seed2,0.1,2,20572000,26,DRA_ADVERTISE,19856,568,128,512,19.856
50n_10p_seed2,0.1,2,21018000,16,DRA_ADVERTISE,20458,542,128,512,20.458
50n_10p_seed2,0.1,2,21547000,16,DRA_ADVERTISE,20987,542,128,512,20.987
50n_10p_seed2,0.1,2,22055000,40,DRA_ADVERTISE,21617,295,128,512,21.617
50n_10p_seed2,0.1,2,22223000,16,DRA_ADVERTISE,21663,538,128,512,21.663
50n_10p_seed2,0.1,2,24416000,16,DRA_ADVERTISE,23856,538,128,512,23.856
50n_10p_seed2,0.1,2,24836000,26,DRA_ADVERTISE,24120,568,128,512,24.12
50n_10p_seed2,0.1,2,24851000,8,DRA_ADVERTISE,24372,534,128,512,24.372
50n_10p_seed2,0.1,2,25271000,4,DRA_ADVERTISE,24346,558,128,512,24.346
50n_10p_seed2,0.1,2,25371000,8,DRA_ADVERTISE,24892,534,128,512,24.892
50n_10p_seed2,0.1,2,25690000,4,DRA_ADVERTISE,24765,558,128,512,24.765
50n_10p_seed2,0.1,2,26065000,40,DRA_ADVERTISE,25627,280,128,512,25.627
50n_10p_seed2,0.1,2,26111000,8,DRA_ADVERTISE,25632,526,128,512,25.632
50n_10p_seed2,0.1,2,26706000,4,DRA_ADVERTISE,25781,546,128,512,25.781
50n_10p_seed2,0.1,2,26909000,16,DRA_ADVERTISE,26349,530,128,512,26.349
50n_10p_seed2,0.1,2,28086000,8,DRA_ADVERTISE,27607,526,128,512,27.607
50n_10p_seed2,0.1,2,28893000,4,DRA_ADVERTISE,27968,546,128,512,27.968
50n_10p_seed2,0.1,2,31012000,4,DRA_ADVERTISE,30087,546,128,512,30.087
50n_10p_seed2,0.1,2,31031000,26,DRA_ADVERTISE,30315,556,128,512,30.315
50n_10p_seed2,0.1,2,32602000,8,DRA_ADVERTISE,32123,511,128,512,32.123
50n_10p_seed2,0.1,2,33462000,40,DRA_ADVERTISE,33024,270,128,512,33.024
50n_10p_seed2,0.1,2,34453008,26,DRA_ADVERTISE,33737,545,128,512,33.737
50n_10p_seed2,0.1,2,36148000,16,DRA_ADVERTISE,35588,530,128,512,35.588
50n_10p_seed2,0.1,2,39548000,8,DRA_ADVERTISE,39069,511,128,512,39.069
50n_10p_seed2,0.1,2,39972000,4,DRA_ADVERTISE,39047,529,128,512,39.047
50n_10p_seed2,0.1,2,47325000,26,DRA_ADVERTISE,46609,532,128,512,46.609
50n_10p_seed2,0.1,2,48216000,40,DRA_ADVERTISE,47778,265,128,512,47.778
50n_10p_seed2,0.1,2,51622000,16,DRA_ADVERTISE,51062,517,128,512,51.062
50n_10p_seed2,0.1,2,52400000,4,DRA_ADVERTISE,51475,529,128,512,51.475
50n_10p_seed2,0.1,2,55116952,26,DRA_ADVERTISE,54400,509,128,512,54.4
50n_10p_seed2,0.1,2,55496000,8,DRA_ADVERTISE,55017,498,128,512,55.017
50n_10p_seed2,0.1,2,58870000,26,DRA_ADVERTISE,58154,503,128,512,58.154
50n_10p_seed2,0.1,2,64335000,16,DRA_ADVERTISE,63775,503,128,512,63.775
50n_10p_seed2,0.1,2,64787000,40,DRA_ADVERTISE,64349,262,128,512,64.349
50n_10p_seed2,0.1,2,66269000,40,DRA_ADVERTISE,65831,262,128,512,65.831
50n_10p_seed2,0.1,2,68575000,4,DRA_ADVERTISE,67650,474,128,512,67.65
50n_10p_seed2,0.1,2,72711000,8,DRA_ADVERTISE,72232,492,128,512,72.232
50n_10p_seed2,0.1,2,78462000,16,DRA_ADVERTISE,77902,503,128,512,77.902
50n_10p_seed2,0.1,2,79337000,26,DRA_ADVERTISE,78621,466,128,512,78.621
50n_10p_seed2,0.1,2,80354952,26,DRA_ADVERTISE,79638,466,128,512,79.638
50n_10p_seed2,0.1,2,81061000,40,DRA_ADVERTISE,80623,257,128,512,80.623
50n_10p_seed2,0.1,2,82163000,8,DRA_ADVERTISE,81684,487,128,512,81.684
50n_10p_seed2,0.1,2,84410000,4,DRA_ADVERTISE,83485,469,128,512,83.485
50n_10p_seed2,0.1,2,87940000,16,DRA_ADVERTISE,87380,495,128,512,87.38
50n_10p_seed2,0.1,2,91398000,26,DRA_ADVERTISE,90682,461,128,512,90.682
50n_10p_seed2,0.1,2,91474000,4,DRA_ADVERTISE,90549,469,128,512,90.549
50n_10p_seed2,0.1,2,91474000,26,DRA_ADVERTISE,90758,461,128,512,90.758
50n_10p_seed2,0.1,2,96536000,16,DRA_ADVERTISE,95976,483,128,512,95.976
50n_10p_seed2,0.1,2,98541000,40,DRA_ADVERTISE,98103,256,128,512,98.103
50n_10p_seed2,0.1,2,100894000,8,DRA_ADVERTISE,100415,475,128,512,100.415
50n_10p_seed2,0.1,2,106046000,4,DRA_ADVERTISE,105121,455,128,512,105.121
50n_10p_seed2,0.1,2,110692000,16,DRA_ADVERTISE,110132,483,128,512,110.132
50n_10p_seed2,0.1,2,113037000,40,DRA_ADVERTISE,112599,256,128,512,112.599
50n_10p_seed2,0.1,2,113634000,26,DRA_ADVERTISE,112918,435,128,512,112.918
50n_10p_seed2,0.1,2,115026000,8,DRA_ADVERTISE,114547,475,128,512,114.547
50n_10p_seed2,0.1,2,117358984,26,DRA_ADVERTISE,116642,435,128,512,116.642
50n_10p_seed2,0.1,2,119871000,8,DRA_ADVERTISE,119392,471,128,512,119.392
50n_10p_seed2,0.1,2,121500000,4,DRA_ADVERTISE,120575,442,128,512,120.575
50n_10p_seed2,0.1,2,123936000,26,DRA_ADVERTISE,123220,428,128,512,123.22
50n_10p_seed2,0.1,2,129181000,16,DRA_ADVERTISE,128621,468,128,512,128.621
50n_10p_seed2,0.1,2,130723000,40,DRA_ADVERTISE,130285,256,128,512,130.285
50n_10p_seed2,0.1,2,131231000,8,DRA_ADVERTISE,130752,461,128,512,130.752
50n_10p_seed2,0.1,2,137493000,4,DRA_ADVERTISE,136568,432,128,512,136.568
50n_10p_seed2,0.1,2,142000000,40,DRA_ADVERTISE,141562,256,128,512,141.562
50n_10p_seed2,0.1,2,147648000,26,DRA_ADVERTISE,146932,422,128,512,146.932
50n_10p_seed2,0.1,2,148142000,4,DRA_ADVERTISE,147217,432,128,512,147.217
50n_10p_seed2,0.1,2,149911000,16,DRA_ADVERTISE,149351,457,128,512,149.351
50n_10p_seed2,0.1,2,152360000,40,DRA_ADVERTISE,151922,256,128,512,151.922
50n_10p_seed2,0.1,2,152803000,8,DRA_ADVERTISE,152324,455,128,512,152.324
50n_10p_seed2,0.1,2,156424984,26,DRA_ADVERTISE,155708,414,128,512,155.708
50n_10p_seed2,0.1,2,159502000,40,DRA_ADVERTISE,159064,256,128,512,159.064
50n_10p_seed2,0.1,2,161525000,16,DRA_ADVERTISE,160965,457,128,512,160.965
50n_10p_seed2,0.1,2,162451000,26,DRA_ADVERTISE,161735,410,128,512,161.735
50n_10p_seed2,0.1,2,167317000,8,DRA_ADVERTISE,166838,447,128,512,166.838
50n_10p_seed2,0.1,2,169003000,4,DRA_ADVERTISE,168078,422,128,512,168.078
50n_10p_seed2,0.1,2,172942000,26,DRA_ADVERTISE,172226,410,128,512,172.226
50n_10p_seed2,0.1,2,174306000,16,DRA_ADVERTISE,173746,455,128,512,173.746
50n_10p_seed2,0.1,2,176611984,26,DRA_ADVERTISE,175895,410,128,512,175.895
50n_10p_seed2,0.1,2,176661000,16,DRA_ADVERTISE,176101,453,128,512,176.101
50n_10p_seed2,0.1,2,179235000,40,DRA_ADVERTISE,178797,256,128,512,178.797
50n_10p_seed2,0.1,2,182688000,4,DRA_ADVERTISE,181763,422,128,512,181.763
50n_10p_seed2,0.1,2,186885000,4,DRA_ADVERTISE,185960,418,128,512,185.96
50n_10p_seed2,0.1,2,187458000,8,DRA_ADVERTISE,186979,447,128,512,186.979
50n_10p_seed2,0.1,2,196699000,40,DRA_ADVERTISE,196261,256,128,512,196.261
50n_10p_seed2,0.1,2,196998000,26,DRA_ADVERTISE,196282,400,128,512,196.282
50n_10p_seed2,0.1,2,197801000,8,DRA_ADVERTISE,197322,438,128,512,197.322
50n_10p_seed2,0.1,2,198921984,26,DRA_ADVERTISE,198205,400,128,512,198.205
50n_10p_seed2,0.1,2,199014000,8,DRA_ADVERTISE,198535,438,128,512,198.535
50n_10p_seed2,0.1,2,199220000,26,DRA_ADVERTISE,198504,398,128,512,198.504
50n_10p_seed2,0.1,2,199535000,40,DRA_ADVERTISE,199097,256,128,512,199.097
50n_10p_seed2,0.1,2,200351000,16,DRA_ADVERTISE,199791,438,128,512,199.791
50n_10p_seed2,0.1,2,204445000,4,DRA_ADVERTISE,203520,412,128,512,203.52
50n_10p_seed2,0.1,2,211203000,26,DRA_ADVERTISE,210487,397,128,512,210.487
50n_10p_seed2,0.1,2,213972000,16,DRA_ADVERTISE,213412,438,128,512,213.412
50n_10p_seed2,0.1,2,214563000,40,DRA_ADVERTISE,214125,256,128,512,214.125
50n_10p_seed2,0.1,2,218645000,8,DRA_ADVERTISE,218166,438,128,512,218.166
50n_10p_seed2,0.1,2,220607000,4,DRA_ADVERTISE,219682,411,128,512,219.682
50n_10p_seed2,0.1,2,227801000,40,DRA_ADVERTISE,227363,256,128,512,227.363
50n_10p_seed2,0.1,2,228089000,16,DRA_ADVERTISE,227529,432,128,512,227.529
50n_10p_seed2,0.1,2,230007000,26,DRA_ADVERTISE,229291,395,128,512,229.291
50n_10p_seed2,0.1,2,231190000,16,DRA_ADVERTISE,230630,432,128,512,230.63
50n_10p_seed2,0.1,2,231428984,26,DRA_ADVERTISE,230712,395,128,512,230.712
50n_10p_seed2,0.1,2,231637000,8,DRA_ADVERTISE,231158,430,128,512,231.158
50n_10p_seed2,0.1,2,232197000,4,DRA_ADVERTISE,231272,408,128,512,231.272
50n_10p_seed2,0.1,2,240733000,40,DRA_ADVERTISE,240295,256,128,512,240.295
50n_10p_seed2,0.1,2,242918000,26,DRA_ADVERTISE,242202,392,128,512,242.202
50n_10p_seed2,0.1,2,243464000,16,DRA_ADVERTISE,242904,432,128,512,242.904
50n_10p_seed2,0.1,2,249131000,26,DRA_ADVERTISE,248415,392,128,512,248.415
50n_10p_seed2,0.1,2,249741000,8,DRA_ADVERTISE,249262,423,128,512,249.262
50n_10p_seed2,0.1,2,250182000,4,DRA_ADVERTISE,249257,408,128,512,249.257
50n_10p_seed2,0.1,2,252210000,8,DRA_ADVERTISE,251731,423,128,512,251.731
50n_10p_seed2,0.1,2,254873000,40,DRA_ADVERTISE,254435,256,128,512,254.435
50n_10p_seed2,0.1,2,260512000,26,DRA_ADVERTISE,259796,392,128,512,259.796
50n_10p_seed2,0.1,2,261407000,16,DRA_ADVERTISE,260847,432,128,512,260.847
50n_10p_seed2,0.1,2,262986000,4,DRA_ADVERTISE,262061,405,128,512,262.061
50n_10p_seed2,0.1,2,263989000,40,DRA_ADVERTISE,263551,256,128,512,263.551
50n_10p_seed2,0.1,2,264996000,8,DRA_ADVERTISE,264517,423,128,512,264.517
50n_10p_seed2,0.1,2,268957000,4,DRA_ADVERTISE,268032,405,128,512,268.032
50n_10p_seed2,0.1,2,269337984,26,DRA_ADVERTISE,268621,391,128,512,268.621
50n_10p_seed2,0.1,2,275801000,40,DRA_ADVERTISE,275363,256,128,512,275.363
50n_10p_seed2,0.1,2,276004000,16,DRA_ADVERTISE,275444,440,128,512,275.444
50n_10p_seed2,0.1,2,278147000,26,DRA_ADVERTISE,277431,390,128,512,277.431
50n_10p_seed2,0.1,2,280692000,8,DRA_ADVERTISE,280213,419,128,512,280.213
50n_10p_seed2,0.1,2,283030000,4,DRA_ADVERTISE,282105,405,128,512,282.105
50n_10p_seed2,0.1,2,288939000,16,DRA_ADVERTISE,288379,440,128,512,288.379
50n_10p_seed2,0.1,2,289395000,26,DRA_ADVERTISE,288679,389,128,512,288.679
50n_10p_seed2,0.1,2,290838000,40,DRA_ADVERTISE,290400,256,128,512,290.4
50n_10p_seed2,0.1,2,293857000,16,DRA_ADVERTISE,293297,434,128,512,293.297
50n_10p_seed2,0.1,2,295682984,26,DRA_ADVERTISE,294966,389,128,512,294.966
50n_10p_seed2,0.1,2,300334000,4,DRA_ADVERTISE,299409,402,128,512,299.409
50n_10p_seed2,0.1,2,301113000,8,DRA_ADVERTISE,300634,414,128,512,300.634
50n_10p_seed2,0.1,2,305022000,40,DRA_ADVERTISE,304584,256,128,512,304.584
50n_10p_seed2,0.1,2,307566000,26,DRA_ADVERTISE,306850,388,128,512,306.85
50n_10p_seed2,0.1,2,309320000,40,DRA_ADVERTISE,308882,256,128,512,308.882
50n_10p_seed2,0.1,2,311228000,16,DRA_ADVERTISE,310668,434,128,512,310.668
50n_10p_seed2,0.1,2,312620000,8,DRA_ADVERTISE,312141,413,128,512,312.141
50n_10p_seed2,0.1,2,314237000,4,DRA_ADVERTISE,313312,400,128,512,313.312
50n_10p_seed2,0.1,2,320698000,26,DRA_ADVERTISE,319982,387,128,512,319.982
50n_10p_seed2,0.1,2,322101000,40,DRA_ADVERTISE,321663,256,128,512,321.663
50n_10p_seed2,0.1,2,323999000,16,DRA_ADVERTISE,323439,429,128,512,323.439
50n_10p_seed2,0.1,2,324373000,26,DRA_ADVERTISE,323657,387,128,512,323.657
50n_10p_seed2,0.1,2,325184984,26,DRA_ADVERTISE,324468,387,128,512,324.468
50n_10p_seed2,0.1,2,327651000,8,DRA_ADVERTISE,327172,410,128,512,327.172
50n_10p_seed2,0.1,2,331470000,4,DRA_ADVERTISE,330545,398,128,512,330.545
50n_10p_seed2,0.1,2,339075000,4,DRA_ADVERTISE,338150,398,128,512,338.15
50n_10p_seed2,0.1,2,344794000,26,DRA_ADVERTISE,344078,386,128,512,344.078
50n_10p_seed2,0.1,2,344867000,40,DRA_ADVERTISE,344429,256,128,512,344.429
50n_10p_seed2,0.1,2,344920000,16,DRA_ADVERTISE,344360,429,128,512,344.36
50n_10p_seed2,0.1,2,346143000,8,DRA_ADVERTISE,345664,407,128,512,345.664
50n_10p_seed2,0.1,2,348105000,4,DRA_ADVERTISE,347180,398,128,512,347.18
50n_10p_seed2,0.1,2,355979000,40,DRA_ADVERTISE,355541,256,128,512,355.541
50n_10p_seed2,0.1,2,356753000,8,DRA_ADVERTISE,356274,407,128,512,356.274
50n_10p_seed2,0.1,2,358323016,26,DRA_ADVERTISE,357607,385,128,512,357.607
50n_10p_seed2,0.1,2,360257000,26,DRA_ADVERTISE,359541,384,128,512,359.541
50n_10p_seed2,0.1,2,364158000,16,DRA_ADVERTISE,363598,433,128,512,363.598
50n_10p_seed2,0.1,2,366390000,26,DRA_ADVERTISE,365674,384,128,512,365.674
50n_10p_seed2,0.1,2,368414000,8,DRA_ADVERTISE,367935,404,128,512,367.935
50n_10p_seed2,0.1,2,368518000,4,DRA_ADVERTISE,367593,396,128,512,367.593
50n_10p_seed2,0.1,2,370937000,26,DRA_ADVERTISE,370221,384,128,512,370.221
50n_10p_seed2,0.1,2,376447000,40,DRA_ADVERTISE,376009,256,128,512,376.009
50n_10p_seed2,0.1,2,380259000,16,DRA_ADVERTISE,379699,432,128,512,379.699
50n_10p_seed2,0.1,2,382313000,4,DRA_ADVERTISE,381388,396,128,512,381.388
50n_10p_seed2,0.1,2,383683000,8,DRA_ADVERTISE,383204,402,128,512,383.204
50n_10p_seed2,0.1,2,384681016,26,DRA_ADVERTISE,383965,384,128,512,383.965
50n_10p_seed2,0.1,2,387925000,26,DRA_ADVERTISE,387209,384,128,512,387.209
50n_10p_seed2,0.1,2,388990000,16,DRA_ADVERTISE,388430,426,128,512,388.43
50n_10p_seed2,0.1,2,390175000,16,DRA_ADVERTISE,389615,426,128,512,389.615
50n_10p_seed2,0.1,2,390395000,40,DRA_ADVERTISE,389957,256,128,512,389.957
50n_10p_seed2,0.1,2,393458000,8,DRA_ADVERTISE,392979,402,128,512,392.979
50n_10p_seed2,0.1,2,399656000,4,DRA_ADVERTISE,398731,394,128,512,398.731
50n_10p_seed2,0.1,2,404697000,26,DRA_ADVERTISE,403981,384,128,512,403.981
50n_10p_seed2,0.1,2,404876000,40,DRA_ADVERTISE,404438,256,128,512,404.438
50n_10p_seed2,0.1,2,405223000,40,DRA_ADVERTISE,404785,268,128,512,404.785
50n_10p_seed2,0.1,2,410739000,8,DRA_ADVERTISE,410260,400,128,512,410.26
50n_10p_seed2,0.1,2,411091000,4,DRA_ADVERTISE,410166,394,128,512,410.166
50n_10p_seed2,0.1,2,412523000,16,DRA_ADVERTISE,411963,419,128,512,411.963
50n_10p_seed2,0.1,2,413826016,26,DRA_ADVERTISE,413110,384,128,512,413.11
50n_10p_seed2,0.1,2,419176000,26,DRA_ADVERTISE,418460,384,128,512,418.46
50n_10p_seed2,0.1,2,419909000,8,DRA_ADVERTISE,419430,398,128,512,419.43
50n_10p_seed2,0.1,2,420825000,40,DRA_ADVERTISE,420387,265,128,512,420.387
50n_10p_seed2,0.1,2,425439000,16,DRA_ADVERTISE,424879,418,128,512,424.879
50n_10p_seed2,0.1,2,428506000,8,DRA_ADVERTISE,428027,398,128,512,428.027
50n_10p_seed2,0.1,2,432625000,4,DRA_ADVERTISE,431700,405,128,512,431.7
50n_10p_seed2,0.1,2,440791000,40,DRA_ADVERTISE,440353,259,128,512,440.353
50n_10p_seed2,0.1,2,441708000,16,DRA_ADVERTISE,441148,412,128,512,441.148
50n_10p_seed2,0.1,2,442320000,26,DRA_ADVERTISE,441604,384,128,512,441.604
50n_10p_seed2,0.1,2,442608016,26,DRA_ADVERTISE,441892,384,128,512,441.892
50n_10p_seed2,0.1,2,445523000,4,DRA_ADVERTISE,444598,402,128,512,444.598
50n_10p_seed2,0.1,2,448732000,4,DRA_ADVERTISE,447807,402,128,512,447.807
50n_10p_seed2,0.1,2,449474000,8,DRA_ADVERTISE,448995,396,128,512,448.995
50n_10p_seed2,0.1,2,454122000,26,DRA_ADVERTISE,453406,384,128,512,453.406
50n_10p_seed2,0.1,2,454208016,40,DRA_ADVERTISE,453770,270,128,512,453.77
50n_10p_seed2,0.1,2,457563000,26,DRA_ADVERTISE,456847,384,128,512,456.847
50n_10p_seed2,0.1,2,457900000,16,DRA_ADVERTISE,457340,412,128,512,457.34
50n_10p_seed2,0.1,2,459978000,40,DRA_ADVERTISE,459540,266,128,512,459.54
50n_10p_seed2,0.1,2,462060000,4,DRA_ADVERTISE,461135,402,128,512,461.135
50n_10p_seed2,0.1,2,463022000,8,DRA_ADVERTISE,462543,396,128,512,462.543
50n_10p_seed2,0.1,2,470915016,26,DRA_ADVERTISE,470199,384,128,512,470.199
50n_10p_seed2,0.1,2,472007000,26,DRA_ADVERTISE,471291,384,128,512,471.291
50n_10p_seed2,0.1,2,474666000,40,DRA_ADVERTISE,474228,262,128,512,474.228
50n_10p_seed2,0.1,2,476845000,16,DRA_ADVERTISE,476285,409,128,512,476.285
50n_10p_seed2,0.1,2,477624000,40,DRA_ADVERTISE,477186,261,128,512,477.186
50n_10p_seed2,0.1,2,480640000,8,DRA_ADVERTISE,480161,394,128,512,480.161
50n_10p_seed2,0.1,2,480792000,4,DRA_ADVERTISE,479867,400,128,512,479.867
50n_10p_seed2,0.1,2,488909000,26,DRA_ADVERTISE,488193,384,128,512,488.193
50n_10p_seed2,0.1,2,492089000,40,DRA_ADVERTISE,491651,257,128,512,491.651
50n_10p_seed2,0.1,2,493909000,16,DRA_ADVERTISE,493349,406,128,512,493.349
50n_10p_seed2,0.1,2,495300000,16,DRA_ADVERTISE,494740,406,128,512,494.74
50n_10p_seed2,0.1,2,497652000,4,DRA_ADVERTISE,496727,398,128,512,496.727
50n_10p_seed2,0.1,2,498291000,8,DRA_ADVERTISE,497812,393,128,512,497.812
50n_10p_seed2,0.1,2,498843000,4,DRA_ADVERTISE,497918,398,128,512,497.918
50n_10p_seed2,0.1,2,503307000,26,DRA_ADVERTISE,502591,384,128,512,502.591
50n_10p_seed2,0.1,2,503687016,26,DRA_ADVERTISE,502971,384,128,512,502.971
50n_10p_seed2,0.1,2,504685000,26,DRA_ADVERTISE,503969,384,128,512,503.969
50n_10p_seed2,0.1,2,504689000,16,DRA_ADVERTISE,504129,403,128,512,504.129
50n_10p_seed2,0.1,2,508367000,8,DRA_ADVERTISE,507888,393,128,512,507.888
50n_10p_seed2,0.1,2,509131000,40,DRA_ADVERTISE,508693,256,128,512,508.693
50n_10p_seed2,0.1,2,509375000,8,DRA_ADVERTISE,508896,393,128,512,508.896
50n_10p_seed2,0.1,2,509588000,4,DRA_ADVERTISE,508663,398,128,512,508.663
50n_10p_seed2,0.1,2,518433000,26,DRA_ADVERTISE,517717,384,128,512,517.717
50n_10p_seed2,0.1,2,525184000,40,DRA_ADVERTISE,524746,256,128,512,524.746
50n_10p_seed2,0.1,2,525654016,26,DRA_ADVERTISE,524938,384,128,512,524.938
50n_10p_seed2,0.1,2,527199000,8,DRA_ADVERTISE,526720,392,128,512,526.72
50n_10p_seed2,0.1,2,527709000,16,DRA_ADVERTISE,527149,403,128,512,527.149
50n_10p_seed2,0.1,2,532035000,4,DRA_ADVERTISE,531110,396,128,512,531.11
50n_10p_seed2,0.1,2,537888000,26,DRA_ADVERTISE,537172,384,128,512,537.172
50n_10p_seed2,0.1,2,540030000,40,DRA_ADVERTISE,539592,256,128,512,539.592
50n_10p_seed2,0.1,2,542981000,8,DRA_ADVERTISE,542502,392,128,512,542.502
50n_10p_seed2,0.1,2,543138000,4,DRA_ADVERTISE,542213,396,128,512,542.213
50n_10p_seed2,0.1,2,543617000,40,DRA_ADVERTISE,543179,256,128,512,543.179
50n_10p_seed2,0.1,2,544694000,16,DRA_ADVERTISE,544134,401,128,512,544.134
50n_10p_seed2,0.1,2,548757000,16,DRA_ADVERTISE,548197,401,128,512,548.197
50n_10p_seed2,0.1,2,551349016,26,DRA_ADVERTISE,550633,384,128,512,550.633
50n_10p_seed2,0.1,2,551514000,26,DRA_ADVERTISE,550798,384,128,512,550.798
50n_10p_seed2,0.1,2,558136000,40,DRA_ADVERTISE,557698,256,128,512,557.698
50n_10p_seed2,0.1,2,559640000,16,DRA_ADVERTISE,559080,399,128,512,559.08
50n_10p_seed2,0.1,2,560189000,4,DRA_ADVERTISE,559264,404,128,512,559.264
50n_10p_seed2,0.1,2,563063000,8,DRA_ADVERTISE,562584,392,128,512,562.584
50n_10p_seed2,0.1,2,572387000,26,DRA_ADVERTISE,571671,392,128,512,571.671
50n_10p_seed2,0.1,2,575094000,40,DRA_ADVERTISE,574656,256,128,512,574.656
50n_10p_seed2,0.1,2,575224000,16,DRA_ADVERTISE,574664,399,128,512,574.664
50n_10p_seed2,0.1,2,576303016,26,DRA_ADVERTISE,575587,392,128,512,575.587
50n_10p_seed2,0.1,2,578057000,8,DRA_ADVERTISE,577578,391,128,512,577.578
50n_10p_seed2,0.1,2,581528000,4,DRA_ADVERTISE,580603,401,128,512,580.603
50n_10p_seed2,0.1,2,588248000,26,DRA_ADVERTISE,587532,392,128,512,587.532
50n_10p_seed2,0.1,2,589755000,40,DRA_ADVERTISE,589317,256,128,512,589.317
50n_10p_seed2,0.1,2,590510000,16,DRA_ADVERTISE,589950,397,128,512,589.95
50n_10p_seed2,0.1,2,590825000,26,DRA_ADVERTISE,590109,387,128,512,590.109
50n_10p_seed2,0.1,2,593227000,8,DRA_ADVERTISE,592748,391,128,512,592.748
50n_10p_seed2,0.1,2,597382000,4,DRA_ADVERTISE,596457,396,128,512,596.457
50n_10p_seed3,0.1,3,11633000,27,DRA_ADVERTISE,11008,308,128,512,11.008
50n_10p_seed3,0.1,3,12066000,27,DRA_ADVERTISE,11441,308,128,512,11.441
50n_10p_seed3,0.1,3,12859000,27,DRA_ADVERTISE,12234,308,128,512,12.234
50n_10p_seed3,0.1,3,12920000,14,DRA_ADVERTISE,12127,314,128,512,12.127
50n_10p_seed3,0.1,3,13383000,14,DRA_ADVERTISE,12590,314,128,512,12.59
50n_10p_seed3,0.1,3,14175000,14,DRA_ADVERTISE,13382,314,128,512,13.382
50n_10p_seed3,0.1,3,15099000,27,DRA_ADVERTISE,14474,308,128,512,14.474
50n_10p_seed3,0.1,3,15603000,14,DRA_ADVERTISE,14810,314,128,512,14.81
50n_10p_seed3,0.1,3,16027000,14,DRA_ADVERTISE,15234,314,128,512,15.234
50n_10p_seed3,0.1,3,16449000,28,DRA_ADVERTISE,16430,343,128,512,16.43
50n_10p_seed3,0.1,3,17001000,28,DRA_ADVERTISE,16982,343,128,512,16.982
50n_10p_seed3,0.1,3,17067000,14,DRA_ADVERTISE,16274,314,128,512,16.274
50n_10p_seed3,0.1,3,17656000,28,DRA_ADVERTISE,17637,343,128,512,17.637
50n_10p_seed3,0.1,3,18128000,12,DRA_ADVERTISE,17462,511,128,512,17.462
50n_10p_seed3,0.1,3,18194000,27,DRA_ADVERTISE,17569,308,128,512,17.569
50n_10p_seed3,0.1,3,18233000,14,DRA_ADVERTISE,17440,314,128,512,17.44
50n_10p_seed3,0.1,3,19267000,2,DRA_ADVERTISE,18504,470,128,512,18.504
50n_10p_seed3,0.1,3,19394000,12,DRA_ADVERTISE,18728,502,128,512,18.728
50n_10p_seed3,0.1,3,19728000,2,DRA_ADVERTISE,18965,470,128,512,18.965
50n_10p_seed3,0.1,3,19802000,12,DRA_ADVERTISE,19136,493,128,512,19.136
50n_10p_seed3,0.1,3,20074000,28,DRA_ADVERTISE,20055,343,128,512,20.055
50n_10p_seed3,0.1,3,20146000,2,DRA_ADVERTISE,19383,461,128,512,19.383
50n_10p_seed3,0.1,3,20471000,12,DRA_ADVERTISE,19805,493,128,512,19.805
50n_10p_seed3,0.1,3,20533000,2,DRA_ADVERTISE,19770,461,128,512,19.77
50n_10p_seed3,0.1,3,20632000,14,DRA_ADVERTISE,19839,308,128,512,19.839
50n_10p_seed3,0.1,3,20854000,12,DRA_ADVERTISE,20188,493,128,512,20.188
50n_10p_seed3,0.1,3,20860000,2,DRA_ADVERTISE,20097,461,128,512,20.097
50n_10p_seed3,0.1,3,21087000,14,DRA_ADVERTISE,20294,308,128,512,20.294
50n_10p_seed3,0.1,3,21928000,14,DRA_ADVERTISE,21135,315,128,512,21.135
50n_10p_seed3,0.1,3,21968000,2,DRA_ADVERTISE,21205,461,128,512,21.205
50n_10p_seed3,0.1,3,22010000,12,DRA_ADVERTISE,21344,493,128,512,21.344
50n_10p_seed3,0.1,3,22969000,28,DRA_ADVERTISE,22950,343,128,512,22.95
50n_10p_seed3,0.1,3,23255000,12,DRA_ADVERTISE,22589,493,128,512,22.589
50n_10p_seed3,0.1,3,23274000,14,DRA_ADVERTISE,22481,303,128,512,22.481
50n_10p_seed3,0.1,3,23931000,2,DRA_ADVERTISE,23168,461,128,512,23.168
50n_10p_seed3,0.1,3,25493000,27,DRA_ADVERTISE,24868,292,128,512,24.868
50n_10p_seed3,0.1,3,25575000,28,DRA_ADVERTISE,25556,334,128,512,25.556
50n_10p_seed3,0.1,3,25852000,27,DRA_ADVERTISE,25227,292,128,512,25.227
50n_10p_seed3,0.1,3,25994000,28,DRA_ADVERTISE,25975,334,128,512,25.975
50n_10p_seed3,0.1,3,26729000,27,DRA_ADVERTISE,26104,292,128,512,26.104
50n_10p_seed3,0.1,3,26828000,28,DRA_ADVERTISE,26809,334,128,512,26.809
50n_10p_seed3,0.1,3,27158000,2,DRA_ADVERTISE,26395,457,128,512,26.395
50n_10p_seed3,0.1,3,27832000,14,DRA_ADVERTISE,27039,298,128,512,27.039
50n_10p_seed3,0.1,3,28078000,12,DRA_ADVERTISE,27412,489,128,512,27.412
50n_10p_seed3,0.1,3,28886000,27,DRA_ADVERTISE,28261,288,128,512,28.261
50n_10p_seed3,0.1,3,29147000,28,DRA_ADVERTISE,29128,334,128,512,29.128
50n_10p_seed3,0.1,3,32097000,27,DRA_ADVERTISE,31472,284,128,512,31.472
50n_10p_seed3,0.1,3,32540000,28,DRA_ADVERTISE,32521,334,128,512,32.521
50n_10p_seed3,0.1,3,34157000,14,DRA_ADVERTISE,33364,305,128,512,33.364
50n_10p_seed3,0.1,3,34411000,12,DRA_ADVERTISE,33745,489,128,512,33.745
50n_10p_seed3,0.1,3,35029000,2,DRA_ADVERTISE,34266,457,128,512,34.266
50n_10p_seed3,0.1,3,40150000,27,DRA_ADVERTISE,39525,278,128,512,39.525
50n_10p_seed3,0.1,3,41200000,28,DRA_ADVERTISE,41181,334,128,512,41.181
50n_10p_seed3,0.1,3,46507000,2,DRA_ADVERTISE,45744,440,128,512,45.744
50n_10p_seed3,0.1,3,47237000,14,DRA_ADVERTISE,46444,297,128,512,46.444
50n_10p_seed3,0.1,3,48442000,12,DRA_ADVERTISE,47776,469,128,512,47.776
50n_10p_seed3,0.1,3,51202000,28,DRA_ADVERTISE,51183,326,128,512,51.183
50n_10p_seed3,0.1,3,52160000,27,DRA_ADVERTISE,51535,271,128,512,51.535
50n_10p_seed3,0.1,3,58578000,27,DRA_ADVERTISE,57953,267,128,512,57.953
50n_10p_seed3,0.1,3,62559000,2,DRA_ADVERTISE,61796,440,128,512,61.796
50n_10p_seed3,0.1,3,63937000,12,DRA_ADVERTISE,63271,462,128,512,63.271
50n_10p_seed3,0.1,3,64316000,14,DRA_ADVERTISE,63523,278,128,512,63.523
50n_10p_seed3,0.1,3,66101000,2,DRA_ADVERTISE,65338,440,128,512,65.338
50n_10p_seed3,0.1,3,68427000,28,DRA_ADVERTISE,68408,326,128,512,68.408
50n_10p_seed3,0.1,3,71083000,28,DRA_ADVERTISE,71064,326,128,512,71.064
50n_10p_seed3,0.1,3,74116000,27,DRA_ADVERTISE,73491,262,128,512,73.491
50n_10p_seed3,0.1,3,81066000,12,DRA_ADVERTISE,80400,452,128,512,80.4
50n_10p_seed3,0.1,3,83341000,14,DRA_ADVERTISE,82548,269,128,512,82.548
50n_10p_seed3,0.1,3,83560000,2,DRA_ADVERTISE,82797,432,128,512,82.797
50n_10p_seed3,0.1,3,85708000,27,DRA_ADVERTISE,85083,258,128,512,85.083
50n_10p_seed3,0.1,3,86136000,28,DRA_ADVERTISE,86117,319,128,512,86.117
50n_10p_seed3,0.1,3,97489000,2,DRA_ADVERTISE,96726,435,128,512,96.726
50n_10p_seed3,0.1,3,99261000,27,DRA_ADVERTISE,98636,256,128,512,98.636
50n_10p_seed3,0.1,3,99798000,12,DRA_ADVERTISE,99132,455,128,512,99.132
50n_10p_seed3,0.1,3,101301000,14,DRA_ADVERTISE,100508,262,128,512,100.508
50n_10p_seed3,0.1,3,105831000,28,DRA_ADVERTISE,105812,319,128,512,105.812
50n_10p_seed3,0.1,3,111202000,12,DRA_ADVERTISE,110536,455,128,512,110.536
50n_10p_seed3,0.1,3,111710000,14,DRA_ADVERTISE,110917,261,128,512,110.917
50n_10p_seed3,0.1,3,112501000,2,DRA_ADVERTISE,111738,431,128,512,111.738
50n_10p_seed3,0.1,3,115188000,12,DRA_ADVERTISE,114522,449,128,512,114.522
50n_10p_seed3,0.1,3,116087000,14,DRA_ADVERTISE,115294,260,128,512,115.294
50n_10p_seed3,0.1,3,117520000,2,DRA_ADVERTISE,116757,431,128,512,116.757
50n_10p_seed3,0.1,3,118743000,28,DRA_ADVERTISE,118724,312,128,512,118.724
50n_10p_seed3,0.1,3,122443000,27,DRA_ADVERTISE,121818,266,128,512,121.818
50n_10p_seed3,0.1,3,127096000,2,DRA_ADVERTISE,126333,423,128,512,126.333
50n_10p_seed3,0.1,3,129462000,14,DRA_ADVERTISE,128669,256,128,512,128.669
50n_10p_seed3,0.1,3,133260000,12,DRA_ADVERTISE,132594,441,128,512,132.594
50n_10p_seed3,0.1,3,136551000,27,DRA_ADVERTISE,135926,263,128,512,135.926
50n_10p_seed3,0.1,3,139528000,28,DRA_ADVERTISE,139509,312,128,512,139.509
50n_10p_seed3,0.1,3,143119000,12,DRA_ADVERTISE,142453,433,128,512,142.453
50n_10p_seed3,0.1,3,150251000,2,DRA_ADVERTISE,149488,417,128,512,149.488
50n_10p_seed3,0.1,3,150686000,14,DRA_ADVERTISE,149893,256,128,512,149.893
50n_10p_seed3,0.1,3,153653000,27,DRA_ADVERTISE,153028,257,128,512,153.028
50n_10p_seed3,0.1,3,154963000,28,DRA_ADVERTISE,154944,306,128,512,154.944
50n_10p_seed3,0.1,3,155193000,27,DRA_ADVERTISE,154568,256,128,512,154.568
50n_10p_seed3,0.1,3,163073000,14,DRA_ADVERTISE,162280,256,128,512,162.28
50n_10p_seed3,0.1,3,164113000,14,DRA_ADVERTISE,163320,256,128,512,163.32
50n_10p_seed3,0.1,3,165998000,2,DRA_ADVERTISE,165235,411,128,512,165.235
50n_10p_seed3,0.1,3,167151000,12,DRA_ADVERTISE,166485,425,128,512,166.485
50n_10p_seed3,0.1,3,169005000,27,DRA_ADVERTISE,168380,256,128,512,168.38
50n_10p_seed3,0.1,3,169380000,28,DRA_ADVERTISE,169361,306,128,512,169.361
50n_10p_seed3,0.1,3,171161000,28,DRA_ADVERTISE,171142,306,128,512,171.142
50n_10p_seed3,0.1,3,179373000,12,DRA_ADVERTISE,178707,420,128,512,178.707
50n_10p_seed3,0.1,3,180327000,2,DRA_ADVERTISE,179564,410,128,512,179.564
50n_10p_seed3,0.1,3,183188000,12,DRA_ADVERTISE,182522,420,128,512,182.522
50n_10p_seed3,0.1,3,183513000,27,DRA_ADVERTISE,182888,256,128,512,182.888
50n_10p_seed3,0.1,3,183756000,14,DRA_ADVERTISE,182963,268,128,512,182.963
50n_10p_seed3,0.1,3,186359000,28,DRA_ADVERTISE,186340,301,128,512,186.34
50n_10p_seed3,0.1,3,188283000,2,DRA_ADVERTISE,187520,407,128,512,187.52
50n_10p_seed3,0.1,3,193268000,12,DRA_ADVERTISE,192602,418,128,512,192.602
50n_10p_seed3,0.1,3,196619000,2,DRA_ADVERTISE,195856,405,128,512,195.856
50n_10p_seed3,0.1,3,198068000,14,DRA_ADVERTISE,197275,263,128,512,197.275
50n_10p_seed3,0.1,3,200989000,28,DRA_ADVERTISE,200970,301,128,512,200.97
50n_10p_seed3,0.1,3,204042000,27,DRA_ADVERTISE,203417,256,128,512,203.417
50n_10p_seed3,0.1,3,208930000,27,DRA_ADVERTISE,208305,256,128,512,208.305
50n_10p_seed3,0.1,3,209055000,12,DRA_ADVERTISE,208389,414,128,512,208.389
50n_10p_seed3,0.1,3,215601000,2,DRA_ADVERTISE,214838,405,128,512,214.838
50n_10p_seed3,0.1,3,216250000,14,DRA_ADVERTISE,215457,260,128,512,215.457
50n_10p_seed3,0.1,3,217717000,27,DRA_ADVERTISE,217092,256,128,512,217.092
50n_10p_seed3,0.1,3,218504000,28,DRA_ADVERTISE,218485,296,128,512,218.485
50n_10p_seed3,0.1,3,220275000,14,DRA_ADVERTISE,219482,258,128,512,219.482
50n_10p_seed3,0.1,3,229706000,2,DRA_ADVERTISE,228943,402,128,512,228.943
50n_10p_seed3,0.1,3,231579000,14,DRA_ADVERTISE,230786,256,128,512,230.786
50n_10p_seed3,0.1,3,232294000,12,DRA_ADVERTISE,231628,411,128,512,231.628
50n_10p_seed3,0.1,3,235631000,28,DRA_ADVERTISE,235612,292,128,512,235.612
50n_10p_seed3,0.1,3,236743000,27,DRA_ADVERTISE,236118,256,128,512,236.118
50n_10p_seed3,0.1,3,238199000,28,DRA_ADVERTISE,238180,292,128,512,238.18
50n_10p_seed3,0.1,3,244545000,12,DRA_ADVERTISE,243879,408,128,512,243.879
50n_10p_seed3,0.1,3,245701000,12,DRA_ADVERTISE,245035,408,128,512,245.035
50n_10p_seed3,0.1,3,248705000,14,DRA_ADVERTISE,247912,256,128,512,247.912
50n_10p_seed3,0.1,3,249080000,2,DRA_ADVERTISE,248317,400,128,512,248.317
50n_10p_seed3,0.1,3,251202000,27,DRA_ADVERTISE,250577,256,128,512,250.577
50n_10p_seed3,0.1,3,251585000,28,DRA_ADVERTISE,251566,292,128,512,251.566
50n_10p_seed3,0.1,3,258308000,2,DRA_ADVERTISE,257545,400,128,512,257.545
50n_10p_seed3,0.1,3,259222000,2,DRA_ADVERTISE,258459,400,128,512,258.459
50n_10p_seed3,0.1,3,261767000,12,DRA_ADVERTISE,261101,408,128,512,261.101
50n_10p_seed3,0.1,3,262459000,27,DRA_ADVERTISE,261834,256,128,512,261.834
50n_10p_seed3,0.1,3,263006000,14,DRA_ADVERTISE,262213,256,128,512,262.213
50n_10p_seed3,0.1,3,264164000,28,DRA_ADVERTISE,264145,292,128,512,264.145
50n_10p_seed3,0.1,3,264460000,27,DRA_ADVERTISE,263835,256,128,512,263.835
50n_10p_seed3,0.1,3,277673000,2,DRA_ADVERTISE,276910,398,128,512,276.91
50n_10p_seed3,0.1,3,277804000,12,DRA_ADVERTISE,277138,408,128,512,277.138
50n_10p_seed3,0.1,3,278365000,14,DRA_ADVERTISE,277572,256,128,512,277.572
50n_10p_seed3,0.1,3,279738000,28,DRA_ADVERTISE,279719,288,128,512,279.719
50n_10p_seed3,0.1,3,280852000,14,DRA_ADVERTISE,280059,256,128,512,280.059
50n_10p_seed3,0.1,3,281911000,27,DRA_ADVERTISE,281286,256,128,512,281.286
50n_10p_seed3,0.1,3,290697000,28,DRA_ADVERTISE,290678,288,128,512,290.678
50n_10p_seed3,0.1,3,292775000,2,DRA_ADVERTISE,292012,398,128,512,292.012
50n_10p_seed3,0.1,3,294812000,12,DRA_ADVERTISE,294146,405,128,512,294.146
50n_10p_seed3,0.1,3,295853000,28,DRA_ADVERTISE,295834,284,128,512,295.834
50n_10p_seed3,0.1,3,296821000,14,DRA_ADVERTISE,296028,256,128,512,296.028
50n_10p_seed3,0.1,3,297501000,27,DRA_ADVERTISE,296876,256,128,512,296.876
50n_10p_seed3,0.1,3,307443000,2,DRA_ADVERTISE,306680,398,128,512,306.68
50n_10p_seed3,0.1,3,312468000,12,DRA_ADVERTISE,311802,402,128,512,311.802
50n_10p_seed3,0.1,3,314428000,28,DRA_ADVERTISE,314409,284,128,512,314.409
50n_10p_seed3,0.1,3,314445000,14,DRA_ADVERTISE,313652,256,128,512,313.652
50n_10p_seed3,0.1,3,316414000,27,DRA_ADVERTISE,315789,256,128,512,315.789
50n_10p_seed3,0.1,3,325118000,14,DRA_ADVERTISE,324325,256,128,512,324.325
50n_10p_seed3,0.1,3,326795000,12,DRA_ADVERTISE,326129,400,128,512,326.129
50n_10p_seed3,0.1,3,326806000,2,DRA_ADVERTISE,326043,396,128,512,326.043
50n_10p_seed3,0.1,3,328601000,28,DRA_ADVERTISE,328582,284,128,512,328.582
50n_10p_seed3,0.1,3,334316000,27,DRA_ADVERTISE,333691,264,128,512,333.691
50n_10p_seed3,0.1,3,336397000,12,DRA_ADVERTISE,335731,400,128,512,335.731
50n_10p_seed3,0.1,3,341475000,28,DRA_ADVERTISE,341456,281,128,512,341.456
50n_10p_seed3,0.1,3,344009000,14,DRA_ADVERTISE,343216,256,128,512,343.216
50n_10p_seed3,0.1,3,344031000,2,DRA_ADVERTISE,343268,394,128,512,343.268
50n_10p_seed3,0.1,3,345696000,12,DRA_ADVERTISE,345030,400,128,512,345.03
50n_10p_seed3,0.1,3,345790000,27,DRA_ADVERTISE,345165,261,128,512,345.165
50n_10p_seed3,0.1,3,352078000,28,DRA_ADVERTISE,352059,281,128,512,352.059
50n_10p_seed3,0.1,3,352986000,27,DRA_ADVERTISE,352361,261,128,512,352.361
50n_10p_seed3,0.1,3,358991000,2,DRA_ADVERTISE,358228,393,128,512,358.228
50n_10p_seed3,0.1,3,359899000,14,DRA_ADVERTISE,359106,256,128,512,359.106
50n_10p_seed3,0.1,3,362752000,12,DRA_ADVERTISE,362086,398,128,512,362.086
50n_10p_seed3,0.1,3,367472000,27,DRA_ADVERTISE,366847,256,128,512,366.847
50n_10p_seed3,0.1,3,368566000,28,DRA_ADVERTISE,368547,278,128,512,368.547
50n_10p_seed3,0.1,3,368806000,2,DRA_ADVERTISE,368043,393,128,512,368.043
50n_10p_seed3,0.1,3,372361000,12,DRA_ADVERTISE,371695,398,128,512,371.695
50n_10p_seed3,0.1,3,373113000,14,DRA_ADVERTISE,372320,256,128,512,372.32
50n_10p_seed3,0.1,3,375958000,2,DRA_ADVERTISE,375195,393,128,512,375.195
50n_10p_seed3,0.1,3,379340000,28,DRA_ADVERTISE,379321,278,128,512,379.321
50n_10p_seed3,0.1,3,379447000,27,DRA_ADVERTISE,378822,256,128,512,378.822
50n_10p_seed3,0.1,3,387110000,14,DRA_ADVERTISE,386317,256,128,512,386.317
50n_10p_seed3,0.1,3,389053000,12,DRA_ADVERTISE,388387,396,128,512,388.387
50n_10p_seed3,0.1,3,389592000,14,DRA_ADVERTISE,388799,256,128,512,388.799
50n_10p_seed3,0.1,3,390866000,12,DRA_ADVERTISE,390200,396,128,512,390.2
50n_10p_seed3,0.1,3,395178000,27,DRA_ADVERTISE,394553,256,128,512,394.553
50n_10p_seed3,0.1,3,396169000,2,DRA_ADVERTISE,395406,393,128,512,395.406
50n_10p_seed3,0.1,3,399804000,28,DRA_ADVERTISE,399785,275,128,512,399.785
50n_10p_seed3,0.1,3,406062000,2,DRA_ADVERTISE,405299,392,128,512,405.299
50n_10p_seed3,0.1,3,408640000,14,DRA_ADVERTISE,407847,256,128,512,407.847
50n_10p_seed3,0.1,3,409992000,12,DRA_ADVERTISE,409326,394,128,512,409.326
50n_10p_seed3,0.1,3,412734000,27,DRA_ADVERTISE,412109,256,128,512,412.109
50n_10p_seed3,0.1,3,415127000,28,DRA_ADVERTISE,415108,273,128,512,415.108
50n_10p_seed3,0.1,3,423934000,12,DRA_ADVERTISE,423268,394,128,512,423.268
50n_10p_seed3,0.1,3,426104000,2,DRA_ADVERTISE,425341,392,128,512,425.341
50n_10p_seed3,0.1,3,428326000,14,DRA_ADVERTISE,427533,256,128,512,427.533
50n_10p_seed3,0.1,3,428383000,27,DRA_ADVERTISE,427758,256,128,512,427.758
50n_10p_seed3,0.1,3,431366000,28,DRA_ADVERTISE,431347,273,128,512,431.347
50n_10p_seed3,0.1,3,438879000,2,DRA_ADVERTISE,438116,391,128,512,438.116
50n_10p_seed3,0.1,3,439282000,14,DRA_ADVERTISE,438489,256,128,512,438.489
50n_10p_seed3,0.1,3,444847000,12,DRA_ADVERTISE,444181,393,128,512,444.181
50n_10p_seed3,0.1,3,445291000,27,DRA_ADVERTISE,444666,256,128,512,444.666
50n_10p_seed3,0.1,3,446450000,27,DRA_ADVERTISE,445825,256,128,512,445.825
50n_10p_seed3,0.1,3,448145000,28,DRA_ADVERTISE,448126,271,128,512,448.126
50n_10p_seed3,0.1,3,451261000,28,DRA_ADVERTISE,451242,271,128,512,451.242
50n_10p_seed3,0.1,3,455080000,2,DRA_ADVERTISE,454317,391,128,512,454.317
50n_10p_seed3,0.1,3,455685000,14,DRA_ADVERTISE,454892,256,128,512,454.892
50n_10p_seed3,0.1,3,458853000,12,DRA_ADVERTISE,458187,393,128,512,458.187
50n_10p_seed3,0.1,3,465049000,27,DRA_ADVERTISE,464424,256,128,512,464.424
50n_10p_seed3,0.1,3,465100000,28,DRA_ADVERTISE,465081,271,128,512,465.081
50n_10p_seed3,0.1,3,470089000,12,DRA_ADVERTISE,469423,392,128,512,469.423
50n_10p_seed3,0.1,3,471206000,12,DRA_ADVERTISE,470540,392,128,512,470.54
50n_10p_seed3,0.1,3,471232000,2,DRA_ADVERTISE,470469,391,128,512,470.469
50n_10p_seed3,0.1,3,473395000,14,DRA_ADVERTISE,472602,256,128,512,472.602
50n_10p_seed3,0.1,3,477253000,2,DRA_ADVERTISE,476490,390,128,512,476.49
50n_10p_seed3,0.1,3,477308000,27,DRA_ADVERTISE,476683,256,128,512,476.683
50n_10p_seed3,0.1,3,477555000,28,DRA_ADVERTISE,477536,269,128,512,477.536
50n_10p_seed3,0.1,3,485780000,14,DRA_ADVERTISE,484987,256,128,512,484.987
50n_10p_seed3,0.1,3,492207000,27,DRA_ADVERTISE,491582,256,128,512,491.582
50n_10p_seed3,0.1,3,493243000,28,DRA_ADVERTISE,493224,267,128,512,493.224
50n_10p_seed3,0.1,3,493727000,2,DRA_ADVERTISE,492964,390,128,512,492.964
50n_10p_seed3,0.1,3,494330000,14,DRA_ADVERTISE,493537,256,128,512,493.537
50n_10p_seed3,0.1,3,494637000,12,DRA_ADVERTISE,493971,391,128,512,493.971
50n_10p_seed3,0.1,3,508097000,12,DRA_ADVERTISE,507431,390,128,512,507.431
50n_10p_seed3,0.1,3,509789000,28,DRA_ADVERTISE,509770,267,128,512,509.77
50n_10p_seed3,0.1,3,510220000,27,DRA_ADVERTISE,509595,256,128,512,509.595
50n_10p_seed3,0.1,3,510841000,14,DRA_ADVERTISE,510048,256,128,512,510.048
50n_10p_seed3,0.1,3,511168000,2,DRA_ADVERTISE,510405,389,128,512,510.405
50n_10p_seed3,0.1,3,520509000,28,DRA_ADVERTISE,520490,265,128,512,520.49
50n_10p_seed3,0.1,3,523810000,12,DRA_ADVERTISE,523144,390,128,512,523.144
50n_10p_seed3,0.1,3,523852000,2,DRA_ADVERTISE,523089,389,128,512,523.089
50n_10p_seed3,0.1,3,526055000,12,DRA_ADVERTISE,525389,390,128,512,525.389
50n_10p_seed3,0.1,3,527438000,14,DRA_ADVERTISE,526645,256,128,512,526.645
50n_10p_seed3,0.1,3,530083000,28,DRA_ADVERTISE,530064,265,128,512,530.064
50n_10p_seed3,0.1,3,532758000,27,DRA_ADVERTISE,532133,256,128,512,532.133
50n_10p_seed3,0.1,3,536432000,14,DRA_ADVERTISE,535639,256,128,512,535.639
50n_10p_seed3,0.1,3,539220000,12,DRA_ADVERTISE,538554,389,128,512,538.554
50n_10p_seed3,0.1,3,539451000,2,DRA_ADVERTISE,538688,388,128,512,538.688
50n_10p_seed3,0.1,3,540632000,27,DRA_ADVERTISE,540007,256,128,512,540.007
50n_10p_seed3,0.1,3,544306000,28,DRA_ADVERTISE,544287,264,128,512,544.287
50n_10p_seed3,0.1,3,546311000,27,DRA_ADVERTISE,545686,256,128,512,545.686
50n_10p_seed3,0.1,3,557265000,2,DRA_ADVERTISE,556502,387,128,512,556.502
50n_10p_seed3,0.1,3,557277000,12,DRA_ADVERTISE,556611,388,128,512,556.611
50n_10p_seed3,0.1,3,560173000,14,DRA_ADVERTISE,559380,256,128,512,559.38
50n_10p_seed3,0.1,3,562385000,14,DRA_ADVERTISE,561592,256,128,512,561.592
50n_10p_seed3,0.1,3,564201000,28,DRA_ADVERTISE,564182,264,128,512,564.182
50n_10p_seed3,0.1,3,564693000,27,DRA_ADVERTISE,564068,256,128,512,564.068
50n_10p_seed3,0.1,3,571200000,14,DRA_ADVERTISE,570407,256,128,512,570.407
50n_10p_seed3,0.1,3,574424000,12,DRA_ADVERTISE,573758,387,128,512,573.758
50n_10p_seed3,0.1,3,575831000,2,DRA_ADVERTISE,575068,387,128,512,575.068
50n_10p_seed3,0.1,3,575976000,27,DRA_ADVERTISE,575351,256,128,512,575.351
50n_10p_seed3,0.1,3,578215000,2,DRA_ADVERTISE,577452,387,128,512,577.452
50n_10p_seed3,0.1,3,579967000,28,DRA_ADVERTISE,579948,263,128,512,579.948
50n_10p_seed3,0.1,3,583564984,14,DRA_ADVERTISE,582771,268,128,512,582.771
50n_10p_seed3,0.1,3,583781016,27,DRA_ADVERTISE,583156,268,128,512,583.156
50n_10p_seed3,0.1,3,585533000,2,DRA_ADVERTISE,584770,387,128,512,584.77
50n_10p_seed3,0.1,3,588001000,14,DRA_ADVERTISE,587208,265,128,512,587.208
50n_10p_seed3,0.1,3,589302000,27,DRA_ADVERTISE,588677,266,128,512,588.677
50n_10p_seed3,0.1,3,589576016,27,DRA_ADVERTISE,588951,266,128,512,588.951
50n_10p_seed3,0.1,3,592035000,12,DRA_ADVERTISE,591369,387,128,512,591.369
50n_10p_seed3,0.1,3,593166016,27,DRA_ADVERTISE,592541,265,128,512,592.541
50n_10p_seed3,0.1,3,594831000,27,DRA_ADVERTISE,594206,264,128,512,594.206
50n_10p_seed3,0.1,3,598544000,28,DRA_ADVERTISE,598525,262,128,512,598.525
50n_10p_seed4,0.1,4,13099000,32,DRA_ADVERTISE,12904,306,128,512,12.904
50n_10p_seed4,0.1,4,13542000,32,DRA_ADVERTISE,13347,306,128,512,13.347
50n_10p_seed4,0.1,4,14595000,32,DRA_ADVERTISE,14400,306,128,512,14.4
50n_10p_seed4,0.1,4,15661000,32,DRA_ADVERTISE,15466,306,128,512,15.466
50n_10p_seed4,0.1,4,16161000,32,DRA_ADVERTISE,15966,306,128,512,15.966
50n_10p_seed4,0.1,4,16868000,32,DRA_ADVERTISE,16673,306,128,512,16.673
50n_10p_seed4,0.1,4,17567000,7,DRA_ADVERTISE,17230,562,128,512,17.23
50n_10p_seed4,0.1,4,17916000,42,DRA_ADVERTISE,17003,563,128,512,17.003
50n_10p_seed4,0.1,4,18181000,7,DRA_ADVERTISE,17844,562,128,512,17.844
50n_10p_seed4,0.1,4,18275000,42,DRA_ADVERTISE,17362,563,128,512,17.362
50n_10p_seed4,0.1,4,18434000,32,DRA_ADVERTISE,18239,306,128,512,18.239
50n_10p_seed4,0.1,4,19151000,7,DRA_ADVERTISE,18814,557,128,512,18.814
50n_10p_seed4,0.1,4,19219000,32,DRA_ADVERTISE,19024,306,128,512,19.024
50n_10p_seed4,0.1,4,19335000,42,DRA_ADVERTISE,18422,563,128,512,18.422
50n_10p_seed4,0.1,4,19682000,32,DRA_ADVERTISE,19487,306,128,512,19.487
50n_10p_seed4,0.1,4,20176000,7,DRA_ADVERTISE,19839,553,128,512,19.839
50n_10p_seed4,0.1,4,20455000,32,DRA_ADVERTISE,20260,306,128,512,20.26
50n_10p_seed4,0.1,4,20516000,7,DRA_ADVERTISE,20179,553,128,512,20.179
50n_10p_seed4,0.1,4,20698000,42,DRA_ADVERTISE,19785,555,128,512,19.785
50n_10p_seed4,0.1,4,20741000,7,DRA_ADVERTISE,20404,553,128,512,20.404
50n_10p_seed4,0.1,4,21238000,7,DRA_ADVERTISE,20901,553,128,512,20.901
50n_10p_seed4,0.1,4,22030000,7,DRA_ADVERTISE,21693,553,128,512,21.693
50n_10p_seed4,0.1,4,22260000,32,DRA_ADVERTISE,22065,306,128,512,22.065
50n_10p_seed4,0.1,4,24027000,42,DRA_ADVERTISE,23114,547,128,512,23.114
50n_10p_seed4,0.1,4,24312000,7,DRA_ADVERTISE,23975,553,128,512,23.975
50n_10p_seed4,0.1,4,24759000,48,DRA_ADVERTISE,24051,308,128,512,24.051
50n_10p_seed4,0.1,4,24806000,40,DRA_ADVERTISE,24323,343,128,512,24.323
50n_10p_seed4,0.1,4,25271000,48,DRA_ADVERTISE,24563,308,128,512,24.563
50n_10p_seed4,0.1,4,25352000,40,DRA_ADVERTISE,24869,343,128,512,24.869
50n_10p_seed4,0.1,4,26031000,48,DRA_ADVERTISE,25323,308,128,512,25.323
50n_10p_seed4,0.1,4,26090000,40,DRA_ADVERTISE,25607,343,128,512,25.607
50n_10p_seed4,0.1,4,26530000,32,DRA_ADVERTISE,26335,288,128,512,26.335
50n_10p_seed4,0.1,4,26925008,7,DRA_ADVERTISE,26588,553,128,512,26.588
50n_10p_seed4,0.1,4,27665000,7,DRA_ADVERTISE,27328,539,128,512,27.328
50n_10p_seed4,0.1,4,27681000,40,DRA_ADVERTISE,27198,343,128,512,27.198
50n_10p_seed4,0.1,4,28122000,48,DRA_ADVERTISE,27414,308,128,512,27.414
50n_10p_seed4,0.1,4,28671008,42,DRA_ADVERTISE,27758,547,128,512,27.758
50n_10p_seed4,0.1,4,29535008,7,DRA_ADVERTISE,29198,526,128,512,29.198
50n_10p_seed4,0.1,4,30020920,7,DRA_ADVERTISE,29683,515,128,512,29.683
50n_10p_seed4,0.1,4,30270008,42,DRA_ADVERTISE,29357,537,128,512,29.357
50n_10p_seed4,0.1,4,30837000,40,DRA_ADVERTISE,30354,343,128,512,30.354
50n_10p_seed4,0.1,4,31218000,32,DRA_ADVERTISE,31023,281,128,512,31.023
50n_10p_seed4,0.1,4,31375008,42,DRA_ADVERTISE,30462,528,128,512,30.462
50n_10p_seed4,0.1,4,31766008,42,DRA_ADVERTISE,30853,519,128,512,30.853
50n_10p_seed4,0.1,4,31973000,48,DRA_ADVERTISE,31265,308,128,512,31.265
50n_10p_seed4,0.1,4,32121000,7,DRA_ADVERTISE,31784,505,128,512,31.784
50n_10p_seed4,0.1,4,32560000,7,DRA_ADVERTISE,32223,492,128,512,32.223
50n_10p_seed4,0.1,4,32691008,7,DRA_ADVERTISE,32354,492,128,512,32.354
50n_10p_seed4,0.1,4,32770952,42,DRA_ADVERTISE,31857,511,128,512,31.857
50n_10p_seed4,0.1,4,33521000,7,DRA_ADVERTISE,33184,480,128,512,33.184
50n_10p_seed4,0.1,4,33734000,42,DRA_ADVERTISE,32821,504,128,512,32.821
50n_10p_seed4,0.1,4,35005000,7,DRA_ADVERTISE,34668,480,128,512,34.668
50n_10p_seed4,0.1,4,35580744,7,DRA_ADVERTISE,35243,480,128,512,35.243
50n_10p_seed4,0.1,4,36031008,7,DRA_ADVERTISE,35694,472,128,512,35.694
50n_10p_seed4,0.1,4,36791000,40,DRA_ADVERTISE,36308,334,128,512,36.308
50n_10p_seed4,0.1,4,39141000,7,DRA_ADVERTISE,38804,465,128,512,38.804
50n_10p_seed4,0.1,4,39786000,48,DRA_ADVERTISE,39078,308,128,512,39.078
50n_10p_seed4,0.1,4,43488000,42,DRA_ADVERTISE,42575,498,128,512,42.575
50n_10p_seed4,0.1,4,45372000,7,DRA_ADVERTISE,45035,467,128,512,45.035
50n_10p_seed4,0.1,4,49763000,32,DRA_ADVERTISE,49568,273,128,512,49.568
50n_10p_seed4,0.1,4,51678000,40,DRA_ADVERTISE,51195,334,128,512,51.195
50n_10p_seed4,0.1,4,52979000,48,DRA_ADVERTISE,52271,308,128,512,52.271
50n_10p_seed4,0.1,4,56713920,7,DRA_ADVERTISE,56376,467,128,512,56.376
50n_10p_seed4,0.1,4,56903952,7,DRA_ADVERTISE,56566,460,128,512,56.566
50n_10p_seed4,0.1,4,57957952,42,DRA_ADVERTISE,57044,467,128,512,57.044
50n_10p_seed4,0.1,4,58294192,42,DRA_ADVERTISE,57381,456,128,512,57.381
50n_10p_seed4,0.1,4,59099000,42,DRA_ADVERTISE,58186,456,128,512,58.186
50n_10p_seed4,0.1,4,61394000,32,DRA_ADVERTISE,61199,265,128,512,61.199
50n_10p_seed4,0.1,4,64053000,7,DRA_ADVERTISE,63716,445,128,512,63.716
50n_10p_seed4,0.1,4,67038920,7,DRA_ADVERTISE,66701,445,128,512,66.701
50n_10p_seed4,0.1,4,67226128,7,DRA_ADVERTISE,66889,436,128,512,66.889
50n_10p_seed4,0.1,4,67541952,42,DRA_ADVERTISE,66628,446,128,512,66.628
50n_10p_seed4,0.1,4,68774952,42,DRA_ADVERTISE,67861,442,128,512,67.861
50n_10p_seed4,0.1,4,73316000,40,DRA_ADVERTISE,72833,334,128,512,72.833
50n_10p_seed4,0.1,4,73384000,48,DRA_ADVERTISE,72676,302,128,512,72.676
50n_10p_seed4,0.1,4,74675000,7,DRA_ADVERTISE,74338,429,128,512,74.338
50n_10p_seed4,0.1,4,76607000,32,DRA_ADVERTISE,76412,263,128,512,76.412
50n_10p_seed4,0.1,4,78122952,42,DRA_ADVERTISE,77209,427,128,512,77.209
50n_10p_seed4,0.1,4,79966000,42,DRA_ADVERTISE,79053,424,128,512,79.053
50n_10p_seed4,0.1,4,81775000,48,DRA_ADVERTISE,81067,302,128,512,81.067
50n_10p_seed4,0.1,4,83210000,40,DRA_ADVERTISE,82727,326,128,512,82.727
50n_10p_seed4,0.1,4,85771952,42,DRA_ADVERTISE,84858,424,128,512,84.858
50n_10p_seed4,0.1,4,86142000,48,DRA_ADVERTISE,85434,302,128,512,85.434
50n_10p_seed4,0.1,4,89402192,7,DRA_ADVERTISE,89065,421,128,512,89.065
50n_10p_seed4,0.1,4,93039952,42,DRA_ADVERTISE,92126,421,128,512,92.126
50n_10p_seed4,0.1,4,94160000,7,DRA_ADVERTISE,93823,421,128,512,93.823
50n_10p_seed4,0.1,4,94519920,7,DRA_ADVERTISE,94182,421,128,512,94.182
50n_10p_seed4,0.1,4,95300000,32,DRA_ADVERTISE,95105,258,128,512,95.105
50n_10p_seed4,0.1,4,95608000,42,DRA_ADVERTISE,94695,424,128,512,94.695
50n_10p_seed4,0.1,4,96998000,32,DRA_ADVERTISE,96803,258,128,512,96.803
50n_10p_seed4,0.1,4,98391000,42,DRA_ADVERTISE,97478,424,128,512,97.478
50n_10p_seed4,0.1,4,99433000,48,DRA_ADVERTISE,98725,297,128,512,98.725
50n_10p_seed4,0.1,4,99908000,40,DRA_ADVERTISE,99425,326,128,512,99.425
50n_10p_seed4,0.1,4,99921920,7,DRA_ADVERTISE,99584,414,128,512,99.584
50n_10p_seed4,0.1,4,102664000,40,DRA_ADVERTISE,102181,326,128,512,102.181
50n_10p_seed4,0.1,4,103171984,42,DRA_ADVERTISE,102258,420,128,512,102.258
50n_10p_seed4,0.1,4,104034952,7,DRA_ADVERTISE,103697,411,128,512,103.697
50n_10p_seed4,0.1,4,106951000,7,DRA_ADVERTISE,106614,408,128,512,106.614
50n_10p_seed4,0.1,4,107864984,42,DRA_ADVERTISE,106951,424,128,512,106.951
50n_10p_seed4,0.1,4,113225984,42,DRA_ADVERTISE,112312,421,128,512,112.312
50n_10p_seed4,0.1,4,114632000,42,DRA_ADVERTISE,113719,418,128,512,113.719
50n_10p_seed4,0.1,4,115164000,32,DRA_ADVERTISE,114969,256,128,512,114.969
50n_10p_seed4,0.1,4,117599000,48,DRA_ADVERTISE,116891,292,128,512,116.891
50n_10p_seed4,0.1,4,117808000,7,DRA_ADVERTISE,117471,402,128,512,117.471
50n_10p_seed4,0.1,4,121007984,42,DRA_ADVERTISE,120094,418,128,512,120.094
50n_10p_seed4,0.1,4,121122000,40,DRA_ADVERTISE,120639,319,128,512,120.639
50n_10p_seed4,0.1,4,124037952,7,DRA_ADVERTISE,123700,402,128,512,123.7
50n_10p_seed4,0.1,4,126195984,7,DRA_ADVERTISE,125858,400,128,512,125.858
50n_10p_seed4,0.1,4,128566952,7,DRA_ADVERTISE,128229,398,128,512,128.229
50n_10p_seed4,0.1,4,129170984,42,DRA_ADVERTISE,128257,409,128,512,128.257
50n_10p_seed4,0.1,4,129522000,7,DRA_ADVERTISE,129185,395,128,512,129.185
50n_10p_seed4,0.1,4,130613000,42,DRA_ADVERTISE,129700,407,128,512,129.7
50n_10p_seed4,0.1,4,131556000,32,DRA_ADVERTISE,131361,256,128,512,131.361
50n_10p_seed4,0.1,4,133481256,42,DRA_ADVERTISE,132568,405,128,512,132.568
50n_10p_seed4,0.1,4,134681984,42,DRA_ADVERTISE,133768,405,128,512,133.768
50n_10p_seed4,0.1,4,136924000,48,DRA_ADVERTISE,136216,292,128,512,136.216
50n_10p_seed4,0.1,4,138983000,40,DRA_ADVERTISE,138500,312,128,512,138.5
50n_10p_seed4,0.1,4,139480952,7,DRA_ADVERTISE,139143,393,128,512,139.143
50n_10p_seed4,0.1,4,145320000,7,DRA_ADVERTISE,144983,392,128,512,144.983
50n_10p_seed4,0.1,4,147477000,42,DRA_ADVERTISE,146564,396,128,512,146.564
50n_10p_seed4,0.1,4,147655000,42,DRA_ADVERTISE,146742,396,128,512,146.742
50n_10p_seed4,0.1,4,147733000,32,DRA_ADVERTISE,147538,256,128,512,147.538
50n_10p_seed4,0.1,4,147987000,48,DRA_ADVERTISE,147279,292,128,512,147.279
50n_10p_seed4,0.1,4,149715952,7,DRA_ADVERTISE,149378,392,128,512,149.378
50n_10p_seed4,0.1,4,149961984,42,DRA_ADVERTISE,149048,396,128,512,149.048
50n_10p_seed4,0.1,4,151342000,40,DRA_ADVERTISE,150859,312,128,512,150.859
50n_10p_seed4,0.1,4,152539000,40,DRA_ADVERTISE,152056,312,128,512,152.056
50n_10p_seed4,0.1,4,152704000,48,DRA_ADVERTISE,151996,288,128,512,151.996
50n_10p_seed4,0.1,4,154236984,42,DRA_ADVERTISE,153323,395,128,512,153.323
50n_10p_seed4,0.1,4,155521952,7,DRA_ADVERTISE,155184,391,128,512,155.184
50n_10p_seed4,0.1,4,157262984,42,DRA_ADVERTISE,156349,394,128,512,156.349
50n_10p_seed4,0.1,4,157501984,42,DRA_ADVERTISE,156588,393,128,512,156.588
50n_10p_seed4,0.1,4,159487000,32,DRA_ADVERTISE,159292,256,128,512,159.292
50n_10p_seed4,0.1,4,161292000,7,DRA_ADVERTISE,160955,389,128,512,160.955
50n_10p_seed4,0.1,4,162675000,42,DRA_ADVERTISE,161762,389,128,512,161.762
50n_10p_seed4,0.1,4,164111000,48,DRA_ADVERTISE,163403,288,128,512,163.403
50n_10p_seed4,0.1,4,165405952,7,DRA_ADVERTISE,165068,389,128,512,165.068
50n_10p_seed4,0.1,4,165586984,7,DRA_ADVERTISE,165249,388,128,512,165.249
50n_10p_seed4,0.1,4,167601000,40,DRA_ADVERTISE,167118,306,128,512,167.118
50n_10p_seed4,0.1,4,172874000,7,DRA_ADVERTISE,172537,387,128,512,172.537
50n_10p_seed4,0.1,4,176417000,42,DRA_ADVERTISE,175504,388,128,512,175.504
50n_10p_seed4,0.1,4,177032952,7,DRA_ADVERTISE,176695,387,128,512,176.695
50n_10p_seed4,0.1,4,179207000,32,DRA_ADVERTISE,179012,256,128,512,179.012
50n_10p_seed4,0.1,4,180157984,42,DRA_ADVERTISE,179244,388,128,512,179.244
50n_10p_seed4,0.1,4,180427000,48,DRA_ADVERTISE,179719,284,128,512,179.719
50n_10p_seed4,0.1,4,181271984,42,DRA_ADVERTISE,180358,387,128,512,180.358
50n_10p_seed4,0.1,4,181419000,40,DRA_ADVERTISE,180936,306,128,512,180.936
50n_10p_seed4,0.1,4,188233984,42,DRA_ADVERTISE,187320,386,128,512,187.32
50n_10p_seed4,0.1,4,188253984,42,DRA_ADVERTISE,187340,385,128,512,187.34
50n_10p_seed4,0.1,4,188733952,7,DRA_ADVERTISE,188396,385,128,512,188.396
50n_10p_seed4,0.1,4,191239256,7,DRA_ADVERTISE,190902,384,128,512,190.902
50n_10p_seed4,0.1,4,191925000,7,DRA_ADVERTISE,191588,384,128,512,191.588
50n_10p_seed4,0.1,4,196261000,32,DRA_ADVERTISE,196066,256,128,512,196.066
50n_10p_seed4,0.1,4,196369000,42,DRA_ADVERTISE,195456,384,128,512,195.456
50n_10p_seed4,0.1,4,197206000,40,DRA_ADVERTISE,196723,301,128,512,196.723
50n_10p_seed4,0.1,4,197232952,7,DRA_ADVERTISE,196895,384,128,512,196.895
50n_10p_seed4,0.1,4,198787000,42,DRA_ADVERTISE,197874,384,128,512,197.874
50n_10p_seed4,0.1,4,201696000,48,DRA_ADVERTISE,200988,281,128,512,200.988
50n_10p_seed4,0.1,4,203627000,48,DRA_ADVERTISE,202919,281,128,512,202.919
50n_10p_seed4,0.1,4,206464952,7,DRA_ADVERTISE,206127,384,128,512,206.127
50n_10p_seed4,0.1,4,207037000,32,DRA_ADVERTISE,206842,256,128,512,206.842
50n_10p_seed4,0.1,4,207371000,7,DRA_ADVERTISE,207034,384,128,512,207.034
50n_10p_seed4,0.1,4,207491000,7,DRA_ADVERTISE,207154,384,128,512,207.154
50n_10p_seed4,0.1,4,209183000,42,DRA_ADVERTISE,208270,384,128,512,208.27
50n_10p_seed4,0.1,4,210101000,32,DRA_ADVERTISE,209906,256,128,512,209.906
50n_10p_seed4,0.1,4,211609984,42,DRA_ADVERTISE,210696,384,128,512,210.696
50n_10p_seed4,0.1,4,211922984,42,DRA_ADVERTISE,211009,384,128,512,211.009
50n_10p_seed4,0.1,4,212851000,40,DRA_ADVERTISE,212368,296,128,512,212.368
50n_10p_seed4,0.1,4,214120952,7,DRA_ADVERTISE,213783,384,128,512,213.783
50n_10p_seed4,0.1,4,218722984,42,DRA_ADVERTISE,217809,384,128,512,217.809
50n_10p_seed4,0.1,4,219297000,48,DRA_ADVERTISE,218589,281,128,512,218.589
50n_10p_seed4,0.1,4,220051984,42,DRA_ADVERTISE,219138,384,128,512,219.138
50n_10p_seed4,0.1,4,222608984,7,DRA_ADVERTISE,222271,384,128,512,222.271
50n_10p_seed4,0.1,4,222905000,42,DRA_ADVERTISE,221992,384,128,512,221.992
50n_10p_seed4,0.1,4,225359000,32,DRA_ADVERTISE,225164,256,128,512,225.164
50n_10p_seed4,0.1,4,225789952,7,DRA_ADVERTISE,225452,384,128,512,225.452
50n_10p_seed4,0.1,4,226403000,7,DRA_ADVERTISE,226066,384,128,512,226.066
50n_10p_seed4,0.1,4,231946000,40,DRA_ADVERTISE,231463,296,128,512,231.463
50n_10p_seed4,0.1,4,232238000,48,DRA_ADVERTISE,231530,278,128,512,231.53
50n_10p_seed4,0.1,4,234227256,42,DRA_ADVERTISE,233314,384,128,512,233.314
50n_10p_seed4,0.1,4,234949952,7,DRA_ADVERTISE,234612,384,128,512,234.612
50n_10p_seed4,0.1,4,239331000,40,DRA_ADVERTISE,238848,292,128,512,238.848
50n_10p_seed4,0.1,4,240664000,7,DRA_ADVERTISE,240327,384,128,512,240.327
50n_10p_seed4,0.1,4,245802000,32,DRA_ADVERTISE,245607,256,128,512,245.607
50n_10p_seed4,0.1,4,245854000,42,DRA_ADVERTISE,244941,384,128,512,244.941
50n_10p_seed4,0.1,4,246205952,7,DRA_ADVERTISE,245868,384,128,512,245.868
50n_10p_seed4,0.1,4,247438000,48,DRA_ADVERTISE,246730,278,128,512,246.73
50n_10p_seed4,0.1,4,249612952,7,DRA_ADVERTISE,249275,384,128,512,249.275
50n_10p_seed4,0.1,4,250793984,42,DRA_ADVERTISE,249880,384,128,512,249.88
50n_10p_seed4,0.1,4,252634984,42,DRA_ADVERTISE,251721,384,128,512,251.721
50n_10p_seed4,0.1,4,252935000,40,DRA_ADVERTISE,252452,292,128,512,252.452
50n_10p_seed4,0.1,4,255019984,42,DRA_ADVERTISE,254106,384,128,512,254.106
50n_10p_seed4,0.1,4,256752984,7,DRA_ADVERTISE,256415,384,128,512,256.415
50n_10p_seed4,0.1,4,257245000,32,DRA_ADVERTISE,257050,256,128,512,257.05
50n_10p_seed4,0.1,4,257280952,7,DRA_ADVERTISE,256943,384,128,512,256.943
50n_10p_seed4,0.1,4,257585000,42,DRA_ADVERTISE,256672,384,128,512,256.672
50n_10p_seed4,0.1,4,257688000,7,DRA_ADVERTISE,257351,384,128,512,257.351
50n_10p_seed4,0.1,4,262080000,40,DRA_ADVERTISE,261597,292,128,512,261.597
50n_10p_seed4,0.1,4,263922000,48,DRA_ADVERTISE,263214,275,128,512,263.214
50n_10p_seed4,0.1,4,269158952,7,DRA_ADVERTISE,268821,384,128,512,268.821
50n_10p_seed4,0.1,4,269423984,42,DRA_ADVERTISE,268510,384,128,512,268.51
50n_10p_seed4,0.1,4,272754000,7,DRA_ADVERTISE,272417,384,128,512,272.417
50n_10p_seed4,0.1,4,274236952,7,DRA_ADVERTISE,273899,384,128,512,273.899
50n_10p_seed4,0.1,4,274732000,32,DRA_ADVERTISE,274537,256,128,512,274.537
50n_10p_seed4,0.1,4,275971984,42,DRA_ADVERTISE,275058,384,128,512,275.058
50n_10p_seed4,0.1,4,278926000,42,DRA_ADVERTISE,278013,384,128,512,278.013
50n_10p_seed4,0.1,4,280545000,48,DRA_ADVERTISE,279837,275,128,512,279.837
50n_10p_seed4,0.1,4,281352000,40,DRA_ADVERTISE,280869,288,128,512,280.869
50n_10p_seed4,0.1,4,281605952,7,DRA_ADVERTISE,281268,384,128,512,281.268
50n_10p_seed4,0.1,4,285546984,42,DRA_ADVERTISE,284633,384,128,512,284.633
50n_10p_seed4,0.1,4,286029984,7,DRA_ADVERTISE,285692,384,128,512,285.692
50n_10p_seed4,0.1,4,287087984,42,DRA_ADVERTISE,286174,384,128,512,286.174
50n_10p_seed4,0.1,4,287543000,32,DRA_ADVERTISE,287348,256,128,512,287.348
50n_10p_seed4,0.1,4,290572984,42,DRA_ADVERTISE,289659,384,128,512,289.659
50n_10p_seed4,0.1,4,292657000,7,DRA_ADVERTISE,292320,384,128,512,292.32
50n_10p_seed4,0.1,4,292820000,42,DRA_ADVERTISE,291907,384,128,512,291.907
50n_10p_seed4,0.1,4,293191000,42,DRA_ADVERTISE,292278,384,128,512,292.278
50n_10p_seed4,0.1,4,293464000,32,DRA_ADVERTISE,293269,256,128,512,293.269
50n_10p_seed4,0.1,4,293733952,7,DRA_ADVERTISE,293396,384,128,512,293.396
50n_10p_seed4,0.1,4,297721000,7,DRA_ADVERTISE,297384,384,128,512,297.384
50n_10p_seed4,0.1,4,298182000,40,DRA_ADVERTISE,297699,284,128,512,297.699
50n_10p_seed4,0.1,4,299147000,48,DRA_ADVERTISE,298439,273,128,512,298.439
50n_10p_seed4,0.1,4,300575952,7,DRA_ADVERTISE,300238,384,128,512,300.238
50n_10p_seed4,0.1,4,301409000,40,DRA_ADVERTISE,300926,284,128,512,300.926
50n_10p_seed4,0.1,4,304069000,7,DRA_ADVERTISE,303732,384,128,512,303.732
50n_10p_seed4,0.1,4,305695016,42,DRA_ADVERTISE,304782,384,128,512,304.782
50n_10p_seed4,0.1,4,306265000,32,DRA_ADVERTISE,306070,256,128,512,306.07
50n_10p_seed4,0.1,4,306492000,42,DRA_ADVERTISE,305579,384,128,512,305.579
50n_10p_seed4,0.1,4,307147984,42,DRA_ADVERTISE,306234,384,128,512,306.234
50n_10p_seed4,0.1,4,308149000,48,DRA_ADVERTISE,307441,273,128,512,307.441
50n_10p_seed4,0.1,4,311863000,40,DRA_ADVERTISE,311380,284,128,512,311.38
50n_10p_seed4,0.1,4,313566000,48,DRA_ADVERTISE,312858,273,128,512,312.858
50n_10p_seed4,0.1,4,313819984,7,DRA_ADVERTISE,313482,384,128,512,313.482
50n_10p_seed4,0.1,4,314124984,42,DRA_ADVERTISE,313211,384,128,512,313.211
50n_10p_seed4,0.1,4,315611984,7,DRA_ADVERTISE,315274,384,128,512,315.274
50n_10p_seed4,0.1,4,319201984,7,DRA_ADVERTISE,318864,384,128,512,318.864
50n_10p_seed4,0.1,4,321324000,42,DRA_ADVERTISE,320411,384,128,512,320.411
50n_10p_seed4,0.1,4,326230000,7,DRA_ADVERTISE,325893,384,128,512,325.893
50n_10p_seed4,0.1,4,328026016,42,DRA_ADVERTISE,327113,384,128,512,327.113
50n_10p_seed4,0.1,4,328111984,42,DRA_ADVERTISE,327198,384,128,512,327.198
50n_10p_seed4,0.1,4,329129952,7,DRA_ADVERTISE,328792,384,128,512,328.792
50n_10p_seed4,0.1,4,329250000,40,DRA_ADVERTISE,328767,281,128,512,328.767
50n_10p_seed4,0.1,4,329752000,32,DRA_ADVERTISE,329557,256,128,512,329.557
50n_10p_seed4,0.1,4,329929000,48,DRA_ADVERTISE,329221,271,128,512,329.221
50n_10p_seed4,0.1,4,335835984,7,DRA_ADVERTISE,335498,384,128,512,335.498
50n_10p_seed4,0.1,4,337347000,42,DRA_ADVERTISE,336434,384,128,512,336.434
50n_10p_seed4,0.1,4,338770000,32,DRA_ADVERTISE,338575,256,128,512,338.575
50n_10p_seed4,0.1,4,339822000,7,DRA_ADVERTISE,339485,384,128,512,339.485
50n_10p_seed4,0.1,4,340300000,42,DRA_ADVERTISE,339387,384,128,512,339.387
50n_10p_seed4,0.1,4,340899984,7,DRA_ADVERTISE,340562,384,128,512,340.562
50n_10p_seed4,0.1,4,345596016,42,DRA_ADVERTISE,344683,384,128,512,344.683
50n_10p_seed4,0.1,4,346657984,7,DRA_ADVERTISE,346320,384,128,512,346.32
50n_10p_seed4,0.1,4,347396984,42,DRA_ADVERTISE,346483,384,128,512,346.483
50n_10p_seed4,0.1,4,347542000,40,DRA_ADVERTISE,347059,281,128,512,347.059
50n_10p_seed4,0.1,4,349163016,42,DRA_ADVERTISE,348250,384,128,512,348.25
50n_10p_seed4,0.1,4,351939000,48,DRA_ADVERTISE,351231,269,128,512,351.231
50n_10p_seed4,0.1,4,359286000,7,DRA_ADVERTISE,358949,384,128,512,358.949
50n_10p_seed4,0.1,4,359410000,42,DRA_ADVERTISE,358497,384,128,512,358.497
50n_10p_seed4,0.1,4,361277000,40,DRA_ADVERTISE,360794,278,128,512,360.794
50n_10p_seed4,0.1,4,361379000,32,DRA_ADVERTISE,361184,256,128,512,361.184
50n_10p_seed4,0.1,4,362237984,7,DRA_ADVERTISE,361900,384,128,512,361.9
50n_10p_seed4,0.1,4,364108984,7,DRA_ADVERTISE,363771,384,128,512,363.771
50n_10p_seed4,0.1,4,366312984,7,DRA_ADVERTISE,365975,384,128,512,365.975
50n_10p_seed4,0.1,4,366443000,48,DRA_ADVERTISE,365735,267,128,512,365.735
50n_10p_seed4,0.1,4,367176320,42,DRA_ADVERTISE,366263,384,128,512,366.263
50n_10p_seed4,0.1,4,368907000,7,DRA_ADVERTISE,368570,384,128,512,368.57
50n_10p_seed4,0.1,4,371610016,42,DRA_ADVERTISE,370697,384,128,512,370.697
50n_10p_seed4,0.1,4,371903000,42,DRA_ADVERTISE,370990,384,128,512,370.99
50n_10p_seed4,0.1,4,373748320,42,DRA_ADVERTISE,372835,384,128,512,372.835
50n_10p_seed4,0.1,4,377098000,48,DRA_ADVERTISE,376390,267,128,512,376.39
50n_10p_seed4,0.1,4,378542000,32,DRA_ADVERTISE,378347,256,128,512,378.347
50n_10p_seed4,0.1,4,378953000,48,DRA_ADVERTISE,378245,267,128,512,378.245
50n_10p_seed4,0.1,4,380136000,40,DRA_ADVERTISE,379653,278,128,512,379.653
50n_10p_seed4,0.1,4,380416000,32,DRA_ADVERTISE,380221,256,128,512,380.221
50n_10p_seed4,0.1,4,382121016,42,DRA_ADVERTISE,381208,384,128,512,381.208
50n_10p_seed4,0.1,4,382801000,40,DRA_ADVERTISE,382318,278,128,512,382.318
50n_10p_seed4,0.1,4,384701016,7,DRA_ADVERTISE,384364,384,128,512,384.364
50n_10p_seed4,0.1,4,387437000,42,DRA_ADVERTISE,386524,384,128,512,386.524
50n_10p_seed4,0.1,4,389790984,7,DRA_ADVERTISE,389453,384,128,512,389.453
50n_10p_seed4,0.1,4,391087000,42,DRA_ADVERTISE,390174,384,128,512,390.174
50n_10p_seed4,0.1,4,391852000,7,DRA_ADVERTISE,391515,384,128,512,391.515
50n_10p_seed4,0.1,4,392072016,42,DRA_ADVERTISE,391159,384,128,512,391.159
50n_10p_seed4,0.1,4,393360000,32,DRA_ADVERTISE,393165,256,128,512,393.165
50n_10p_seed4,0.1,4,398415000,48,DRA_ADVERTISE,397707,267,128,512,397.707
50n_10p_seed4,0.1,4,399114000,40,DRA_ADVERTISE,398631,275,128,512,398.631
50n_10p_seed4,0.1,4,399618984,7,DRA_ADVERTISE,399281,384,128,512,399.281
50n_10p_seed4,0.1,4,399773000,7,DRA_ADVERTISE,399436,384,128,512,399.436
50n_10p_seed4,0.1,4,401081016,42,DRA_ADVERTISE,400168,384,128,512,400.168
50n_10p_seed4,0.1,4,402834984,7,DRA_ADVERTISE,402497,384,128,512,402.497
50n_10p_seed4,0.1,4,404408000,7,DRA_ADVERTISE,404071,384,128,512,404.071
50n_10p_seed4,0.1,4,405297016,42,DRA_ADVERTISE,404384,384,128,512,404.384
50n_10p_seed4,0.1,4,405437000,42,DRA_ADVERTISE,404524,384,128,512,404.524
50n_10p_seed4,0.1,4,406849000,32,DRA_ADVERTISE,406654,256,128,512,406.654
50n_10p_seed4,0.1,4,411636016,42,DRA_ADVERTISE,410723,384,128,512,410.723
50n_10p_seed4,0.1,4,415868000,40,DRA_ADVERTISE,415385,275,128,512,415.385
50n_10p_seed4,0.1,4,416795000,7,DRA_ADVERTISE,416458,384,128,512,416.458
50n_10p_seed4,0.1,4,417029000,48,DRA_ADVERTISE,416321,265,128,512,416.321
50n_10p_seed4,0.1,4,417249016,7,DRA_ADVERTISE,416912,384,128,512,416.912
50n_10p_seed4,0.1,4,418948984,7,DRA_ADVERTISE,418611,384,128,512,418.611
50n_10p_seed4,0.1,4,420354984,7,DRA_ADVERTISE,420017,384,128,512,420.017
50n_10p_seed4,0.1,4,420714000,42,DRA_ADVERTISE,419801,384,128,512,419.801
50n_10p_seed4,0.1,4,423028000,32,DRA_ADVERTISE,422833,256,128,512,422.833
50n_10p_seed4,0.1,4,424376016,42,DRA_ADVERTISE,423463,384,128,512,423.463
50n_10p_seed4,0.1,4,430640000,40,DRA_ADVERTISE,430157,273,128,512,430.157
50n_10p_seed4,0.1,4,431614000,48,DRA_ADVERTISE,430906,264,128,512,430.906
50n_10p_seed4,0.1,4,435142984,7,DRA_ADVERTISE,434805,384,128,512,434.805
50n_10p_seed4,0.1,4,435983056,42,DRA_ADVERTISE,435070,384,128,512,435.07
50n_10p_seed4,0.1,4,437563320,42,DRA_ADVERTISE,436650,384,128,512,436.65
50n_10p_seed4,0.1,4,437914016,42,DRA_ADVERTISE,437001,384,128,512,437.001
50n_10p_seed4,0.1,4,438711000,32,DRA_ADVERTISE,438516,256,128,512,438.516
50n_10p_seed4,0.1,4,439049000,32,DRA_ADVERTISE,438854,256,128,512,438.854
50n_10p_seed4,0.1,4,439905000,7,DRA_ADVERTISE,439568,384,128,512,439.568
50n_10p_seed4,0.1,4,440641984,7,DRA_ADVERTISE,440304,384,128,512,440.304
50n_10p_seed4,0.1,4,440682000,40,DRA_ADVERTISE,440199,273,128,512,440.199
50n_10p_seed4,0.1,4,441051000,42,DRA_ADVERTISE,440138,384,128,512,440.138
50n_10p_seed4,0.1,4,442670000,42,DRA_ADVERTISE,441757,384,128,512,441.757
50n_10p_seed4,0.1,4,446857000,40,DRA_ADVERTISE,446374,271,128,512,446.374
50n_10p_seed4,0.1,4,449948000,48,DRA_ADVERTISE,449240,263,128,512,449.24
50n_10p_seed4,0.1,4,450625016,7,DRA_ADVERTISE,450288,384,128,512,450.288
50n_10p_seed4,0.1,4,452556000,7,DRA_ADVERTISE,452219,384,128,512,452.219
50n_10p_seed4,0.1,4,453202984,7,DRA_ADVERTISE,452865,384,128,512,452.865
50n_10p_seed4,0.1,4,458211016,42,DRA_ADVERTISE,457298,384,128,512,457.298
50n_10p_seed4,0.1,4,458838000,42,DRA_ADVERTISE,457925,384,128,512,457.925
50n_10p_seed4,0.1,4,459332000,32,DRA_ADVERTISE,459137,256,128,512,459.137
50n_10p_seed4,0.1,4,464501016,42,DRA_ADVERTISE,463588,384,128,512,463.588
50n_10p_seed4,0.1,4,465475000,48,DRA_ADVERTISE,464767,263,128,512,464.767
50n_10p_seed4,0.1,4,466131016,42,DRA_ADVERTISE,465218,384,128,512,465.218
50n_10p_seed4,0.1,4,466414000,40,DRA_ADVERTISE,465931,271,128,512,465.931
50n_10p_seed4,0.1,4,466894984,7,DRA_ADVERTISE,466557,384,128,512,466.557
50n_10p_seed4,0.1,4,467174016,42,DRA_ADVERTISE,466261,384,128,512,466.261
50n_10p_seed4,0.1,4,469972000,7,DRA_ADVERTISE,469635,384,128,512,469.635
50n_10p_seed4,0.1,4,475283000,42,DRA_ADVERTISE,474370,384,128,512,474.37
50n_10p_seed4,0.1,4,476488000,32,DRA_ADVERTISE,476293,256,128,512,476.293
50n_10p_seed4,0.1,4,478321016,7,DRA_ADVERTISE,477984,384,128,512,477.984
50n_10p_seed4,0.1,4,479700984,7,DRA_ADVERTISE,479363,384,128,512,479.363
50n_10p_seed4,0.1,4,482137000,48,DRA_ADVERTISE,481429,262,128,512,481.429
50n_10p_seed4,0.1,4,482751000,40,DRA_ADVERTISE,482268,269,128,512,482.268
50n_10p_seed4,0.1,4,484189984,7,DRA_ADVERTISE,483852,384,128,512,483.852
50n_10p_seed4,0.1,4,484872000,7,DRA_ADVERTISE,484535,384,128,512,484.535
50n_10p_seed4,0.1,4,485812000,48,DRA_ADVERTISE,485104,262,128,512,485.104
50n_10p_seed4,0.1,4,488149000,42,DRA_ADVERTISE,487236,384,128,512,487.236
50n_10p_seed4,0.1,4,492380000,32,DRA_ADVERTISE,492185,256,128,512,492.185
50n_10p_seed4,0.1,4,492723016,42,DRA_ADVERTISE,491810,384,128,512,491.81
50n_10p_seed4,0.1,4,492979000,48,DRA_ADVERTISE,492271,262,128,512,492.271
50n_10p_seed4,0.1,4,493783320,42,DRA_ADVERTISE,492870,384,128,512,492.87
50n_10p_seed4,0.1,4,497100000,40,DRA_ADVERTISE,496617,269,128,512,496.617
50n_10p_seed4,0.1,4,497628016,42,DRA_ADVERTISE,496715,384,128,512,496.715
50n_10p_seed4,0.1,4,499085016,42,DRA_ADVERTISE,498172,384,128,512,498.172
50n_10p_seed4,0.1,4,499566000,7,DRA_ADVERTISE,499229,384,128,512,499.229
50n_10p_seed4,0.1,4,500868000,7,DRA_ADVERTISE,500531,384,128,512,500.531
50n_10p_seed4,0.1,4,502862000,32,DRA_ADVERTISE,502667,256,128,512,502.667
50n_10p_seed4,0.1,4,503327016,7,DRA_ADVERTISE,502990,384,128,512,502.99
50n_10p_seed4,0.1,4,503743000,42,DRA_ADVERTISE,502830,384,128,512,502.83
50n_10p_seed4,0.1,4,504858984,7,DRA_ADVERTISE,504521,384,128,512,504.521
50n_10p_seed4,0.1,4,507905984,7,DRA_ADVERTISE,507568,384,128,512,507.568
50n_10p_seed4,0.1,4,510392000,40,DRA_ADVERTISE,509909,269,128,512,509.909
50n_10p_seed4,0.1,4,511968984,7,DRA_ADVERTISE,511631,384,128,512,511.631
50n_10p_seed4,0.1,4,513393016,42,DRA_ADVERTISE,512480,384,128,512,512.48
50n_10p_seed4,0.1,4,514186000,48,DRA_ADVERTISE,513478,261,128,512,513.478
50n_10p_seed4,0.1,4,517140016,42,DRA_ADVERTISE,516227,384,128,512,516.227
50n_10p_seed4,0.1,4,517279000,7,DRA_ADVERTISE,516942,384,128,512,516.942
50n_10p_seed4,0.1,4,518004000,32,DRA_ADVERTISE,517809,256,128,512,517.809
50n_10p_seed4,0.1,4,519050000,42,DRA_ADVERTISE,518137,384,128,512,518.137
50n_10p_seed4,0.1,4,519313000,32,DRA_ADVERTISE,519118,256,128,512,519.118
50n_10p_seed4,0.1,4,522384016,42,DRA_ADVERTISE,521471,384,128,512,521.471
50n_10p_seed4,0.1,4,527468000,40,DRA_ADVERTISE,526985,267,128,512,526.985
50n_10p_seed4,0.1,4,531353000,48,DRA_ADVERTISE,530645,260,128,512,530.645
50n_10p_seed4,0.1,4,531952000,48,DRA_ADVERTISE,531244,260,128,512,531.244
50n_10p_seed4,0.1,4,532345016,42,DRA_ADVERTISE,531432,384,128,512,531.432
50n_10p_seed4,0.1,4,535194000,7,DRA_ADVERTISE,534857,384,128,512,534.857
50n_10p_seed4,0.1,4,536962000,42,DRA_ADVERTISE,536049,384,128,512,536.049
50n_10p_seed4,0.1,4,537722000,40,DRA_ADVERTISE,537239,265,128,512,537.239
50n_10p_seed4,0.1,4,538853016,42,DRA_ADVERTISE,537940,384,128,512,537.94
50n_10p_seed4,0.1,4,538962984,7,DRA_ADVERTISE,538625,393,128,512,538.625
50n_10p_seed4,0.1,4,540613000,40,DRA_ADVERTISE,540130,265,128,512,540.13
50n_10p_seed4,0.1,4,541584000,42,DRA_ADVERTISE,540671,384,128,512,540.671
50n_10p_seed4,0.1,4,541629016,7,DRA_ADVERTISE,541292,393,128,512,541.292
50n_10p_seed4,0.1,4,542453000,48,DRA_ADVERTISE,541745,260,128,512,541.745
50n_10p_seed4,0.1,4,542505000,32,DRA_ADVERTISE,542310,256,128,512,542.31
50n_10p_seed4,0.1,4,544715984,7,DRA_ADVERTISE,544378,393,128,512,544.378
50n_10p_seed4,0.1,4,546866256,7,DRA_ADVERTISE,546529,393,128,512,546.529
50n_10p_seed4,0.1,4,549482000,7,DRA_ADVERTISE,549145,393,128,512,549.145
50n_10p_seed4,0.1,4,551781000,42,DRA_ADVERTISE,550868,384,128,512,550.868
50n_10p_seed4,0.1,4,553166016,42,DRA_ADVERTISE,552253,384,128,512,552.253
50n_10p_seed4,0.1,4,555602000,32,DRA_ADVERTISE,555407,256,128,512,555.407
50n_10p_seed4,0.1,4,558159320,42,DRA_ADVERTISE,557246,384,128,512,557.246
50n_10p_seed4,0.1,4,558688000,7,DRA_ADVERTISE,558351,389,128,512,558.351
50n_10p_seed4,0.1,4,560176000,48,DRA_ADVERTISE,559468,260,128,512,559.468
50n_10p_seed4,0.1,4,560451016,42,DRA_ADVERTISE,559538,384,128,512,559.538
50n_10p_seed4,0.1,4,561380000,40,DRA_ADVERTISE,560897,265,128,512,560.897
50n_10p_seed4,0.1,4,562188984,7,DRA_ADVERTISE,561851,389,128,512,561.851
50n_10p_seed4,0.1,4,565653984,7,DRA_ADVERTISE,565316,389,128,512,565.316
50n_10p_seed4,0.1,4,568294000,42,DRA_ADVERTISE,567381,384,128,512,567.381
50n_10p_seed4,0.1,4,568531016,42,DRA_ADVERTISE,567618,384,128,512,567.618
50n_10p_seed4,0.1,4,571881000,7,DRA_ADVERTISE,571544,385,128,512,571.544
50n_10p_seed4,0.1,4,572256000,32,DRA_ADVERTISE,572061,256,128,512,572.061
50n_10p_seed4,0.1,4,574961000,40,DRA_ADVERTISE,574478,264,128,512,574.478
50n_10p_seed4,0.1,4,576825000,48,DRA_ADVERTISE,576117,259,128,512,576.117
50n_10p_seed4,0.1,4,578546016,42,DRA_ADVERTISE,577633,384,128,512,577.633
50n_10p_seed4,0.1,4,579255016,7,DRA_ADVERTISE,578918,385,128,512,578.918
50n_10p_seed4,0.1,4,584075984,7,DRA_ADVERTISE,583738,384,128,512,583.738
50n_10p_seed4,0.1,4,584306000,42,DRA_ADVERTISE,583393,384,128,512,583.393
50n_10p_seed4,0.1,4,586299000,32,DRA_ADVERTISE,586104,256,128,512,586.104
50n_10p_seed4,0.1,4,586447000,7,DRA_ADVERTISE,586110,384,128,512,586.11
50n_10p_seed4,0.1,4,587127984,7,DRA_ADVERTISE,586790,384,128,512,586.79
50n_10p_seed4,0.1,4,592248000,40,DRA_ADVERTISE,591765,264,128,512,591.765
50n_10p_seed4,0.1,4,592788000,48,DRA_ADVERTISE,592080,259,128,512,592.08
50n_10p_seed4,0.1,4,593626016,42,DRA_ADVERTISE,592713,384,128,512,592.713
50n_10p_seed4,0.1,4,595337000,48,DRA_ADVERTISE,594629,259,128,512,594.629
50n_10p_seed4,0.1,4,597089016,42,DRA_ADVERTISE,596176,384,128,512,596.176
50n_10p_seed4,0.1,4,597448000,32,DRA_ADVERTISE,597253,256,128,512,597.253
50n_10p_seed4,0.1,4,597740016,42,DRA_ADVERTISE,596827,384,128,512,596.827
50n_10p_seed4,0.1,4,599110000,40,DRA_ADVERTISE,598627,264,128,512,598.627
50n_10p_seed5,0.1,5,11664000,19,DRA_ADVERTISE,11090,299,128,512,11.09
50n_10p_seed5,0.1,5,12038000,19,DRA_ADVERTISE,11464,299,128,512,11.464
50n_10p_seed5,0.1,5,12709000,30,DRA_ADVERTISE,12661,356,128,512,12.661
50n_10p_seed5,0.1,5,13140000,30,DRA_ADVERTISE,13092,356,128,512,13.092
50n_10p_seed5,0.1,5,13216000,19,DRA_ADVERTISE,12642,299,128,512,12.642
50n_10p_seed5,0.1,5,14137000,30,DRA_ADVERTISE,14089,356,128,512,14.089
50n_10p_seed5,0.1,5,14364000,19,DRA_ADVERTISE,13790,299,128,512,13.79
50n_10p_seed5,0.1,5,15660000,19,DRA_ADVERTISE,15086,299,128,512,15.086
50n_10p_seed5,0.1,5,15745000,36,DRA_ADVERTISE,15196,321,128,512,15.196
50n_10p_seed5,0.1,5,15849000,44,DRA_ADVERTISE,15114,600,128,512,15.114
50n_10p_seed5,0.1,5,16035000,44,DRA_ADVERTISE,15300,600,128,512,15.3
50n_10p_seed5,0.1,5,16111000,19,DRA_ADVERTISE,15537,299,128,512,15.537
50n_10p_seed5,0.1,5,16283000,36,DRA_ADVERTISE,15734,321,128,512,15.734
50n_10p_seed5,0.1,5,16326000,30,DRA_ADVERTISE,16278,356,128,512,16.278
50n_10p_seed5,0.1,5,16478000,36,DRA_ADVERTISE,15929,321,128,512,15.929
50n_10p_seed5,0.1,5,16491000,44,DRA_ADVERTISE,15756,600,128,512,15.756
50n_10p_seed5,0.1,5,16848000,36,DRA_ADVERTISE,16299,321,128,512,16.299
50n_10p_seed5,0.1,5,16870000,44,DRA_ADVERTISE,16135,600,128,512,16.135
50n_10p_seed5,0.1,5,17211000,19,DRA_ADVERTISE,16637,299,128,512,16.637
50n_10p_seed5,0.1,5,18001000,44,DRA_ADVERTISE,17266,600,128,512,17.266
50n_10p_seed5,0.1,5,18091000,36,DRA_ADVERTISE,17542,321,128,512,17.542
50n_10p_seed5,0.1,5,18775000,19,DRA_ADVERTISE,18201,299,128,512,18.201
50n_10p_seed5,0.1,5,19342000,30,DRA_ADVERTISE,19294,356,128,512,19.294
50n_10p_seed5,0.1,5,19441000,36,DRA_ADVERTISE,18892,321,128,512,18.892
50n_10p_seed5,0.1,5,19521000,44,DRA_ADVERTISE,18786,600,128,512,18.786
50n_10p_seed5,0.1,5,19577000,7,DRA_ADVERTISE,18790,519,128,512,18.79
50n_10p_seed5,0.1,5,19987000,7,DRA_ADVERTISE,19200,519,128,512,19.2
50n_10p_seed5,0.1,5,20401000,7,DRA_ADVERTISE,19614,519,128,512,19.614
50n_10p_seed5,0.1,5,20756000,7,DRA_ADVERTISE,19969,519,128,512,19.969
50n_10p_seed5,0.1,5,21561000,7,DRA_ADVERTISE,20774,519,128,512,20.774
50n_10p_seed5,0.1,5,21973000,19,DRA_ADVERTISE,21399,286,128,512,21.399
50n_10p_seed5,0.1,5,22646000,36,DRA_ADVERTISE,22097,321,128,512,22.097
50n_10p_seed5,0.1,5,23685000,44,DRA_ADVERTISE,22950,590,128,512,22.95
50n_10p_seed5,0.1,5,23694000,7,DRA_ADVERTISE,22907,498,128,512,22.907
50n_10p_seed5,0.1,5,27314000,7,DRA_ADVERTISE,26527,498,128,512,26.527
50n_10p_seed5,0.1,5,28365000,30,DRA_ADVERTISE,28317,328,128,512,28.317
50n_10p_seed5,0.1,5,28572000,19,DRA_ADVERTISE,27998,270,128,512,27.998
50n_10p_seed5,0.1,5,29340008,7,DRA_ADVERTISE,28553,498,128,512,28.553
50n_10p_seed5,0.1,5,30391000,44,DRA_ADVERTISE,29656,590,128,512,29.656
50n_10p_seed5,0.1,5,30396008,30,DRA_ADVERTISE,30348,328,128,512,30.348
50n_10p_seed5,0.1,5,30500008,7,DRA_ADVERTISE,29713,491,128,512,29.713
50n_10p_seed5,0.1,5,31318000,36,DRA_ADVERTISE,30769,308,128,512,30.769
50n_10p_seed5,0.1,5,33481008,7,DRA_ADVERTISE,32694,485,128,512,32.694
50n_10p_seed5,0.1,5,34639000,7,DRA_ADVERTISE,33852,492,128,512,33.852
50n_10p_seed5,0.1,5,37279920,7,DRA_ADVERTISE,36492,467,128,512,36.492
50n_10p_seed5,0.1,5,37500000,30,DRA_ADVERTISE,37452,333,128,512,37.452
50n_10p_seed5,0.1,5,43482000,19,DRA_ADVERTISE,42908,259,128,512,42.908
50n_10p_seed5,0.1,5,47067000,36,DRA_ADVERTISE,46518,297,128,512,46.518
50n_10p_seed5,0.1,5,48440000,44,DRA_ADVERTISE,47705,565,128,512,47.705
50n_10p_seed5,0.1,5,49162000,7,DRA_ADVERTISE,48375,461,128,512,48.375
50n_10p_seed5,0.1,5,53276000,30,DRA_ADVERTISE,53228,325,128,512,53.228
50n_10p_seed5,0.1,5,56295000,19,DRA_ADVERTISE,55721,256,128,512,55.721
50n_10p_seed5,0.1,5,57719000,36,DRA_ADVERTISE,57170,288,128,512,57.17
50n_10p_seed5,0.1,5,61317920,7,DRA_ADVERTISE,60530,441,128,512,60.53
50n_10p_seed5,0.1,5,61757000,7,DRA_ADVERTISE,60970,437,128,512,60.97
50n_10p_seed5,0.1,5,63009000,44,DRA_ADVERTISE,62274,546,128,512,62.274
50n_10p_seed5,0.1,5,63889920,7,DRA_ADVERTISE,63102,437,128,512,63.102
50n_10p_seed5,0.1,5,67213920,7,DRA_ADVERTISE,66426,433,128,512,66.426
50n_10p_seed5,0.1,5,68458952,30,DRA_ADVERTISE,68410,318,128,512,68.41
50n_10p_seed5,0.1,5,72612000,44,DRA_ADVERTISE,71877,540,128,512,71.877
50n_10p_seed5,0.1,5,72630000,19,DRA_ADVERTISE,72056,256,128,512,72.056
50n_10p_seed5,0.1,5,74278000,30,DRA_ADVERTISE,74230,311,128,512,74.23
50n_10p_seed5,0.1,5,76891000,19,DRA_ADVERTISE,76317,256,128,512,76.317
50n_10p_seed5,0.1,5,77881000,44,DRA_ADVERTISE,77146,540,128,512,77.146
50n_10p_seed5,0.1,5,80973000,36,DRA_ADVERTISE,80424,278,128,512,80.424
50n_10p_seed5,0.1,5,84742000,7,DRA_ADVERTISE,83955,420,128,512,83.955
50n_10p_seed5,0.1,5,92848000,44,DRA_ADVERTISE,92113,524,128,512,92.113
50n_10p_seed5,0.1,5,92940000,30,DRA_ADVERTISE,92892,305,128,512,92.892
50n_10p_seed5,0.1,5,93093920,7,DRA_ADVERTISE,92306,413,128,512,92.306
50n_10p_seed5,0.1,5,93602000,19,DRA_ADVERTISE,93028,256,128,512,93.028
50n_10p_seed5,0.1,5,94255920,7,DRA_ADVERTISE,93468,410,128,512,93.468
50n_10p_seed5,0.1,5,94417920,7,DRA_ADVERTISE,93630,407,128,512,93.63
50n_10p_seed5,0.1,5,96126000,7,DRA_ADVERTISE,95339,405,128,512,95.339
50n_10p_seed5,0.1,5,96340000,36,DRA_ADVERTISE,95791,278,128,512,95.791
50n_10p_seed5,0.1,5,99814936,30,DRA_ADVERTISE,99766,295,128,512,99.766
50n_10p_seed5,0.1,5,104059000,30,DRA_ADVERTISE,104011,295,128,512,104.011
50n_10p_seed5,0.1,5,107063000,44,DRA_ADVERTISE,106328,520,128,512,106.328
50n_10p_seed5,0.1,5,109868000,30,DRA_ADVERTISE,109820,291,128,512,109.82
50n_10p_seed5,0.1,5,110694000,19,DRA_ADVERTISE,110120,256,128,512,110.12
50n_10p_seed5,0.1,5,111393000,36,DRA_ADVERTISE,110844,271,128,512,110.844
50n_10p_seed5,0.1,5,112327000,36,DRA_ADVERTISE,111778,271,128,512,111.778
50n_10p_seed5,0.1,5,112808000,7,DRA_ADVERTISE,112021,402,128,512,112.021
50n_10p_seed5,0.1,5,116391952,7,DRA_ADVERTISE,115604,402,128,512,115.604
50n_10p_seed5,0.1,5,117035952,7,DRA_ADVERTISE,116248,400,128,512,116.248
50n_10p_seed5,0.1,5,124934000,30,DRA_ADVERTISE,124886,287,128,512,124.886
50n_10p_seed5,0.1,5,126582000,7,DRA_ADVERTISE,125795,404,128,512,125.795
50n_10p_seed5,0.1,5,127800000,44,DRA_ADVERTISE,127065,503,128,512,127.065
50n_10p_seed5,0.1,5,129182000,19,DRA_ADVERTISE,128608,263,128,512,128.608
50n_10p_seed5,0.1,5,130087000,36,DRA_ADVERTISE,129538,271,128,512,129.538
50n_10p_seed5,0.1,5,131264952,7,DRA_ADVERTISE,130477,404,128,512,130.477
50n_10p_seed5,0.1,5,133516000,7,DRA_ADVERTISE,132729,402,128,512,132.729
50n_10p_seed5,0.1,5,137485000,30,DRA_ADVERTISE,137437,280,128,512,137.437
50n_10p_seed5,0.1,5,137675952,7,DRA_ADVERTISE,136888,400,128,512,136.888
50n_10p_seed5,0.1,5,142788000,36,DRA_ADVERTISE,142239,265,128,512,142.239
50n_10p_seed5,0.1,5,143249000,44,DRA_ADVERTISE,142514,501,128,512,142.514
50n_10p_seed5,0.1,5,144006000,19,DRA_ADVERTISE,143432,269,128,512,143.432
50n_10p_seed5,0.1,5,146467000,7,DRA_ADVERTISE,145680,398,128,512,145.68
50n_10p_seed5,0.1,5,147322000,19,DRA_ADVERTISE,146748,267,128,512,146.748
50n_10p_seed5,0.1,5,155702000,44,DRA_ADVERTISE,154967,500,128,512,154.967
50n_10p_seed5,0.1,5,156188952,7,DRA_ADVERTISE,155401,394,128,512,155.401
50n_10p_seed5,0.1,5,158674000,30,DRA_ADVERTISE,158626,290,128,512,158.626
50n_10p_seed5,0.1,5,158936000,19,DRA_ADVERTISE,158362,263,128,512,158.362
50n_10p_seed5,0.1,5,159785000,7,DRA_ADVERTISE,158998,393,128,512,158.998
50n_10p_seed5,0.1,5,160470000,36,DRA_ADVERTISE,159921,265,128,512,159.921
50n_10p_seed5,0.1,5,164609952,7,DRA_ADVERTISE,163822,393,128,512,163.822
50n_10p_seed5,0.1,5,165896952,7,DRA_ADVERTISE,165109,392,128,512,165.109
50n_10p_seed5,0.1,5,167686000,30,DRA_ADVERTISE,167638,286,128,512,167.638
50n_10p_seed5,0.1,5,169471000,30,DRA_ADVERTISE,169423,286,128,512,169.423
50n_10p_seed5,0.1,5,171812000,19,DRA_ADVERTISE,171238,258,128,512,171.238
50n_10p_seed5,0.1,5,174145000,36,DRA_ADVERTISE,173596,262,128,512,173.596
50n_10p_seed5,0.1,5,177575000,44,DRA_ADVERTISE,176840,497,128,512,176.84
50n_10p_seed5,0.1,5,177789000,7,DRA_ADVERTISE,177002,399,128,512,177.002
50n_10p_seed5,0.1,5,178075000,44,DRA_ADVERTISE,177340,497,128,512,177.34
50n_10p_seed5,0.1,5,186826000,30,DRA_ADVERTISE,186778,280,128,512,186.778
50n_10p_seed5,0.1,5,188242952,7,DRA_ADVERTISE,187455,395,128,512,187.455
50n_10p_seed5,0.1,5,189637000,36,DRA_ADVERTISE,189088,261,128,512,189.088
50n_10p_seed5,0.1,5,190687000,19,DRA_ADVERTISE,190113,256,128,512,190.113
50n_10p_seed5,0.1,5,193023952,7,DRA_ADVERTISE,192236,394,128,512,192.236
50n_10p_seed5,0.1,5,194194952,7,DRA_ADVERTISE,193407,393,128,512,193.407
50n_10p_seed5,0.1,5,195745000,44,DRA_ADVERTISE,195010,487,128,512,195.01
50n_10p_seed5,0.1,5,196546000,7,DRA_ADVERTISE,195759,392,128,512,195.759
50n_10p_seed5,0.1,5,198810000,36,DRA_ADVERTISE,198261,259,128,512,198.261
50n_10p_seed5,0.1,5,204629000,30,DRA_ADVERTISE,204581,274,128,512,204.581
50n_10p_seed5,0.1,5,205273000,36,DRA_ADVERTISE,204724,259,128,512,204.724
50n_10p_seed5,0.1,5,206042000,44,DRA_ADVERTISE,205307,482,128,512,205.307
50n_10p_seed5,0.1,5,207773000,19,DRA_ADVERTISE,207199,256,128,512,207.199
50n_10p_seed5,0.1,5,208876000,7,DRA_ADVERTISE,208089,387,128,512,208.089
50n_10p_seed5,0.1,5,210566952,7,DRA_ADVERTISE,209779,387,128,512,209.779
50n_10p_seed5,0.1,5,214323000,7,DRA_ADVERTISE,213536,387,128,512,213.536
50n_10p_seed5,0.1,5,215333952,7,DRA_ADVERTISE,214546,387,128,512,214.546
50n_10p_seed5,0.1,5,218064000,30,DRA_ADVERTISE,218016,272,128,512,218.016
50n_10p_seed5,0.1,5,218303952,7,DRA_ADVERTISE,217516,384,128,512,217.516
50n_10p_seed5,0.1,5,223098000,44,DRA_ADVERTISE,222363,473,128,512,222.363
50n_10p_seed5,0.1,5,226472000,36,DRA_ADVERTISE,225923,256,128,512,225.923
50n_10p_seed5,0.1,5,226776000,19,DRA_ADVERTISE,226202,256,128,512,226.202
50n_10p_seed5,0.1,5,227916000,7,DRA_ADVERTISE,227129,384,128,512,227.129
50n_10p_seed5,0.1,5,232461000,30,DRA_ADVERTISE,232413,268,128,512,232.413
50n_10p_seed5,0.1,5,234454000,19,DRA_ADVERTISE,233880,256,128,512,233.88
50n_10p_seed5,0.1,5,239014952,7,DRA_ADVERTISE,238227,384,128,512,238.227
50n_10p_seed5,0.1,5,239310000,36,DRA_ADVERTISE,238761,256,128,512,238.761
50n_10p_seed5,0.1,5,239918000,44,DRA_ADVERTISE,239183,470,128,512,239.183
50n_10p_seed5,0.1,5,240295000,44,DRA_ADVERTISE,239560,470,128,512,239.56
50n_10p_seed5,0.1,5,240990000,30,DRA_ADVERTISE,240942,266,128,512,240.942
50n_10p_seed5,0.1,5,241552000,7,DRA_ADVERTISE,240765,384,128,512,240.765
50n_10p_seed5,0.1,5,241904000,19,DRA_ADVERTISE,241330,256,128,512,241.33
50n_10p_seed5,0.1,5,247840952,7,DRA_ADVERTISE,247053,384,128,512,247.053
50n_10p_seed5,0.1,5,248480952,7,DRA_ADVERTISE,247693,384,128,512,247.693
50n_10p_seed5,0.1,5,254376000,36,DRA_ADVERTISE,253827,256,128,512,253.827
50n_10p_seed5,0.1,5,254496000,30,DRA_ADVERTISE,254448,265,128,512,254.448
50n_10p_seed5,0.1,5,256786000,44,DRA_ADVERTISE,256051,470,128,512,256.051
50n_10p_seed5,0.1,5,257545000,19,DRA_ADVERTISE,256971,256,128,512,256.971
50n_10p_seed5,0.1,5,259880952,7,DRA_ADVERTISE,259093,384,128,512,259.093
50n_10p_seed5,0.1,5,264450000,7,DRA_ADVERTISE,263663,384,128,512,263.663
50n_10p_seed5,0.1,5,268934000,30,DRA_ADVERTISE,268886,264,128,512,268.886
50n_10p_seed5,0.1,5,270800000,19,DRA_ADVERTISE,270226,256,128,512,270.226
50n_10p_seed5,0.1,5,271431000,44,DRA_ADVERTISE,270696,460,128,512,270.696
50n_10p_seed5,0.1,5,274886000,36,DRA_ADVERTISE,274337,256,128,512,274.337
50n_10p_seed5,0.1,5,278528000,30,DRA_ADVERTISE,278480,262,128,512,278.48
50n_10p_seed5,0.1,5,278956000,7,DRA_ADVERTISE,278169,384,128,512,278.169
50n_10p_seed5,0.1,5,284456952,7,DRA_ADVERTISE,283669,384,128,512,283.669
50n_10p_seed5,0.1,5,285733952,7,DRA_ADVERTISE,284946,384,128,512,284.946
50n_10p_seed5,0.1,5,285819000,30,DRA_ADVERTISE,285771,262,128,512,285.771
50n_10p_seed5,0.1,5,286586000,36,DRA_ADVERTISE,286037,256,128,512,286.037
50n_10p_seed5,0.1,5,286774000,19,DRA_ADVERTISE,286200,256,128,512,286.2
50n_10p_seed5,0.1,5,287747952,7,DRA_ADVERTISE,286960,384,128,512,286.96
50n_10p_seed5,0.1,5,288206000,7,DRA_ADVERTISE,287419,384,128,512,287.419
50n_10p_seed5,0.1,5,290151000,19,DRA_ADVERTISE,289577,256,128,512,289.577
50n_10p_seed5,0.1,5,292265000,44,DRA_ADVERTISE,291530,450,128,512,291.53
50n_10p_seed5,0.1,5,296558000,7,DRA_ADVERTISE,295771,384,128,512,295.771
50n_10p_seed5,0.1,5,299814000,30,DRA_ADVERTISE,299766,261,128,512,299.766
50n_10p_seed5,0.1,5,303132000,44,DRA_ADVERTISE,302397,449,128,512,302.397
50n_10p_seed5,0.1,5,303233000,19,DRA_ADVERTISE,302659,256,128,512,302.659
50n_10p_seed5,0.1,5,306685000,36,DRA_ADVERTISE,306136,256,128,512,306.136
50n_10p_seed5,0.1,5,306964000,36,DRA_ADVERTISE,306415,256,128,512,306.415
50n_10p_seed5,0.1,5,310606000,44,DRA_ADVERTISE,309871,449,128,512,309.871
50n_10p_seed5,0.1,5,310634952,7,DRA_ADVERTISE,309847,384,128,512,309.847
50n_10p_seed5,0.1,5,312132000,7,DRA_ADVERTISE,311345,384,128,512,311.345
50n_10p_seed5,0.1,5,320078952,7,DRA_ADVERTISE,319291,384,128,512,319.291
50n_10p_seed5,0.1,5,320361000,36,DRA_ADVERTISE,319812,256,128,512,319.812
50n_10p_seed5,0.1,5,320992000,44,DRA_ADVERTISE,320257,441,128,512,320.257
50n_10p_seed5,0.1,5,321456000,19,DRA_ADVERTISE,320882,256,128,512,320.882
50n_10p_seed5,0.1,5,322640984,7,DRA_ADVERTISE,321853,384,128,512,321.853
50n_10p_seed5,0.1,5,322669000,30,DRA_ADVERTISE,322621,271,128,512,322.621
50n_10p_seed5,0.1,5,323998000,7,DRA_ADVERTISE,323211,384,128,512,323.211
50n_10p_seed5,0.1,5,333574000,30,DRA_ADVERTISE,333526,271,128,512,333.526
50n_10p_seed5,0.1,5,333750984,7,DRA_ADVERTISE,332963,384,128,512,332.963
50n_10p_seed5,0.1,5,337642000,44,DRA_ADVERTISE,336907,441,128,512,336.907
50n_10p_seed5,0.1,5,338320000,19,DRA_ADVERTISE,337746,256,128,512,337.746
50n_10p_seed5,0.1,5,338332000,36,DRA_ADVERTISE,337783,256,128,512,337.783
50n_10p_seed5,0.1,5,343526000,7,DRA_ADVERTISE,342739,393,128,512,342.739
50n_10p_seed5,0.1,5,344317984,7,DRA_ADVERTISE,343530,393,128,512,343.53
50n_10p_seed5,0.1,5,348248000,19,DRA_ADVERTISE,347674,256,128,512,347.674
50n_10p_seed5,0.1,5,348634952,7,DRA_ADVERTISE,347847,393,128,512,347.847
50n_10p_seed5,0.1,5,351493000,19,DRA_ADVERTISE,350919,256,128,512,350.919
50n_10p_seed5,0.1,5,354113000,30,DRA_ADVERTISE,354065,265,128,512,354.065
50n_10p_seed5,0.1,5,354793000,7,DRA_ADVERTISE,354006,388,128,512,354.006
50n_10p_seed5,0.1,5,357133984,7,DRA_ADVERTISE,356346,388,128,512,356.346
50n_10p_seed5,0.1,5,357452000,44,DRA_ADVERTISE,356717,435,128,512,356.717
50n_10p_seed5,0.1,5,357504000,36,DRA_ADVERTISE,356955,256,128,512,356.955
50n_10p_seed5,0.1,5,360582000,7,DRA_ADVERTISE,359795,388,128,512,359.795
50n_10p_seed5,0.1,5,364632000,36,DRA_ADVERTISE,364083,256,128,512,364.083
50n_10p_seed5,0.1,5,365550000,30,DRA_ADVERTISE,365502,264,128,512,365.502
50n_10p_seed5,0.1,5,368835000,36,DRA_ADVERTISE,368286,256,128,512,368.286
50n_10p_seed5,0.1,5,369830000,44,DRA_ADVERTISE,369095,435,128,512,369.095
50n_10p_seed5,0.1,5,370676000,19,DRA_ADVERTISE,370102,256,128,512,370.102
50n_10p_seed5,0.1,5,373072984,7,DRA_ADVERTISE,372285,387,128,512,372.285
50n_10p_seed5,0.1,5,373241280,7,DRA_ADVERTISE,372454,387,128,512,372.454
50n_10p_seed5,0.1,5,376392000,7,DRA_ADVERTISE,375605,387,128,512,375.605
50n_10p_seed5,0.1,5,380045000,30,DRA_ADVERTISE,379997,263,128,512,379.997
50n_10p_seed5,0.1,5,383664000,30,DRA_ADVERTISE,383616,262,128,512,383.616
50n_10p_seed5,0.1,5,388955000,19,DRA_ADVERTISE,388381,256,128,512,388.381
50n_10p_seed5,0.1,5,390726000,7,DRA_ADVERTISE,389939,384,128,512,389.939
50n_10p_seed5,0.1,5,391431000,36,DRA_ADVERTISE,390882,256,128,512,390.882
50n_10p_seed5,0.1,5,392479000,44,DRA_ADVERTISE,391744,429,128,512,391.744
50n_10p_seed5,0.1,5,395325984,7,DRA_ADVERTISE,394538,384,128,512,394.538
50n_10p_seed5,0.1,5,399439256,7,DRA_ADVERTISE,398652,384,128,512,398.652
50n_10p_seed5,0.1,5,400229000,30,DRA_ADVERTISE,400181,261,128,512,400.181
50n_10p_seed5,0.1,5,401245000,44,DRA_ADVERTISE,400510,429,128,512,400.51
50n_10p_seed5,0.1,5,401717000,44,DRA_ADVERTISE,400982,429,128,512,400.982
50n_10p_seed5,0.1,5,405442000,19,DRA_ADVERTISE,404868,256,128,512,404.868
50n_10p_seed5,0.1,5,406560000,36,DRA_ADVERTISE,406011,256,128,512,406.011
50n_10p_seed5,0.1,5,407207000,7,DRA_ADVERTISE,406420,384,128,512,406.42
50n_10p_seed5,0.1,5,408448984,7,DRA_ADVERTISE,407661,384,128,512,407.661
50n_10p_seed5,0.1,5,417945000,44,DRA_ADVERTISE,417210,424,128,512,417.21
50n_10p_seed5,0.1,5,417985000,19,DRA_ADVERTISE,417411,256,128,512,417.411
50n_10p_seed5,0.1,5,418794000,30,DRA_ADVERTISE,418746,259,128,512,418.746
50n_10p_seed5,0.1,5,420806000,36,DRA_ADVERTISE,420257,256,128,512,420.257
50n_10p_seed5,0.1,5,421897000,19,DRA_ADVERTISE,421323,256,128,512,421.323
50n_10p_seed5,0.1,5,423181984,7,DRA_ADVERTISE,422394,384,128,512,422.394
50n_10p_seed5,0.1,5,424667984,7,DRA_ADVERTISE,423880,384,128,512,423.88
50n_10p_seed5,0.1,5,425027000,7,DRA_ADVERTISE,424240,384,128,512,424.24
50n_10p_seed5,0.1,5,431108000,30,DRA_ADVERTISE,431060,259,128,512,431.06
50n_10p_seed5,0.1,5,434973000,36,DRA_ADVERTISE,434424,256,128,512,434.424
50n_10p_seed5,0.1,5,435354000,19,DRA_ADVERTISE,434780,256,128,512,434.78
50n_10p_seed5,0.1,5,438126000,36,DRA_ADVERTISE,437577,256,128,512,437.577
50n_10p_seed5,0.1,5,440777984,7,DRA_ADVERTISE,439990,384,128,512,439.99
50n_10p_seed5,0.1,5,441431000,44,DRA_ADVERTISE,440696,424,128,512,440.696
50n_10p_seed5,0.1,5,443925000,7,DRA_ADVERTISE,443138,384,128,512,443.138
50n_10p_seed5,0.1,5,446041984,7,DRA_ADVERTISE,445254,384,128,512,445.254
50n_10p_seed5,0.1,5,448950000,7,DRA_ADVERTISE,448163,384,128,512,448.163
50n_10p_seed5,0.1,5,450478000,44,DRA_ADVERTISE,449743,420,128,512,449.743
50n_10p_seed5,0.1,5,451113000,36,DRA_ADVERTISE,450564,256,128,512,450.564
50n_10p_seed5,0.1,5,451852000,30,DRA_ADVERTISE,451804,256,128,512,451.804
50n_10p_seed5,0.1,5,455889000,7,DRA_ADVERTISE,455102,384,128,512,455.102
50n_10p_seed5,0.1,5,456795000,19,DRA_ADVERTISE,456221,264,128,512,456.221
50n_10p_seed5,0.1,5,457514984,7,DRA_ADVERTISE,456727,384,128,512,456.727
50n_10p_seed5,0.1,5,458696016,19,DRA_ADVERTISE,458122,263,128,512,458.122
50n_10p_seed5,0.1,5,464985000,30,DRA_ADVERTISE,464937,256,128,512,464.937
50n_10p_seed5,0.1,5,466005000,44,DRA_ADVERTISE,465270,420,128,512,465.27
50n_10p_seed5,0.1,5,466340000,19,DRA_ADVERTISE,465766,261,128,512,465.766
50n_10p_seed5,0.1,5,468390984,7,DRA_ADVERTISE,467603,384,128,512,467.603
50n_10p_seed5,0.1,5,469745000,44,DRA_ADVERTISE,469010,420,128,512,469.01
50n_10p_seed5,0.1,5,469956000,36,DRA_ADVERTISE,469407,256,128,512,469.407
50n_10p_seed5,0.1,5,471361000,7,DRA_ADVERTISE,470574,396,128,512,470.574
50n_10p_seed5,0.1,5,478748984,7,DRA_ADVERTISE,477961,396,128,512,477.961
50n_10p_seed5,0.1,5,479691000,30,DRA_ADVERTISE,479643,256,128,512,479.643
50n_10p_seed5,0.1,5,485041000,30,DRA_ADVERTISE,484993,256,128,512,484.993
50n_10p_seed5,0.1,5,486407000,36,DRA_ADVERTISE,485858,256,128,512,485.858
50n_10p_seed5,0.1,5,488632000,19,DRA_ADVERTISE,488058,256,128,512,488.058
50n_10p_seed5,0.1,5,488904000,44,DRA_ADVERTISE,488169,416,128,512,488.169
50n_10p_seed5,0.1,5,490047000,7,DRA_ADVERTISE,489260,393,128,512,489.26
50n_10p_seed5,0.1,5,492361984,7,DRA_ADVERTISE,491574,393,128,512,491.574
50n_10p_seed5,0.1,5,494074984,7,DRA_ADVERTISE,493287,392,128,512,493.287
50n_10p_seed5,0.1,5,499766000,30,DRA_ADVERTISE,499718,256,128,512,499.718
50n_10p_seed5,0.1,5,500419000,44,DRA_ADVERTISE,499684,416,128,512,499.684
50n_10p_seed5,0.1,5,501600000,36,DRA_ADVERTISE,501051,256,128,512,501.051
50n_10p_seed5,0.1,5,503348984,7,DRA_ADVERTISE,502561,391,128,512,502.561
50n_10p_seed5,0.1,5,504930000,7,DRA_ADVERTISE,504143,390,128,512,504.143
50n_10p_seed5,0.1,5,505499000,19,DRA_ADVERTISE,504925,256,128,512,504.925
50n_10p_seed5,0.1,5,516307000,19,DRA_ADVERTISE,515733,256,128,512,515.733
50n_10p_seed5,0.1,5,519725000,19,DRA_ADVERTISE,519151,256,128,512,519.151
50n_10p_seed5,0.1,5,519955000,30,DRA_ADVERTISE,519907,256,128,512,519.907
50n_10p_seed5,0.1,5,521111000,36,DRA_ADVERTISE,520562,256,128,512,520.562
50n_10p_seed5,0.1,5,521477000,44,DRA_ADVERTISE,520742,412,128,512,520.742
50n_10p_seed5,0.1,5,525007000,7,DRA_ADVERTISE,524220,400,128,512,524.22
50n_10p_seed5,0.1,5,525624000,36,DRA_ADVERTISE,525075,256,128,512,525.075
50n_10p_seed5,0.1,5,525772256,7,DRA_ADVERTISE,524985,399,128,512,524.985
50n_10p_seed5,0.1,5,529323984,7,DRA_ADVERTISE,528536,398,128,512,528.536
50n_10p_seed5,0.1,5,532807984,7,DRA_ADVERTISE,532020,393,128,512,532.02
50n_10p_seed5,0.1,5,533998000,30,DRA_ADVERTISE,533950,256,128,512,533.95
50n_10p_seed5,0.1,5,534261000,36,DRA_ADVERTISE,533712,256,128,512,533.712
50n_10p_seed5,0.1,5,537818000,44,DRA_ADVERTISE,537083,409,128,512,537.083
50n_10p_seed5,0.1,5,539494000,19,DRA_ADVERTISE,538920,256,128,512,538.92
50n_10p_seed5,0.1,5,539612000,7,DRA_ADVERTISE,538825,392,128,512,538.825
50n_10p_seed5,0.1,5,540862000,44,DRA_ADVERTISE,540127,409,128,512,540.127
50n_10p_seed5,0.1,5,549833000,7,DRA_ADVERTISE,549046,388,128,512,549.046
50n_10p_seed5,0.1,5,550084000,44,DRA_ADVERTISE,549349,419,128,512,549.349
50n_10p_seed5,0.1,5,550343000,36,DRA_ADVERTISE,549794,256,128,512,549.794
50n_10p_seed5,0.1,5,551026000,30,DRA_ADVERTISE,550978,256,128,512,550.978
50n_10p_seed5,0.1,5,552468000,30,DRA_ADVERTISE,552420,256,128,512,552.42
50n_10p_seed5,0.1,5,552694000,19,DRA_ADVERTISE,552120,256,128,512,552.12
50n_10p_seed5,0.1,5,559657000,7,DRA_ADVERTISE,558870,388,128,512,558.87
50n_10p_seed5,0.1,5,562607984,7,DRA_ADVERTISE,561820,388,128,512,561.82
50n_10p_seed5,0.1,5,564301984,7,DRA_ADVERTISE,563514,387,128,512,563.514
50n_10p_seed5,0.1,5,567032000,36,DRA_ADVERTISE,566483,256,128,512,566.483
50n_10p_seed5,0.1,5,567221000,30,DRA_ADVERTISE,567173,256,128,512,567.173
50n_10p_seed5,0.1,5,567979000,44,DRA_ADVERTISE,567244,416,128,512,567.244
50n_10p_seed5,0.1,5,570902000,19,DRA_ADVERTISE,570328,256,128,512,570.328
50n_10p_seed5,0.1,5,572365000,7,DRA_ADVERTISE,571578,384,128,512,571.578
50n_10p_seed5,0.1,5,572510984,7,DRA_ADVERTISE,571723,384,128,512,571.723
50n_10p_seed5,0.1,5,579988000,30,DRA_ADVERTISE,579940,256,128,512,579.94
50n_10p_seed5,0.1,5,581661000,19,DRA_ADVERTISE,581087,256,128,512,581.087
50n_10p_seed5,0.1,5,581729000,44,DRA_ADVERTISE,580994,413,128,512,580.994
50n_10p_seed5,0.1,5,586347984,7,DRA_ADVERTISE,585560,384,128,512,585.56
50n_10p_seed5,0.1,5,586859000,36,DRA_ADVERTISE,586310,256,128,512,586.31
50n_10p_seed5,0.1,5,587144000,7,DRA_ADVERTISE,586357,384,128,512,586.357
50n_10p_seed5,0.1,5,588779000,36,DRA_ADVERTISE,588230,256,128,512,588.23
50n_10p_seed5,0.1,5,594382000,30,DRA_ADVERTISE,594334,256,128,512,594.334
50n_10p_seed5,0.1,5,597753000,19,DRA_ADVERTISE,597179,256,128,512,597.179
50n_10p_seed5,0.1,5,599263984,7,DRA_ADVERTISE,598476,384,128,512,598.476
50n_20p_seed1,0.2,1,9336000,29,DRA_ADVERTISE,9299,343,128,512,9.299
50n_20p_seed1,0.2,1,9765000,29,DRA_ADVERTISE,9728,343,128,512,9.728
50n_20p_seed1,0.2,1,10535000,29,DRA_ADVERTISE,10498,343,128,512,10.498
50n_20p_seed1,0.2,1,11495000,36,DRA_ADVERTISE,10812,333,128,512,10.812
50n_20p_seed1,0.2,1,11974000,36,DRA_ADVERTISE,11291,333,128,512,11.291
50n_20p_seed1,0.2,1,12370000,29,DRA_ADVERTISE,12333,343,128,512,12.333
50n_20p_seed1,0.2,1,12999000,36,DRA_ADVERTISE,12316,333,128,512,12.316
50n_20p_seed1,0.2,1,14380000,32,DRA_ADVERTISE,13638,311,128,512,13.638
50n_20p_seed1,0.2,1,14567000,36,DRA_ADVERTISE,13884,333,128,512,13.884
50n_20p_seed1,0.2,1,14700000,38,DRA_ADVERTISE,13730,343,128,512,13.73
50n_20p_seed1,0.2,1,14705000,32,DRA_ADVERTISE,13963,311,128,512,13.963
50n_20p_seed1,0.2,1,15247000,38,DRA_ADVERTISE,14277,343,128,512,14.277
50n_20p_seed1,0.2,1,15884000,22,DRA_ADVERTISE,15164,343,128,512,15.164
50n_20p_seed1,0.2,1,15884000,32,DRA_ADVERTISE,15142,311,128,512,15.142
50n_20p_seed1,0.2,1,16035000,47,DRA_ADVERTISE,15611,299,128,512,15.611
50n_20p_seed1,0.2,1,16099000,36,DRA_ADVERTISE,15416,333,128,512,15.416
50n_20p_seed1,0.2,1,16179000,38,DRA_ADVERTISE,15209,343,128,512,15.209
50n_20p_seed1,0.2,1,16219000,22,DRA_ADVERTISE,15499,343,128,512,15.499
50n_20p_seed1,0.2,1,16447000,47,DRA_ADVERTISE,16023,299,128,512,16.023
50n_20p_seed1,0.2,1,16629000,36,DRA_ADVERTISE,15946,333,128,512,15.946
50n_20p_seed1,0.2,1,16633000,22,DRA_ADVERTISE,15913,343,128,512,15.913
50n_20p_seed1,0.2,1,16909000,29,DRA_ADVERTISE,16872,343,128,512,16.872
50n_20p_seed1,0.2,1,17250000,32,DRA_ADVERTISE,16508,311,128,512,16.508
50n_20p_seed1,0.2,1,17273000,36,DRA_ADVERTISE,16590,325,128,512,16.59
50n_20p_seed1,0.2,1,17318000,22,DRA_ADVERTISE,16598,343,128,512,16.598
50n_20p_seed1,0.2,1,17327000,47,DRA_ADVERTISE,16903,299,128,512,16.903
50n_20p_seed1,0.2,1,18062000,38,DRA_ADVERTISE,17092,343,128,512,17.092
50n_20p_seed1,0.2,1,18513000,6,DRA_ADVERTISE,17699,525,128,512,17.699
50n_20p_seed1,0.2,1,18813000,22,DRA_ADVERTISE,18093,343,128,512,18.093
50n_20p_seed1,0.2,1,18860000,36,DRA_ADVERTISE,18177,325,128,512,18.177
50n_20p_seed1,0.2,1,19143000,47,DRA_ADVERTISE,18719,299,128,512,18.719
50n_20p_seed1,0.2,1,19250000,22,DRA_ADVERTISE,18530,343,128,512,18.53
50n_20p_seed1,0.2,1,19267000,36,DRA_ADVERTISE,18584,325,128,512,18.584
50n_20p_seed1,0.2,1,19576008,29,DRA_ADVERTISE,19539,343,128,512,19.539
50n_20p_seed1,0.2,1,19816000,22,DRA_ADVERTISE,19096,343,128,512,19.096
50n_20p_seed1,0.2,1,19864000,44,DRA_ADVERTISE,19444,310,128,512,19.444
50n_20p_seed1,0.2,1,19979000,36,DRA_ADVERTISE,19296,325,128,512,19.296
50n_20p_seed1,0.2,1,20398000,6,DRA_ADVERTISE,19584,518,128,512,19.584
50n_20p_seed1,0.2,1,20439000,44,DRA_ADVERTISE,20019,310,128,512,20.019
50n_20p_seed1,0.2,1,20550000,32,DRA_ADVERTISE,19808,311,128,512,19.808
50n_20p_seed1,0.2,1,20617000,22,DRA_ADVERTISE,19897,343,128,512,19.897
50n_20p_seed1,0.2,1,20968000,6,DRA_ADVERTISE,20154,510,128,512,20.154
50n_20p_seed1,0.2,1,21027008,29,DRA_ADVERTISE,20990,326,128,512,20.99
50n_20p_seed1,0.2,1,21174000,44,DRA_ADVERTISE,20754,310,128,512,20.754
50n_20p_seed1,0.2,1,21415000,38,DRA_ADVERTISE,20445,343,128,512,20.445
50n_20p_seed1,0.2,1,21589000,6,DRA_ADVERTISE,20775,510,128,512,20.775
50n_20p_seed1,0.2,1,21742008,36,DRA_ADVERTISE,21059,325,128,512,21.059
50n_20p_seed1,0.2,1,21790296,36,DRA_ADVERTISE,21107,318,128,512,21.107
50n_20p_seed1,0.2,1,21939000,22,DRA_ADVERTISE,21219,343,128,512,21.219
50n_20p_seed1,0.2,1,22707000,29,DRA_ADVERTISE,22670,319,128,512,22.67
50n_20p_seed1,0.2,1,23105000,44,DRA_ADVERTISE,22685,310,128,512,22.685
50n_20p_seed1,0.2,1,23316000,47,DRA_ADVERTISE,22892,299,128,512,22.892
50n_20p_seed1,0.2,1,23477000,6,DRA_ADVERTISE,22663,510,128,512,22.663
50n_20p_seed1,0.2,1,24205952,29,DRA_ADVERTISE,24168,319,128,512,24.168
50n_20p_seed1,0.2,1,25786000,36,DRA_ADVERTISE,25103,291,128,512,25.103
50n_20p_seed1,0.2,1,25965000,44,DRA_ADVERTISE,25545,304,128,512,25.545
50n_20p_seed1,0.2,1,26328000,22,DRA_ADVERTISE,25608,334,128,512,25.608
50n_20p_seed1,0.2,1,26390000,32,DRA_ADVERTISE,25648,305,128,512,25.648
50n_20p_seed1,0.2,1,26596296,29,DRA_ADVERTISE,26559,312,128,512,26.559
50n_20p_seed1,0.2,1,26883008,22,DRA_ADVERTISE,26163,334,128,512,26.163
50n_20p_seed1,0.2,1,26979000,50,DRA_ADVERTISE,25982,323,128,512,25.982
50n_20p_seed1,0.2,1,27192000,6,DRA_ADVERTISE,26378,510,128,512,26.378
50n_20p_seed1,0.2,1,27371000,50,DRA_ADVERTISE,26374,323,128,512,26.374
50n_20p_seed1,0.2,1,28379000,50,DRA_ADVERTISE,27382,323,128,512,27.382
50n_20p_seed1,0.2,1,29134008,47,DRA_ADVERTISE,28710,299,128,512,28.71
50n_20p_seed1,0.2,1,29171000,38,DRA_ADVERTISE,28201,334,128,512,28.201
50n_20p_seed1,0.2,1,29334008,22,DRA_ADVERTISE,28614,326,128,512,28.614
50n_20p_seed1,0.2,1,29437000,33,DRA_ADVERTISE,29329,299,128,512,29.329
50n_20p_seed1,0.2,1,29827000,50,DRA_ADVERTISE,28830,323,128,512,28.83
50n_20p_seed1,0.2,1,29908000,33,DRA_ADVERTISE,29800,299,128,512,29.8
50n_20p_seed1,0.2,1,30656000,33,DRA_ADVERTISE,30548,299,128,512,30.548
50n_20p_seed1,0.2,1,31036000,36,DRA_ADVERTISE,30353,283,128,512,30.353
50n_20p_seed1,0.2,1,32311000,22,DRA_ADVERTISE,31591,306,128,512,31.591
50n_20p_seed1,0.2,1,32417000,6,DRA_ADVERTISE,31603,510,128,512,31.603
50n_20p_seed1,0.2,1,32540000,33,DRA_ADVERTISE,32432,299,128,512,32.432
50n_20p_seed1,0.2,1,32706920,22,DRA_ADVERTISE,31986,306,128,512,31.986
50n_20p_seed1,0.2,1,33084000,50,DRA_ADVERTISE,32087,323,128,512,32.087
50n_20p_seed1,0.2,1,33298000,44,DRA_ADVERTISE,32878,299,128,512,32.878
50n_20p_seed1,0.2,1,35594008,6,DRA_ADVERTISE,34780,504,128,512,34.78
50n_20p_seed1,0.2,1,36547000,33,DRA_ADVERTISE,36439,299,128,512,36.439
50n_20p_seed1,0.2,1,40959000,50,DRA_ADVERTISE,39962,316,128,512,39.962
50n_20p_seed1,0.2,1,41600000,29,DRA_ADVERTISE,41563,288,128,512,41.563
50n_20p_seed1,0.2,1,43203000,33,DRA_ADVERTISE,43095,299,128,512,43.095
50n_20p_seed1,0.2,1,43892952,22,DRA_ADVERTISE,43172,301,128,512,43.172
50n_20p_seed1,0.2,1,44218000,38,DRA_ADVERTISE,43248,334,128,512,43.248
50n_20p_seed1,0.2,1,45253000,32,DRA_ADVERTISE,44511,280,128,512,44.511
50n_20p_seed1,0.2,1,47703000,47,DRA_ADVERTISE,47279,303,128,512,47.279
50n_20p_seed1,0.2,1,48493000,36,DRA_ADVERTISE,47810,274,128,512,47.81
50n_20p_seed1,0.2,1,49254000,22,DRA_ADVERTISE,48534,296,128,512,48.534
50n_20p_seed1,0.2,1,51186000,44,DRA_ADVERTISE,50766,294,128,512,50.766
50n_20p_seed1,0.2,1,51811000,6,DRA_ADVERTISE,50997,474,128,512,50.997
50n_20p_seed1,0.2,1,53424920,6,DRA_ADVERTISE,52610,474,128,512,52.61
50n_20p_seed1,0.2,1,53621000,29,DRA_ADVERTISE,53584,288,128,512,53.584
50n_20p_seed1,0.2,1,54357000,33,DRA_ADVERTISE,54249,299,128,512,54.249
50n_20p_seed1,0.2,1,56258952,47,DRA_ADVERTISE,55834,303,128,512,55.834
50n_20p_seed1,0.2,1,56937000,38,DRA_ADVERTISE,55967,326,128,512,55.967
50n_20p_seed1,0.2,1,57334872,22,DRA_ADVERTISE,56614,292,128,512,56.614
50n_20p_seed1,0.2,1,57544000,50,DRA_ADVERTISE,56547,316,128,512,56.547
50n_20p_seed1,0.2,1,57780000,29,DRA_ADVERTISE,57743,288,128,512,57.743
50n_20p_seed1,0.2,1,58350000,47,DRA_ADVERTISE,57926,298,128,512,57.926
50n_20p_seed1,0.2,1,60732000,22,DRA_ADVERTISE,60012,288,128,512,60.012
50n_20p_seed1,0.2,1,60853000,32,DRA_ADVERTISE,60111,268,128,512,60.111
50n_20p_seed1,0.2,1,62639000,36,DRA_ADVERTISE,61956,263,128,512,61.956
50n_20p_seed1,0.2,1,62813000,44,DRA_ADVERTISE,62393,290,128,512,62.393
50n_20p_seed1,0.2,1,66282000,6,DRA_ADVERTISE,65468,456,128,512,65.468
50n_20p_seed1,0.2,1,67119000,36,DRA_ADVERTISE,66436,263,128,512,66.436
50n_20p_seed1,0.2,1,72462000,32,DRA_ADVERTISE,71720,268,128,512,71.72
50n_20p_seed1,0.2,1,72901000,29,DRA_ADVERTISE,72864,275,128,512,72.864
50n_20p_seed1,0.2,1,74965000,38,DRA_ADVERTISE,73995,319,128,512,73.995
50n_20p_seed1,0.2,1,75111000,50,DRA_ADVERTISE,74114,310,128,512,74.114
50n_20p_seed1,0.2,1,75784000,33,DRA_ADVERTISE,75676,294,128,512,75.676
50n_20p_seed1,0.2,1,77947000,47,DRA_ADVERTISE,77523,293,128,512,77.523
50n_20p_seed1,0.2,1,79051000,22,DRA_ADVERTISE,78331,281,128,512,78.331
50n_20p_seed1,0.2,1,79061000,6,DRA_ADVERTISE,78247,448,128,512,78.247
50n_20p_seed1,0.2,1,79915000,36,DRA_ADVERTISE,79232,261,128,512,79.232
50n_20p_seed1,0.2,1,80114000,32,DRA_ADVERTISE,79372,266,128,512,79.372
50n_20p_seed1,0.2,1,82169000,44,DRA_ADVERTISE,81749,286,128,512,81.749
50n_20p_seed1,0.2,1,85270000,50,DRA_ADVERTISE,84273,310,128,512,84.273
50n_20p_seed1,0.2,1,85300000,22,DRA_ADVERTISE,84580,281,128,512,84.58
50n_20p_seed1,0.2,1,87123000,33,DRA_ADVERTISE,87015,290,128,512,87.015
50n_20p_seed1,0.2,1,89641000,29,DRA_ADVERTISE,89604,273,128,512,89.604
50n_20p_seed1,0.2,1,90272000,38,DRA_ADVERTISE,89302,319,128,512,89.302
50n_20p_seed1,0.2,1,90577920,6,DRA_ADVERTISE,89763,444,128,512,89.763
50n_20p_seed1,0.2,1,90880000,32,DRA_ADVERTISE,90138,262,128,512,90.138
50n_20p_seed1,0.2,1,93514000,22,DRA_ADVERTISE,92794,273,128,512,92.794
50n_20p_seed1,0.2,1,93607000,50,DRA_ADVERTISE,92610,310,128,512,92.61
50n_20p_seed1,0.2,1,93781000,47,DRA_ADVERTISE,93357,289,128,512,93.357
50n_20p_seed1,0.2,1,96021000,38,DRA_ADVERTISE,95051,319,128,512,95.051
50n_20p_seed1,0.2,1,96226000,36,DRA_ADVERTISE,95543,258,128,512,95.543
50n_20p_seed1,0.2,1,98902000,6,DRA_ADVERTISE,98088,440,128,512,98.088
50n_20p_seed1,0.2,1,99777000,44,DRA_ADVERTISE,99357,283,128,512,99.357
50n_20p_seed1,0.2,1,100312000,6,DRA_ADVERTISE,99498,431,128,512,99.498
50n_20p_seed1,0.2,1,104360000,29,DRA_ADVERTISE,104323,265,128,512,104.323
50n_20p_seed1,0.2,1,104458000,44,DRA_ADVERTISE,104038,283,128,512,104.038
50n_20p_seed1,0.2,1,105703000,50,DRA_ADVERTISE,104706,310,128,512,104.706
50n_20p_seed1,0.2,1,105712000,47,DRA_ADVERTISE,105288,285,128,512,105.288
50n_20p_seed1,0.2,1,107832000,33,DRA_ADVERTISE,107724,290,128,512,107.724
50n_20p_seed1,0.2,1,108954000,38,DRA_ADVERTISE,107984,312,128,512,107.984
50n_20p_seed1,0.2,1,109204000,32,DRA_ADVERTISE,108462,259,128,512,108.462
50n_20p_seed1,0.2,1,109598000,47,DRA_ADVERTISE,109174,285,128,512,109.174
50n_20p_seed1,0.2,1,111203000,22,DRA_ADVERTISE,110483,271,128,512,110.483
50n_20p_seed1,0.2,1,112042000,36,DRA_ADVERTISE,111359,256,128,512,111.359
50n_20p_seed1,0.2,1,112250000,44,DRA_ADVERTISE,111830,280,128,512,111.83
50n_20p_seed1,0.2,1,114613952,6,DRA_ADVERTISE,113799,429,128,512,113.799
50n_20p_seed1,0.2,1,115557000,6,DRA_ADVERTISE,114743,426,128,512,114.743
50n_20p_seed1,0.2,1,116606000,33,DRA_ADVERTISE,116498,286,128,512,116.498
50n_20p_seed1,0.2,1,118158000,29,DRA_ADVERTISE,118121,263,128,512,118.121
50n_20p_seed1,0.2,1,121618000,29,DRA_ADVERTISE,121581,262,128,512,121.581
50n_20p_seed1,0.2,1,122427000,33,DRA_ADVERTISE,122319,286,128,512,122.319
50n_20p_seed1,0.2,1,122743000,32,DRA_ADVERTISE,122001,269,128,512,122.001
50n_20p_seed1,0.2,1,124045000,50,DRA_ADVERTISE,123048,304,128,512,123.048
50n_20p_seed1,0.2,1,127354000,22,DRA_ADVERTISE,126634,265,128,512,126.634
50n_20p_seed1,0.2,1,128053000,38,DRA_ADVERTISE,127083,312,128,512,127.083
50n_20p_seed1,0.2,1,128881000,47,DRA_ADVERTISE,128457,279,128,512,128.457
50n_20p_seed1,0.2,1,129898000,36,DRA_ADVERTISE,129215,273,128,512,129.215
50n_20p_seed1,0.2,1,132188000,6,DRA_ADVERTISE,131374,419,128,512,131.374
50n_20p_seed1,0.2,1,132209000,44,DRA_ADVERTISE,131789,277,128,512,131.789
50n_20p_seed1,0.2,1,134215000,50,DRA_ADVERTISE,133218,304,128,512,133.218
50n_20p_seed1,0.2,1,135068000,29,DRA_ADVERTISE,135031,260,128,512,135.031
50n_20p_seed1,0.2,1,136565000,36,DRA_ADVERTISE,135882,271,128,512,135.882
50n_20p_seed1,0.2,1,138577000,47,DRA_ADVERTISE,138153,276,128,512,138.153
50n_20p_seed1,0.2,1,138980000,32,DRA_ADVERTISE,138238,267,128,512,138.238
50n_20p_seed1,0.2,1,140569000,33,DRA_ADVERTISE,140461,295,128,512,140.461
50n_20p_seed1,0.2,1,142519000,32,DRA_ADVERTISE,141777,265,128,512,141.777
50n_20p_seed1,0.2,1,144391000,22,DRA_ADVERTISE,143671,262,128,512,143.671
50n_20p_seed1,0.2,1,145092000,38,DRA_ADVERTISE,144122,306,128,512,144.122
50n_20p_seed1,0.2,1,145505952,6,DRA_ADVERTISE,144691,417,128,512,144.691
50n_20p_seed1,0.2,1,146186000,44,DRA_ADVERTISE,145766,274,128,512,145.766
50n_20p_seed1,0.2,1,146330000,36,DRA_ADVERTISE,145647,264,128,512,145.647
50n_20p_seed1,0.2,1,147744000,6,DRA_ADVERTISE,146930,412,128,512,146.93
50n_20p_seed1,0.2,1,152406000,29,DRA_ADVERTISE,152369,257,128,512,152.369
50n_20p_seed1,0.2,1,154876000,50,DRA_ADVERTISE,153879,299,128,512,153.879
50n_20p_seed1,0.2,1,155329000,32,DRA_ADVERTISE,154587,262,128,512,154.587
50n_20p_seed1,0.2,1,156667000,33,DRA_ADVERTISE,156559,295,128,512,156.559
50n_20p_seed1,0.2,1,157872000,47,DRA_ADVERTISE,157448,276,128,512,157.448
50n_20p_seed1,0.2,1,160979000,38,DRA_ADVERTISE,160009,306,128,512,160.009
50n_20p_seed1,0.2,1,162464000,44,DRA_ADVERTISE,162044,272,128,512,162.044
50n_20p_seed1,0.2,1,163862000,36,DRA_ADVERTISE,163179,260,128,512,163.179
50n_20p_seed1,0.2,1,164584000,6,DRA_ADVERTISE,163770,412,128,512,163.77
50n_20p_seed1,0.2,1,164978000,50,DRA_ADVERTISE,163981,294,128,512,163.981
50n_20p_seed1,0.2,1,165534000,22,DRA_ADVERTISE,164814,259,128,512,164.814
50n_20p_seed1,0.2,1,166777000,50,DRA_ADVERTISE,165780,294,128,512,165.78
50n_20p_seed1,0.2,1,167300000,29,DRA_ADVERTISE,167263,256,128,512,167.263
50n_20p_seed1,0.2,1,168869952,6,DRA_ADVERTISE,168055,405,128,512,168.055
50n_20p_seed1,0.2,1,171164000,32,DRA_ADVERTISE,170422,260,128,512,170.422
50n_20p_seed1,0.2,1,171750000,33,DRA_ADVERTISE,171642,291,128,512,171.642
50n_20p_seed1,0.2,1,172368000,38,DRA_ADVERTISE,171398,306,128,512,171.398
50n_20p_seed1,0.2,1,175703000,44,DRA_ADVERTISE,175283,270,128,512,175.283
50n_20p_seed1,0.2,1,176035000,47,DRA_ADVERTISE,175611,272,128,512,175.611
50n_20p_seed1,0.2,1,176177000,36,DRA_ADVERTISE,175494,268,128,512,175.494
50n_20p_seed1,0.2,1,177272000,6,DRA_ADVERTISE,176458,403,128,512,176.458
50n_20p_seed1,0.2,1,179727000,44,DRA_ADVERTISE,179307,270,128,512,179.307
50n_20p_seed1,0.2,1,180422000,22,DRA_ADVERTISE,179702,256,128,512,179.702
50n_20p_seed1,0.2,1,184115000,6,DRA_ADVERTISE,183301,400,128,512,183.301
50n_20p_seed1,0.2,1,185935000,33,DRA_ADVERTISE,185827,291,128,512,185.827
50n_20p_seed1,0.2,1,187706000,29,DRA_ADVERTISE,187669,256,128,512,187.669
50n_20p_seed1,0.2,1,188522000,50,DRA_ADVERTISE,187525,294,128,512,187.525
50n_20p_seed1,0.2,1,191432000,32,DRA_ADVERTISE,190690,256,128,512,190.69
50n_20p_seed1,0.2,1,191752000,38,DRA_ADVERTISE,190782,301,128,512,190.782
50n_20p_seed1,0.2,1,194262000,47,DRA_ADVERTISE,193838,272,128,512,193.838
50n_20p_seed1,0.2,1,194592000,22,DRA_ADVERTISE,193872,256,128,512,193.872
50n_20p_seed1,0.2,1,195570000,22,DRA_ADVERTISE,194850,256,128,512,194.85
50n_20p_seed1,0.2,1,196405000,29,DRA_ADVERTISE,196368,256,128,512,196.368
50n_20p_seed1,0.2,1,198400000,36,DRA_ADVERTISE,197717,274,128,512,197.717
50n_20p_seed1,0.2,1,198752000,6,DRA_ADVERTISE,197938,399,128,512,197.938
50n_20p_seed1,0.2,1,199325000,29,DRA_ADVERTISE,199288,256,128,512,199.288
50n_20p_seed1,0.2,1,199511000,44,DRA_ADVERTISE,199091,268,128,512,199.091
50n_20p_seed1,0.2,1,200086000,38,DRA_ADVERTISE,199116,301,128,512,199.116
50n_20p_seed1,0.2,1,201399952,6,DRA_ADVERTISE,200585,397,128,512,200.585
50n_20p_seed1,0.2,1,201912000,50,DRA_ADVERTISE,200915,290,128,512,200.915
50n_20p_seed1,0.2,1,202327000,32,DRA_ADVERTISE,201585,256,128,512,201.585
50n_20p_seed1,0.2,1,203825000,33,DRA_ADVERTISE,203717,287,128,512,203.717
50n_20p_seed1,0.2,1,204129000,32,DRA_ADVERTISE,203387,256,128,512,203.387
50n_20p_seed1,0.2,1,204145000,33,DRA_ADVERTISE,204037,287,128,512,204.037
50n_20p_seed1,0.2,1,205258000,38,DRA_ADVERTISE,204288,301,128,512,204.288
50n_20p_seed1,0.2,1,206556000,47,DRA_ADVERTISE,206132,268,128,512,206.132
50n_20p_seed1,0.2,1,210107000,47,DRA_ADVERTISE,209683,268,128,512,209.683
50n_20p_seed1,0.2,1,212161000,44,DRA_ADVERTISE,211741,265,128,512,211.741
50n_20p_seed1,0.2,1,213887000,36,DRA_ADVERTISE,213204,266,128,512,213.204
50n_20p_seed1,0.2,1,214651000,22,DRA_ADVERTISE,213931,256,128,512,213.931
50n_20p_seed1,0.2,1,214669000,6,DRA_ADVERTISE,213855,395,128,512,213.855
50n_20p_seed1,0.2,1,215350000,29,DRA_ADVERTISE,215313,256,128,512,215.313
50n_20p_seed1,0.2,1,216635000,50,DRA_ADVERTISE,215638,290,128,512,215.638
50n_20p_seed1,0.2,1,220925000,33,DRA_ADVERTISE,220817,283,128,512,220.817
50n_20p_seed1,0.2,1,223189000,47,DRA_ADVERTISE,222765,266,128,512,222.765
50n_20p_seed1,0.2,1,223580000,32,DRA_ADVERTISE,222838,256,128,512,222.838
50n_20p_seed1,0.2,1,223686000,36,DRA_ADVERTISE,223003,262,128,512,223.003
50n_20p_seed1,0.2,1,224888000,36,DRA_ADVERTISE,224205,262,128,512,224.205
50n_20p_seed1,0.2,1,225307000,22,DRA_ADVERTISE,224587,256,128,512,224.587
50n_20p_seed1,0.2,1,225887000,38,DRA_ADVERTISE,224917,296,128,512,224.917
50n_20p_seed1,0.2,1,226586000,44,DRA_ADVERTISE,226166,265,128,512,226.166
50n_20p_seed1,0.2,1,227435000,44,DRA_ADVERTISE,227015,265,128,512,227.015
50n_20p_seed1,0.2,1,228794952,6,DRA_ADVERTISE,227980,392,128,512,227.98
50n_20p_seed1,0.2,1,232558000,6,DRA_ADVERTISE,231744,391,128,512,231.744
50n_20p_seed1,0.2,1,235023000,33,DRA_ADVERTISE,234915,283,128,512,234.915
50n_20p_seed1,0.2,1,237850000,29,DRA_ADVERTISE,237813,256,128,512,237.813
50n_20p_seed1,0.2,1,239095000,38,DRA_ADVERTISE,238125,296,128,512,238.125
50n_20p_seed1,0.2,1,239392000,50,DRA_ADVERTISE,238395,286,128,512,238.395
50n_20p_seed1,0.2,1,240236000,32,DRA_ADVERTISE,239494,256,128,512,239.494
50n_20p_seed1,0.2,1,241001000,36,DRA_ADVERTISE,240318,259,128,512,240.318
50n_20p_seed1,0.2,1,242958000,22,DRA_ADVERTISE,242238,256,128,512,242.238
50n_20p_seed1,0.2,1,243812000,47,DRA_ADVERTISE,243388,264,128,512,243.388
50n_20p_seed1,0.2,1,245039000,44,DRA_ADVERTISE,244619,263,128,512,244.619
50n_20p_seed1,0.2,1,245513000,6,DRA_ADVERTISE,244699,391,128,512,244.699
50n_20p_seed1,0.2,1,247565000,29,DRA_ADVERTISE,247528,256,128,512,247.528
50n_20p_seed1,0.2,1,249028000,50,DRA_ADVERTISE,248031,286,128,512,248.031
50n_20p_seed1,0.2,1,252502000,6,DRA_ADVERTISE,251688,390,128,512,251.688
50n_20p_seed1,0.2,1,252589000,32,DRA_ADVERTISE,251847,256,128,512,251.847
50n_20p_seed1,0.2,1,253804000,38,DRA_ADVERTISE,252834,292,128,512,252.834
50n_20p_seed1,0.2,1,254744000,32,DRA_ADVERTISE,254002,256,128,512,254.002
50n_20p_seed1,0.2,1,255804952,6,DRA_ADVERTISE,254990,390,128,512,254.99
50n_20p_seed1,0.2,1,257015000,50,DRA_ADVERTISE,256018,283,128,512,256.018
50n_20p_seed1,0.2,1,257548000,44,DRA_ADVERTISE,257128,262,128,512,257.128
50n_20p_seed1,0.2,1,258288000,33,DRA_ADVERTISE,258180,280,128,512,258.18
50n_20p_seed1,0.2,1,260732000,47,DRA_ADVERTISE,260308,264,128,512,260.308
50n_20p_seed1,0.2,1,262045000,22,DRA_ADVERTISE,261325,256,128,512,261.325
50n_20p_seed1,0.2,1,263115000,36,DRA_ADVERTISE,262432,256,128,512,262.432
50n_20p_seed1,0.2,1,265526000,6,DRA_ADVERTISE,264712,389,128,512,264.712
50n_20p_seed1,0.2,1,265629000,22,DRA_ADVERTISE,264909,256,128,512,264.909
50n_20p_seed1,0.2,1,265897000,29,DRA_ADVERTISE,265860,256,128,512,265.86
50n_20p_seed1,0.2,1,266009000,33,DRA_ADVERTISE,265901,280,128,512,265.901
50n_20p_seed1,0.2,1,268413000,50,DRA_ADVERTISE,267416,283,128,512,267.416
50n_20p_seed1,0.2,1,268842000,36,DRA_ADVERTISE,268159,256,128,512,268.159
50n_20p_seed1,0.2,1,272202000,47,DRA_ADVERTISE,271778,262,128,512,271.778
50n_20p_seed1,0.2,1,272373000,29,DRA_ADVERTISE,272336,256,128,512,272.336
50n_20p_seed1,0.2,1,273743000,36,DRA_ADVERTISE,273060,256,128,512,273.06
50n_20p_seed1,0.2,1,273984000,38,DRA_ADVERTISE,273014,292,128,512,273.014
50n_20p_seed1,0.2,1,274447000,33,DRA_ADVERTISE,274339,277,128,512,274.339
50n_20p_seed1,0.2,1,275928000,32,DRA_ADVERTISE,275186,256,128,512,275.186
50n_20p_seed1,0.2,1,277866000,44,DRA_ADVERTISE,277446,261,128,512,277.446
50n_20p_seed1,0.2,1,279111000,22,DRA_ADVERTISE,278391,256,128,512,278.391
50n_20p_seed1,0.2,1,279955000,38,DRA_ADVERTISE,278985,288,128,512,278.985
50n_20p_seed1,0.2,1,280404000,6,DRA_ADVERTISE,279590,389,128,512,279.59
50n_20p_seed1,0.2,1,284065000,50,DRA_ADVERTISE,283068,283,128,512,283.068
50n_20p_seed1,0.2,1,284364000,29,DRA_ADVERTISE,284327,256,128,512,284.327
50n_20p_seed1,0.2,1,286982000,38,DRA_ADVERTISE,286012,288,128,512,286.012
50n_20p_seed1,0.2,1,287039000,47,DRA_ADVERTISE,286615,261,128,512,286.615
50n_20p_seed1,0.2,1,287499000,32,DRA_ADVERTISE,286757,256,128,512,286.757
50n_20p_seed1,0.2,1,288088000,47,DRA_ADVERTISE,287664,261,128,512,287.664
50n_20p_seed1,0.2,1,288129000,33,DRA_ADVERTISE,288021,277,128,512,288.021
50n_20p_seed1,0.2,1,291849192,6,DRA_ADVERTISE,291035,387,128,512,291.035
50n_20p_seed1,0.2,1,293325000,36,DRA_ADVERTISE,292642,256,128,512,292.642
50n_20p_seed1,0.2,1,294054000,6,DRA_ADVERTISE,293240,387,128,512,293.24
50n_20p_seed1,0.2,1,294708000,22,DRA_ADVERTISE,293988,256,128,512,293.988
50n_20p_seed1,0.2,1,294780000,44,DRA_ADVERTISE,294360,259,128,512,294.36
50n_20p_seed1,0.2,1,295705000,44,DRA_ADVERTISE,295285,259,128,512,295.285
50n_20p_seed1,0.2,1,296724000,29,DRA_ADVERTISE,296687,256,128,512,296.687
50n_20p_seed1,0.2,1,298263744,36,DRA_ADVERTISE,297580,268,128,512,297.58
50n_20p_seed1,0.2,1,301435000,32,DRA_ADVERTISE,300693,268,128,512,300.693
50n_20p_seed1,0.2,1,302190000,50,DRA_ADVERTISE,301193,280,128,512,301.193
50n_20p_seed1,0.2,1,302585000,33,DRA_ADVERTISE,302477,274,128,512,302.477
50n_20p_seed1,0.2,1,303548000,50,DRA_ADVERTISE,302551,280,128,512,302.551
50n_20p_seed1,0.2,1,304896000,38,DRA_ADVERTISE,303926,288,128,512,303.926
50n_20p_seed1,0.2,1,306438000,47,DRA_ADVERTISE,306014,260,128,512,306.014
50n_20p_seed1,0.2,1,308963000,32,DRA_ADVERTISE,308221,266,128,512,308.221
50n_20p_seed1,0.2,1,310796000,6,DRA_ADVERTISE,309982,386,128,512,309.982
50n_20p_seed1,0.2,1,311208000,22,DRA_ADVERTISE,310488,256,128,512,310.488
50n_20p_seed1,0.2,1,311411000,44,DRA_ADVERTISE,310991,259,128,512,310.991
50n_20p_seed1,0.2,1,311702000,36,DRA_ADVERTISE,311019,265,128,512,311.019
50n_20p_seed1,0.2,1,313079000,29,DRA_ADVERTISE,313042,256,128,512,313.042
50n_20p_seed1,0.2,1,314737000,50,DRA_ADVERTISE,313740,280,128,512,313.74
50n_20p_seed1,0.2,1,316629000,36,DRA_ADVERTISE,315946,265,128,512,315.946
50n_20p_seed1,0.2,1,317060000,32,DRA_ADVERTISE,316318,265,128,512,316.318
50n_20p_seed1,0.2,1,317167000,33,DRA_ADVERTISE,317059,274,128,512,317.059
50n_20p_seed1,0.2,1,320418952,6,DRA_ADVERTISE,319604,386,128,512,319.604
50n_20p_seed1,0.2,1,321347000,47,DRA_ADVERTISE,320923,259,128,512,320.923
50n_20p_seed1,0.2,1,321887000,38,DRA_ADVERTISE,320917,284,128,512,320.917
50n_20p_seed1,0.2,1,324339000,22,DRA_ADVERTISE,323619,256,128,512,323.619
50n_20p_seed1,0.2,1,324483000,36,DRA_ADVERTISE,323800,263,128,512,323.8
50n_20p_seed1,0.2,1,324585000,6,DRA_ADVERTISE,323771,385,128,512,323.771
50n_20p_seed1,0.2,1,325410000,22,DRA_ADVERTISE,324690,256,128,512,324.69
50n_20p_seed1,0.2,1,325831000,44,DRA_ADVERTISE,325411,259,128,512,325.411
50n_20p_seed1,0.2,1,327118000,38,DRA_ADVERTISE,326148,284,128,512,326.148
50n_20p_seed1,0.2,1,331067000,6,DRA_ADVERTISE,330253,385,128,512,330.253
50n_20p_seed1,0.2,1,332224000,33,DRA_ADVERTISE,332116,274,128,512,332.116
50n_20p_seed1,0.2,1,334106000,50,DRA_ADVERTISE,333109,277,128,512,333.109
50n_20p_seed1,0.2,1,336039000,47,DRA_ADVERTISE,335615,258,128,512,335.615
50n_20p_seed1,0.2,1,336277000,29,DRA_ADVERTISE,336240,256,128,512,336.24
50n_20p_seed1,0.2,1,337908000,47,DRA_ADVERTISE,337484,258,128,512,337.484
50n_20p_seed1,0.2,1,338130000,33,DRA_ADVERTISE,338022,272,128,512,338.022
50n_20p_seed1,0.2,1,338735000,32,DRA_ADVERTISE,337993,260,128,512,337.993
50n_20p_seed1,0.2,1,338779000,36,DRA_ADVERTISE,338096,258,128,512,338.096
50n_20p_seed1,0.2,1,338995000,38,DRA_ADVERTISE,338025,281,128,512,338.025
50n_20p_seed1,0.2,1,342211984,6,DRA_ADVERTISE,341397,385,128,512,341.397
50n_20p_seed1,0.2,1,344481000,22,DRA_ADVERTISE,343761,256,128,512,343.761
50n_20p_seed1,0.2,1,345543000,29,DRA_ADVERTISE,345506,256,128,512,345.506
50n_20p_seed1,0.2,1,346570000,6,DRA_ADVERTISE,345756,384,128,512,345.756
50n_20p_seed1,0.2,1,346959000,44,DRA_ADVERTISE,346539,257,128,512,346.539
50n_20p_seed1,0.2,1,348119000,50,DRA_ADVERTISE,347122,277,128,512,347.122
50n_20p_seed1,0.2,1,348625000,33,DRA_ADVERTISE,348517,272,128,512,348.517
50n_20p_seed1,0.2,1,354443000,38,DRA_ADVERTISE,353473,278,128,512,353.473
50n_20p_seed1,0.2,1,355395000,22,DRA_ADVERTISE,354675,256,128,512,354.675
50n_20p_seed1,0.2,1,355578000,32,DRA_ADVERTISE,354836,257,128,512,354.836
50n_20p_seed1,0.2,1,356222000,44,DRA_ADVERTISE,355802,256,128,512,355.802
50n_20p_seed1,0.2,1,356540000,47,DRA_ADVERTISE,356116,257,128,512,356.116
50n_20p_seed1,0.2,1,356945000,6,DRA_ADVERTISE,356131,384,128,512,356.131
50n_20p_seed1,0.2,1,360135000,36,DRA_ADVERTISE,359452,256,128,512,359.452
50n_20p_seed1,0.2,1,362432000,29,DRA_ADVERTISE,362395,256,128,512,362.395
50n_20p_seed1,0.2,1,365957000,33,DRA_ADVERTISE,365849,270,128,512,365.849
50n_20p_seed1,0.2,1,366103000,29,DRA_ADVERTISE,366066,256,128,512,366.066
50n_20p_seed1,0.2,1,368987000,50,DRA_ADVERTISE,367990,274,128,512,367.99
50n_20p_seed1,0.2,1,369284984,6,DRA_ADVERTISE,368470,384,128,512,368.47
50n_20p_seed1,0.2,1,369556000,47,DRA_ADVERTISE,369132,256,128,512,369.132
50n_20p_seed1,0.2,1,371259000,32,DRA_ADVERTISE,370517,256,128,512,370.517
50n_20p_seed1,0.2,1,371602000,50,DRA_ADVERTISE,370605,274,128,512,370.605
50n_20p_seed1,0.2,1,372917000,22,DRA_ADVERTISE,372197,256,128,512,372.197
50n_20p_seed1,0.2,1,374449000,38,DRA_ADVERTISE,373479,278,128,512,373.479
50n_20p_seed1,0.2,1,375908000,44,DRA_ADVERTISE,375488,256,128,512,375.488
50n_20p_seed1,0.2,1,376216000,32,DRA_ADVERTISE,375474,256,128,512,375.474
50n_20p_seed1,0.2,1,376437000,36,DRA_ADVERTISE,375754,256,128,512,375.754
50n_20p_seed1,0.2,1,380252000,6,DRA_ADVERTISE,379438,384,128,512,379.438
50n_20p_seed1,0.2,1,380664000,29,DRA_ADVERTISE,380627,256,128,512,380.627
50n_20p_seed1,0.2,1,381972000,50,DRA_ADVERTISE,380975,274,128,512,380.975
50n_20p_seed1,0.2,1,383450000,44,DRA_ADVERTISE,383030,256,128,512,383.03
50n_20p_seed1,0.2,1,385971000,38,DRA_ADVERTISE,385001,275,128,512,385.001
50n_20p_seed1,0.2,1,387767000,36,DRA_ADVERTISE,387084,256,128,512,387.084
50n_20p_seed1,0.2,1,388443000,33,DRA_ADVERTISE,388335,268,128,512,388.335
50n_20p_seed1,0.2,1,389424000,6,DRA_ADVERTISE,388610,384,128,512,388.61
50n_20p_seed1,0.2,1,390491000,32,DRA_ADVERTISE,389749,256,128,512,389.749
50n_20p_seed1,0.2,1,391197000,47,DRA_ADVERTISE,390773,256,128,512,390.773
50n_20p_seed1,0.2,1,392191000,22,DRA_ADVERTISE,391471,256,128,512,391.471
50n_20p_seed1,0.2,1,393474000,44,DRA_ADVERTISE,393054,256,128,512,393.054
50n_20p_seed1,0.2,1,396172000,50,DRA_ADVERTISE,395175,272,128,512,395.175
50n_20p_seed1,0.2,1,399716000,29,DRA_ADVERTISE,399679,256,128,512,399.679
50n_20p_seed1,0.2,1,399976000,38,DRA_ADVERTISE,399006,275,128,512,399.006
50n_20p_seed1,0.2,1,401431000,47,DRA_ADVERTISE,401007,256,128,512,401.007
50n_20p_seed1,0.2,1,401462000,32,DRA_ADVERTISE,400720,256,128,512,400.72
50n_20p_seed1,0.2,1,402091000,38,DRA_ADVERTISE,401121,275,128,512,401.121
50n_20p_seed1,0.2,1,405292000,33,DRA_ADVERTISE,405184,268,128,512,405.184
50n_20p_seed1,0.2,1,405510000,6,DRA_ADVERTISE,404696,384,128,512,404.696
50n_20p_seed1,0.2,1,407452000,6,DRA_ADVERTISE,406638,384,128,512,406.638
50n_20p_seed1,0.2,1,408069984,6,DRA_ADVERTISE,407255,384,128,512,407.255
50n_20p_seed1,0.2,1,408825000,44,DRA_ADVERTISE,408405,256,128,512,408.405
50n_20p_seed1,0.2,1,410592000,22,DRA_ADVERTISE,409872,256,128,512,409.872
50n_20p_seed1,0.2,1,410782000,36,DRA_ADVERTISE,410099,256,128,512,410.099
50n_20p_seed1,0.2,1,413196000,29,DRA_ADVERTISE,413159,256,128,512,413.159
50n_20p_seed1,0.2,1,413943000,22,DRA_ADVERTISE,413223,256,128,512,413.223
50n_20p_seed1,0.2,1,414042000,50,DRA_ADVERTISE,413045,272,128,512,413.045
50n_20p_seed1,0.2,1,418561000,38,DRA_ADVERTISE,417591,273,128,512,417.591
50n_20p_seed1,0.2,1,419155000,36,DRA_ADVERTISE,418472,256,128,512,418.472
50n_20p_seed1,0.2,1,420420000,32,DRA_ADVERTISE,419678,256,128,512,419.678
50n_20p_seed1,0.2,1,421523000,47,DRA_ADVERTISE,421099,268,128,512,421.099
50n_20p_seed1,0.2,1,421902000,29,DRA_ADVERTISE,421865,256,128,512,421.865
50n_20p_seed1,0.2,1,422037000,33,DRA_ADVERTISE,421929,266,128,512,421.929
50n_20p_seed1,0.2,1,423335000,44,DRA_ADVERTISE,422915,256,128,512,422.915
50n_20p_seed1,0.2,1,423614000,22,DRA_ADVERTISE,422894,256,128,512,422.894
50n_20p_seed1,0.2,1,424097000,36,DRA_ADVERTISE,423414,256,128,512,423.414
50n_20p_seed1,0.2,1,424807000,47,DRA_ADVERTISE,424383,268,128,512,424.383
50n_20p_seed1,0.2,1,424903000,6,DRA_ADVERTISE,424089,384,128,512,424.089
50n_20p_seed1,0.2,1,429574000,50,DRA_ADVERTISE,428577,270,128,512,428.577
50n_20p_seed1,0.2,1,430371000,44,DRA_ADVERTISE,429951,256,128,512,429.951
50n_20p_seed1,0.2,1,431463000,33,DRA_ADVERTISE,431355,266,128,512,431.355
50n_20p_seed1,0.2,1,434845000,29,DRA_ADVERTISE,434808,256,128,512,434.808
50n_20p_seed1,0.2,1,436258000,32,DRA_ADVERTISE,435516,256,128,512,435.516
50n_20p_seed1,0.2,1,437817000,32,DRA_ADVERTISE,437075,256,128,512,437.075
50n_20p_seed1,0.2,1,438074000,36,DRA_ADVERTISE,437391,256,128,512,437.391
50n_20p_seed1,0.2,1,438549000,22,DRA_ADVERTISE,437829,256,128,512,437.829
50n_20p_seed1,0.2,1,439881000,47,DRA_ADVERTISE,439457,268,128,512,439.457
50n_20p_seed1,0.2,1,439954000,38,DRA_ADVERTISE,438984,273,128,512,438.984
50n_20p_seed1,0.2,1,441434000,6,DRA_ADVERTISE,440620,384,128,512,440.62
50n_20p_seed1,0.2,1,441900000,44,DRA_ADVERTISE,441480,256,128,512,441.48
50n_20p_seed1,0.2,1,441932000,33,DRA_ADVERTISE,441824,266,128,512,441.824
50n_20p_seed1,0.2,1,442203016,47,DRA_ADVERTISE,441779,268,128,512,441.779
50n_20p_seed1,0.2,1,442426984,6,DRA_ADVERTISE,441612,384,128,512,441.612
50n_20p_seed1,0.2,1,444467000,29,DRA_ADVERTISE,444430,256,128,512,444.43
50n_20p_seed1,0.2,1,450503000,47,DRA_ADVERTISE,450079,266,128,512,450.079
50n_20p_seed1,0.2,1,451312000,50,DRA_ADVERTISE,450315,270,128,512,450.315
50n_20p_seed1,0.2,1,451917000,33,DRA_ADVERTISE,451809,265,128,512,451.809
50n_20p_seed1,0.2,1,452575000,38,DRA_ADVERTISE,451605,271,128,512,451.605
50n_20p_seed1,0.2,1,453436000,36,DRA_ADVERTISE,452753,256,128,512,452.753
50n_20p_seed1,0.2,1,453439000,32,DRA_ADVERTISE,452697,256,128,512,452.697
50n_20p_seed1,0.2,1,457679000,44,DRA_ADVERTISE,457259,256,128,512,457.259
50n_20p_seed1,0.2,1,458464000,6,DRA_ADVERTISE,457650,384,128,512,457.65
50n_20p_seed1,0.2,1,459786000,22,DRA_ADVERTISE,459066,256,128,512,459.066
50n_20p_seed1,0.2,1,460385000,29,DRA_ADVERTISE,460348,256,128,512,460.348
50n_20p_seed1,0.2,1,464324000,50,DRA_ADVERTISE,463327,268,128,512,463.327
50n_20p_seed1,0.2,1,465626000,38,DRA_ADVERTISE,464656,271,128,512,464.656
50n_20p_seed1,0.2,1,469052000,32,DRA_ADVERTISE,468310,256,128,512,468.31
50n_20p_seed1,0.2,1,470060000,33,DRA_ADVERTISE,469952,265,128,512,469.952
50n_20p_seed1,0.2,1,470683000,36,DRA_ADVERTISE,470000,256,128,512,470.0
50n_20p_seed1,0.2,1,470917000,36,DRA_ADVERTISE,470234,256,128,512,470.234
50n_20p_seed1,0.2,1,471432000,22,DRA_ADVERTISE,470712,256,128,512,470.712
50n_20p_seed1,0.2,1,473782000,47,DRA_ADVERTISE,473358,265,128,512,473.358
50n_20p_seed1,0.2,1,474151000,6,DRA_ADVERTISE,473337,384,128,512,473.337
50n_20p_seed1,0.2,1,477285000,29,DRA_ADVERTISE,477248,256,128,512,477.248
50n_20p_seed1,0.2,1,477678000,44,DRA_ADVERTISE,477258,256,128,512,477.258
50n_20p_seed1,0.2,1,478896000,50,DRA_ADVERTISE,477899,268,128,512,477.899
50n_20p_seed1,0.2,1,480399256,6,DRA_ADVERTISE,479585,384,128,512,479.585
50n_20p_seed1,0.2,1,481340000,32,DRA_ADVERTISE,480598,256,128,512,480.598
50n_20p_seed1,0.2,1,481471000,50,DRA_ADVERTISE,480474,268,128,512,480.474
50n_20p_seed1,0.2,1,485458000,33,DRA_ADVERTISE,485350,264,128,512,485.35
50n_20p_seed1,0.2,1,487384000,47,DRA_ADVERTISE,486960,263,128,512,486.96
50n_20p_seed1,0.2,1,488001000,6,DRA_ADVERTISE,487187,384,128,512,487.187
50n_20p_seed1,0.2,1,489135000,38,DRA_ADVERTISE,488165,269,128,512,488.165
50n_20p_seed1,0.2,1,490154000,36,DRA_ADVERTISE,489471,256,128,512,489.471
50n_20p_seed1,0.2,1,491584000,22,DRA_ADVERTISE,490864,256,128,512,490.864
50n_20p_seed1,0.2,1,493003000,44,DRA_ADVERTISE,492583,256,128,512,492.583
50n_20p_seed1,0.2,1,494605000,22,DRA_ADVERTISE,493885,256,128,512,493.885
50n_20p_seed1,0.2,1,495685000,29,DRA_ADVERTISE,495648,256,128,512,495.648
50n_20p_seed1,0.2,1,496420000,29,DRA_ADVERTISE,496383,256,128,512,496.383
50n_20p_seed1,0.2,1,498765000,50,DRA_ADVERTISE,497768,266,128,512,497.768
50n_20p_seed1,0.2,1,500268000,32,DRA_ADVERTISE,499526,256,128,512,499.526
50n_20p_seed1,0.2,1,501099000,33,DRA_ADVERTISE,500991,264,128,512,500.991
50n_20p_seed1,0.2,1,501893000,38,DRA_ADVERTISE,500923,267,128,512,500.923
50n_20p_seed1,0.2,1,503301000,22,DRA_ADVERTISE,502581,256,128,512,502.581
50n_20p_seed1,0.2,1,503959000,6,DRA_ADVERTISE,503145,384,128,512,503.145
50n_20p_seed1,0.2,1,504081000,36,DRA_ADVERTISE,503398,256,128,512,503.398
50n_20p_seed1,0.2,1,505064000,47,DRA_ADVERTISE,504640,263,128,512,504.64
50n_20p_seed1,0.2,1,506843000,47,DRA_ADVERTISE,506419,263,128,512,506.419
50n_20p_seed1,0.2,1,508396000,6,DRA_ADVERTISE,507582,384,128,512,507.582
50n_20p_seed1,0.2,1,509367000,44,DRA_ADVERTISE,508947,256,128,512,508.947
50n_20p_seed1,0.2,1,510844000,29,DRA_ADVERTISE,510807,256,128,512,510.807
50n_20p_seed1,0.2,1,512095000,38,DRA_ADVERTISE,511125,267,128,512,511.125
50n_20p_seed1,0.2,1,516712000,50,DRA_ADVERTISE,515715,266,128,512,515.715
50n_20p_seed1,0.2,1,517764000,33,DRA_ADVERTISE,517656,263,128,512,517.656
50n_20p_seed1,0.2,1,517965000,38,DRA_ADVERTISE,516995,267,128,512,516.995
50n_20p_seed1,0.2,1,518459000,47,DRA_ADVERTISE,518035,261,128,512,518.035
50n_20p_seed1,0.2,1,519941984,6,DRA_ADVERTISE,519127,384,128,512,519.127
50n_20p_seed1,0.2,1,520317000,32,DRA_ADVERTISE,519575,256,128,512,519.575
50n_20p_seed1,0.2,1,521613000,22,DRA_ADVERTISE,520893,256,128,512,520.893
50n_20p_seed1,0.2,1,521643000,32,DRA_ADVERTISE,520901,281,128,512,520.901
50n_20p_seed1,0.2,1,521783000,6,DRA_ADVERTISE,520969,384,128,512,520.969
50n_20p_seed1,0.2,1,524147000,44,DRA_ADVERTISE,523727,278,128,512,523.727
50n_20p_seed1,0.2,1,524271000,44,DRA_ADVERTISE,523851,278,128,512,523.851
50n_20p_seed1,0.2,1,524852000,36,DRA_ADVERTISE,524169,256,128,512,524.169
50n_20p_seed1,0.2,1,525671016,32,DRA_ADVERTISE,524929,281,128,512,524.929
50n_20p_seed1,0.2,1,530278000,29,DRA_ADVERTISE,530241,256,128,512,530.241
50n_20p_seed1,0.2,1,530349016,32,DRA_ADVERTISE,529607,278,128,512,529.607
50n_20p_seed1,0.2,1,530781000,38,DRA_ADVERTISE,529811,265,128,512,529.811
50n_20p_seed1,0.2,1,530928000,50,DRA_ADVERTISE,529931,265,128,512,529.931
50n_20p_seed1,0.2,1,533622000,33,DRA_ADVERTISE,533514,263,128,512,533.514
50n_20p_seed1,0.2,1,535280000,33,DRA_ADVERTISE,535172,263,128,512,535.172
50n_20p_seed1,0.2,1,535659000,22,DRA_ADVERTISE,534939,256,128,512,534.939
50n_20p_seed1,0.2,1,536268000,50,DRA_ADVERTISE,535271,265,128,512,535.271
50n_20p_seed1,0.2,1,536273000,44,DRA_ADVERTISE,535853,278,128,512,535.853
50n_20p_seed1,0.2,1,536360000,36,DRA_ADVERTISE,535677,268,128,512,535.677
50n_20p_seed1,0.2,1,536923016,32,DRA_ADVERTISE,536181,275,128,512,536.181
50n_20p_seed1,0.2,1,537243000,47,DRA_ADVERTISE,536819,260,128,512,536.819
50n_20p_seed1,0.2,1,537536000,32,DRA_ADVERTISE,536794,273,128,512,536.794
50n_20p_seed1,0.2,1,540393000,6,DRA_ADVERTISE,539579,384,128,512,539.579
50n_20p_seed1,0.2,1,540522984,6,DRA_ADVERTISE,539708,384,128,512,539.708
50n_20p_seed1,0.2,1,541056016,36,DRA_ADVERTISE,540373,266,128,512,540.373
50n_20p_seed1,0.2,1,541767016,44,DRA_ADVERTISE,541347,278,128,512,541.347
50n_20p_seed1,0.2,1,542450000,29,DRA_ADVERTISE,542413,256,128,512,542.413
50n_20p_seed1,0.2,1,548136272,36,DRA_ADVERTISE,547453,265,128,512,547.453
50n_20p_seed1,0.2,1,548143000,32,DRA_ADVERTISE,547401,271,128,512,547.401
50n_20p_seed1,0.2,1,548375000,38,DRA_ADVERTISE,547405,265,128,512,547.405
50n_20p_seed1,0.2,1,549388000,50,DRA_ADVERTISE,548391,264,128,512,548.391
50n_20p_seed1,0.2,1,549630000,33,DRA_ADVERTISE,549522,262,128,512,549.522
50n_20p_seed1,0.2,1,554043760,36,DRA_ADVERTISE,553360,262,128,512,553.36
50n_20p_seed1,0.2,1,554299000,47,DRA_ADVERTISE,553875,259,128,512,553.875
50n_20p_seed1,0.2,1,554654000,6,DRA_ADVERTISE,553840,384,128,512,553.84
50n_20p_seed1,0.2,1,554795000,36,DRA_ADVERTISE,554112,262,128,512,554.112
50n_20p_seed1,0.2,1,555360000,44,DRA_ADVERTISE,554940,275,128,512,554.94
50n_20p_seed1,0.2,1,557712016,32,DRA_ADVERTISE,556970,271,128,512,556.97
50n_20p_seed1,0.2,1,559116000,22,DRA_ADVERTISE,558396,256,128,512,558.396
50n_20p_seed1,0.2,1,559549016,32,DRA_ADVERTISE,558807,269,128,512,558.807
50n_20p_seed1,0.2,1,559722000,29,DRA_ADVERTISE,559685,256,128,512,559.685
50n_20p_seed1,0.2,1,561475984,6,DRA_ADVERTISE,560661,384,128,512,560.661
50n_20p_seed1,0.2,1,563365000,50,DRA_ADVERTISE,562368,264,128,512,562.368
50n_20p_seed1,0.2,1,563525016,32,DRA_ADVERTISE,562783,267,128,512,562.783
50n_20p_seed1,0.2,1,565401000,32,DRA_ADVERTISE,564659,265,128,512,564.659
50n_20p_seed1,0.2,1,565843000,38,DRA_ADVERTISE,564873,264,128,512,564.873
50n_20p_seed1,0.2,1,565936000,33,DRA_ADVERTISE,565828,261,128,512,565.828
50n_20p_seed1,0.2,1,566988000,6,DRA_ADVERTISE,566174,384,128,512,566.174
50n_20p_seed1,0.2,1,568161000,22,DRA_ADVERTISE,567441,256,128,512,567.441
50n_20p_seed1,0.2,1,569872016,36,DRA_ADVERTISE,569189,260,128,512,569.189
50n_20p_seed1,0.2,1,569935000,47,DRA_ADVERTISE,569511,258,128,512,569.511
50n_20p_seed1,0.2,1,570997000,44,DRA_ADVERTISE,570577,273,128,512,570.577
50n_20p_seed1,0.2,1,572229000,36,DRA_ADVERTISE,571546,257,128,512,571.546
50n_20p_seed1,0.2,1,574668000,6,DRA_ADVERTISE,573854,384,128,512,573.854
50n_20p_seed1,0.2,1,575168000,29,DRA_ADVERTISE,575131,256,128,512,575.131
50n_20p_seed1,0.2,1,576570272,36,DRA_ADVERTISE,575887,257,128,512,575.887
50n_20p_seed1,0.2,1,577099000,50,DRA_ADVERTISE,576102,264,128,512,576.102
50n_20p_seed1,0.2,1,578650016,44,DRA_ADVERTISE,578230,273,128,512,578.23
50n_20p_seed1,0.2,1,580980000,38,DRA_ADVERTISE,580010,264,128,512,580.01
50n_20p_seed1,0.2,1,581842016,32,DRA_ADVERTISE,581100,263,128,512,581.1
50n_20p_seed1,0.2,1,583057016,32,DRA_ADVERTISE,582315,262,128,512,582.315
50n_20p_seed1,0.2,1,583943000,33,DRA_ADVERTISE,583835,261,128,512,583.835
50n_20p_seed1,0.2,1,584524000,47,DRA_ADVERTISE,584100,257,128,512,584.1
50n_20p_seed1,0.2,1,584534000,33,DRA_ADVERTISE,584426,261,128,512,584.426
50n_20p_seed1,0.2,1,585462000,36,DRA_ADVERTISE,584779,256,128,512,584.779
50n_20p_seed1,0.2,1,585636000,6,DRA_ADVERTISE,584822,384,128,512,584.822
50n_20p_seed1,0.2,1,585810000,32,DRA_ADVERTISE,585068,261,128,512,585.068
50n_20p_seed1,0.2,1,589681984,6,DRA_ADVERTISE,588867,384,128,512,588.867
50n_20p_seed1,0.2,1,589835016,32,DRA_ADVERTISE,589093,260,128,512,589.093
50n_20p_seed1,0.2,1,591471000,22,DRA_ADVERTISE,590751,256,128,512,590.751
50n_20p_seed1,0.2,1,591887000,44,DRA_ADVERTISE,591467,269,128,512,591.467
50n_20p_seed1,0.2,1,592438000,29,DRA_ADVERTISE,592401,256,128,512,592.401
50n_20p_seed1,0.2,1,593624000,50,DRA_ADVERTISE,592627,263,128,512,592.627
50n_20p_seed1,0.2,1,598130000,47,DRA_ADVERTISE,597706,256,128,512,597.706
50n_20p_seed1,0.2,1,598991000,50,DRA_ADVERTISE,597994,263,128,512,597.994
50n_20p_seed2,0.2,2,9848000,44,DRA_ADVERTISE,9680,315,128,512,9.68
50n_20p_seed2,0.2,2,10242000,44,DRA_ADVERTISE,10074,315,128,512,10.074
50n_20p_seed2,0.2,2,11204000,44,DRA_ADVERTISE,11036,315,128,512,11.036
50n_20p_seed2,0.2,2,13049000,44,DRA_ADVERTISE,12881,315,128,512,12.881
50n_20p_seed2,0.2,2,13818000,23,DRA_ADVERTISE,13500,338,128,512,13.5
50n_20p_seed2,0.2,2,14333000,23,DRA_ADVERTISE,14015,338,128,512,14.015
50n_20p_seed2,0.2,2,14423000,31,DRA_ADVERTISE,13674,343,128,512,13.674
50n_20p_seed2,0.2,2,14678000,19,DRA_ADVERTISE,14464,299,128,512,14.464
50n_20p_seed2,0.2,2,14980000,31,DRA_ADVERTISE,14231,343,128,512,14.231
50n_20p_seed2,0.2,2,15278000,19,DRA_ADVERTISE,15064,299,128,512,15.064
50n_20p_seed2,0.2,2,15361000,23,DRA_ADVERTISE,15043,338,128,512,15.043
50n_20p_seed2,0.2,2,15663000,31,DRA_ADVERTISE,14914,343,128,512,14.914
50n_20p_seed2,0.2,2,15681000,19,DRA_ADVERTISE,15467,299,128,512,15.467
50n_20p_seed2,0.2,2,15706000,39,DRA_ADVERTISE,15596,328,128,512,15.596
50n_20p_seed2,0.2,2,16055000,23,DRA_ADVERTISE,15737,338,128,512,15.737
50n_20p_seed2,0.2,2,16115000,19,DRA_ADVERTISE,15901,299,128,512,15.901
50n_20p_seed2,0.2,2,16117000,44,DRA_ADVERTISE,15949,315,128,512,15.949
50n_20p_seed2,0.2,2,16224000,39,DRA_ADVERTISE,16114,328,128,512,16.114
50n_20p_seed2,0.2,2,16636000,31,DRA_ADVERTISE,15887,343,128,512,15.887
50n_20p_seed2,0.2,2,16675000,23,DRA_ADVERTISE,16357,338,128,512,16.357
50n_20p_seed2,0.2,2,16970000,39,DRA_ADVERTISE,16860,328,128,512,16.86
50n_20p_seed2,0.2,2,17016000,23,DRA_ADVERTISE,16698,338,128,512,16.698
50n_20p_seed2,0.2,2,17075000,19,DRA_ADVERTISE,16861,299,128,512,16.861
50n_20p_seed2,0.2,2,17211000,31,DRA_ADVERTISE,16462,343,128,512,16.462
50n_20p_seed2,0.2,2,17805000,31,DRA_ADVERTISE,17056,343,128,512,17.056
50n_20p_seed2,0.2,2,18199000,23,DRA_ADVERTISE,17881,338,128,512,17.881
50n_20p_seed2,0.2,2,18917000,39,DRA_ADVERTISE,18807,328,128,512,18.807
50n_20p_seed2,0.2,2,18932000,23,DRA_ADVERTISE,18614,338,128,512,18.614
50n_20p_seed2,0.2,2,18932000,31,DRA_ADVERTISE,18183,343,128,512,18.183
50n_20p_seed2,0.2,2,19154000,21,DRA_ADVERTISE,18628,343,128,512,18.628
50n_20p_seed2,0.2,2,19215000,19,DRA_ADVERTISE,19001,299,128,512,19.001
50n_20p_seed2,0.2,2,19281000,23,DRA_ADVERTISE,18963,338,128,512,18.963
50n_20p_seed2,0.2,2,19347000,31,DRA_ADVERTISE,18598,343,128,512,18.598
50n_20p_seed2,0.2,2,19457000,39,DRA_ADVERTISE,19347,328,128,512,19.347
50n_20p_seed2,0.2,2,19737000,21,DRA_ADVERTISE,19211,343,128,512,19.211
50n_20p_seed2,0.2,2,20082000,21,DRA_ADVERTISE,19556,343,128,512,19.556
50n_20p_seed2,0.2,2,20132000,39,DRA_ADVERTISE,20022,328,128,512,20.022
50n_20p_seed2,0.2,2,20146000,19,DRA_ADVERTISE,19932,299,128,512,19.932
50n_20p_seed2,0.2,2,20256000,23,DRA_ADVERTISE,19938,338,128,512,19.938
50n_20p_seed2,0.2,2,20308000,31,DRA_ADVERTISE,19559,343,128,512,19.559
50n_20p_seed2,0.2,2,20554000,23,DRA_ADVERTISE,20236,338,128,512,20.236
50n_20p_seed2,0.2,2,20661000,19,DRA_ADVERTISE,20447,294,128,512,20.447
50n_20p_seed2,0.2,2,20727000,21,DRA_ADVERTISE,20201,343,128,512,20.201
50n_20p_seed2,0.2,2,20786000,23,DRA_ADVERTISE,20468,338,128,512,20.468
50n_20p_seed2,0.2,2,21037008,44,DRA_ADVERTISE,20869,315,128,512,20.869
50n_20p_seed2,0.2,2,21232000,21,DRA_ADVERTISE,20706,343,128,512,20.706
50n_20p_seed2,0.2,2,21244000,23,DRA_ADVERTISE,20926,338,128,512,20.926
50n_20p_seed2,0.2,2,21409000,19,DRA_ADVERTISE,21195,294,128,512,21.195
50n_20p_seed2,0.2,2,21735000,39,DRA_ADVERTISE,21625,328,128,512,21.625
50n_20p_seed2,0.2,2,22049000,31,DRA_ADVERTISE,21300,343,128,512,21.3
50n_20p_seed2,0.2,2,22088000,23,DRA_ADVERTISE,21770,329,128,512,21.77
50n_20p_seed2,0.2,2,22300000,21,DRA_ADVERTISE,21774,343,128,512,21.774
50n_20p_seed2,0.2,2,22848008,23,DRA_ADVERTISE,22530,329,128,512,22.53
50n_20p_seed2,0.2,2,22996000,19,DRA_ADVERTISE,22782,294,128,512,22.782
50n_20p_seed2,0.2,2,23079008,44,DRA_ADVERTISE,22911,309,128,512,22.911
50n_20p_seed2,0.2,2,23529000,12,DRA_ADVERTISE,23028,343,128,512,23.028
50n_20p_seed2,0.2,2,23843000,23,DRA_ADVERTISE,23525,321,128,512,23.525
50n_20p_seed2,0.2,2,23901000,21,DRA_ADVERTISE,23375,343,128,512,23.375
50n_20p_seed2,0.2,2,23945000,12,DRA_ADVERTISE,23444,343,128,512,23.444
50n_20p_seed2,0.2,2,24060000,44,DRA_ADVERTISE,23892,285,128,512,23.892
50n_20p_seed2,0.2,2,24641000,12,DRA_ADVERTISE,24140,343,128,512,24.14
50n_20p_seed2,0.2,2,25704000,31,DRA_ADVERTISE,24955,334,128,512,24.955
50n_20p_seed2,0.2,2,26016008,23,DRA_ADVERTISE,25698,308,128,512,25.698
50n_20p_seed2,0.2,2,26071000,39,DRA_ADVERTISE,25961,320,128,512,25.961
50n_20p_seed2,0.2,2,26190000,12,DRA_ADVERTISE,25689,343,128,512,25.689
50n_20p_seed2,0.2,2,26481000,7,DRA_ADVERTISE,26327,302,128,512,26.327
50n_20p_seed2,0.2,2,26544000,21,DRA_ADVERTISE,26018,343,128,512,26.018
50n_20p_seed2,0.2,2,26772000,48,DRA_ADVERTISE,26418,353,128,512,26.418
50n_20p_seed2,0.2,2,26777000,7,DRA_ADVERTISE,26623,302,128,512,26.623
50n_20p_seed2,0.2,2,27144000,48,DRA_ADVERTISE,26790,353,128,512,26.79
50n_20p_seed2,0.2,2,27442000,23,DRA_ADVERTISE,27124,297,128,512,27.124
50n_20p_seed2,0.2,2,27549000,7,DRA_ADVERTISE,27395,302,128,512,27.395
50n_20p_seed2,0.2,2,27552000,18,DRA_ADVERTISE,27384,343,128,512,27.384
50n_20p_seed2,0.2,2,27796000,19,DRA_ADVERTISE,27582,283,128,512,27.582
50n_20p_seed2,0.2,2,27915000,18,DRA_ADVERTISE,27747,343,128,512,27.747
50n_20p_seed2,0.2,2,27960000,48,DRA_ADVERTISE,27606,353,128,512,27.606
50n_20p_seed2,0.2,2,28830000,18,DRA_ADVERTISE,28662,343,128,512,28.662
50n_20p_seed2,0.2,2,29360000,7,DRA_ADVERTISE,29206,302,128,512,29.206
50n_20p_seed2,0.2,2,29571000,12,DRA_ADVERTISE,29070,343,128,512,29.07
50n_20p_seed2,0.2,2,30364000,48,DRA_ADVERTISE,30010,353,128,512,30.01
50n_20p_seed2,0.2,2,30963000,18,DRA_ADVERTISE,30795,343,128,512,30.795
50n_20p_seed2,0.2,2,31618000,39,DRA_ADVERTISE,31508,313,128,512,31.508
50n_20p_seed2,0.2,2,32269000,19,DRA_ADVERTISE,32055,280,128,512,32.055
50n_20p_seed2,0.2,2,32287000,18,DRA_ADVERTISE,32119,343,128,512,32.119
50n_20p_seed2,0.2,2,32299000,21,DRA_ADVERTISE,31773,334,128,512,31.773
50n_20p_seed2,0.2,2,32341000,12,DRA_ADVERTISE,31840,343,128,512,31.84
50n_20p_seed2,0.2,2,32626000,7,DRA_ADVERTISE,32472,302,128,512,32.472
50n_20p_seed2,0.2,2,32634000,31,DRA_ADVERTISE,31885,312,128,512,31.885
50n_20p_seed2,0.2,2,32746000,12,DRA_ADVERTISE,32245,343,128,512,32.245
50n_20p_seed2,0.2,2,32794000,21,DRA_ADVERTISE,32268,334,128,512,32.268
50n_20p_seed2,0.2,2,32861000,18,DRA_ADVERTISE,32693,343,128,512,32.693
50n_20p_seed2,0.2,2,32867000,19,DRA_ADVERTISE,32653,280,128,512,32.653
50n_20p_seed2,0.2,2,33517000,12,DRA_ADVERTISE,33016,343,128,512,33.016
50n_20p_seed2,0.2,2,33551000,21,DRA_ADVERTISE,33025,334,128,512,33.025
50n_20p_seed2,0.2,2,33574000,48,DRA_ADVERTISE,33220,353,128,512,33.22
50n_20p_seed2,0.2,2,33591000,18,DRA_ADVERTISE,33423,343,128,512,33.423
50n_20p_seed2,0.2,2,33611000,19,DRA_ADVERTISE,33397,277,128,512,33.397
50n_20p_seed2,0.2,2,34688000,44,DRA_ADVERTISE,34520,276,128,512,34.52
50n_20p_seed2,0.2,2,35228000,18,DRA_ADVERTISE,35060,334,128,512,35.06
50n_20p_seed2,0.2,2,35231000,12,DRA_ADVERTISE,34730,343,128,512,34.73
50n_20p_seed2,0.2,2,35264000,21,DRA_ADVERTISE,34738,334,128,512,34.738
50n_20p_seed2,0.2,2,35547000,19,DRA_ADVERTISE,35333,274,128,512,35.333
50n_20p_seed2,0.2,2,36442000,23,DRA_ADVERTISE,36124,278,128,512,36.124
50n_20p_seed2,0.2,2,37432008,21,DRA_ADVERTISE,36906,334,128,512,36.906
50n_20p_seed2,0.2,2,38932000,7,DRA_ADVERTISE,38778,297,128,512,38.778
50n_20p_seed2,0.2,2,38957000,19,DRA_ADVERTISE,38743,272,128,512,38.743
50n_20p_seed2,0.2,2,39088000,12,DRA_ADVERTISE,38587,334,128,512,38.587
50n_20p_seed2,0.2,2,39287000,18,DRA_ADVERTISE,39119,334,128,512,39.119
50n_20p_seed2,0.2,2,39866000,21,DRA_ADVERTISE,39340,326,128,512,39.34
50n_20p_seed2,0.2,2,41442000,48,DRA_ADVERTISE,41088,353,128,512,41.088
50n_20p_seed2,0.2,2,43189000,31,DRA_ADVERTISE,42440,306,128,512,42.44
50n_20p_seed2,0.2,2,45123000,39,DRA_ADVERTISE,45013,313,128,512,45.013
50n_20p_seed2,0.2,2,45210000,12,DRA_ADVERTISE,44709,334,128,512,44.709
50n_20p_seed2,0.2,2,47002000,18,DRA_ADVERTISE,46834,334,128,512,46.834
50n_20p_seed2,0.2,2,47010000,19,DRA_ADVERTISE,46796,270,128,512,46.796
50n_20p_seed2,0.2,2,47076000,21,DRA_ADVERTISE,46550,326,128,512,46.55
50n_20p_seed2,0.2,2,50176000,23,DRA_ADVERTISE,49858,275,128,512,49.858
50n_20p_seed2,0.2,2,51007000,44,DRA_ADVERTISE,50839,268,128,512,50.839
50n_20p_seed2,0.2,2,51760000,7,DRA_ADVERTISE,51606,297,128,512,51.606
50n_20p_seed2,0.2,2,55147936,21,DRA_ADVERTISE,54621,312,128,512,54.621
50n_20p_seed2,0.2,2,57087000,19,DRA_ADVERTISE,56873,266,128,512,56.873
50n_20p_seed2,0.2,2,57167000,48,DRA_ADVERTISE,56813,343,128,512,56.813
50n_20p_seed2,0.2,2,58097000,12,DRA_ADVERTISE,57596,334,128,512,57.596
50n_20p_seed2,0.2,2,60099000,39,DRA_ADVERTISE,59989,301,128,512,59.989
50n_20p_seed2,0.2,2,60904000,19,DRA_ADVERTISE,60690,265,128,512,60.69
50n_20p_seed2,0.2,2,61613000,21,DRA_ADVERTISE,61087,312,128,512,61.087
50n_20p_seed2,0.2,2,62802000,31,DRA_ADVERTISE,62053,296,128,512,62.053
50n_20p_seed2,0.2,2,62964000,18,DRA_ADVERTISE,62796,326,128,512,62.796
50n_20p_seed2,0.2,2,64194000,23,DRA_ADVERTISE,63876,267,128,512,63.876
50n_20p_seed2,0.2,2,67398000,44,DRA_ADVERTISE,67230,264,128,512,67.23
50n_20p_seed2,0.2,2,69551000,23,DRA_ADVERTISE,69233,267,128,512,69.233
50n_20p_seed2,0.2,2,69901000,44,DRA_ADVERTISE,69733,263,128,512,69.733
50n_20p_seed2,0.2,2,70667000,39,DRA_ADVERTISE,70557,301,128,512,70.557
50n_20p_seed2,0.2,2,71047000,7,DRA_ADVERTISE,70893,292,128,512,70.893
50n_20p_seed2,0.2,2,71339000,48,DRA_ADVERTISE,70985,343,128,512,70.985
50n_20p_seed2,0.2,2,76896000,12,DRA_ADVERTISE,76395,326,128,512,76.395
50n_20p_seed2,0.2,2,76896000,21,DRA_ADVERTISE,76370,312,128,512,76.37
50n_20p_seed2,0.2,2,78341000,31,DRA_ADVERTISE,77592,281,128,512,77.592
50n_20p_seed2,0.2,2,79030952,21,DRA_ADVERTISE,78504,312,128,512,78.504
50n_20p_seed2,0.2,2,79263000,18,DRA_ADVERTISE,79095,326,128,512,79.095
50n_20p_seed2,0.2,2,79600000,19,DRA_ADVERTISE,79386,263,128,512,79.386
50n_20p_seed2,0.2,2,80391000,31,DRA_ADVERTISE,79642,281,128,512,79.642
50n_20p_seed2,0.2,2,82310000,48,DRA_ADVERTISE,81956,334,128,512,81.956
50n_20p_seed2,0.2,2,83353000,39,DRA_ADVERTISE,83243,296,128,512,83.243
50n_20p_seed2,0.2,2,83782000,48,DRA_ADVERTISE,83428,334,128,512,83.428
50n_20p_seed2,0.2,2,84573000,23,DRA_ADVERTISE,84255,263,128,512,84.255
50n_20p_seed2,0.2,2,85014000,7,DRA_ADVERTISE,84860,288,128,512,84.86
50n_20p_seed2,0.2,2,90159000,21,DRA_ADVERTISE,89633,301,128,512,89.633
50n_20p_seed2,0.2,2,90221000,44,DRA_ADVERTISE,90053,260,128,512,90.053
50n_20p_seed2,0.2,2,90375000,19,DRA_ADVERTISE,90161,261,128,512,90.161
50n_20p_seed2,0.2,2,92446000,31,DRA_ADVERTISE,91697,281,128,512,91.697
50n_20p_seed2,0.2,2,93938000,18,DRA_ADVERTISE,93770,319,128,512,93.77
50n_20p_seed2,0.2,2,94190000,12,DRA_ADVERTISE,93689,319,128,512,93.689
50n_20p_seed2,0.2,2,98720000,39,DRA_ADVERTISE,98610,292,128,512,98.61
50n_20p_seed2,0.2,2,99752000,7,DRA_ADVERTISE,99598,288,128,512,99.598
50n_20p_seed2,0.2,2,101406000,23,DRA_ADVERTISE,101088,259,128,512,101.088
50n_20p_seed2,0.2,2,101976000,44,DRA_ADVERTISE,101808,257,128,512,101.808
50n_20p_seed2,0.2,2,106774984,21,DRA_ADVERTISE,106248,301,128,512,106.248
50n_20p_seed2,0.2,2,106969000,48,DRA_ADVERTISE,106615,326,128,512,106.615
50n_20p_seed2,0.2,2,109076000,19,DRA_ADVERTISE,108862,259,128,512,108.862
50n_20p_seed2,0.2,2,111660000,21,DRA_ADVERTISE,111134,296,128,512,111.134
50n_20p_seed2,0.2,2,111965000,18,DRA_ADVERTISE,111797,319,128,512,111.797
50n_20p_seed2,0.2,2,112055000,39,DRA_ADVERTISE,111945,288,128,512,111.945
50n_20p_seed2,0.2,2,112277000,12,DRA_ADVERTISE,111776,319,128,512,111.776
50n_20p_seed2,0.2,2,112815000,12,DRA_ADVERTISE,112314,319,128,512,112.314
50n_20p_seed2,0.2,2,112954000,18,DRA_ADVERTISE,112786,312,128,512,112.786
50n_20p_seed2,0.2,2,114118000,7,DRA_ADVERTISE,113964,284,128,512,113.964
50n_20p_seed2,0.2,2,116341000,31,DRA_ADVERTISE,115592,271,128,512,115.592
50n_20p_seed2,0.2,2,116744000,21,DRA_ADVERTISE,116218,296,128,512,116.218
50n_20p_seed2,0.2,2,117388000,23,DRA_ADVERTISE,117070,256,128,512,117.07
50n_20p_seed2,0.2,2,120377000,44,DRA_ADVERTISE,120209,256,128,512,120.209
50n_20p_seed2,0.2,2,121250000,7,DRA_ADVERTISE,121096,284,128,512,121.096
50n_20p_seed2,0.2,2,122327000,48,DRA_ADVERTISE,121973,326,128,512,121.973
50n_20p_seed2,0.2,2,122576000,12,DRA_ADVERTISE,122075,319,128,512,122.075
50n_20p_seed2,0.2,2,122657000,21,DRA_ADVERTISE,122131,292,128,512,122.131
50n_20p_seed2,0.2,2,124926000,18,DRA_ADVERTISE,124758,312,128,512,124.758
50n_20p_seed2,0.2,2,125232984,19,DRA_ADVERTISE,125018,256,128,512,125.018
50n_20p_seed2,0.2,2,125733000,39,DRA_ADVERTISE,125623,288,128,512,125.623
50n_20p_seed2,0.2,2,127242000,31,DRA_ADVERTISE,126493,271,128,512,126.493
50n_20p_seed2,0.2,2,129186000,23,DRA_ADVERTISE,128868,256,128,512,128.868
50n_20p_seed2,0.2,2,134793000,44,DRA_ADVERTISE,134625,256,128,512,134.625
50n_20p_seed2,0.2,2,137060000,48,DRA_ADVERTISE,136706,319,128,512,136.706
50n_20p_seed2,0.2,2,139039000,7,DRA_ADVERTISE,138885,284,128,512,138.885
50n_20p_seed2,0.2,2,140841000,19,DRA_ADVERTISE,140627,256,128,512,140.627
50n_20p_seed2,0.2,2,140898000,21,DRA_ADVERTISE,140372,292,128,512,140.372
50n_20p_seed2,0.2,2,142155000,12,DRA_ADVERTISE,141654,312,128,512,141.654
50n_20p_seed2,0.2,2,142501984,21,DRA_ADVERTISE,141975,292,128,512,141.975
50n_20p_seed2,0.2,2,143555000,18,DRA_ADVERTISE,143387,306,128,512,143.387
50n_20p_seed2,0.2,2,143651000,31,DRA_ADVERTISE,142902,264,128,512,142.902
50n_20p_seed2,0.2,2,144293000,31,DRA_ADVERTISE,143544,264,128,512,143.544
50n_20p_seed2,0.2,2,147168000,39,DRA_ADVERTISE,147058,281,128,512,147.058
50n_20p_seed2,0.2,2,147580000,23,DRA_ADVERTISE,147262,256,128,512,147.262
50n_20p_seed2,0.2,2,149922000,44,DRA_ADVERTISE,149754,256,128,512,149.754
50n_20p_seed2,0.2,2,150866000,48,DRA_ADVERTISE,150512,319,128,512,150.512
50n_20p_seed2,0.2,2,153762000,7,DRA_ADVERTISE,153608,281,128,512,153.608
50n_20p_seed2,0.2,2,156112000,21,DRA_ADVERTISE,155586,288,128,512,155.586
50n_20p_seed2,0.2,2,157373000,23,DRA_ADVERTISE,157055,256,128,512,157.055
50n_20p_seed2,0.2,2,157549000,12,DRA_ADVERTISE,157048,312,128,512,157.048
50n_20p_seed2,0.2,2,159571000,31,DRA_ADVERTISE,158822,262,128,512,158.822
50n_20p_seed2,0.2,2,160771000,18,DRA_ADVERTISE,160603,306,128,512,160.603
50n_20p_seed2,0.2,2,162011000,19,DRA_ADVERTISE,161797,256,128,512,161.797
50n_20p_seed2,0.2,2,163669000,19,DRA_ADVERTISE,163455,268,128,512,163.455
50n_20p_seed2,0.2,2,163816000,48,DRA_ADVERTISE,163462,312,128,512,163.462
50n_20p_seed2,0.2,2,164584000,39,DRA_ADVERTISE,164474,278,128,512,164.474
50n_20p_seed2,0.2,2,166277000,39,DRA_ADVERTISE,166167,278,128,512,166.167
50n_20p_seed2,0.2,2,166394000,23,DRA_ADVERTISE,166076,256,128,512,166.076
50n_20p_seed2,0.2,2,167492000,18,DRA_ADVERTISE,167324,301,128,512,167.324
50n_20p_seed2,0.2,2,168588000,44,DRA_ADVERTISE,168420,256,128,512,168.42
50n_20p_seed2,0.2,2,170544000,7,DRA_ADVERTISE,170390,278,128,512,170.39
50n_20p_seed2,0.2,2,171399000,12,DRA_ADVERTISE,170898,306,128,512,170.898
50n_20p_seed2,0.2,2,172459000,48,DRA_ADVERTISE,172105,312,128,512,172.105
50n_20p_seed2,0.2,2,173471000,18,DRA_ADVERTISE,173303,301,128,512,173.303
50n_20p_seed2,0.2,2,174490000,39,DRA_ADVERTISE,174380,278,128,512,174.38
50n_20p_seed2,0.2,2,175610000,19,DRA_ADVERTISE,175396,265,128,512,175.396
50n_20p_seed2,0.2,2,177563000,44,DRA_ADVERTISE,177395,256,128,512,177.395
50n_20p_seed2,0.2,2,178896000,21,DRA_ADVERTISE,178370,278,128,512,178.37
50n_20p_seed2,0.2,2,179708000,21,DRA_ADVERTISE,179182,278,128,512,179.182
50n_20p_seed2,0.2,2,181605000,31,DRA_ADVERTISE,180856,260,128,512,180.856
50n_20p_seed2,0.2,2,182747000,23,DRA_ADVERTISE,182429,256,128,512,182.429
50n_20p_seed2,0.2,2,185313000,44,DRA_ADVERTISE,185145,256,128,512,185.145
50n_20p_seed2,0.2,2,187812000,7,DRA_ADVERTISE,187658,278,128,512,187.658
50n_20p_seed2,0.2,2,187929000,48,DRA_ADVERTISE,187575,312,128,512,187.575
50n_20p_seed2,0.2,2,190194000,18,DRA_ADVERTISE,190026,301,128,512,190.026
50n_20p_seed2,0.2,2,192259000,31,DRA_ADVERTISE,191510,260,128,512,191.51
50n_20p_seed2,0.2,2,192267000,12,DRA_ADVERTISE,191766,301,128,512,191.766
50n_20p_seed2,0.2,2,192390000,21,DRA_ADVERTISE,191864,278,128,512,191.864
50n_20p_seed2,0.2,2,192910000,39,DRA_ADVERTISE,192800,273,128,512,192.8
50n_20p_seed2,0.2,2,193798000,19,DRA_ADVERTISE,193584,261,128,512,193.584
50n_20p_seed2,0.2,2,195005000,23,DRA_ADVERTISE,194687,256,128,512,194.687
50n_20p_seed2,0.2,2,198705000,44,DRA_ADVERTISE,198537,256,128,512,198.537
50n_20p_seed2,0.2,2,200149000,12,DRA_ADVERTISE,199648,301,128,512,199.648
50n_20p_seed2,0.2,2,203175000,7,DRA_ADVERTISE,203021,275,128,512,203.021
50n_20p_seed2,0.2,2,203260000,48,DRA_ADVERTISE,202906,306,128,512,202.906
50n_20p_seed2,0.2,2,204798000,7,DRA_ADVERTISE,204644,275,128,512,204.644
50n_20p_seed2,0.2,2,205891000,21,DRA_ADVERTISE,205365,275,128,512,205.365
50n_20p_seed2,0.2,2,207025000,18,DRA_ADVERTISE,206857,296,128,512,206.857
50n_20p_seed2,0.2,2,208402000,39,DRA_ADVERTISE,208292,271,128,512,208.292
50n_20p_seed2,0.2,2,208826000,12,DRA_ADVERTISE,208325,301,128,512,208.325
50n_20p_seed2,0.2,2,209910000,19,DRA_ADVERTISE,209696,259,128,512,209.696
50n_20p_seed2,0.2,2,211762000,31,DRA_ADVERTISE,211013,256,128,512,211.013
50n_20p_seed2,0.2,2,212921000,31,DRA_ADVERTISE,212172,256,128,512,212.172
50n_20p_seed2,0.2,2,215625000,23,DRA_ADVERTISE,215307,256,128,512,215.307
50n_20p_seed2,0.2,2,218991000,44,DRA_ADVERTISE,218823,256,128,512,218.823
50n_20p_seed2,0.2,2,219415000,7,DRA_ADVERTISE,219261,275,128,512,219.261
50n_20p_seed2,0.2,2,221182000,48,DRA_ADVERTISE,220828,306,128,512,220.828
50n_20p_seed2,0.2,2,221230000,19,DRA_ADVERTISE,221016,257,128,512,221.016
50n_20p_seed2,0.2,2,221738000,21,DRA_ADVERTISE,221212,273,128,512,221.212
50n_20p_seed2,0.2,2,224433000,39,DRA_ADVERTISE,224323,267,128,512,224.323
50n_20p_seed2,0.2,2,224831000,12,DRA_ADVERTISE,224330,301,128,512,224.33
50n_20p_seed2,0.2,2,225389000,19,DRA_ADVERTISE,225175,256,128,512,225.175
50n_20p_seed2,0.2,2,227202000,48,DRA_ADVERTISE,226848,306,128,512,226.848
50n_20p_seed2,0.2,2,228207000,18,DRA_ADVERTISE,228039,292,128,512,228.039
50n_20p_seed2,0.2,2,228418000,31,DRA_ADVERTISE,227669,256,128,512,227.669
50n_20p_seed2,0.2,2,228554000,23,DRA_ADVERTISE,228236,256,128,512,228.236
50n_20p_seed2,0.2,2,231328000,48,DRA_ADVERTISE,230974,306,128,512,230.974
50n_20p_seed2,0.2,2,235893000,7,DRA_ADVERTISE,235739,273,128,512,235.739
50n_20p_seed2,0.2,2,236779000,44,DRA_ADVERTISE,236611,256,128,512,236.611
50n_20p_seed2,0.2,2,237434000,12,DRA_ADVERTISE,236933,296,128,512,236.933
50n_20p_seed2,0.2,2,239936000,21,DRA_ADVERTISE,239410,271,128,512,239.41
50n_20p_seed2,0.2,2,240771000,31,DRA_ADVERTISE,240022,256,128,512,240.022
50n_20p_seed2,0.2,2,242815000,18,DRA_ADVERTISE,242647,292,128,512,242.647
50n_20p_seed2,0.2,2,243969000,19,DRA_ADVERTISE,243755,256,128,512,243.755
50n_20p_seed2,0.2,2,245004000,23,DRA_ADVERTISE,244686,256,128,512,244.686
50n_20p_seed2,0.2,2,246421000,23,DRA_ADVERTISE,246103,256,128,512,246.103
50n_20p_seed2,0.2,2,247503000,39,DRA_ADVERTISE,247393,267,128,512,247.393
50n_20p_seed2,0.2,2,248232000,12,DRA_ADVERTISE,247731,296,128,512,247.731
50n_20p_seed2,0.2,2,250100000,44,DRA_ADVERTISE,249932,256,128,512,249.932
50n_20p_seed2,0.2,2,253267000,7,DRA_ADVERTISE,253113,271,128,512,253.113
50n_20p_seed2,0.2,2,254312000,48,DRA_ADVERTISE,253958,301,128,512,253.958
50n_20p_seed2,0.2,2,256637000,18,DRA_ADVERTISE,256469,288,128,512,256.469
50n_20p_seed2,0.2,2,256806000,12,DRA_ADVERTISE,256305,296,128,512,256.305
50n_20p_seed2,0.2,2,259759000,19,DRA_ADVERTISE,259545,256,128,512,259.545
50n_20p_seed2,0.2,2,260450000,21,DRA_ADVERTISE,259924,267,128,512,259.924
50n_20p_seed2,0.2,2,260573000,39,DRA_ADVERTISE,260463,265,128,512,260.463
50n_20p_seed2,0.2,2,260603000,23,DRA_ADVERTISE,260285,256,128,512,260.285
50n_20p_seed2,0.2,2,261471000,31,DRA_ADVERTISE,260722,256,128,512,260.722
50n_20p_seed2,0.2,2,268627000,44,DRA_ADVERTISE,268459,256,128,512,268.459
50n_20p_seed2,0.2,2,269162000,48,DRA_ADVERTISE,268808,296,128,512,268.808
50n_20p_seed2,0.2,2,269803000,18,DRA_ADVERTISE,269635,288,128,512,269.635
50n_20p_seed2,0.2,2,269902000,12,DRA_ADVERTISE,269401,292,128,512,269.401
50n_20p_seed2,0.2,2,271237000,19,DRA_ADVERTISE,271023,256,128,512,271.023
50n_20p_seed2,0.2,2,271459000,7,DRA_ADVERTISE,271305,269,128,512,271.305
50n_20p_seed2,0.2,2,272104000,21,DRA_ADVERTISE,271578,265,128,512,271.578
50n_20p_seed2,0.2,2,273374000,21,DRA_ADVERTISE,272848,265,128,512,272.848
50n_20p_seed2,0.2,2,274005000,39,DRA_ADVERTISE,273895,264,128,512,273.895
50n_20p_seed2,0.2,2,274140000,18,DRA_ADVERTISE,273972,284,128,512,273.972
50n_20p_seed2,0.2,2,274710000,31,DRA_ADVERTISE,273961,256,128,512,273.961
50n_20p_seed2,0.2,2,276563000,39,DRA_ADVERTISE,276453,264,128,512,276.453
50n_20p_seed2,0.2,2,276931000,19,DRA_ADVERTISE,276717,256,128,512,276.717
50n_20p_seed2,0.2,2,281592000,23,DRA_ADVERTISE,281274,256,128,512,281.274
50n_20p_seed2,0.2,2,284653000,48,DRA_ADVERTISE,284299,292,128,512,284.299
50n_20p_seed2,0.2,2,285256000,44,DRA_ADVERTISE,285088,256,128,512,285.088
50n_20p_seed2,0.2,2,285819000,7,DRA_ADVERTISE,285665,269,128,512,285.665
50n_20p_seed2,0.2,2,285991000,44,DRA_ADVERTISE,285823,256,128,512,285.823
50n_20p_seed2,0.2,2,285992000,19,DRA_ADVERTISE,285778,256,128,512,285.778
50n_20p_seed2,0.2,2,288550000,18,DRA_ADVERTISE,288382,284,128,512,288.382
50n_20p_seed2,0.2,2,289526000,39,DRA_ADVERTISE,289416,263,128,512,289.416
50n_20p_seed2,0.2,2,289617000,31,DRA_ADVERTISE,288868,256,128,512,288.868
50n_20p_seed2,0.2,2,290680000,12,DRA_ADVERTISE,290179,288,128,512,290.179
50n_20p_seed2,0.2,2,291948000,48,DRA_ADVERTISE,291594,292,128,512,291.594
50n_20p_seed2,0.2,2,292166000,21,DRA_ADVERTISE,291640,264,128,512,291.64
50n_20p_seed2,0.2,2,297101000,23,DRA_ADVERTISE,296783,256,128,512,296.783
50n_20p_seed2,0.2,2,297456000,48,DRA_ADVERTISE,297102,292,128,512,297.102
50n_20p_seed2,0.2,2,300566000,7,DRA_ADVERTISE,300412,267,128,512,300.412
50n_20p_seed2,0.2,2,302473000,44,DRA_ADVERTISE,302305,256,128,512,302.305
50n_20p_seed2,0.2,2,303260000,19,DRA_ADVERTISE,303046,256,128,512,303.046
50n_20p_seed2,0.2,2,307000000,31,DRA_ADVERTISE,306251,256,128,512,306.251
50n_20p_seed2,0.2,2,307105000,18,DRA_ADVERTISE,306937,281,128,512,306.937
50n_20p_seed2,0.2,2,307588000,31,DRA_ADVERTISE,306839,256,128,512,306.839
50n_20p_seed2,0.2,2,309081000,21,DRA_ADVERTISE,308555,263,128,512,308.555
50n_20p_seed2,0.2,2,309487000,23,DRA_ADVERTISE,309169,256,128,512,309.169
50n_20p_seed2,0.2,2,310301000,12,DRA_ADVERTISE,309800,288,128,512,309.8
50n_20p_seed2,0.2,2,311742000,39,DRA_ADVERTISE,311632,262,128,512,311.632
50n_20p_seed2,0.2,2,313054000,7,DRA_ADVERTISE,312900,267,128,512,312.9
50n_20p_seed2,0.2,2,315650000,7,DRA_ADVERTISE,315496,267,128,512,315.496
50n_20p_seed2,0.2,2,316090000,44,DRA_ADVERTISE,315922,256,128,512,315.922
50n_20p_seed2,0.2,2,320603000,12,DRA_ADVERTISE,320102,284,128,512,320.102
50n_20p_seed2,0.2,2,321048000,48,DRA_ADVERTISE,320694,288,128,512,320.694
50n_20p_seed2,0.2,2,321924000,19,DRA_ADVERTISE,321710,256,128,512,321.71
50n_20p_seed2,0.2,2,323347000,18,DRA_ADVERTISE,323179,281,128,512,323.179
50n_20p_seed2,0.2,2,323832000,23,DRA_ADVERTISE,323514,256,128,512,323.514
50n_20p_seed2,0.2,2,324212000,39,DRA_ADVERTISE,324102,262,128,512,324.102
50n_20p_seed2,0.2,2,324910000,21,DRA_ADVERTISE,324384,262,128,512,324.384
50n_20p_seed2,0.2,2,326609000,31,DRA_ADVERTISE,325860,256,128,512,325.86
50n_20p_seed2,0.2,2,327454000,39,DRA_ADVERTISE,327344,261,128,512,327.344
50n_20p_seed2,0.2,2,329285000,12,DRA_ADVERTISE,328784,284,128,512,328.784
50n_20p_seed2,0.2,2,331390000,48,DRA_ADVERTISE,331036,288,128,512,331.036
50n_20p_seed2,0.2,2,331715000,44,DRA_ADVERTISE,331547,256,128,512,331.547
50n_20p_seed2,0.2,2,332388000,23,DRA_ADVERTISE,332070,256,128,512,332.07
50n_20p_seed2,0.2,2,334121000,18,DRA_ADVERTISE,333953,281,128,512,333.953
50n_20p_seed2,0.2,2,335367000,7,DRA_ADVERTISE,335213,265,128,512,335.213
50n_20p_seed2,0.2,2,336705000,21,DRA_ADVERTISE,336179,261,128,512,336.179
50n_20p_seed2,0.2,2,337484000,19,DRA_ADVERTISE,337270,256,128,512,337.27
50n_20p_seed2,0.2,2,337607000,18,DRA_ADVERTISE,337439,278,128,512,337.439
50n_20p_seed2,0.2,2,339767000,12,DRA_ADVERTISE,339266,284,128,512,339.266
50n_20p_seed2,0.2,2,340471000,21,DRA_ADVERTISE,339945,261,128,512,339.945
50n_20p_seed2,0.2,2,342982000,23,DRA_ADVERTISE,342664,256,128,512,342.664
50n_20p_seed2,0.2,2,343559000,31,DRA_ADVERTISE,342810,256,128,512,342.81
50n_20p_seed2,0.2,2,345525000,39,DRA_ADVERTISE,345415,260,128,512,345.415
50n_20p_seed2,0.2,2,348751000,7,DRA_ADVERTISE,348597,264,128,512,348.597
50n_20p_seed2,0.2,2,351152000,44,DRA_ADVERTISE,350984,256,128,512,350.984
50n_20p_seed2,0.2,2,352728000,19,DRA_ADVERTISE,352514,256,128,512,352.514
50n_20p_seed2,0.2,2,353331000,21,DRA_ADVERTISE,352805,260,128,512,352.805
50n_20p_seed2,0.2,2,353540000,48,DRA_ADVERTISE,353186,284,128,512,353.186
50n_20p_seed2,0.2,2,355026000,19,DRA_ADVERTISE,354812,256,128,512,354.812
50n_20p_seed2,0.2,2,355957000,39,DRA_ADVERTISE,355847,260,128,512,355.847
50n_20p_seed2,0.2,2,356625000,12,DRA_ADVERTISE,356124,281,128,512,356.124
50n_20p_seed2,0.2,2,358440000,18,DRA_ADVERTISE,358272,278,128,512,358.272
50n_20p_seed2,0.2,2,361663000,23,DRA_ADVERTISE,361345,256,128,512,361.345
50n_20p_seed2,0.2,2,361696000,31,DRA_ADVERTISE,360947,256,128,512,360.947
50n_20p_seed2,0.2,2,362017000,7,DRA_ADVERTISE,361863,264,128,512,361.863
50n_20p_seed2,0.2,2,363686000,44,DRA_ADVERTISE,363518,256,128,512,363.518
50n_20p_seed2,0.2,2,364043000,44,DRA_ADVERTISE,363875,256,128,512,363.875
50n_20p_seed2,0.2,2,364077000,48,DRA_ADVERTISE,363723,284,128,512,363.723
50n_20p_seed2,0.2,2,367901000,19,DRA_ADVERTISE,367687,268,128,512,367.687
50n_20p_seed2,0.2,2,370152000,21,DRA_ADVERTISE,369626,259,128,512,369.626
50n_20p_seed2,0.2,2,371347000,12,DRA_ADVERTISE,370846,281,128,512,370.846
50n_20p_seed2,0.2,2,372185000,31,DRA_ADVERTISE,371436,256,128,512,371.436
50n_20p_seed2,0.2,2,372926000,23,DRA_ADVERTISE,372608,256,128,512,372.608
50n_20p_seed2,0.2,2,373653000,39,DRA_ADVERTISE,373543,258,128,512,373.543
50n_20p_seed2,0.2,2,373761000,18,DRA_ADVERTISE,373593,275,128,512,373.593
50n_20p_seed2,0.2,2,378855000,7,DRA_ADVERTISE,378701,263,128,512,378.701
50n_20p_seed2,0.2,2,379337000,44,DRA_ADVERTISE,379169,256,128,512,379.169
50n_20p_seed2,0.2,2,380724000,18,DRA_ADVERTISE,380556,275,128,512,380.556
50n_20p_seed2,0.2,2,382334000,48,DRA_ADVERTISE,381980,281,128,512,381.98
50n_20p_seed2,0.2,2,385442000,18,DRA_ADVERTISE,385274,275,128,512,385.274
50n_20p_seed2,0.2,2,386127000,12,DRA_ADVERTISE,385626,278,128,512,385.626
50n_20p_seed2,0.2,2,387301000,19,DRA_ADVERTISE,387087,262,128,512,387.087
50n_20p_seed2,0.2,2,387594000,21,DRA_ADVERTISE,387068,258,128,512,387.068
50n_20p_seed2,0.2,2,390208000,39,DRA_ADVERTISE,390098,258,128,512,390.098
50n_20p_seed2,0.2,2,391675000,31,DRA_ADVERTISE,390926,256,128,512,390.926
50n_20p_seed2,0.2,2,394078000,23,DRA_ADVERTISE,393760,256,128,512,393.76
50n_20p_seed2,0.2,2,394110000,23,DRA_ADVERTISE,393792,256,128,512,393.792
50n_20p_seed2,0.2,2,395170000,48,DRA_ADVERTISE,394816,278,128,512,394.816
50n_20p_seed2,0.2,2,397856000,48,DRA_ADVERTISE,397502,278,128,512,397.502
50n_20p_seed2,0.2,2,399367000,7,DRA_ADVERTISE,399213,263,128,512,399.213
50n_20p_seed2,0.2,2,400539000,44,DRA_ADVERTISE,400371,256,128,512,400.371
50n_20p_seed2,0.2,2,400755000,21,DRA_ADVERTISE,400229,257,128,512,400.229
50n_20p_seed2,0.2,2,404236000,18,DRA_ADVERTISE,404068,273,128,512,404.068
50n_20p_seed2,0.2,2,405705000,12,DRA_ADVERTISE,405204,275,128,512,405.204
50n_20p_seed2,0.2,2,405737000,39,DRA_ADVERTISE,405627,256,128,512,405.627
50n_20p_seed2,0.2,2,406051000,31,DRA_ADVERTISE,405302,256,128,512,405.302
50n_20p_seed2,0.2,2,406063000,19,DRA_ADVERTISE,405849,258,128,512,405.849
50n_20p_seed2,0.2,2,407152000,21,DRA_ADVERTISE,406626,257,128,512,406.626
50n_20p_seed2,0.2,2,407181000,23,DRA_ADVERTISE,406863,256,128,512,406.863
50n_20p_seed2,0.2,2,408264000,39,DRA_ADVERTISE,408154,256,128,512,408.154
50n_20p_seed2,0.2,2,414548000,44,DRA_ADVERTISE,414380,256,128,512,414.38
50n_20p_seed2,0.2,2,415563000,48,DRA_ADVERTISE,415209,275,128,512,415.209
50n_20p_seed2,0.2,2,415743000,7,DRA_ADVERTISE,415589,262,128,512,415.589
50n_20p_seed2,0.2,2,417369000,18,DRA_ADVERTISE,417201,273,128,512,417.201
50n_20p_seed2,0.2,2,418016000,31,DRA_ADVERTISE,417267,256,128,512,417.267
50n_20p_seed2,0.2,2,418900000,19,DRA_ADVERTISE,418686,257,128,512,418.686
50n_20p_seed2,0.2,2,419075000,7,DRA_ADVERTISE,418921,262,128,512,418.921
50n_20p_seed2,0.2,2,419400000,19,DRA_ADVERTISE,419186,257,128,512,419.186
50n_20p_seed2,0.2,2,421002000,12,DRA_ADVERTISE,420501,275,128,512,420.501
50n_20p_seed2,0.2,2,421561000,12,DRA_ADVERTISE,421060,275,128,512,421.06
50n_20p_seed2,0.2,2,422132000,21,DRA_ADVERTISE,421606,256,128,512,421.606
50n_20p_seed2,0.2,2,424979000,39,DRA_ADVERTISE,424869,256,128,512,424.869
50n_20p_seed2,0.2,2,426166000,31,DRA_ADVERTISE,425417,256,128,512,425.417
50n_20p_seed2,0.2,2,427565000,23,DRA_ADVERTISE,427247,256,128,512,427.247
50n_20p_seed2,0.2,2,429417000,44,DRA_ADVERTISE,429249,256,128,512,429.249
50n_20p_seed2,0.2,2,429767000,18,DRA_ADVERTISE,429599,273,128,512,429.599
50n_20p_seed2,0.2,2,430538000,48,DRA_ADVERTISE,430184,275,128,512,430.184
50n_20p_seed2,0.2,2,433703000,7,DRA_ADVERTISE,433549,262,128,512,433.549
50n_20p_seed2,0.2,2,434434000,21,DRA_ADVERTISE,433908,256,128,512,433.908
50n_20p_seed2,0.2,2,434575000,12,DRA_ADVERTISE,434074,273,128,512,434.074
50n_20p_seed2,0.2,2,437045000,18,DRA_ADVERTISE,436877,271,128,512,436.877
50n_20p_seed2,0.2,2,438417000,19,DRA_ADVERTISE,438203,268,128,512,438.203
50n_20p_seed2,0.2,2,439136000,31,DRA_ADVERTISE,438387,256,128,512,438.387
50n_20p_seed2,0.2,2,439825000,39,DRA_ADVERTISE,439715,256,128,512,439.715
50n_20p_seed2,0.2,2,445112000,48,DRA_ADVERTISE,444758,273,128,512,444.758
50n_20p_seed2,0.2,2,445426000,7,DRA_ADVERTISE,445272,262,128,512,445.272
50n_20p_seed2,0.2,2,445439000,23,DRA_ADVERTISE,445121,256,128,512,445.121
50n_20p_seed2,0.2,2,448535000,44,DRA_ADVERTISE,448367,256,128,512,448.367
50n_20p_seed2,0.2,2,452578000,18,DRA_ADVERTISE,452410,271,128,512,452.41
50n_20p_seed2,0.2,2,453098000,31,DRA_ADVERTISE,452349,256,128,512,452.349
50n_20p_seed2,0.2,2,453563000,23,DRA_ADVERTISE,453245,256,128,512,453.245
50n_20p_seed2,0.2,2,454695984,19,DRA_ADVERTISE,454481,268,128,512,454.481
50n_20p_seed2,0.2,2,456500000,21,DRA_ADVERTISE,455974,256,128,512,455.974
50n_20p_seed2,0.2,2,456605000,19,DRA_ADVERTISE,456391,266,128,512,456.391
50n_20p_seed2,0.2,2,457508000,39,DRA_ADVERTISE,457398,256,128,512,457.398
50n_20p_seed2,0.2,2,457763000,12,DRA_ADVERTISE,457262,273,128,512,457.262
50n_20p_seed2,0.2,2,458726000,23,DRA_ADVERTISE,458408,256,128,512,458.408
50n_20p_seed2,0.2,2,459351000,39,DRA_ADVERTISE,459241,256,128,512,459.241
50n_20p_seed2,0.2,2,459500000,21,DRA_ADVERTISE,458974,256,128,512,458.974
50n_20p_seed2,0.2,2,461508000,7,DRA_ADVERTISE,461354,261,128,512,461.354
50n_20p_seed2,0.2,2,464158000,48,DRA_ADVERTISE,463804,273,128,512,463.804
50n_20p_seed2,0.2,2,464986000,44,DRA_ADVERTISE,464818,256,128,512,464.818
50n_20p_seed2,0.2,2,466651000,12,DRA_ADVERTISE,466150,271,128,512,466.15
50n_20p_seed2,0.2,2,466868000,31,DRA_ADVERTISE,466119,256,128,512,466.119
50n_20p_seed2,0.2,2,468617000,18,DRA_ADVERTISE,468449,269,128,512,468.449
50n_20p_seed2,0.2,2,469744000,19,DRA_ADVERTISE,469530,263,128,512,469.53
50n_20p_seed2,0.2,2,470161000,12,DRA_ADVERTISE,469660,271,128,512,469.66
50n_20p_seed2,0.2,2,471323000,44,DRA_ADVERTISE,471155,256,128,512,471.155
50n_20p_seed2,0.2,2,472809000,21,DRA_ADVERTISE,472283,256,128,512,472.283
50n_20p_seed2,0.2,2,473915000,31,DRA_ADVERTISE,473166,256,128,512,473.166
50n_20p_seed2,0.2,2,474320000,39,DRA_ADVERTISE,474210,256,128,512,474.21
50n_20p_seed2,0.2,2,478805000,23,DRA_ADVERTISE,478487,256,128,512,478.487
50n_20p_seed2,0.2,2,479766000,48,DRA_ADVERTISE,479412,271,128,512,479.412
50n_20p_seed2,0.2,2,479769000,7,DRA_ADVERTISE,479615,260,128,512,479.615
50n_20p_seed2,0.2,2,482940000,12,DRA_ADVERTISE,482439,271,128,512,482.439
50n_20p_seed2,0.2,2,483340000,44,DRA_ADVERTISE,483172,256,128,512,483.172
50n_20p_seed2,0.2,2,486326000,31,DRA_ADVERTISE,485577,256,128,512,485.577
50n_20p_seed2,0.2,2,487104000,18,DRA_ADVERTISE,486936,269,128,512,486.936
50n_20p_seed2,0.2,2,488726000,39,DRA_ADVERTISE,488616,256,128,512,488.616
50n_20p_seed2,0.2,2,489161000,21,DRA_ADVERTISE,488635,256,128,512,488.635
50n_20p_seed2,0.2,2,489889000,18,DRA_ADVERTISE,489721,267,128,512,489.721
50n_20p_seed2,0.2,2,490260000,19,DRA_ADVERTISE,490046,259,128,512,490.046
50n_20p_seed2,0.2,2,490441000,48,DRA_ADVERTISE,490087,269,128,512,490.087
50n_20p_seed2,0.2,2,490473000,23,DRA_ADVERTISE,490155,256,128,512,490.155
50n_20p_seed2,0.2,2,494495000,19,DRA_ADVERTISE,494281,259,128,512,494.281
50n_20p_seed2,0.2,2,495102000,44,DRA_ADVERTISE,494934,256,128,512,494.934
50n_20p_seed2,0.2,2,498135000,48,DRA_ADVERTISE,497781,269,128,512,497.781
50n_20p_seed2,0.2,2,499537000,7,DRA_ADVERTISE,499383,260,128,512,499.383
50n_20p_seed2,0.2,2,501730000,12,DRA_ADVERTISE,501229,269,128,512,501.229
50n_20p_seed2,0.2,2,502079000,18,DRA_ADVERTISE,501911,267,128,512,501.911
50n_20p_seed2,0.2,2,502162000,19,DRA_ADVERTISE,501948,259,128,512,501.948
50n_20p_seed2,0.2,2,502292000,31,DRA_ADVERTISE,501543,265,128,512,501.543
50n_20p_seed2,0.2,2,502893000,39,DRA_ADVERTISE,502783,256,128,512,502.783
50n_20p_seed2,0.2,2,506041000,21,DRA_ADVERTISE,505515,256,128,512,505.515
50n_20p_seed2,0.2,2,509938000,23,DRA_ADVERTISE,509620,256,128,512,509.62
50n_20p_seed2,0.2,2,511027000,44,DRA_ADVERTISE,510859,256,128,512,510.859
50n_20p_seed2,0.2,2,514389000,7,DRA_ADVERTISE,514235,259,128,512,514.235
50n_20p_seed2,0.2,2,514428000,48,DRA_ADVERTISE,514074,269,128,512,514.074
50n_20p_seed2,0.2,2,516358000,19,DRA_ADVERTISE,516144,256,128,512,516.144
50n_20p_seed2,0.2,2,517932000,18,DRA_ADVERTISE,517764,265,128,512,517.764
50n_20p_seed2,0.2,2,518568000,21,DRA_ADVERTISE,518042,256,128,512,518.042
50n_20p_seed2,0.2,2,521651000,12,DRA_ADVERTISE,521150,267,128,512,521.15
50n_20p_seed2,0.2,2,521666000,23,DRA_ADVERTISE,521348,256,128,512,521.348
50n_20p_seed2,0.2,2,523501000,39,DRA_ADVERTISE,523391,256,128,512,523.391
50n_20p_seed2,0.2,2,525640000,7,DRA_ADVERTISE,525486,259,128,512,525.486
50n_20p_seed2,0.2,2,525721000,31,DRA_ADVERTISE,524972,262,128,512,524.972
50n_20p_seed2,0.2,2,526681000,44,DRA_ADVERTISE,526513,256,128,512,526.513
50n_20p_seed2,0.2,2,527002000,21,DRA_ADVERTISE,526476,256,128,512,526.476
50n_20p_seed2,0.2,2,527857000,7,DRA_ADVERTISE,527703,259,128,512,527.703
50n_20p_seed2,0.2,2,532141000,48,DRA_ADVERTISE,531787,267,128,512,531.787
50n_20p_seed2,0.2,2,532647000,18,DRA_ADVERTISE,532479,265,128,512,532.479
50n_20p_seed2,0.2,2,533693000,12,DRA_ADVERTISE,533192,267,128,512,533.192
50n_20p_seed2,0.2,2,534679000,23,DRA_ADVERTISE,534361,256,128,512,534.361
50n_20p_seed2,0.2,2,534844000,18,DRA_ADVERTISE,534676,265,128,512,534.676
50n_20p_seed2,0.2,2,535011000,12,DRA_ADVERTISE,534510,267,128,512,534.51
50n_20p_seed2,0.2,2,535418000,39,DRA_ADVERTISE,535308,256,128,512,535.308
50n_20p_seed2,0.2,2,535794000,19,DRA_ADVERTISE,535580,256,128,512,535.58
50n_20p_seed2,0.2,2,537426000,39,DRA_ADVERTISE,537316,256,128,512,537.316
50n_20p_seed2,0.2,2,538686000,21,DRA_ADVERTISE,538160,256,128,512,538.16
50n_20p_seed2,0.2,2,540663000,31,DRA_ADVERTISE,539914,260,128,512,539.914
50n_20p_seed2,0.2,2,542191000,23,DRA_ADVERTISE,541873,256,128,512,541.873
50n_20p_seed2,0.2,2,543031000,44,DRA_ADVERTISE,542863,256,128,512,542.863
50n_20p_seed2,0.2,2,546947000,7,DRA_ADVERTISE,546793,258,128,512,546.793
50n_20p_seed2,0.2,2,547919000,48,DRA_ADVERTISE,547565,267,128,512,547.565
50n_20p_seed2,0.2,2,548149000,12,DRA_ADVERTISE,547648,265,128,512,547.648
50n_20p_seed2,0.2,2,548671000,19,DRA_ADVERTISE,548457,256,128,512,548.457
50n_20p_seed2,0.2,2,552816000,18,DRA_ADVERTISE,552648,264,128,512,552.648
50n_20p_seed2,0.2,2,552820000,21,DRA_ADVERTISE,552294,256,128,512,552.294
50n_20p_seed2,0.2,2,554734000,31,DRA_ADVERTISE,553985,257,128,512,553.985
50n_20p_seed2,0.2,2,555886000,44,DRA_ADVERTISE,555718,256,128,512,555.718
50n_20p_seed2,0.2,2,557216000,39,DRA_ADVERTISE,557106,256,128,512,557.106
50n_20p_seed2,0.2,2,557718000,31,DRA_ADVERTISE,556969,257,128,512,556.969
50n_20p_seed2,0.2,2,559039000,19,DRA_ADVERTISE,558825,256,128,512,558.825
50n_20p_seed2,0.2,2,559719000,48,DRA_ADVERTISE,559365,265,128,512,559.365
50n_20p_seed2,0.2,2,559928000,23,DRA_ADVERTISE,559610,256,128,512,559.61
50n_20p_seed2,0.2,2,562095000,44,DRA_ADVERTISE,561927,256,128,512,561.927
50n_20p_seed2,0.2,2,562492000,7,DRA_ADVERTISE,562338,258,128,512,562.338
50n_20p_seed2,0.2,2,566177000,19,DRA_ADVERTISE,565963,256,128,512,565.963
50n_20p_seed2,0.2,2,568208000,39,DRA_ADVERTISE,568098,256,128,512,568.098
50n_20p_seed2,0.2,2,569843000,12,DRA_ADVERTISE,569342,265,128,512,569.342
50n_20p_seed2,0.2,2,571139000,23,DRA_ADVERTISE,570821,256,128,512,570.821
50n_20p_seed2,0.2,2,571296000,18,DRA_ADVERTISE,571128,264,128,512,571.128
50n_20p_seed2,0.2,2,571817000,21,DRA_ADVERTISE,571291,256,128,512,571.291
50n_20p_seed2,0.2,2,575162000,31,DRA_ADVERTISE,574413,256,128,512,574.413
50n_20p_seed2,0.2,2,576840000,7,DRA_ADVERTISE,576686,257,128,512,576.686
50n_20p_seed2,0.2,2,576940000,44,DRA_ADVERTISE,576772,256,128,512,576.772
50n_20p_seed2,0.2,2,578269000,48,DRA_ADVERTISE,577915,264,128,512,577.915
50n_20p_seed2,0.2,2,578594000,48,DRA_ADVERTISE,578240,264,128,512,578.24
50n_20p_seed2,0.2,2,581032000,19,DRA_ADVERTISE,580818,256,128,512,580.818
50n_20p_seed2,0.2,2,581706000,21,DRA_ADVERTISE,581180,256,128,512,581.18
50n_20p_seed2,0.2,2,581712000,12,DRA_ADVERTISE,581211,264,128,512,581.211
50n_20p_seed2,0.2,2,582125000,7,DRA_ADVERTISE,581971,257,128,512,581.971
50n_20p_seed2,0.2,2,584725000,12,DRA_ADVERTISE,584224,264,128,512,584.224
50n_20p_seed2,0.2,2,585801000,18,DRA_ADVERTISE,585633,263,128,512,585.633
50n_20p_seed2,0.2,2,588462000,31,DRA_ADVERTISE,587713,256,128,512,587.713
50n_20p_seed2,0.2,2,589664000,23,DRA_ADVERTISE,589346,256,128,512,589.346
50n_20p_seed2,0.2,2,590628000,39,DRA_ADVERTISE,590518,256,128,512,590.518
50n_20p_seed2,0.2,2,591747000,7,DRA_ADVERTISE,591593,257,128,512,591.593
50n_20p_seed2,0.2,2,592177000,48,DRA_ADVERTISE,591823,264,128,512,591.823
50n_20p_seed2,0.2,2,594027000,44,DRA_ADVERTISE,593859,256,128,512,593.859
50n_20p_seed2,0.2,2,598829000,21,DRA_ADVERTISE,598303,256,128,512,598.303
50n_20p_seed3,0.2,3,13351752,23,DRA_ADVERTISE,12548,328,128,512,12.548
50n_20p_seed3,0.2,3,13827000,46,DRA_ADVERTISE,13384,312,128,512,13.384
50n_20p_seed3,0.2,3,13930000,23,DRA_ADVERTISE,13127,328,128,512,13.127
50n_20p_seed3,0.2,3,14167000,46,DRA_ADVERTISE,13724,312,128,512,13.724
50n_20p_seed3,0.2,3,14578000,23,DRA_ADVERTISE,13775,328,128,512,13.775
50n_20p_seed3,0.2,3,15014000,46,DRA_ADVERTISE,14571,312,128,512,14.571
50n_20p_seed3,0.2,3,15566000,23,DRA_ADVERTISE,14763,328,128,512,14.763
50n_20p_seed3,0.2,3,15924000,23,DRA_ADVERTISE,15121,328,128,512,15.121
50n_20p_seed3,0.2,3,16408000,23,DRA_ADVERTISE,15605,328,128,512,15.605
50n_20p_seed3,0.2,3,16609000,46,DRA_ADVERTISE,16166,312,128,512,16.166
50n_20p_seed3,0.2,3,16947000,23,DRA_ADVERTISE,16144,328,128,512,16.144
50n_20p_seed3,0.2,3,17747000,23,DRA_ADVERTISE,16944,328,128,512,16.944
50n_20p_seed3,0.2,3,19232000,23,DRA_ADVERTISE,18429,328,128,512,18.429
50n_20p_seed3,0.2,3,19684000,47,DRA_ADVERTISE,19245,299,128,512,19.245
50n_20p_seed3,0.2,3,20042000,47,DRA_ADVERTISE,19603,299,128,512,19.603
50n_20p_seed3,0.2,3,20401000,12,DRA_ADVERTISE,19735,489,128,512,19.735
50n_20p_seed3,0.2,3,20715000,23,DRA_ADVERTISE,19912,328,128,512,19.912
50n_20p_seed3,0.2,3,20874000,12,DRA_ADVERTISE,20208,489,128,512,20.208
50n_20p_seed3,0.2,3,20959000,47,DRA_ADVERTISE,20520,299,128,512,20.52
50n_20p_seed3,0.2,3,20993000,46,DRA_ADVERTISE,20550,312,128,512,20.55
50n_20p_seed3,0.2,3,21086000,23,DRA_ADVERTISE,20283,328,128,512,20.283
50n_20p_seed3,0.2,3,21587000,12,DRA_ADVERTISE,20921,480,128,512,20.921
50n_20p_seed3,0.2,3,21782008,23,DRA_ADVERTISE,20979,328,128,512,20.979
50n_20p_seed3,0.2,3,22021000,8,DRA_ADVERTISE,21905,305,128,512,21.905
50n_20p_seed3,0.2,3,22095000,23,DRA_ADVERTISE,21292,320,128,512,21.292
50n_20p_seed3,0.2,3,22406000,8,DRA_ADVERTISE,22290,305,128,512,22.29
50n_20p_seed3,0.2,3,22519000,16,DRA_ADVERTISE,21687,398,128,512,21.687
50n_20p_seed3,0.2,3,22936000,16,DRA_ADVERTISE,22104,398,128,512,22.104
50n_20p_seed3,0.2,3,23009000,47,DRA_ADVERTISE,22570,294,128,512,22.57
50n_20p_seed3,0.2,3,23182000,8,DRA_ADVERTISE,23066,305,128,512,23.066
50n_20p_seed3,0.2,3,23296000,12,DRA_ADVERTISE,22630,477,128,512,22.63
50n_20p_seed3,0.2,3,23633000,16,DRA_ADVERTISE,22801,398,128,512,22.801
50n_20p_seed3,0.2,3,23980000,23,DRA_ADVERTISE,23177,313,128,512,23.177
50n_20p_seed3,0.2,3,24308000,50,DRA_ADVERTISE,23818,526,128,512,23.818
50n_20p_seed3,0.2,3,24595000,50,DRA_ADVERTISE,24105,526,128,512,24.105
50n_20p_seed3,0.2,3,25414000,3,DRA_ADVERTISE,24960,451,128,512,24.96
50n_20p_seed3,0.2,3,25428000,16,DRA_ADVERTISE,24596,398,128,512,24.596
50n_20p_seed3,0.2,3,25488000,8,DRA_ADVERTISE,25372,305,128,512,25.372
50n_20p_seed3,0.2,3,25718000,46,DRA_ADVERTISE,25275,306,128,512,25.275
50n_20p_seed3,0.2,3,25833000,50,DRA_ADVERTISE,25343,513,128,512,25.343
50n_20p_seed3,0.2,3,25856000,5,DRA_ADVERTISE,25717,539,128,512,25.717
50n_20p_seed3,0.2,3,25920000,3,DRA_ADVERTISE,25466,449,128,512,25.466
50n_20p_seed3,0.2,3,26159000,47,DRA_ADVERTISE,25720,294,128,512,25.72
50n_20p_seed3,0.2,3,26222000,5,DRA_ADVERTISE,26083,539,128,512,26.083
50n_20p_seed3,0.2,3,26812000,12,DRA_ADVERTISE,26146,475,128,512,26.146
50n_20p_seed3,0.2,3,27014000,3,DRA_ADVERTISE,26560,449,128,512,26.56
50n_20p_seed3,0.2,3,27179000,50,DRA_ADVERTISE,26689,513,128,512,26.689
50n_20p_seed3,0.2,3,27222000,23,DRA_ADVERTISE,26419,309,128,512,26.419
50n_20p_seed3,0.2,3,27223000,5,DRA_ADVERTISE,27084,543,128,512,27.084
50n_20p_seed3,0.2,3,28074000,3,DRA_ADVERTISE,27620,449,128,512,27.62
50n_20p_seed3,0.2,3,28390000,8,DRA_ADVERTISE,28274,305,128,512,28.274
50n_20p_seed3,0.2,3,29272000,5,DRA_ADVERTISE,29133,543,128,512,29.133
50n_20p_seed3,0.2,3,29899000,16,DRA_ADVERTISE,29067,398,128,512,29.067
50n_20p_seed3,0.2,3,31394000,50,DRA_ADVERTISE,30904,505,128,512,30.904
50n_20p_seed3,0.2,3,31567000,5,DRA_ADVERTISE,31428,536,128,512,31.428
50n_20p_seed3,0.2,3,31656000,49,DRA_ADVERTISE,31087,331,128,512,31.087
50n_20p_seed3,0.2,3,32009000,49,DRA_ADVERTISE,31440,331,128,512,31.44
50n_20p_seed3,0.2,3,32554000,3,DRA_ADVERTISE,32100,445,128,512,32.1
50n_20p_seed3,0.2,3,32666000,12,DRA_ADVERTISE,32000,471,128,512,32.0
50n_20p_seed3,0.2,3,32795000,49,DRA_ADVERTISE,32226,331,128,512,32.226
50n_20p_seed3,0.2,3,33209000,47,DRA_ADVERTISE,32770,290,128,512,32.77
50n_20p_seed3,0.2,3,34844000,49,DRA_ADVERTISE,34275,331,128,512,34.275
50n_20p_seed3,0.2,3,35471000,23,DRA_ADVERTISE,34668,276,128,512,34.668
50n_20p_seed3,0.2,3,36265000,8,DRA_ADVERTISE,36149,300,128,512,36.149
50n_20p_seed3,0.2,3,37310000,16,DRA_ADVERTISE,36478,383,128,512,36.478
50n_20p_seed3,0.2,3,37812000,5,DRA_ADVERTISE,37673,517,128,512,37.673
50n_20p_seed3,0.2,3,38249000,50,DRA_ADVERTISE,37759,499,128,512,37.759
50n_20p_seed3,0.2,3,38769000,3,DRA_ADVERTISE,38315,438,128,512,38.315
50n_20p_seed3,0.2,3,39307000,49,DRA_ADVERTISE,38738,331,128,512,38.738
50n_20p_seed3,0.2,3,41999000,46,DRA_ADVERTISE,41556,296,128,512,41.556
50n_20p_seed3,0.2,3,47096000,12,DRA_ADVERTISE,46430,455,128,512,46.43
50n_20p_seed3,0.2,3,47115000,49,DRA_ADVERTISE,46546,323,128,512,46.546
50n_20p_seed3,0.2,3,48721000,47,DRA_ADVERTISE,48282,286,128,512,48.282
50n_20p_seed3,0.2,3,50186000,50,DRA_ADVERTISE,49696,499,128,512,49.696
50n_20p_seed3,0.2,3,51386000,23,DRA_ADVERTISE,50583,266,128,512,50.583
50n_20p_seed3,0.2,3,52219000,8,DRA_ADVERTISE,52103,300,128,512,52.103
50n_20p_seed3,0.2,3,52329000,3,DRA_ADVERTISE,51875,432,128,512,51.875
50n_20p_seed3,0.2,3,52333000,16,DRA_ADVERTISE,51501,383,128,512,51.501
50n_20p_seed3,0.2,3,56059000,5,DRA_ADVERTISE,55920,517,128,512,55.92
50n_20p_seed3,0.2,3,57208000,46,DRA_ADVERTISE,56765,292,128,512,56.765
50n_20p_seed3,0.2,3,59042000,46,DRA_ADVERTISE,58599,292,128,512,58.599
50n_20p_seed3,0.2,3,60245000,49,DRA_ADVERTISE,59676,323,128,512,59.676
50n_20p_seed3,0.2,3,65085000,16,DRA_ADVERTISE,64253,370,128,512,64.253
50n_20p_seed3,0.2,3,65191000,8,DRA_ADVERTISE,65075,300,128,512,65.075
50n_20p_seed3,0.2,3,65231000,12,DRA_ADVERTISE,64565,455,128,512,64.565
50n_20p_seed3,0.2,3,66390000,47,DRA_ADVERTISE,65951,280,128,512,65.951
50n_20p_seed3,0.2,3,66422000,23,DRA_ADVERTISE,65619,261,128,512,65.619
50n_20p_seed3,0.2,3,67105000,5,DRA_ADVERTISE,66966,517,128,512,66.966
50n_20p_seed3,0.2,3,68766000,5,DRA_ADVERTISE,68627,509,128,512,68.627
50n_20p_seed3,0.2,3,68845000,50,DRA_ADVERTISE,68355,487,128,512,68.355
50n_20p_seed3,0.2,3,69789000,3,DRA_ADVERTISE,69335,428,128,512,69.335
50n_20p_seed3,0.2,3,74276000,49,DRA_ADVERTISE,73707,316,128,512,73.707
50n_20p_seed3,0.2,3,76559000,23,DRA_ADVERTISE,75756,258,128,512,75.756
50n_20p_seed3,0.2,3,77946000,46,DRA_ADVERTISE,77503,288,128,512,77.503
50n_20p_seed3,0.2,3,80274000,23,DRA_ADVERTISE,79471,257,128,512,79.471
50n_20p_seed3,0.2,3,80606000,47,DRA_ADVERTISE,80167,280,128,512,80.167
50n_20p_seed3,0.2,3,81280000,16,DRA_ADVERTISE,80448,358,128,512,80.448
50n_20p_seed3,0.2,3,83361000,12,DRA_ADVERTISE,82695,444,128,512,82.695
50n_20p_seed3,0.2,3,84493000,5,DRA_ADVERTISE,84354,495,128,512,84.354
50n_20p_seed3,0.2,3,85210000,8,DRA_ADVERTISE,85094,295,128,512,85.094
50n_20p_seed3,0.2,3,86414000,50,DRA_ADVERTISE,85924,475,128,512,85.924
50n_20p_seed3,0.2,3,87945000,16,DRA_ADVERTISE,87113,358,128,512,87.113
50n_20p_seed3,0.2,3,88259000,46,DRA_ADVERTISE,87816,288,128,512,87.816
50n_20p_seed3,0.2,3,89800000,3,DRA_ADVERTISE,89346,423,128,512,89.346
50n_20p_seed3,0.2,3,91319000,3,DRA_ADVERTISE,90865,423,128,512,90.865
50n_20p_seed3,0.2,3,91786000,49,DRA_ADVERTISE,91217,310,128,512,91.217
50n_20p_seed3,0.2,3,93084000,47,DRA_ADVERTISE,92645,277,128,512,92.645
50n_20p_seed3,0.2,3,94430000,12,DRA_ADVERTISE,93764,444,128,512,93.764
50n_20p_seed3,0.2,3,94568000,23,DRA_ADVERTISE,93765,256,128,512,93.765
50n_20p_seed3,0.2,3,97584000,8,DRA_ADVERTISE,97468,295,128,512,97.468
50n_20p_seed3,0.2,3,98565000,16,DRA_ADVERTISE,97733,358,128,512,97.733
50n_20p_seed3,0.2,3,100478000,50,DRA_ADVERTISE,99988,467,128,512,99.988
50n_20p_seed3,0.2,3,101256000,5,DRA_ADVERTISE,101117,495,128,512,101.117
50n_20p_seed3,0.2,3,101534000,12,DRA_ADVERTISE,100868,444,128,512,100.868
50n_20p_seed3,0.2,3,104595000,3,DRA_ADVERTISE,104141,419,128,512,104.141
50n_20p_seed3,0.2,3,104817000,49,DRA_ADVERTISE,104248,310,128,512,104.248
50n_20p_seed3,0.2,3,105295000,46,DRA_ADVERTISE,104852,281,128,512,104.852
50n_20p_seed3,0.2,3,105506000,49,DRA_ADVERTISE,104937,310,128,512,104.937
50n_20p_seed3,0.2,3,107839000,50,DRA_ADVERTISE,107349,461,128,512,107.349
50n_20p_seed3,0.2,3,110520000,47,DRA_ADVERTISE,110081,274,128,512,110.081
50n_20p_seed3,0.2,3,113753000,12,DRA_ADVERTISE,113087,438,128,512,113.087
50n_20p_seed3,0.2,3,114781000,23,DRA_ADVERTISE,113978,256,128,512,113.978
50n_20p_seed3,0.2,3,115410000,5,DRA_ADVERTISE,115271,477,128,512,115.271
50n_20p_seed3,0.2,3,115463000,8,DRA_ADVERTISE,115347,291,128,512,115.347
50n_20p_seed3,0.2,3,116271000,47,DRA_ADVERTISE,115832,274,128,512,115.832
50n_20p_seed3,0.2,3,116412000,16,DRA_ADVERTISE,115580,347,128,512,115.58
50n_20p_seed3,0.2,3,120600000,5,DRA_ADVERTISE,120461,477,128,512,120.461
50n_20p_seed3,0.2,3,121247000,3,DRA_ADVERTISE,120793,419,128,512,120.793
50n_20p_seed3,0.2,3,121793000,50,DRA_ADVERTISE,121303,455,128,512,121.303
50n_20p_seed3,0.2,3,122542000,8,DRA_ADVERTISE,122426,287,128,512,122.426
50n_20p_seed3,0.2,3,125081000,46,DRA_ADVERTISE,124638,281,128,512,124.638
50n_20p_seed3,0.2,3,126932000,49,DRA_ADVERTISE,126363,304,128,512,126.363
50n_20p_seed3,0.2,3,127700000,47,DRA_ADVERTISE,127261,272,128,512,127.261
50n_20p_seed3,0.2,3,128903000,23,DRA_ADVERTISE,128100,256,128,512,128.1
50n_20p_seed3,0.2,3,130380000,12,DRA_ADVERTISE,129714,432,128,512,129.714
50n_20p_seed3,0.2,3,132716000,8,DRA_ADVERTISE,132600,287,128,512,132.6
50n_20p_seed3,0.2,3,132732000,16,DRA_ADVERTISE,131900,347,128,512,131.9
50n_20p_seed3,0.2,3,133865000,50,DRA_ADVERTISE,133375,450,128,512,133.375
50n_20p_seed3,0.2,3,135954000,5,DRA_ADVERTISE,135815,472,128,512,135.815
50n_20p_seed3,0.2,3,137965000,46,DRA_ADVERTISE,137522,275,128,512,137.522
50n_20p_seed3,0.2,3,138973000,3,DRA_ADVERTISE,138519,415,128,512,138.519
50n_20p_seed3,0.2,3,140530000,46,DRA_ADVERTISE,140087,275,128,512,140.087
50n_20p_seed3,0.2,3,143321000,49,DRA_ADVERTISE,142752,304,128,512,142.752
50n_20p_seed3,0.2,3,143783000,47,DRA_ADVERTISE,143344,270,128,512,143.344
50n_20p_seed3,0.2,3,146641000,23,DRA_ADVERTISE,145838,256,128,512,145.838
50n_20p_seed3,0.2,3,147875000,12,DRA_ADVERTISE,147209,432,128,512,147.209
50n_20p_seed3,0.2,3,147948000,16,DRA_ADVERTISE,147116,337,128,512,147.116
50n_20p_seed3,0.2,3,149066000,50,DRA_ADVERTISE,148576,442,128,512,148.576
50n_20p_seed3,0.2,3,149680000,8,DRA_ADVERTISE,149564,283,128,512,149.564
50n_20p_seed3,0.2,3,151421000,5,DRA_ADVERTISE,151282,463,128,512,151.282
50n_20p_seed3,0.2,3,152757000,3,DRA_ADVERTISE,152303,411,128,512,152.303
50n_20p_seed3,0.2,3,158471000,46,DRA_ADVERTISE,158028,285,128,512,158.028
50n_20p_seed3,0.2,3,160017000,49,DRA_ADVERTISE,159448,299,128,512,159.448
50n_20p_seed3,0.2,3,160122000,47,DRA_ADVERTISE,159683,268,128,512,159.683
50n_20p_seed3,0.2,3,160755000,12,DRA_ADVERTISE,160089,427,128,512,160.089
50n_20p_seed3,0.2,3,161943000,3,DRA_ADVERTISE,161489,411,128,512,161.489
50n_20p_seed3,0.2,3,162706000,12,DRA_ADVERTISE,162040,427,128,512,162.04
50n_20p_seed3,0.2,3,164948000,23,DRA_ADVERTISE,164145,256,128,512,164.145
50n_20p_seed3,0.2,3,165287000,16,DRA_ADVERTISE,164455,337,128,512,164.455
50n_20p_seed3,0.2,3,166253000,5,DRA_ADVERTISE,166114,458,128,512,166.114
50n_20p_seed3,0.2,3,166442000,3,DRA_ADVERTISE,165988,411,128,512,165.988
50n_20p_seed3,0.2,3,166753000,50,DRA_ADVERTISE,166263,438,128,512,166.263
50n_20p_seed3,0.2,3,168872000,8,DRA_ADVERTISE,168756,283,128,512,168.756
50n_20p_seed3,0.2,3,171034000,49,DRA_ADVERTISE,170465,299,128,512,170.465
50n_20p_seed3,0.2,3,171108000,46,DRA_ADVERTISE,170665,282,128,512,170.665
50n_20p_seed3,0.2,3,172009000,16,DRA_ADVERTISE,171177,328,128,512,171.177
50n_20p_seed3,0.2,3,175052000,47,DRA_ADVERTISE,174613,265,128,512,174.613
50n_20p_seed3,0.2,3,176577000,23,DRA_ADVERTISE,175774,256,128,512,175.774
50n_20p_seed3,0.2,3,178076000,23,DRA_ADVERTISE,177273,256,128,512,177.273
50n_20p_seed3,0.2,3,179118000,5,DRA_ADVERTISE,178979,450,128,512,178.979
50n_20p_seed3,0.2,3,179202000,16,DRA_ADVERTISE,178370,328,128,512,178.37
50n_20p_seed3,0.2,3,182128000,12,DRA_ADVERTISE,181462,427,128,512,181.462
50n_20p_seed3,0.2,3,183352000,49,DRA_ADVERTISE,182783,294,128,512,182.783
50n_20p_seed3,0.2,3,183739000,8,DRA_ADVERTISE,183623,280,128,512,183.623
50n_20p_seed3,0.2,3,183824000,50,DRA_ADVERTISE,183334,434,128,512,183.334
50n_20p_seed3,0.2,3,184519000,5,DRA_ADVERTISE,184380,450,128,512,184.38
50n_20p_seed3,0.2,3,188199000,3,DRA_ADVERTISE,187745,408,128,512,187.745
50n_20p_seed3,0.2,3,191367000,47,DRA_ADVERTISE,190928,265,128,512,190.928
50n_20p_seed3,0.2,3,192191000,12,DRA_ADVERTISE,191525,422,128,512,191.525
50n_20p_seed3,0.2,3,193170000,46,DRA_ADVERTISE,192727,276,128,512,192.727
50n_20p_seed3,0.2,3,193614000,50,DRA_ADVERTISE,193124,430,128,512,193.124
50n_20p_seed3,0.2,3,194535000,49,DRA_ADVERTISE,193966,294,128,512,193.966
50n_20p_seed3,0.2,3,196340000,8,DRA_ADVERTISE,196224,280,128,512,196.224
50n_20p_seed3,0.2,3,196872000,23,DRA_ADVERTISE,196069,256,128,512,196.069
50n_20p_seed3,0.2,3,197697000,16,DRA_ADVERTISE,196865,320,128,512,196.865
50n_20p_seed3,0.2,3,199437000,8,DRA_ADVERTISE,199321,280,128,512,199.321
50n_20p_seed3,0.2,3,199855000,47,DRA_ADVERTISE,199416,265,128,512,199.416
50n_20p_seed3,0.2,3,201044000,5,DRA_ADVERTISE,200905,443,128,512,200.905
50n_20p_seed3,0.2,3,202534000,50,DRA_ADVERTISE,202044,430,128,512,202.044
50n_20p_seed3,0.2,3,204361000,3,DRA_ADVERTISE,203907,408,128,512,203.907
50n_20p_seed3,0.2,3,206365000,49,DRA_ADVERTISE,205796,290,128,512,205.796
50n_20p_seed3,0.2,3,206568000,46,DRA_ADVERTISE,206125,276,128,512,206.125
50n_20p_seed3,0.2,3,209620000,47,DRA_ADVERTISE,209181,264,128,512,209.181
50n_20p_seed3,0.2,3,212411000,23,DRA_ADVERTISE,211608,256,128,512,211.608
50n_20p_seed3,0.2,3,213410000,12,DRA_ADVERTISE,212744,418,128,512,212.744
50n_20p_seed3,0.2,3,213816000,16,DRA_ADVERTISE,212984,320,128,512,212.984
50n_20p_seed3,0.2,3,213844000,8,DRA_ADVERTISE,213728,277,128,512,213.728
50n_20p_seed3,0.2,3,215951000,3,DRA_ADVERTISE,215497,405,128,512,215.497
50n_20p_seed3,0.2,3,218394000,50,DRA_ADVERTISE,217904,423,128,512,217.904
50n_20p_seed3,0.2,3,218543000,5,DRA_ADVERTISE,218404,440,128,512,218.404
50n_20p_seed3,0.2,3,219871000,46,DRA_ADVERTISE,219428,272,128,512,219.428
50n_20p_seed3,0.2,3,224088000,46,DRA_ADVERTISE,223645,272,128,512,223.645
50n_20p_seed3,0.2,3,225256000,23,DRA_ADVERTISE,224453,263,128,512,224.453
50n_20p_seed3,0.2,3,226220000,49,DRA_ADVERTISE,225651,286,128,512,225.651
50n_20p_seed3,0.2,3,226428000,8,DRA_ADVERTISE,226312,274,128,512,226.312
50n_20p_seed3,0.2,3,226501000,47,DRA_ADVERTISE,226062,262,128,512,226.062
50n_20p_seed3,0.2,3,227852000,12,DRA_ADVERTISE,227186,418,128,512,227.186
50n_20p_seed3,0.2,3,230793000,50,DRA_ADVERTISE,230303,423,128,512,230.303
50n_20p_seed3,0.2,3,231542000,16,DRA_ADVERTISE,230710,313,128,512,230.71
50n_20p_seed3,0.2,3,232122000,5,DRA_ADVERTISE,231983,433,128,512,231.983
50n_20p_seed3,0.2,3,233936000,3,DRA_ADVERTISE,233482,405,128,512,233.482
50n_20p_seed3,0.2,3,240250000,49,DRA_ADVERTISE,239681,286,128,512,239.681
50n_20p_seed3,0.2,3,240859000,46,DRA_ADVERTISE,240416,272,128,512,240.416
50n_20p_seed3,0.2,3,242119000,23,DRA_ADVERTISE,241316,260,128,512,241.316
50n_20p_seed3,0.2,3,243702000,12,DRA_ADVERTISE,243036,414,128,512,243.036
50n_20p_seed3,0.2,3,245663000,50,DRA_ADVERTISE,245173,417,128,512,245.173
50n_20p_seed3,0.2,3,246654000,16,DRA_ADVERTISE,245822,307,128,512,245.822
50n_20p_seed3,0.2,3,246740000,3,DRA_ADVERTISE,246286,402,128,512,246.286
50n_20p_seed3,0.2,3,246769000,47,DRA_ADVERTISE,246330,261,128,512,246.33
50n_20p_seed3,0.2,3,248293000,5,DRA_ADVERTISE,248154,431,128,512,248.154
50n_20p_seed3,0.2,3,249156000,8,DRA_ADVERTISE,249040,274,128,512,249.04
50n_20p_seed3,0.2,3,253365000,23,DRA_ADVERTISE,252562,256,128,512,252.562
50n_20p_seed3,0.2,3,254361000,49,DRA_ADVERTISE,253792,283,128,512,253.792
50n_20p_seed3,0.2,3,256557000,46,DRA_ADVERTISE,256114,268,128,512,256.114
50n_20p_seed3,0.2,3,256741000,3,DRA_ADVERTISE,256287,402,128,512,256.287
50n_20p_seed3,0.2,3,257902000,47,DRA_ADVERTISE,257463,260,128,512,257.463
50n_20p_seed3,0.2,3,259810000,23,DRA_ADVERTISE,259007,256,128,512,259.007
50n_20p_seed3,0.2,3,260477000,12,DRA_ADVERTISE,259811,414,128,512,259.811
50n_20p_seed3,0.2,3,264073000,8,DRA_ADVERTISE,263957,272,128,512,263.957
50n_20p_seed3,0.2,3,265002000,3,DRA_ADVERTISE,264548,402,128,512,264.548
50n_20p_seed3,0.2,3,265302000,50,DRA_ADVERTISE,264812,417,128,512,264.812
50n_20p_seed3,0.2,3,266258000,5,DRA_ADVERTISE,266119,424,128,512,266.119
50n_20p_seed3,0.2,3,267653000,16,DRA_ADVERTISE,266821,301,128,512,266.821
50n_20p_seed3,0.2,3,268869000,12,DRA_ADVERTISE,268203,411,128,512,268.203
50n_20p_seed3,0.2,3,270390000,16,DRA_ADVERTISE,269558,301,128,512,269.558
50n_20p_seed3,0.2,3,271708000,5,DRA_ADVERTISE,271569,424,128,512,271.569
50n_20p_seed3,0.2,3,272266000,49,DRA_ADVERTISE,271697,283,128,512,271.697
50n_20p_seed3,0.2,3,275003000,49,DRA_ADVERTISE,274434,283,128,512,274.434
50n_20p_seed3,0.2,3,275117000,46,DRA_ADVERTISE,274674,268,128,512,274.674
50n_20p_seed3,0.2,3,277570000,47,DRA_ADVERTISE,277131,259,128,512,277.131
50n_20p_seed3,0.2,3,278982000,23,DRA_ADVERTISE,278179,256,128,512,278.179
50n_20p_seed3,0.2,3,280626000,5,DRA_ADVERTISE,280487,424,128,512,280.487
50n_20p_seed3,0.2,3,281322000,8,DRA_ADVERTISE,281206,270,128,512,281.206
50n_20p_seed3,0.2,3,281366000,12,DRA_ADVERTISE,280700,411,128,512,280.7
50n_20p_seed3,0.2,3,283988000,50,DRA_ADVERTISE,283498,412,128,512,283.498
50n_20p_seed3,0.2,3,284088000,3,DRA_ADVERTISE,283634,400,128,512,283.634
50n_20p_seed3,0.2,3,284210000,16,DRA_ADVERTISE,283378,301,128,512,283.378
50n_20p_seed3,0.2,3,284352000,46,DRA_ADVERTISE,283909,266,128,512,283.909
50n_20p_seed3,0.2,3,284521000,8,DRA_ADVERTISE,284405,270,128,512,284.405
50n_20p_seed3,0.2,3,286533000,49,DRA_ADVERTISE,285964,280,128,512,285.964
50n_20p_seed3,0.2,3,290373000,47,DRA_ADVERTISE,289934,258,128,512,289.934
50n_20p_seed3,0.2,3,295040000,50,DRA_ADVERTISE,294550,412,128,512,294.55
50n_20p_seed3,0.2,3,296312000,16,DRA_ADVERTISE,295480,296,128,512,295.48
50n_20p_seed3,0.2,3,296471000,47,DRA_ADVERTISE,296032,257,128,512,296.032
50n_20p_seed3,0.2,3,297209000,23,DRA_ADVERTISE,296406,256,128,512,296.406
50n_20p_seed3,0.2,3,297240000,12,DRA_ADVERTISE,296574,408,128,512,296.574
50n_20p_seed3,0.2,3,297381000,8,DRA_ADVERTISE,297265,270,128,512,297.265
50n_20p_seed3,0.2,3,297991000,3,DRA_ADVERTISE,297537,398,128,512,297.537
50n_20p_seed3,0.2,3,298460000,5,DRA_ADVERTISE,298321,417,128,512,298.321
50n_20p_seed3,0.2,3,301968000,50,DRA_ADVERTISE,301478,411,128,512,301.478
50n_20p_seed3,0.2,3,304747000,46,DRA_ADVERTISE,304304,264,128,512,304.304
50n_20p_seed3,0.2,3,308573000,49,DRA_ADVERTISE,308004,280,128,512,308.004
50n_20p_seed3,0.2,3,309927000,23,DRA_ADVERTISE,309124,256,128,512,309.124
50n_20p_seed3,0.2,3,310058000,47,DRA_ADVERTISE,309619,257,128,512,309.619
50n_20p_seed3,0.2,3,311534000,16,DRA_ADVERTISE,310702,296,128,512,310.702
50n_20p_seed3,0.2,3,311630000,12,DRA_ADVERTISE,310964,408,128,512,310.964
50n_20p_seed3,0.2,3,313854000,46,DRA_ADVERTISE,313411,263,128,512,313.411
50n_20p_seed3,0.2,3,313914000,50,DRA_ADVERTISE,313424,408,128,512,313.424
50n_20p_seed3,0.2,3,313943000,8,DRA_ADVERTISE,313827,268,128,512,313.827
50n_20p_seed3,0.2,3,315224000,3,DRA_ADVERTISE,314770,396,128,512,314.77
50n_20p_seed3,0.2,3,317432000,46,DRA_ADVERTISE,316989,263,128,512,316.989
50n_20p_seed3,0.2,3,319515000,5,DRA_ADVERTISE,319376,413,128,512,319.376
50n_20p_seed3,0.2,3,321160000,49,DRA_ADVERTISE,320591,277,128,512,320.591
50n_20p_seed3,0.2,3,324667000,47,DRA_ADVERTISE,324228,256,128,512,324.228
50n_20p_seed3,0.2,3,327224000,12,DRA_ADVERTISE,326558,405,128,512,326.558
50n_20p_seed3,0.2,3,328899000,12,DRA_ADVERTISE,328233,405,128,512,328.233
50n_20p_seed3,0.2,3,329691000,5,DRA_ADVERTISE,329552,412,128,512,329.552
50n_20p_seed3,0.2,3,330137000,23,DRA_ADVERTISE,329334,256,128,512,329.334
50n_20p_seed3,0.2,3,331348000,50,DRA_ADVERTISE,330858,403,128,512,330.858
50n_20p_seed3,0.2,3,331767000,16,DRA_ADVERTISE,330935,296,128,512,330.935
50n_20p_seed3,0.2,3,331859000,3,DRA_ADVERTISE,331405,396,128,512,331.405
50n_20p_seed3,0.2,3,332395000,8,DRA_ADVERTISE,332279,268,128,512,332.279
50n_20p_seed3,0.2,3,332789000,5,DRA_ADVERTISE,332650,412,128,512,332.65
50n_20p_seed3,0.2,3,335360000,3,DRA_ADVERTISE,334906,396,128,512,334.906
50n_20p_seed3,0.2,3,336813000,46,DRA_ADVERTISE,336370,263,128,512,336.37
50n_20p_seed3,0.2,3,336852000,49,DRA_ADVERTISE,336283,277,128,512,336.283
50n_20p_seed3,0.2,3,340442000,23,DRA_ADVERTISE,339639,256,128,512,339.639
50n_20p_seed3,0.2,3,340609000,47,DRA_ADVERTISE,340170,256,128,512,340.17
50n_20p_seed3,0.2,3,342746000,8,DRA_ADVERTISE,342630,266,128,512,342.63
50n_20p_seed3,0.2,3,342852000,23,DRA_ADVERTISE,342049,256,128,512,342.049
50n_20p_seed3,0.2,3,344458000,12,DRA_ADVERTISE,343792,405,128,512,343.792
50n_20p_seed3,0.2,3,345944000,5,DRA_ADVERTISE,345805,408,128,512,345.805
50n_20p_seed3,0.2,3,346592000,16,DRA_ADVERTISE,345760,292,128,512,345.76
50n_20p_seed3,0.2,3,347456000,49,DRA_ADVERTISE,346887,274,128,512,346.887
50n_20p_seed3,0.2,3,347581000,50,DRA_ADVERTISE,347091,402,128,512,347.091
50n_20p_seed3,0.2,3,349843000,46,DRA_ADVERTISE,349400,261,128,512,349.4
50n_20p_seed3,0.2,3,352272000,3,DRA_ADVERTISE,351818,394,128,512,351.818
50n_20p_seed3,0.2,3,358862000,49,DRA_ADVERTISE,358293,274,128,512,358.293
50n_20p_seed3,0.2,3,360037000,50,DRA_ADVERTISE,359547,402,128,512,359.547
50n_20p_seed3,0.2,3,360550000,8,DRA_ADVERTISE,360434,266,128,512,360.434
50n_20p_seed3,0.2,3,360797000,47,DRA_ADVERTISE,360358,256,128,512,360.358
50n_20p_seed3,0.2,3,361582000,12,DRA_ADVERTISE,360916,402,128,512,360.916
50n_20p_seed3,0.2,3,363202000,16,DRA_ADVERTISE,362370,292,128,512,362.37
50n_20p_seed3,0.2,3,363691000,50,DRA_ADVERTISE,363201,402,128,512,363.201
50n_20p_seed3,0.2,3,363738000,16,DRA_ADVERTISE,362906,292,128,512,362.906
50n_20p_seed3,0.2,3,363900000,23,DRA_ADVERTISE,363097,256,128,512,363.097
50n_20p_seed3,0.2,3,366067000,3,DRA_ADVERTISE,365613,394,128,512,365.613
50n_20p_seed3,0.2,3,367765000,5,DRA_ADVERTISE,367626,407,128,512,367.626
50n_20p_seed3,0.2,3,368092000,46,DRA_ADVERTISE,367649,261,128,512,367.649
50n_20p_seed3,0.2,3,369390000,49,DRA_ADVERTISE,368821,272,128,512,368.821
50n_20p_seed3,0.2,3,370762000,46,DRA_ADVERTISE,370319,260,128,512,370.319
50n_20p_seed3,0.2,3,373565000,47,DRA_ADVERTISE,373126,256,128,512,373.126
50n_20p_seed3,0.2,3,375753000,16,DRA_ADVERTISE,374921,288,128,512,374.921
50n_20p_seed3,0.2,3,377572000,8,DRA_ADVERTISE,377456,265,128,512,377.456
50n_20p_seed3,0.2,3,377961000,23,DRA_ADVERTISE,377158,256,128,512,377.158
50n_20p_seed3,0.2,3,378896000,12,DRA_ADVERTISE,378230,400,128,512,378.23
50n_20p_seed3,0.2,3,381703000,50,DRA_ADVERTISE,381213,400,128,512,381.213
50n_20p_seed3,0.2,3,382117000,5,DRA_ADVERTISE,381978,406,128,512,381.978
50n_20p_seed3,0.2,3,383410000,3,DRA_ADVERTISE,382956,393,128,512,382.956
50n_20p_seed3,0.2,3,384197000,49,DRA_ADVERTISE,383628,272,128,512,383.628
50n_20p_seed3,0.2,3,386534000,8,DRA_ADVERTISE,386418,265,128,512,386.418
50n_20p_seed3,0.2,3,389557000,46,DRA_ADVERTISE,389114,259,128,512,389.114
50n_20p_seed3,0.2,3,390750000,47,DRA_ADVERTISE,390311,256,128,512,390.311
50n_20p_seed3,0.2,3,390791000,23,DRA_ADVERTISE,389988,256,128,512,389.988
50n_20p_seed3,0.2,3,393042000,3,DRA_ADVERTISE,392588,393,128,512,392.588
50n_20p_seed3,0.2,3,393279000,50,DRA_ADVERTISE,392789,400,128,512,392.789
50n_20p_seed3,0.2,3,394411000,5,DRA_ADVERTISE,394272,404,128,512,394.272
50n_20p_seed3,0.2,3,394768000,12,DRA_ADVERTISE,394102,398,128,512,394.102
50n_20p_seed3,0.2,3,394845000,3,DRA_ADVERTISE,394391,393,128,512,394.391
50n_20p_seed3,0.2,3,397362000,8,DRA_ADVERTISE,397246,265,128,512,397.246
50n_20p_seed3,0.2,3,398226000,16,DRA_ADVERTISE,397394,284,128,512,397.394
50n_20p_seed3,0.2,3,399678000,46,DRA_ADVERTISE,399235,259,128,512,399.235
50n_20p_seed3,0.2,3,405142000,23,DRA_ADVERTISE,404339,256,128,512,404.339
50n_20p_seed3,0.2,3,405338000,49,DRA_ADVERTISE,404769,270,128,512,404.769
50n_20p_seed3,0.2,3,405532000,47,DRA_ADVERTISE,405093,256,128,512,405.093
50n_20p_seed3,0.2,3,408804000,5,DRA_ADVERTISE,408665,402,128,512,408.665
50n_20p_seed3,0.2,3,409017000,23,DRA_ADVERTISE,408214,256,128,512,408.214
50n_20p_seed3,0.2,3,409053000,12,DRA_ADVERTISE,408387,398,128,512,408.387
50n_20p_seed3,0.2,3,409237000,12,DRA_ADVERTISE,408571,398,128,512,408.571
50n_20p_seed3,0.2,3,409860000,16,DRA_ADVERTISE,409028,284,128,512,409.028
50n_20p_seed3,0.2,3,411660000,47,DRA_ADVERTISE,411221,256,128,512,411.221
50n_20p_seed3,0.2,3,412998000,50,DRA_ADVERTISE,412508,398,128,512,412.508
50n_20p_seed3,0.2,3,413320000,8,DRA_ADVERTISE,413204,264,128,512,413.204
50n_20p_seed3,0.2,3,413997000,5,DRA_ADVERTISE,413858,400,128,512,413.858
50n_20p_seed3,0.2,3,416101000,3,DRA_ADVERTISE,415647,392,128,512,415.647
50n_20p_seed3,0.2,3,416245000,46,DRA_ADVERTISE,415802,257,128,512,415.802
50n_20p_seed3,0.2,3,421433000,12,DRA_ADVERTISE,420767,396,128,512,420.767
50n_20p_seed3,0.2,3,421566000,47,DRA_ADVERTISE,421127,266,128,512,421.127
50n_20p_seed3,0.2,3,421683000,23,DRA_ADVERTISE,420880,256,128,512,420.88
50n_20p_seed3,0.2,3,421763000,49,DRA_ADVERTISE,421194,268,128,512,421.194
50n_20p_seed3,0.2,3,425831000,50,DRA_ADVERTISE,425341,398,128,512,425.341
50n_20p_seed3,0.2,3,429532000,3,DRA_ADVERTISE,429078,392,128,512,429.078
50n_20p_seed3,0.2,3,429879000,8,DRA_ADVERTISE,429763,264,128,512,429.763
50n_20p_seed3,0.2,3,430513000,46,DRA_ADVERTISE,430070,269,128,512,430.07
50n_20p_seed3,0.2,3,431232000,16,DRA_ADVERTISE,430400,281,128,512,430.4
50n_20p_seed3,0.2,3,434455000,5,DRA_ADVERTISE,434316,398,128,512,434.316
50n_20p_seed3,0.2,3,437030000,46,DRA_ADVERTISE,436587,267,128,512,436.587
50n_20p_seed3,0.2,3,438125000,12,DRA_ADVERTISE,437459,396,128,512,437.459
50n_20p_seed3,0.2,3,439913000,47,DRA_ADVERTISE,439474,266,128,512,439.474
50n_20p_seed3,0.2,3,440159000,49,DRA_ADVERTISE,439590,268,128,512,439.59
50n_20p_seed3,0.2,3,440590000,8,DRA_ADVERTISE,440474,263,128,512,440.474
50n_20p_seed3,0.2,3,441993000,16,DRA_ADVERTISE,441161,281,128,512,441.161
50n_20p_seed3,0.2,3,444346000,3,DRA_ADVERTISE,443892,391,128,512,443.892
50n_20p_seed3,0.2,3,444446000,23,DRA_ADVERTISE,443643,256,128,512,443.643
50n_20p_seed3,0.2,3,447042000,5,DRA_ADVERTISE,446903,396,128,512,446.903
50n_20p_seed3,0.2,3,447554000,46,DRA_ADVERTISE,447111,267,128,512,447.111
50n_20p_seed3,0.2,3,448647000,49,DRA_ADVERTISE,448078,266,128,512,448.078
50n_20p_seed3,0.2,3,449022000,50,DRA_ADVERTISE,448532,396,128,512,448.532
50n_20p_seed3,0.2,3,456049000,23,DRA_ADVERTISE,455246,256,128,512,455.246
50n_20p_seed3,0.2,3,456332000,8,DRA_ADVERTISE,456216,263,128,512,456.216
50n_20p_seed3,0.2,3,456871000,49,DRA_ADVERTISE,456302,266,128,512,456.302
50n_20p_seed3,0.2,3,457718000,12,DRA_ADVERTISE,457052,394,128,512,457.052
50n_20p_seed3,0.2,3,459163000,3,DRA_ADVERTISE,458709,391,128,512,458.709
50n_20p_seed3,0.2,3,459309000,47,DRA_ADVERTISE,458870,264,128,512,458.87
50n_20p_seed3,0.2,3,460870000,3,DRA_ADVERTISE,460416,391,128,512,460.416
50n_20p_seed3,0.2,3,462347000,50,DRA_ADVERTISE,461857,394,128,512,461.857
50n_20p_seed3,0.2,3,462396000,50,DRA_ADVERTISE,461906,394,128,512,461.906
50n_20p_seed3,0.2,3,464149000,16,DRA_ADVERTISE,463317,278,128,512,463.317
50n_20p_seed3,0.2,3,465333000,5,DRA_ADVERTISE,465194,396,128,512,465.194
50n_20p_seed3,0.2,3,467413000,49,DRA_ADVERTISE,466844,265,128,512,466.844
50n_20p_seed3,0.2,3,468708000,46,DRA_ADVERTISE,468265,264,128,512,468.265
50n_20p_seed3,0.2,3,472294000,12,DRA_ADVERTISE,471628,394,128,512,471.628
50n_20p_seed3,0.2,3,473739000,16,DRA_ADVERTISE,472907,278,128,512,472.907
50n_20p_seed3,0.2,3,474707000,16,DRA_ADVERTISE,473875,278,128,512,473.875
50n_20p_seed3,0.2,3,475161000,47,DRA_ADVERTISE,474722,262,128,512,474.722
50n_20p_seed3,0.2,3,475843000,50,DRA_ADVERTISE,475353,406,128,512,475.353
50n_20p_seed3,0.2,3,476793000,3,DRA_ADVERTISE,476339,390,128,512,476.339
50n_20p_seed3,0.2,3,478253000,8,DRA_ADVERTISE,478137,262,128,512,478.137
50n_20p_seed3,0.2,3,478902000,23,DRA_ADVERTISE,478099,256,128,512,478.099
50n_20p_seed3,0.2,3,480170000,46,DRA_ADVERTISE,479727,264,128,512,479.727
50n_20p_seed3,0.2,3,481675000,5,DRA_ADVERTISE,481536,394,128,512,481.536
50n_20p_seed3,0.2,3,481980000,8,DRA_ADVERTISE,481864,262,128,512,481.864
50n_20p_seed3,0.2,3,484499000,49,DRA_ADVERTISE,483930,265,128,512,483.93
50n_20p_seed3,0.2,3,484588000,46,DRA_ADVERTISE,484145,264,128,512,484.145
50n_20p_seed3,0.2,3,487577000,23,DRA_ADVERTISE,486774,256,128,512,486.774
50n_20p_seed3,0.2,3,491046000,47,DRA_ADVERTISE,490607,262,128,512,490.607
50n_20p_seed3,0.2,3,491242000,16,DRA_ADVERTISE,490410,275,128,512,490.41
50n_20p_seed3,0.2,3,492020000,12,DRA_ADVERTISE,491354,393,128,512,491.354
50n_20p_seed3,0.2,3,492128000,23,DRA_ADVERTISE,491325,256,128,512,491.325
50n_20p_seed3,0.2,3,493108000,8,DRA_ADVERTISE,492992,262,128,512,492.992
50n_20p_seed3,0.2,3,496521000,5,DRA_ADVERTISE,496382,394,128,512,496.382
50n_20p_seed3,0.2,3,498155000,12,DRA_ADVERTISE,497489,393,128,512,497.489
50n_20p_seed3,0.2,3,498237000,49,DRA_ADVERTISE,497668,265,128,512,497.668
50n_20p_seed3,0.2,3,498340000,3,DRA_ADVERTISE,497886,389,128,512,497.886
50n_20p_seed3,0.2,3,498542000,50,DRA_ADVERTISE,498052,402,128,512,498.052
50n_20p_seed3,0.2,3,498738000,5,DRA_ADVERTISE,498599,394,128,512,498.599
50n_20p_seed3,0.2,3,503261000,46,DRA_ADVERTISE,502818,262,128,512,502.818
50n_20p_seed3,0.2,3,506673000,23,DRA_ADVERTISE,505870,265,128,512,505.87
50n_20p_seed3,0.2,3,507173000,47,DRA_ADVERTISE,506734,260,128,512,506.734
50n_20p_seed3,0.2,3,507366000,12,DRA_ADVERTISE,506700,393,128,512,506.7
50n_20p_seed3,0.2,3,508325000,47,DRA_ADVERTISE,507886,260,128,512,507.886
50n_20p_seed3,0.2,3,508987000,16,DRA_ADVERTISE,508155,275,128,512,508.155
50n_20p_seed3,0.2,3,509563000,8,DRA_ADVERTISE,509447,262,128,512,509.447
50n_20p_seed3,0.2,3,509773000,50,DRA_ADVERTISE,509283,401,128,512,509.283
50n_20p_seed3,0.2,3,510231000,5,DRA_ADVERTISE,510092,393,128,512,510.092
50n_20p_seed3,0.2,3,510615984,23,DRA_ADVERTISE,509812,264,128,512,509.812
50n_20p_seed3,0.2,3,515863000,3,DRA_ADVERTISE,515409,388,128,512,515.409
50n_20p_seed3,0.2,3,519648000,46,DRA_ADVERTISE,519205,261,128,512,519.205
50n_20p_seed3,0.2,3,520346000,50,DRA_ADVERTISE,519856,399,128,512,519.856
50n_20p_seed3,0.2,3,520919000,12,DRA_ADVERTISE,520253,392,128,512,520.253
50n_20p_seed3,0.2,3,522699000,49,DRA_ADVERTISE,522130,264,128,512,522.13
50n_20p_seed3,0.2,3,522952000,47,DRA_ADVERTISE,522513,260,128,512,522.513
50n_20p_seed3,0.2,3,524283000,23,DRA_ADVERTISE,523480,258,128,512,523.48
50n_20p_seed3,0.2,3,525137000,5,DRA_ADVERTISE,524998,393,128,512,524.998
50n_20p_seed3,0.2,3,526391000,16,DRA_ADVERTISE,525559,273,128,512,525.559
50n_20p_seed3,0.2,3,527756000,50,DRA_ADVERTISE,527266,399,128,512,527.266
50n_20p_seed3,0.2,3,528398000,3,DRA_ADVERTISE,527944,388,128,512,527.944
50n_20p_seed3,0.2,3,528465000,8,DRA_ADVERTISE,528349,261,128,512,528.349
50n_20p_seed3,0.2,3,529893000,46,DRA_ADVERTISE,529450,260,128,512,529.45
50n_20p_seed3,0.2,3,538875000,49,DRA_ADVERTISE,538306,263,128,512,538.306
50n_20p_seed3,0.2,3,539035000,8,DRA_ADVERTISE,538919,273,128,512,538.919
50n_20p_seed3,0.2,3,539465000,47,DRA_ADVERTISE,539026,258,128,512,539.026
50n_20p_seed3,0.2,3,540649000,23,DRA_ADVERTISE,539846,256,128,512,539.846
50n_20p_seed3,0.2,3,542914000,5,DRA_ADVERTISE,542775,392,128,512,542.775
50n_20p_seed3,0.2,3,543459000,16,DRA_ADVERTISE,542627,271,128,512,542.627
50n_20p_seed3,0.2,3,543792000,12,DRA_ADVERTISE,543126,391,128,512,543.126
50n_20p_seed3,0.2,3,545164000,3,DRA_ADVERTISE,544710,387,128,512,544.71
50n_20p_seed3,0.2,3,546358000,50,DRA_ADVERTISE,545868,396,128,512,545.868
50n_20p_seed3,0.2,3,546921000,3,DRA_ADVERTISE,546467,387,128,512,546.467
50n_20p_seed3,0.2,3,548717000,23,DRA_ADVERTISE,547914,256,128,512,547.914
50n_20p_seed3,0.2,3,548848000,46,DRA_ADVERTISE,548405,258,128,512,548.405
50n_20p_seed3,0.2,3,549308000,46,DRA_ADVERTISE,548865,258,128,512,548.865
50n_20p_seed3,0.2,3,551571000,49,DRA_ADVERTISE,551002,263,128,512,551.002
50n_20p_seed3,0.2,3,554128000,49,DRA_ADVERTISE,553559,263,128,512,553.559
50n_20p_seed3,0.2,3,554192000,12,DRA_ADVERTISE,553526,391,128,512,553.526
50n_20p_seed3,0.2,3,554981000,47,DRA_ADVERTISE,554542,258,128,512,554.542
50n_20p_seed3,0.2,3,555772000,16,DRA_ADVERTISE,554940,271,128,512,554.94
50n_20p_seed3,0.2,3,556365000,16,DRA_ADVERTISE,555533,271,128,512,555.533
50n_20p_seed3,0.2,3,557148000,23,DRA_ADVERTISE,556345,256,128,512,556.345
50n_20p_seed3,0.2,3,560356000,8,DRA_ADVERTISE,560240,271,128,512,560.24
50n_20p_seed3,0.2,3,561833000,3,DRA_ADVERTISE,561379,387,128,512,561.379
50n_20p_seed3,0.2,3,562359000,50,DRA_ADVERTISE,561869,395,128,512,561.869
50n_20p_seed3,0.2,3,563049000,46,DRA_ADVERTISE,562606,258,128,512,562.606
50n_20p_seed3,0.2,3,563500000,5,DRA_ADVERTISE,563361,392,128,512,563.361
50n_20p_seed3,0.2,3,567099000,49,DRA_ADVERTISE,566530,262,128,512,566.53
50n_20p_seed3,0.2,3,570710000,8,DRA_ADVERTISE,570594,271,128,512,570.594
50n_20p_seed3,0.2,3,571843000,47,DRA_ADVERTISE,571404,257,128,512,571.404
50n_20p_seed3,0.2,3,572726000,23,DRA_ADVERTISE,571923,256,128,512,571.923
50n_20p_seed3,0.2,3,573554000,12,DRA_ADVERTISE,572888,390,128,512,572.888
50n_20p_seed3,0.2,3,574482000,8,DRA_ADVERTISE,574366,271,128,512,574.366
50n_20p_seed3,0.2,3,574736000,50,DRA_ADVERTISE,574246,393,128,512,574.246
50n_20p_seed3,0.2,3,574844000,16,DRA_ADVERTISE,574012,269,128,512,574.012
50n_20p_seed3,0.2,3,579021000,5,DRA_ADVERTISE,578882,391,128,512,578.882
50n_20p_seed3,0.2,3,579843000,12,DRA_ADVERTISE,579177,390,128,512,579.177
50n_20p_seed3,0.2,3,581136000,3,DRA_ADVERTISE,580682,387,128,512,580.682
50n_20p_seed3,0.2,3,583726000,50,DRA_ADVERTISE,583236,393,128,512,583.236
50n_20p_seed3,0.2,3,583748000,49,DRA_ADVERTISE,583179,262,128,512,583.179
50n_20p_seed3,0.2,3,583767000,46,DRA_ADVERTISE,583324,256,128,512,583.324
50n_20p_seed3,0.2,3,585563000,47,DRA_ADVERTISE,585124,256,128,512,585.124
50n_20p_seed3,0.2,3,585787000,23,DRA_ADVERTISE,584984,256,128,512,584.984
50n_20p_seed3,0.2,3,590218000,8,DRA_ADVERTISE,590102,269,128,512,590.102
50n_20p_seed3,0.2,3,591512000,12,DRA_ADVERTISE,590846,390,128,512,590.846
50n_20p_seed3,0.2,3,592048000,5,DRA_ADVERTISE,591909,391,128,512,591.909
50n_20p_seed3,0.2,3,592446000,47,DRA_ADVERTISE,592007,256,128,512,592.007
50n_20p_seed3,0.2,3,593397000,16,DRA_ADVERTISE,592565,269,128,512,592.565
50n_20p_seed3,0.2,3,595175000,3,DRA_ADVERTISE,594721,386,128,512,594.721
50n_20p_seed3,0.2,3,595311000,3,DRA_ADVERTISE,594857,386,128,512,594.857
50n_20p_seed3,0.2,3,595871000,50,DRA_ADVERTISE,595381,392,128,512,595.381
50n_20p_seed3,0.2,3,596279000,5,DRA_ADVERTISE,596140,390,128,512,596.14
50n_20p_seed3,0.2,3,599507000,46,DRA_ADVERTISE,599064,256,128,512,599.064
50n_20p_seed4,0.2,4,13891000,14,DRA_ADVERTISE,13612,311,128,512,13.612
50n_20p_seed4,0.2,4,14343000,14,DRA_ADVERTISE,14064,311,128,512,14.064
50n_20p_seed4,0.2,4,14677000,12,DRA_ADVERTISE,13698,299,128,512,13.698
50n_20p_seed4,0.2,4,15033000,12,DRA_ADVERTISE,14054,299,128,512,14.054
50n_20p_seed4,0.2,4,15272000,14,DRA_ADVERTISE,14993,311,128,512,14.993
50n_20p_seed4,0.2,4,15665000,14,DRA_ADVERTISE,15386,311,128,512,15.386
50n_20p_seed4,0.2,4,15900000,37,DRA_ADVERTISE,15704,343,128,512,15.704
50n_20p_seed4,0.2,4,16058000,14,DRA_ADVERTISE,15779,311,128,512,15.779
50n_20p_seed4,0.2,4,16094000,12,DRA_ADVERTISE,15115,299,128,512,15.115
50n_20p_seed4,0.2,4,16317000,12,DRA_ADVERTISE,15338,299,128,512,15.338
50n_20p_seed4,0.2,4,16346000,37,DRA_ADVERTISE,16150,343,128,512,16.15
50n_20p_seed4,0.2,4,16624000,27,DRA_ADVERTISE,16157,301,128,512,16.157
50n_20p_seed4,0.2,4,16837000,12,DRA_ADVERTISE,15858,299,128,512,15.858
50n_20p_seed4,0.2,4,16851000,14,DRA_ADVERTISE,16572,311,128,512,16.572
50n_20p_seed4,0.2,4,17176000,27,DRA_ADVERTISE,16709,301,128,512,16.709
50n_20p_seed4,0.2,4,17421000,37,DRA_ADVERTISE,17225,343,128,512,17.225
50n_20p_seed4,0.2,4,17586000,7,DRA_ADVERTISE,17249,562,128,512,17.249
50n_20p_seed4,0.2,4,17659000,12,DRA_ADVERTISE,16680,299,128,512,16.68
50n_20p_seed4,0.2,4,17831000,27,DRA_ADVERTISE,17364,301,128,512,17.364
50n_20p_seed4,0.2,4,18200000,7,DRA_ADVERTISE,17863,562,128,512,17.863
50n_20p_seed4,0.2,4,18521000,14,DRA_ADVERTISE,18242,311,128,512,18.242
50n_20p_seed4,0.2,4,19034000,12,DRA_ADVERTISE,18055,299,128,512,18.055
50n_20p_seed4,0.2,4,19170000,7,DRA_ADVERTISE,18833,557,128,512,18.833
50n_20p_seed4,0.2,4,19353000,37,DRA_ADVERTISE,19157,343,128,512,19.157
50n_20p_seed4,0.2,4,19804000,18,DRA_ADVERTISE,18954,397,128,512,18.954
50n_20p_seed4,0.2,4,20128000,12,DRA_ADVERTISE,19149,294,128,512,19.149
50n_20p_seed4,0.2,4,20135000,14,DRA_ADVERTISE,19856,311,128,512,19.856
50n_20p_seed4,0.2,4,20146000,7,DRA_ADVERTISE,19809,557,128,512,19.809
50n_20p_seed4,0.2,4,20249000,27,DRA_ADVERTISE,19782,301,128,512,19.782
50n_20p_seed4,0.2,4,20252000,18,DRA_ADVERTISE,19402,397,128,512,19.402
50n_20p_seed4,0.2,4,20293000,43,DRA_ADVERTISE,19897,519,128,512,19.897
50n_20p_seed4,0.2,4,20511000,7,DRA_ADVERTISE,20174,557,128,512,20.174
50n_20p_seed4,0.2,4,20515000,12,DRA_ADVERTISE,19536,294,128,512,19.536
50n_20p_seed4,0.2,4,20725000,14,DRA_ADVERTISE,20446,311,128,512,20.446
50n_20p_seed4,0.2,4,20727000,7,DRA_ADVERTISE,20390,557,128,512,20.39
50n_20p_seed4,0.2,4,20740000,18,DRA_ADVERTISE,19890,397,128,512,19.89
50n_20p_seed4,0.2,4,20828000,12,DRA_ADVERTISE,19849,294,128,512,19.849
50n_20p_seed4,0.2,4,21228000,12,DRA_ADVERTISE,20249,294,128,512,20.249
50n_20p_seed4,0.2,4,21239000,7,DRA_ADVERTISE,20902,557,128,512,20.902
50n_20p_seed4,0.2,4,21333000,14,DRA_ADVERTISE,21054,311,128,512,21.054
50n_20p_seed4,0.2,4,21525000,18,DRA_ADVERTISE,20675,397,128,512,20.675
50n_20p_seed4,0.2,4,21951000,11,DRA_ADVERTISE,21665,343,128,512,21.665
50n_20p_seed4,0.2,4,22031000,7,DRA_ADVERTISE,21694,553,128,512,21.694
50n_20p_seed4,0.2,4,22194000,14,DRA_ADVERTISE,21915,311,128,512,21.915
50n_20p_seed4,0.2,4,22371000,12,DRA_ADVERTISE,21392,290,128,512,21.392
50n_20p_seed4,0.2,4,22401000,11,DRA_ADVERTISE,22115,343,128,512,22.115
50n_20p_seed4,0.2,4,23125000,37,DRA_ADVERTISE,22929,343,128,512,22.929
50n_20p_seed4,0.2,4,23144000,27,DRA_ADVERTISE,22677,301,128,512,22.677
50n_20p_seed4,0.2,4,23193000,11,DRA_ADVERTISE,22907,343,128,512,22.907
50n_20p_seed4,0.2,4,23195000,18,DRA_ADVERTISE,22345,397,128,512,22.345
50n_20p_seed4,0.2,4,23853000,12,DRA_ADVERTISE,22874,290,128,512,22.874
50n_20p_seed4,0.2,4,23910000,14,DRA_ADVERTISE,23631,311,128,512,23.631
50n_20p_seed4,0.2,4,24000000,7,DRA_ADVERTISE,23663,553,128,512,23.663
50n_20p_seed4,0.2,4,24675000,43,DRA_ADVERTISE,24279,514,128,512,24.279
50n_20p_seed4,0.2,4,24738000,11,DRA_ADVERTISE,24452,343,128,512,24.452
50n_20p_seed4,0.2,4,25014000,8,DRA_ADVERTISE,24165,328,128,512,24.165
50n_20p_seed4,0.2,4,25160000,43,DRA_ADVERTISE,24764,514,128,512,24.764
50n_20p_seed4,0.2,4,25294008,37,DRA_ADVERTISE,25098,334,128,512,25.098
50n_20p_seed4,0.2,4,25341000,8,DRA_ADVERTISE,24492,328,128,512,24.492
50n_20p_seed4,0.2,4,26151000,43,DRA_ADVERTISE,25755,514,128,512,25.755
50n_20p_seed4,0.2,4,26408000,8,DRA_ADVERTISE,25559,328,128,512,25.559
50n_20p_seed4,0.2,4,26489000,14,DRA_ADVERTISE,26210,300,128,512,26.21
50n_20p_seed4,0.2,4,26743000,18,DRA_ADVERTISE,25893,397,128,512,25.893
50n_20p_seed4,0.2,4,27984000,37,DRA_ADVERTISE,27788,326,128,512,27.788
50n_20p_seed4,0.2,4,27989000,7,DRA_ADVERTISE,27652,553,128,512,27.652
50n_20p_seed4,0.2,4,28125000,11,DRA_ADVERTISE,27839,343,128,512,27.839
50n_20p_seed4,0.2,4,28130000,43,DRA_ADVERTISE,27734,514,128,512,27.734
50n_20p_seed4,0.2,4,28218000,8,DRA_ADVERTISE,27369,328,128,512,27.369
50n_20p_seed4,0.2,4,28306000,12,DRA_ADVERTISE,27327,283,128,512,27.327
50n_20p_seed4,0.2,4,30911000,43,DRA_ADVERTISE,30515,505,128,512,30.515
50n_20p_seed4,0.2,4,31375008,37,DRA_ADVERTISE,31179,326,128,512,31.179
50n_20p_seed4,0.2,4,31881000,8,DRA_ADVERTISE,31032,328,128,512,31.032
50n_20p_seed4,0.2,4,32224000,7,DRA_ADVERTISE,31887,532,128,512,31.887
50n_20p_seed4,0.2,4,32230000,8,DRA_ADVERTISE,31381,328,128,512,31.381
50n_20p_seed4,0.2,4,32546000,8,DRA_ADVERTISE,31697,328,128,512,31.697
50n_20p_seed4,0.2,4,32561000,27,DRA_ADVERTISE,32094,288,128,512,32.094
50n_20p_seed4,0.2,4,32680000,7,DRA_ADVERTISE,32343,532,128,512,32.343
50n_20p_seed4,0.2,4,32691008,7,DRA_ADVERTISE,32354,532,128,512,32.354
50n_20p_seed4,0.2,4,32840000,18,DRA_ADVERTISE,31990,397,128,512,31.99
50n_20p_seed4,0.2,4,33032304,18,DRA_ADVERTISE,32182,382,128,512,32.182
50n_20p_seed4,0.2,4,33315000,3,DRA_ADVERTISE,32392,300,128,512,32.392
50n_20p_seed4,0.2,4,33327000,7,DRA_ADVERTISE,32990,519,128,512,32.99
50n_20p_seed4,0.2,4,33327000,8,DRA_ADVERTISE,32478,328,128,512,32.478
50n_20p_seed4,0.2,4,33737000,3,DRA_ADVERTISE,32814,300,128,512,32.814
50n_20p_seed4,0.2,4,34322000,11,DRA_ADVERTISE,34036,343,128,512,34.036
50n_20p_seed4,0.2,4,34349000,14,DRA_ADVERTISE,34070,291,128,512,34.07
50n_20p_seed4,0.2,4,34911000,3,DRA_ADVERTISE,33988,300,128,512,33.988
50n_20p_seed4,0.2,4,35038000,7,DRA_ADVERTISE,34701,516,128,512,34.701
50n_20p_seed4,0.2,4,35050920,18,DRA_ADVERTISE,34200,382,128,512,34.2
50n_20p_seed4,0.2,4,35089000,8,DRA_ADVERTISE,34240,328,128,512,34.24
50n_20p_seed4,0.2,4,35642000,12,DRA_ADVERTISE,34663,265,128,512,34.663
50n_20p_seed4,0.2,4,36031008,7,DRA_ADVERTISE,35694,516,128,512,35.694
50n_20p_seed4,0.2,4,36631000,43,DRA_ADVERTISE,36235,505,128,512,36.235
50n_20p_seed4,0.2,4,36660000,3,DRA_ADVERTISE,35737,295,128,512,35.737
50n_20p_seed4,0.2,4,39223008,43,DRA_ADVERTISE,38827,505,128,512,38.827
50n_20p_seed4,0.2,4,39427000,3,DRA_ADVERTISE,38504,295,128,512,38.504
50n_20p_seed4,0.2,4,39755000,8,DRA_ADVERTISE,38906,320,128,512,38.906
50n_20p_seed4,0.2,4,39827000,7,DRA_ADVERTISE,39490,499,128,512,39.49
50n_20p_seed4,0.2,4,42230000,37,DRA_ADVERTISE,42034,319,128,512,42.034
50n_20p_seed4,0.2,4,43008000,27,DRA_ADVERTISE,42541,284,128,512,42.541
50n_20p_seed4,0.2,4,45300000,8,DRA_ADVERTISE,44451,320,128,512,44.451
50n_20p_seed4,0.2,4,46066000,3,DRA_ADVERTISE,45143,295,128,512,45.143
50n_20p_seed4,0.2,4,46120000,12,DRA_ADVERTISE,45141,264,128,512,45.141
50n_20p_seed4,0.2,4,46620000,7,DRA_ADVERTISE,46283,499,128,512,46.283
50n_20p_seed4,0.2,4,47021000,18,DRA_ADVERTISE,46171,357,128,512,46.171
50n_20p_seed4,0.2,4,48872000,43,DRA_ADVERTISE,48476,485,128,512,48.476
50n_20p_seed4,0.2,4,52163000,11,DRA_ADVERTISE,51877,334,128,512,51.877
50n_20p_seed4,0.2,4,52768000,14,DRA_ADVERTISE,52489,280,128,512,52.489
50n_20p_seed4,0.2,4,56903952,7,DRA_ADVERTISE,56566,497,128,512,56.566
50n_20p_seed4,0.2,4,57185000,8,DRA_ADVERTISE,56336,320,128,512,56.336
50n_20p_seed4,0.2,4,57660000,14,DRA_ADVERTISE,57381,280,128,512,57.381
50n_20p_seed4,0.2,4,58288952,37,DRA_ADVERTISE,58092,306,128,512,58.092
50n_20p_seed4,0.2,4,59579000,37,DRA_ADVERTISE,59383,301,128,512,59.383
50n_20p_seed4,0.2,4,60635952,43,DRA_ADVERTISE,60239,468,128,512,60.239
50n_20p_seed4,0.2,4,62452000,27,DRA_ADVERTISE,61985,281,128,512,61.985
50n_20p_seed4,0.2,4,63274000,7,DRA_ADVERTISE,62937,472,128,512,62.937
50n_20p_seed4,0.2,4,63993000,12,DRA_ADVERTISE,63014,261,128,512,63.014
50n_20p_seed4,0.2,4,64073000,3,DRA_ADVERTISE,63150,295,128,512,63.15
50n_20p_seed4,0.2,4,65684000,12,DRA_ADVERTISE,64705,261,128,512,64.705
50n_20p_seed4,0.2,4,65924000,18,DRA_ADVERTISE,65074,357,128,512,65.074
50n_20p_seed4,0.2,4,67072920,7,DRA_ADVERTISE,66735,472,128,512,66.735
50n_20p_seed4,0.2,4,68253920,18,DRA_ADVERTISE,67403,346,128,512,67.403
50n_20p_seed4,0.2,4,69047000,14,DRA_ADVERTISE,68768,274,128,512,68.768
50n_20p_seed4,0.2,4,69507000,18,DRA_ADVERTISE,68657,337,128,512,68.657
50n_20p_seed4,0.2,4,70336000,11,DRA_ADVERTISE,70050,326,128,512,70.05
50n_20p_seed4,0.2,4,71165000,27,DRA_ADVERTISE,70698,275,128,512,70.698
50n_20p_seed4,0.2,4,71914000,43,DRA_ADVERTISE,71518,461,128,512,71.518
50n_20p_seed4,0.2,4,75086000,27,DRA_ADVERTISE,74619,275,128,512,74.619
50n_20p_seed4,0.2,4,76198000,8,DRA_ADVERTISE,75349,313,128,512,75.349
50n_20p_seed4,0.2,4,78628000,3,DRA_ADVERTISE,77705,291,128,512,77.705
50n_20p_seed4,0.2,4,78962000,37,DRA_ADVERTISE,78766,301,128,512,78.766
50n_20p_seed4,0.2,4,80711000,7,DRA_ADVERTISE,80374,461,128,512,80.374
50n_20p_seed4,0.2,4,81057000,18,DRA_ADVERTISE,80207,337,128,512,80.207
50n_20p_seed4,0.2,4,81104000,11,DRA_ADVERTISE,80818,326,128,512,80.818
50n_20p_seed4,0.2,4,81844000,14,DRA_ADVERTISE,81565,270,128,512,81.565
50n_20p_seed4,0.2,4,84301000,43,DRA_ADVERTISE,83905,447,128,512,83.905
50n_20p_seed4,0.2,4,84785000,12,DRA_ADVERTISE,83806,256,128,512,83.806
50n_20p_seed4,0.2,4,89396952,7,DRA_ADVERTISE,89059,460,128,512,89.059
50n_20p_seed4,0.2,4,90256000,37,DRA_ADVERTISE,90060,288,128,512,90.06
50n_20p_seed4,0.2,4,91559192,43,DRA_ADVERTISE,91163,444,128,512,91.163
50n_20p_seed4,0.2,4,93251920,7,DRA_ADVERTISE,92914,453,128,512,92.914
50n_20p_seed4,0.2,4,93635000,27,DRA_ADVERTISE,93168,271,128,512,93.168
50n_20p_seed4,0.2,4,94058000,8,DRA_ADVERTISE,93209,313,128,512,93.209
50n_20p_seed4,0.2,4,94266000,18,DRA_ADVERTISE,93416,337,128,512,93.416
50n_20p_seed4,0.2,4,94435920,18,DRA_ADVERTISE,93585,337,128,512,93.585
50n_20p_seed4,0.2,4,95525000,11,DRA_ADVERTISE,95239,326,128,512,95.239
50n_20p_seed4,0.2,4,95846000,3,DRA_ADVERTISE,94923,287,128,512,94.923
50n_20p_seed4,0.2,4,96051000,14,DRA_ADVERTISE,95772,281,128,512,95.772
50n_20p_seed4,0.2,4,96823000,7,DRA_ADVERTISE,96486,440,128,512,96.486
50n_20p_seed4,0.2,4,101501000,12,DRA_ADVERTISE,100522,256,128,512,100.522
50n_20p_seed4,0.2,4,102359000,43,DRA_ADVERTISE,101963,437,128,512,101.963
50n_20p_seed4,0.2,4,103202000,8,DRA_ADVERTISE,102353,307,128,512,102.353
50n_20p_seed4,0.2,4,106443000,3,DRA_ADVERTISE,105520,287,128,512,105.52
50n_20p_seed4,0.2,4,107445000,7,DRA_ADVERTISE,107108,440,128,512,107.108
50n_20p_seed4,0.2,4,107731000,27,DRA_ADVERTISE,107264,269,128,512,107.264
50n_20p_seed4,0.2,4,107780000,14,DRA_ADVERTISE,107501,273,128,512,107.501
50n_20p_seed4,0.2,4,111617000,37,DRA_ADVERTISE,111421,284,128,512,111.421
50n_20p_seed4,0.2,4,112007000,11,DRA_ADVERTISE,111721,319,128,512,111.721
50n_20p_seed4,0.2,4,112038000,8,DRA_ADVERTISE,111189,307,128,512,111.189
50n_20p_seed4,0.2,4,112969000,11,DRA_ADVERTISE,112683,319,128,512,112.683
50n_20p_seed4,0.2,4,113513000,37,DRA_ADVERTISE,113317,284,128,512,113.317
50n_20p_seed4,0.2,4,113890000,3,DRA_ADVERTISE,112967,287,128,512,112.967
50n_20p_seed4,0.2,4,115439000,12,DRA_ADVERTISE,114460,256,128,512,114.46
50n_20p_seed4,0.2,4,116042000,43,DRA_ADVERTISE,115646,430,128,512,115.646
50n_20p_seed4,0.2,4,116302000,18,DRA_ADVERTISE,115452,320,128,512,115.452
50n_20p_seed4,0.2,4,116322000,43,DRA_ADVERTISE,115926,430,128,512,115.926
50n_20p_seed4,0.2,4,117808000,7,DRA_ADVERTISE,117471,430,128,512,117.471
50n_20p_seed4,0.2,4,117958000,14,DRA_ADVERTISE,117679,273,128,512,117.679
50n_20p_seed4,0.2,4,120036984,43,DRA_ADVERTISE,119640,430,128,512,119.64
50n_20p_seed4,0.2,4,120995952,7,DRA_ADVERTISE,120658,430,128,512,120.658
50n_20p_seed4,0.2,4,124951000,7,DRA_ADVERTISE,124614,425,128,512,124.614
50n_20p_seed4,0.2,4,125649000,3,DRA_ADVERTISE,124726,287,128,512,124.726
50n_20p_seed4,0.2,4,126195984,7,DRA_ADVERTISE,125858,425,128,512,125.858
50n_20p_seed4,0.2,4,126855000,27,DRA_ADVERTISE,126388,265,128,512,126.388
50n_20p_seed4,0.2,4,128167000,37,DRA_ADVERTISE,127971,286,128,512,127.971
50n_20p_seed4,0.2,4,128323000,27,DRA_ADVERTISE,127856,265,128,512,127.856
50n_20p_seed4,0.2,4,128533000,8,DRA_ADVERTISE,127684,307,128,512,127.684
50n_20p_seed4,0.2,4,128631000,14,DRA_ADVERTISE,128352,267,128,512,128.352
50n_20p_seed4,0.2,4,129557000,11,DRA_ADVERTISE,129271,319,128,512,129.271
50n_20p_seed4,0.2,4,129746952,18,DRA_ADVERTISE,128896,313,128,512,128.896
50n_20p_seed4,0.2,4,129933000,12,DRA_ADVERTISE,128954,256,128,512,128.954
50n_20p_seed4,0.2,4,131563000,18,DRA_ADVERTISE,130713,320,128,512,130.713
50n_20p_seed4,0.2,4,133632000,43,DRA_ADVERTISE,133236,422,128,512,133.236
50n_20p_seed4,0.2,4,141334000,3,DRA_ADVERTISE,140411,283,128,512,140.411
50n_20p_seed4,0.2,4,141650000,8,DRA_ADVERTISE,140801,301,128,512,140.801
50n_20p_seed4,0.2,4,142808984,43,DRA_ADVERTISE,142412,417,128,512,142.412
50n_20p_seed4,0.2,4,143663000,7,DRA_ADVERTISE,143326,427,128,512,143.326
50n_20p_seed4,0.2,4,145355000,11,DRA_ADVERTISE,145069,312,128,512,145.069
50n_20p_seed4,0.2,4,145917000,37,DRA_ADVERTISE,145721,286,128,512,145.721
50n_20p_seed4,0.2,4,146077000,27,DRA_ADVERTISE,145610,264,128,512,145.61
50n_20p_seed4,0.2,4,147403000,43,DRA_ADVERTISE,147007,415,128,512,147.007
50n_20p_seed4,0.2,4,147774000,12,DRA_ADVERTISE,146795,256,128,512,146.795
50n_20p_seed4,0.2,4,148692000,12,DRA_ADVERTISE,147713,256,128,512,147.713
50n_20p_seed4,0.2,4,149380000,14,DRA_ADVERTISE,149101,263,128,512,149.101
50n_20p_seed4,0.2,4,150326000,18,DRA_ADVERTISE,149476,313,128,512,149.476
50n_20p_seed4,0.2,4,155162000,7,DRA_ADVERTISE,154825,423,128,512,154.825
50n_20p_seed4,0.2,4,155860000,3,DRA_ADVERTISE,154937,283,128,512,154.937
50n_20p_seed4,0.2,4,156651000,27,DRA_ADVERTISE,156184,262,128,512,156.184
50n_20p_seed4,0.2,4,156722952,7,DRA_ADVERTISE,156385,423,128,512,156.385
50n_20p_seed4,0.2,4,157239000,8,DRA_ADVERTISE,156390,301,128,512,156.39
50n_20p_seed4,0.2,4,157645952,18,DRA_ADVERTISE,156795,313,128,512,156.795
50n_20p_seed4,0.2,4,158618000,37,DRA_ADVERTISE,158422,277,128,512,158.422
50n_20p_seed4,0.2,4,160168000,18,DRA_ADVERTISE,159318,307,128,512,159.318
50n_20p_seed4,0.2,4,161793000,14,DRA_ADVERTISE,161514,262,128,512,161.514
50n_20p_seed4,0.2,4,162477000,12,DRA_ADVERTISE,161498,256,128,512,161.498
50n_20p_seed4,0.2,4,164059000,43,DRA_ADVERTISE,163663,409,128,512,163.663
50n_20p_seed4,0.2,4,165586984,7,DRA_ADVERTISE,165249,414,128,512,165.249
50n_20p_seed4,0.2,4,166287000,18,DRA_ADVERTISE,165437,307,128,512,165.437
50n_20p_seed4,0.2,4,168472000,11,DRA_ADVERTISE,168186,306,128,512,168.186
50n_20p_seed4,0.2,4,172719000,8,DRA_ADVERTISE,171870,296,128,512,171.87
50n_20p_seed4,0.2,4,173605000,7,DRA_ADVERTISE,173268,410,128,512,173.268
50n_20p_seed4,0.2,4,173919000,3,DRA_ADVERTISE,172996,280,128,512,172.996
50n_20p_seed4,0.2,4,176300000,37,DRA_ADVERTISE,176104,277,128,512,176.104
50n_20p_seed4,0.2,4,176497000,14,DRA_ADVERTISE,176218,260,128,512,176.218
50n_20p_seed4,0.2,4,176675000,27,DRA_ADVERTISE,176208,261,128,512,176.208
50n_20p_seed4,0.2,4,177414000,18,DRA_ADVERTISE,176564,307,128,512,176.564
50n_20p_seed4,0.2,4,180178000,12,DRA_ADVERTISE,179199,256,128,512,179.199
50n_20p_seed4,0.2,4,181935984,43,DRA_ADVERTISE,181539,407,128,512,181.539
50n_20p_seed4,0.2,4,182128000,8,DRA_ADVERTISE,181279,296,128,512,181.279
50n_20p_seed4,0.2,4,182469000,14,DRA_ADVERTISE,182190,259,128,512,182.19
50n_20p_seed4,0.2,4,183266952,18,DRA_ADVERTISE,182416,301,128,512,182.416
50n_20p_seed4,0.2,4,183926000,11,DRA_ADVERTISE,183640,301,128,512,183.64
50n_20p_seed4,0.2,4,186616000,43,DRA_ADVERTISE,186220,405,128,512,186.22
50n_20p_seed4,0.2,4,188549952,7,DRA_ADVERTISE,188212,407,128,512,188.212
50n_20p_seed4,0.2,4,189541000,8,DRA_ADVERTISE,188692,296,128,512,188.692
50n_20p_seed4,0.2,4,190188000,3,DRA_ADVERTISE,189265,277,128,512,189.265
50n_20p_seed4,0.2,4,191233984,7,DRA_ADVERTISE,190896,404,128,512,190.896
50n_20p_seed4,0.2,4,192266000,27,DRA_ADVERTISE,191799,259,128,512,191.799
50n_20p_seed4,0.2,4,192966000,7,DRA_ADVERTISE,192629,401,128,512,192.629
50n_20p_seed4,0.2,4,194506000,12,DRA_ADVERTISE,193527,256,128,512,193.527
50n_20p_seed4,0.2,4,195621000,37,DRA_ADVERTISE,195425,270,128,512,195.425
50n_20p_seed4,0.2,4,196150000,18,DRA_ADVERTISE,195300,296,128,512,195.3
50n_20p_seed4,0.2,4,196851000,3,DRA_ADVERTISE,195928,277,128,512,195.928
50n_20p_seed4,0.2,4,197051000,11,DRA_ADVERTISE,196765,301,128,512,196.765
50n_20p_seed4,0.2,4,197481000,12,DRA_ADVERTISE,196502,256,128,512,196.502
50n_20p_seed4,0.2,4,198162000,11,DRA_ADVERTISE,197876,301,128,512,197.876
50n_20p_seed4,0.2,4,200043000,14,DRA_ADVERTISE,199764,267,128,512,199.764
50n_20p_seed4,0.2,4,201885000,7,DRA_ADVERTISE,201548,401,128,512,201.548
50n_20p_seed4,0.2,4,204466000,43,DRA_ADVERTISE,204070,401,128,512,204.07
50n_20p_seed4,0.2,4,205467000,37,DRA_ADVERTISE,205271,270,128,512,205.271
50n_20p_seed4,0.2,4,205767000,37,DRA_ADVERTISE,205571,270,128,512,205.571
50n_20p_seed4,0.2,4,208706000,8,DRA_ADVERTISE,207857,292,128,512,207.857
50n_20p_seed4,0.2,4,210860000,7,DRA_ADVERTISE,210523,399,128,512,210.523
50n_20p_seed4,0.2,4,211035000,18,DRA_ADVERTISE,210185,292,128,512,210.185
50n_20p_seed4,0.2,4,211258952,18,DRA_ADVERTISE,210408,292,128,512,210.408
50n_20p_seed4,0.2,4,211562000,27,DRA_ADVERTISE,211095,258,128,512,211.095
50n_20p_seed4,0.2,4,211668000,3,DRA_ADVERTISE,210745,274,128,512,210.745
50n_20p_seed4,0.2,4,212231000,14,DRA_ADVERTISE,211952,278,128,512,211.952
50n_20p_seed4,0.2,4,212235000,12,DRA_ADVERTISE,211256,256,128,512,211.256
50n_20p_seed4,0.2,4,213819984,43,DRA_ADVERTISE,213423,398,128,512,213.423
50n_20p_seed4,0.2,4,217099952,7,DRA_ADVERTISE,216762,399,128,512,216.762
50n_20p_seed4,0.2,4,217519000,43,DRA_ADVERTISE,217123,397,128,512,217.123
50n_20p_seed4,0.2,4,217915000,11,DRA_ADVERTISE,217629,296,128,512,217.629
50n_20p_seed4,0.2,4,221284000,37,DRA_ADVERTISE,221088,266,128,512,221.088
50n_20p_seed4,0.2,4,221953000,3,DRA_ADVERTISE,221030,274,128,512,221.03
50n_20p_seed4,0.2,4,222614256,7,DRA_ADVERTISE,222277,395,128,512,222.277
50n_20p_seed4,0.2,4,224116000,7,DRA_ADVERTISE,223779,395,128,512,223.779
50n_20p_seed4,0.2,4,224937000,8,DRA_ADVERTISE,224088,292,128,512,224.088
50n_20p_seed4,0.2,4,225436000,43,DRA_ADVERTISE,225040,396,128,512,225.04
50n_20p_seed4,0.2,4,225838000,12,DRA_ADVERTISE,224859,256,128,512,224.859
50n_20p_seed4,0.2,4,227009000,27,DRA_ADVERTISE,226542,256,128,512,226.542
50n_20p_seed4,0.2,4,227668000,18,DRA_ADVERTISE,226818,288,128,512,226.818
50n_20p_seed4,0.2,4,228307000,14,DRA_ADVERTISE,228028,271,128,512,228.028
50n_20p_seed4,0.2,4,228741000,27,DRA_ADVERTISE,228274,256,128,512,228.274
50n_20p_seed4,0.2,4,233112000,43,DRA_ADVERTISE,232716,395,128,512,232.716
50n_20p_seed4,0.2,4,233650000,14,DRA_ADVERTISE,233371,269,128,512,233.371
50n_20p_seed4,0.2,4,234057000,11,DRA_ADVERTISE,233771,296,128,512,233.771
50n_20p_seed4,0.2,4,238170952,7,DRA_ADVERTISE,237833,393,128,512,237.833
50n_20p_seed4,0.2,4,238294000,27,DRA_ADVERTISE,237827,256,128,512,237.827
50n_20p_seed4,0.2,4,238362000,18,DRA_ADVERTISE,237512,284,128,512,237.512
50n_20p_seed4,0.2,4,240005000,3,DRA_ADVERTISE,239082,274,128,512,239.082
50n_20p_seed4,0.2,4,241100952,18,DRA_ADVERTISE,240250,284,128,512,240.25
50n_20p_seed4,0.2,4,241253000,37,DRA_ADVERTISE,241057,264,128,512,241.057
50n_20p_seed4,0.2,4,242238000,8,DRA_ADVERTISE,241389,288,128,512,241.389
50n_20p_seed4,0.2,4,243667000,7,DRA_ADVERTISE,243330,392,128,512,243.33
50n_20p_seed4,0.2,4,247781000,12,DRA_ADVERTISE,246802,256,128,512,246.802
50n_20p_seed4,0.2,4,248225000,11,DRA_ADVERTISE,247939,296,128,512,247.939
50n_20p_seed4,0.2,4,249025000,18,DRA_ADVERTISE,248175,281,128,512,248.175
50n_20p_seed4,0.2,4,249072000,12,DRA_ADVERTISE,248093,256,128,512,248.093
50n_20p_seed4,0.2,4,249240000,14,DRA_ADVERTISE,248961,265,128,512,248.961
50n_20p_seed4,0.2,4,252708000,43,DRA_ADVERTISE,252312,392,128,512,252.312
50n_20p_seed4,0.2,4,253223984,43,DRA_ADVERTISE,252827,392,128,512,252.827
50n_20p_seed4,0.2,4,254467000,27,DRA_ADVERTISE,254000,256,128,512,254.0
50n_20p_seed4,0.2,4,255474000,8,DRA_ADVERTISE,254625,288,128,512,254.625
50n_20p_seed4,0.2,4,256752984,7,DRA_ADVERTISE,256415,392,128,512,256.415
50n_20p_seed4,0.2,4,258374000,3,DRA_ADVERTISE,257451,272,128,512,257.451
50n_20p_seed4,0.2,4,258596000,12,DRA_ADVERTISE,257617,256,128,512,257.617
50n_20p_seed4,0.2,4,258711000,14,DRA_ADVERTISE,258432,264,128,512,258.432
50n_20p_seed4,0.2,4,258993952,7,DRA_ADVERTISE,258656,391,128,512,258.656
50n_20p_seed4,0.2,4,259516000,37,DRA_ADVERTISE,259320,262,128,512,259.32
50n_20p_seed4,0.2,4,260165000,37,DRA_ADVERTISE,259969,262,128,512,259.969
50n_20p_seed4,0.2,4,260430000,7,DRA_ADVERTISE,260093,390,128,512,260.093
50n_20p_seed4,0.2,4,261359000,18,DRA_ADVERTISE,260509,278,128,512,260.509
50n_20p_seed4,0.2,4,262815000,11,DRA_ADVERTISE,262529,292,128,512,262.529
50n_20p_seed4,0.2,4,262985952,18,DRA_ADVERTISE,262135,278,128,512,262.135
50n_20p_seed4,0.2,4,264204000,11,DRA_ADVERTISE,263918,292,128,512,263.918
50n_20p_seed4,0.2,4,265238000,3,DRA_ADVERTISE,264315,270,128,512,264.315
50n_20p_seed4,0.2,4,266355000,43,DRA_ADVERTISE,265959,388,128,512,265.959
50n_20p_seed4,0.2,4,270668000,37,DRA_ADVERTISE,270472,261,128,512,270.472
50n_20p_seed4,0.2,4,270756000,3,DRA_ADVERTISE,269833,270,128,512,269.833
50n_20p_seed4,0.2,4,271582000,8,DRA_ADVERTISE,270733,284,128,512,270.733
50n_20p_seed4,0.2,4,275258000,7,DRA_ADVERTISE,274921,389,128,512,274.921
50n_20p_seed4,0.2,4,277252000,14,DRA_ADVERTISE,276973,261,128,512,276.973
50n_20p_seed4,0.2,4,277350000,27,DRA_ADVERTISE,276883,256,128,512,276.883
50n_20p_seed4,0.2,4,278420000,12,DRA_ADVERTISE,277441,256,128,512,277.441
50n_20p_seed4,0.2,4,278457000,18,DRA_ADVERTISE,277607,275,128,512,277.607
50n_20p_seed4,0.2,4,280091952,7,DRA_ADVERTISE,279754,389,128,512,279.754
50n_20p_seed4,0.2,4,281472984,43,DRA_ADVERTISE,281076,388,128,512,281.076
50n_20p_seed4,0.2,4,282998000,11,DRA_ADVERTISE,282712,292,128,512,282.712
50n_20p_seed4,0.2,4,283835000,8,DRA_ADVERTISE,282986,281,128,512,282.986
50n_20p_seed4,0.2,4,284809000,43,DRA_ADVERTISE,284413,386,128,512,284.413
50n_20p_seed4,0.2,4,286029984,7,DRA_ADVERTISE,285692,388,128,512,285.692
50n_20p_seed4,0.2,4,286429952,18,DRA_ADVERTISE,285579,275,128,512,285.579
50n_20p_seed4,0.2,4,286860000,14,DRA_ADVERTISE,286581,260,128,512,286.581
50n_20p_seed4,0.2,4,287315000,37,DRA_ADVERTISE,287119,259,128,512,287.119
50n_20p_seed4,0.2,4,287403000,8,DRA_ADVERTISE,286554,281,128,512,286.554
50n_20p_seed4,0.2,4,289157000,27,DRA_ADVERTISE,288690,256,128,512,288.69
50n_20p_seed4,0.2,4,291116000,12,DRA_ADVERTISE,290137,256,128,512,290.137
50n_20p_seed4,0.2,4,292679000,7,DRA_ADVERTISE,292342,387,128,512,292.342
50n_20p_seed4,0.2,4,294573000,11,DRA_ADVERTISE,294287,288,128,512,294.287
50n_20p_seed4,0.2,4,294827000,3,DRA_ADVERTISE,293904,268,128,512,293.904
50n_20p_seed4,0.2,4,294988000,43,DRA_ADVERTISE,294592,386,128,512,294.592
50n_20p_seed4,0.2,4,296483000,7,DRA_ADVERTISE,296146,387,128,512,296.146
50n_20p_seed4,0.2,4,297277000,14,DRA_ADVERTISE,296998,260,128,512,296.998
50n_20p_seed4,0.2,4,298062000,18,DRA_ADVERTISE,297212,271,128,512,297.212
50n_20p_seed4,0.2,4,298809000,43,DRA_ADVERTISE,298413,386,128,512,298.413
50n_20p_seed4,0.2,4,303200984,43,DRA_ADVERTISE,302804,386,128,512,302.804
50n_20p_seed4,0.2,4,304829952,7,DRA_ADVERTISE,304492,387,128,512,304.492
50n_20p_seed4,0.2,4,305676000,37,DRA_ADVERTISE,305480,258,128,512,305.48
50n_20p_seed4,0.2,4,306669000,8,DRA_ADVERTISE,305820,281,128,512,305.82
50n_20p_seed4,0.2,4,306826000,18,DRA_ADVERTISE,305976,271,128,512,305.976
50n_20p_seed4,0.2,4,307588000,7,DRA_ADVERTISE,307251,386,128,512,307.251
50n_20p_seed4,0.2,4,307868984,18,DRA_ADVERTISE,307018,271,128,512,307.018
50n_20p_seed4,0.2,4,309713000,3,DRA_ADVERTISE,308790,266,128,512,308.79
50n_20p_seed4,0.2,4,310422000,27,DRA_ADVERTISE,309955,256,128,512,309.955
50n_20p_seed4,0.2,4,310984000,37,DRA_ADVERTISE,310788,256,128,512,310.788
50n_20p_seed4,0.2,4,311964000,11,DRA_ADVERTISE,311678,288,128,512,311.678
50n_20p_seed4,0.2,4,312757000,14,DRA_ADVERTISE,312478,257,128,512,312.478
50n_20p_seed4,0.2,4,313825256,7,DRA_ADVERTISE,313488,384,128,512,313.488
50n_20p_seed4,0.2,4,314485000,12,DRA_ADVERTISE,313506,256,128,512,313.506
50n_20p_seed4,0.2,4,314908000,43,DRA_ADVERTISE,314512,385,128,512,314.512
50n_20p_seed4,0.2,4,319988000,8,DRA_ADVERTISE,319139,278,128,512,319.139
50n_20p_seed4,0.2,4,320177000,37,DRA_ADVERTISE,319981,256,128,512,319.981
50n_20p_seed4,0.2,4,321342000,27,DRA_ADVERTISE,320875,256,128,512,320.875
50n_20p_seed4,0.2,4,322219000,27,DRA_ADVERTISE,321752,256,128,512,321.752
50n_20p_seed4,0.2,4,322255000,7,DRA_ADVERTISE,321918,384,128,512,321.918
50n_20p_seed4,0.2,4,322802000,12,DRA_ADVERTISE,321823,256,128,512,321.823
50n_20p_seed4,0.2,4,324274000,3,DRA_ADVERTISE,323351,266,128,512,323.351
50n_20p_seed4,0.2,4,324563000,14,DRA_ADVERTISE,324284,256,128,512,324.284
50n_20p_seed4,0.2,4,324831000,18,DRA_ADVERTISE,323981,267,128,512,323.981
50n_20p_seed4,0.2,4,325553000,12,DRA_ADVERTISE,324574,256,128,512,324.574
50n_20p_seed4,0.2,4,330429984,18,DRA_ADVERTISE,329579,267,128,512,329.579
50n_20p_seed4,0.2,4,332613000,11,DRA_ADVERTISE,332327,284,128,512,332.327
50n_20p_seed4,0.2,4,334047000,18,DRA_ADVERTISE,333197,265,128,512,333.197
50n_20p_seed4,0.2,4,334936000,3,DRA_ADVERTISE,334013,265,128,512,334.013
50n_20p_seed4,0.2,4,335481000,8,DRA_ADVERTISE,334632,278,128,512,334.632
50n_20p_seed4,0.2,4,335548000,43,DRA_ADVERTISE,335152,384,128,512,335.152
50n_20p_seed4,0.2,4,337108016,43,DRA_ADVERTISE,336712,384,128,512,336.712
50n_20p_seed4,0.2,4,337948000,37,DRA_ADVERTISE,337752,256,128,512,337.752
50n_20p_seed4,0.2,4,338082000,27,DRA_ADVERTISE,337615,256,128,512,337.615
50n_20p_seed4,0.2,4,338190000,7,DRA_ADVERTISE,337853,384,128,512,337.853
50n_20p_seed4,0.2,4,339863000,14,DRA_ADVERTISE,339584,256,128,512,339.584
50n_20p_seed4,0.2,4,341523984,7,DRA_ADVERTISE,341186,384,128,512,341.186
50n_20p_seed4,0.2,4,341833000,18,DRA_ADVERTISE,340983,265,128,512,340.983
50n_20p_seed4,0.2,4,344224000,3,DRA_ADVERTISE,343301,265,128,512,343.301
50n_20p_seed4,0.2,4,346030000,11,DRA_ADVERTISE,345744,281,128,512,345.744
50n_20p_seed4,0.2,4,346099000,7,DRA_ADVERTISE,345762,384,128,512,345.762
50n_20p_seed4,0.2,4,346657000,43,DRA_ADVERTISE,346261,384,128,512,346.261
50n_20p_seed4,0.2,4,346657984,7,DRA_ADVERTISE,346320,384,128,512,346.32
50n_20p_seed4,0.2,4,347627000,12,DRA_ADVERTISE,346648,256,128,512,346.648
50n_20p_seed4,0.2,4,351769000,8,DRA_ADVERTISE,350920,275,128,512,350.92
50n_20p_seed4,0.2,4,354167000,8,DRA_ADVERTISE,353318,275,128,512,353.318
50n_20p_seed4,0.2,4,354673000,3,DRA_ADVERTISE,353750,265,128,512,353.75
50n_20p_seed4,0.2,4,356174000,37,DRA_ADVERTISE,355978,256,128,512,355.978
50n_20p_seed4,0.2,4,356210000,7,DRA_ADVERTISE,355873,384,128,512,355.873
50n_20p_seed4,0.2,4,357086000,27,DRA_ADVERTISE,356619,256,128,512,356.619
50n_20p_seed4,0.2,4,359947000,14,DRA_ADVERTISE,359668,256,128,512,359.668
50n_20p_seed4,0.2,4,363081000,12,DRA_ADVERTISE,362102,256,128,512,362.102
50n_20p_seed4,0.2,4,363154000,11,DRA_ADVERTISE,362868,281,128,512,362.868
50n_20p_seed4,0.2,4,363848000,18,DRA_ADVERTISE,362998,263,128,512,362.998
50n_20p_seed4,0.2,4,364449000,11,DRA_ADVERTISE,364163,281,128,512,364.163
50n_20p_seed4,0.2,4,365912016,43,DRA_ADVERTISE,365516,384,128,512,365.516
50n_20p_seed4,0.2,4,366587000,27,DRA_ADVERTISE,366120,256,128,512,366.12
50n_20p_seed4,0.2,4,368085000,43,DRA_ADVERTISE,367689,384,128,512,367.689
50n_20p_seed4,0.2,4,368525000,27,DRA_ADVERTISE,368058,256,128,512,368.058
50n_20p_seed4,0.2,4,369075984,7,DRA_ADVERTISE,368738,384,128,512,368.738
50n_20p_seed4,0.2,4,373334000,37,DRA_ADVERTISE,373138,256,128,512,373.138
50n_20p_seed4,0.2,4,374940000,8,DRA_ADVERTISE,374091,275,128,512,374.091
50n_20p_seed4,0.2,4,375341000,14,DRA_ADVERTISE,375062,256,128,512,375.062
50n_20p_seed4,0.2,4,375769000,7,DRA_ADVERTISE,375432,384,128,512,375.432
50n_20p_seed4,0.2,4,376197000,3,DRA_ADVERTISE,375274,264,128,512,375.274
50n_20p_seed4,0.2,4,377540000,18,DRA_ADVERTISE,376690,262,128,512,376.69
50n_20p_seed4,0.2,4,377621000,11,DRA_ADVERTISE,377335,278,128,512,377.335
50n_20p_seed4,0.2,4,378538000,14,DRA_ADVERTISE,378259,256,128,512,378.259
50n_20p_seed4,0.2,4,379958000,12,DRA_ADVERTISE,378979,256,128,512,378.979
50n_20p_seed4,0.2,4,380323000,12,DRA_ADVERTISE,379344,256,128,512,379.344
50n_20p_seed4,0.2,4,381288000,43,DRA_ADVERTISE,380892,384,128,512,380.892
50n_20p_seed4,0.2,4,384497000,7,DRA_ADVERTISE,384160,384,128,512,384.16
50n_20p_seed4,0.2,4,384701016,7,DRA_ADVERTISE,384364,384,128,512,384.364
50n_20p_seed4,0.2,4,386371000,27,DRA_ADVERTISE,385904,256,128,512,385.904
50n_20p_seed4,0.2,4,387431000,8,DRA_ADVERTISE,386582,273,128,512,386.582
50n_20p_seed4,0.2,4,387569000,3,DRA_ADVERTISE,386646,264,128,512,386.646
50n_20p_seed4,0.2,4,389049000,14,DRA_ADVERTISE,388770,256,128,512,388.77
50n_20p_seed4,0.2,4,389274000,37,DRA_ADVERTISE,389078,256,128,512,389.078
50n_20p_seed4,0.2,4,389299000,12,DRA_ADVERTISE,388320,256,128,512,388.32
50n_20p_seed4,0.2,4,390034000,18,DRA_ADVERTISE,389184,262,128,512,389.184
50n_20p_seed4,0.2,4,391400000,11,DRA_ADVERTISE,391114,275,128,512,391.114
50n_20p_seed4,0.2,4,391665000,7,DRA_ADVERTISE,391328,384,128,512,391.328
50n_20p_seed4,0.2,4,394052000,43,DRA_ADVERTISE,393656,384,128,512,393.656
50n_20p_seed4,0.2,4,394174984,7,DRA_ADVERTISE,393837,384,128,512,393.837
50n_20p_seed4,0.2,4,394435016,43,DRA_ADVERTISE,394039,384,128,512,394.039
50n_20p_seed4,0.2,4,396095000,18,DRA_ADVERTISE,395245,261,128,512,395.245
50n_20p_seed4,0.2,4,396128000,43,DRA_ADVERTISE,395732,384,128,512,395.732
50n_20p_seed4,0.2,4,398341000,37,DRA_ADVERTISE,398145,256,128,512,398.145
50n_20p_seed4,0.2,4,401084000,8,DRA_ADVERTISE,400235,273,128,512,400.235
50n_20p_seed4,0.2,4,403640000,7,DRA_ADVERTISE,403303,384,128,512,403.303
50n_20p_seed4,0.2,4,404696000,37,DRA_ADVERTISE,404500,256,128,512,404.5
50n_20p_seed4,0.2,4,405269000,3,DRA_ADVERTISE,404346,263,128,512,404.346
50n_20p_seed4,0.2,4,406272000,14,DRA_ADVERTISE,405993,256,128,512,405.993
50n_20p_seed4,0.2,4,407214000,27,DRA_ADVERTISE,406747,256,128,512,406.747
50n_20p_seed4,0.2,4,407352000,12,DRA_ADVERTISE,406373,256,128,512,406.373
50n_20p_seed4,0.2,4,408815000,18,DRA_ADVERTISE,407965,260,128,512,407.965
50n_20p_seed4,0.2,4,412114000,11,DRA_ADVERTISE,411828,275,128,512,411.828
50n_20p_seed4,0.2,4,412324000,3,DRA_ADVERTISE,411401,263,128,512,411.401
50n_20p_seed4,0.2,4,412714000,11,DRA_ADVERTISE,412428,275,128,512,412.428
50n_20p_seed4,0.2,4,416901000,43,DRA_ADVERTISE,416505,384,128,512,416.505
50n_20p_seed4,0.2,4,417215000,8,DRA_ADVERTISE,416366,271,128,512,416.366
50n_20p_seed4,0.2,4,417249016,7,DRA_ADVERTISE,416912,384,128,512,416.912
50n_20p_seed4,0.2,4,418900000,3,DRA_ADVERTISE,417977,263,128,512,417.977
50n_20p_seed4,0.2,4,420141000,7,DRA_ADVERTISE,419804,384,128,512,419.804
50n_20p_seed4,0.2,4,421308000,37,DRA_ADVERTISE,421112,256,128,512,421.112
50n_20p_seed4,0.2,4,423034000,14,DRA_ADVERTISE,422755,256,128,512,422.755
50n_20p_seed4,0.2,4,423693016,43,DRA_ADVERTISE,423297,384,128,512,423.297
50n_20p_seed4,0.2,4,423774000,27,DRA_ADVERTISE,423307,256,128,512,423.307
50n_20p_seed4,0.2,4,424595000,18,DRA_ADVERTISE,423745,260,128,512,423.745
50n_20p_seed4,0.2,4,424755984,7,DRA_ADVERTISE,424418,384,128,512,424.418
50n_20p_seed4,0.2,4,426020000,43,DRA_ADVERTISE,425624,384,128,512,425.624
50n_20p_seed4,0.2,4,428143000,12,DRA_ADVERTISE,427164,256,128,512,427.164
50n_20p_seed4,0.2,4,428756000,11,DRA_ADVERTISE,428470,273,128,512,428.47
50n_20p_seed4,0.2,4,430588000,12,DRA_ADVERTISE,429609,256,128,512,429.609
50n_20p_seed4,0.2,4,435363000,27,DRA_ADVERTISE,434896,256,128,512,434.896
50n_20p_seed4,0.2,4,438478000,12,DRA_ADVERTISE,437499,256,128,512,437.499
50n_20p_seed4,0.2,4,439090000,18,DRA_ADVERTISE,438240,258,128,512,438.24
50n_20p_seed4,0.2,4,439469000,37,DRA_ADVERTISE,439273,256,128,512,439.273
50n_20p_seed4,0.2,4,440060000,8,DRA_ADVERTISE,439211,269,128,512,439.211
50n_20p_seed4,0.2,4,440302000,7,DRA_ADVERTISE,439965,384,128,512,439.965
50n_20p_seed4,0.2,4,442323000,3,DRA_ADVERTISE,441400,262,128,512,441.4
50n_20p_seed4,0.2,4,442971000,18,DRA_ADVERTISE,442121,258,128,512,442.121
50n_20p_seed4,0.2,4,445487000,14,DRA_ADVERTISE,445208,256,128,512,445.208
50n_20p_seed4,0.2,4,446019000,11,DRA_ADVERTISE,445733,273,128,512,445.733
50n_20p_seed4,0.2,4,449091000,43,DRA_ADVERTISE,448695,384,128,512,448.695
50n_20p_seed4,0.2,4,450625016,7,DRA_ADVERTISE,450288,384,128,512,450.288
50n_20p_seed4,0.2,4,450803000,37,DRA_ADVERTISE,450607,256,128,512,450.607
50n_20p_seed4,0.2,4,451458000,8,DRA_ADVERTISE,450609,269,128,512,450.609
50n_20p_seed4,0.2,4,452472000,3,DRA_ADVERTISE,451549,262,128,512,451.549
50n_20p_seed4,0.2,4,453211000,27,DRA_ADVERTISE,452744,256,128,512,452.744
50n_20p_seed4,0.2,4,454223000,18,DRA_ADVERTISE,453373,257,128,512,453.373
50n_20p_seed4,0.2,4,454408016,43,DRA_ADVERTISE,454012,384,128,512,454.012
50n_20p_seed4,0.2,4,457310000,7,DRA_ADVERTISE,456973,384,128,512,456.973
50n_20p_seed4,0.2,4,458062000,12,DRA_ADVERTISE,457083,256,128,512,457.083
50n_20p_seed4,0.2,4,459114984,7,DRA_ADVERTISE,458777,384,128,512,458.777
50n_20p_seed4,0.2,4,460254000,14,DRA_ADVERTISE,459975,256,128,512,459.975
50n_20p_seed4,0.2,4,460635000,11,DRA_ADVERTISE,460349,271,128,512,460.349
50n_20p_seed4,0.2,4,460980000,8,DRA_ADVERTISE,460131,269,128,512,460.131
50n_20p_seed4,0.2,4,462766000,27,DRA_ADVERTISE,462299,256,128,512,462.299
50n_20p_seed4,0.2,4,465494000,37,DRA_ADVERTISE,465298,256,128,512,465.298
50n_20p_seed4,0.2,4,465662000,3,DRA_ADVERTISE,464739,261,128,512,464.739
50n_20p_seed4,0.2,4,465811000,43,DRA_ADVERTISE,465415,384,128,512,465.415
50n_20p_seed4,0.2,4,466590000,37,DRA_ADVERTISE,466394,256,128,512,466.394
50n_20p_seed4,0.2,4,467880000,3,DRA_ADVERTISE,466957,261,128,512,466.957
50n_20p_seed4,0.2,4,467990000,7,DRA_ADVERTISE,467653,384,128,512,467.653
50n_20p_seed4,0.2,4,469328000,8,DRA_ADVERTISE,468479,267,128,512,468.479
50n_20p_seed4,0.2,4,473832000,14,DRA_ADVERTISE,473553,256,128,512,473.553
50n_20p_seed4,0.2,4,474405000,27,DRA_ADVERTISE,473938,256,128,512,473.938
50n_20p_seed4,0.2,4,474577000,11,DRA_ADVERTISE,474291,271,128,512,474.291
50n_20p_seed4,0.2,4,477905000,18,DRA_ADVERTISE,477055,256,128,512,477.055
50n_20p_seed4,0.2,4,478101000,12,DRA_ADVERTISE,477122,256,128,512,477.122
50n_20p_seed4,0.2,4,478321016,7,DRA_ADVERTISE,477984,384,128,512,477.984
50n_20p_seed4,0.2,4,478609016,43,DRA_ADVERTISE,478213,384,128,512,478.213
50n_20p_seed4,0.2,4,482050000,43,DRA_ADVERTISE,481654,384,128,512,481.654
50n_20p_seed4,0.2,4,484904000,14,DRA_ADVERTISE,484625,256,128,512,484.625
50n_20p_seed4,0.2,4,485786000,37,DRA_ADVERTISE,485590,256,128,512,485.59
50n_20p_seed4,0.2,4,487287000,7,DRA_ADVERTISE,486950,384,128,512,486.95
50n_20p_seed4,0.2,4,488606000,8,DRA_ADVERTISE,487757,265,128,512,487.757
50n_20p_seed4,0.2,4,489039000,18,DRA_ADVERTISE,488189,256,128,512,488.189
50n_20p_seed4,0.2,4,490851000,3,DRA_ADVERTISE,489928,261,128,512,489.928
50n_20p_seed4,0.2,4,491172000,27,DRA_ADVERTISE,490705,256,128,512,490.705
50n_20p_seed4,0.2,4,491272000,43,DRA_ADVERTISE,490876,384,128,512,490.876
50n_20p_seed4,0.2,4,491309000,12,DRA_ADVERTISE,490330,256,128,512,490.33
50n_20p_seed4,0.2,4,492277000,7,DRA_ADVERTISE,491940,384,128,512,491.94
50n_20p_seed4,0.2,4,492880000,14,DRA_ADVERTISE,492601,256,128,512,492.601
50n_20p_seed4,0.2,4,495481984,7,DRA_ADVERTISE,495144,384,128,512,495.144
50n_20p_seed4,0.2,4,495490000,11,DRA_ADVERTISE,495204,271,128,512,495.204
50n_20p_seed4,0.2,4,496638000,12,DRA_ADVERTISE,495659,256,128,512,495.659
50n_20p_seed4,0.2,4,499728000,7,DRA_ADVERTISE,499391,384,128,512,499.391
50n_20p_seed4,0.2,4,501976000,8,DRA_ADVERTISE,501127,265,128,512,501.127
50n_20p_seed4,0.2,4,502237000,37,DRA_ADVERTISE,502041,256,128,512,502.041
50n_20p_seed4,0.2,4,502823000,43,DRA_ADVERTISE,502427,384,128,512,502.427
50n_20p_seed4,0.2,4,503322000,3,DRA_ADVERTISE,502399,260,128,512,502.399
50n_20p_seed4,0.2,4,503327016,7,DRA_ADVERTISE,502990,384,128,512,502.99
50n_20p_seed4,0.2,4,503886000,27,DRA_ADVERTISE,503419,256,128,512,503.419
50n_20p_seed4,0.2,4,507127000,12,DRA_ADVERTISE,506148,256,128,512,506.148
50n_20p_seed4,0.2,4,508891000,43,DRA_ADVERTISE,508495,384,128,512,508.495
50n_20p_seed4,0.2,4,509496000,11,DRA_ADVERTISE,509210,269,128,512,509.21
50n_20p_seed4,0.2,4,509997000,18,DRA_ADVERTISE,509147,256,128,512,509.147
50n_20p_seed4,0.2,4,510998000,14,DRA_ADVERTISE,510719,256,128,512,510.719
50n_20p_seed4,0.2,4,516129016,43,DRA_ADVERTISE,515733,384,128,512,515.733
50n_20p_seed4,0.2,4,517249000,37,DRA_ADVERTISE,517053,256,128,512,517.053
50n_20p_seed4,0.2,4,517430000,37,DRA_ADVERTISE,517234,256,128,512,517.234
50n_20p_seed4,0.2,4,517694000,11,DRA_ADVERTISE,517408,269,128,512,517.408
50n_20p_seed4,0.2,4,518723000,7,DRA_ADVERTISE,518386,396,128,512,518.386
50n_20p_seed4,0.2,4,519313000,8,DRA_ADVERTISE,518464,264,128,512,518.464
50n_20p_seed4,0.2,4,520139000,27,DRA_ADVERTISE,519672,256,128,512,519.672
50n_20p_seed4,0.2,4,521705000,12,DRA_ADVERTISE,520726,256,128,512,520.726
50n_20p_seed4,0.2,4,522306000,8,DRA_ADVERTISE,521457,264,128,512,521.457
50n_20p_seed4,0.2,4,522490000,11,DRA_ADVERTISE,522204,269,128,512,522.204
50n_20p_seed4,0.2,4,523703000,14,DRA_ADVERTISE,523424,256,128,512,523.424
50n_20p_seed4,0.2,4,524030000,18,DRA_ADVERTISE,523180,256,128,512,523.18
50n_20p_seed4,0.2,4,524231000,3,DRA_ADVERTISE,523308,260,128,512,523.308
50n_20p_seed4,0.2,4,528988000,43,DRA_ADVERTISE,528592,384,128,512,528.592
50n_20p_seed4,0.2,4,532284000,27,DRA_ADVERTISE,531817,256,128,512,531.817
50n_20p_seed4,0.2,4,532448984,7,DRA_ADVERTISE,532111,396,128,512,532.111
50n_20p_seed4,0.2,4,533262000,37,DRA_ADVERTISE,533066,256,128,512,533.066
50n_20p_seed4,0.2,4,534800000,27,DRA_ADVERTISE,534333,256,128,512,534.333
50n_20p_seed4,0.2,4,536723000,8,DRA_ADVERTISE,535874,264,128,512,535.874
50n_20p_seed4,0.2,4,537084000,12,DRA_ADVERTISE,536105,256,128,512,536.105
50n_20p_seed4,0.2,4,537088000,3,DRA_ADVERTISE,536165,259,128,512,536.165
50n_20p_seed4,0.2,4,539034000,7,DRA_ADVERTISE,538697,394,128,512,538.697
50n_20p_seed4,0.2,4,541510000,43,DRA_ADVERTISE,541114,384,128,512,541.114
50n_20p_seed4,0.2,4,541629016,7,DRA_ADVERTISE,541292,393,128,512,541.292
50n_20p_seed4,0.2,4,543254000,18,DRA_ADVERTISE,542404,256,128,512,542.404
50n_20p_seed4,0.2,4,543490000,14,DRA_ADVERTISE,543211,256,128,512,543.211
50n_20p_seed4,0.2,4,544383000,18,DRA_ADVERTISE,543533,256,128,512,543.533
50n_20p_seed4,0.2,4,545280000,11,DRA_ADVERTISE,544994,267,128,512,544.994
50n_20p_seed4,0.2,4,548816000,8,DRA_ADVERTISE,547967,263,128,512,547.967
50n_20p_seed4,0.2,4,549263000,27,DRA_ADVERTISE,548796,256,128,512,548.796
50n_20p_seed4,0.2,4,549325016,43,DRA_ADVERTISE,548929,384,128,512,548.929
50n_20p_seed4,0.2,4,550293000,37,DRA_ADVERTISE,550097,256,128,512,550.097
50n_20p_seed4,0.2,4,553798000,12,DRA_ADVERTISE,552819,256,128,512,552.819
50n_20p_seed4,0.2,4,553885000,14,DRA_ADVERTISE,553606,256,128,512,553.606
50n_20p_seed4,0.2,4,555199000,3,DRA_ADVERTISE,554276,259,128,512,554.276
50n_20p_seed4,0.2,4,555203000,18,DRA_ADVERTISE,554353,256,128,512,554.353
50n_20p_seed4,0.2,4,555411000,7,DRA_ADVERTISE,555074,392,128,512,555.074
50n_20p_seed4,0.2,4,555702000,7,DRA_ADVERTISE,555365,392,128,512,555.365
50n_20p_seed4,0.2,4,558403000,43,DRA_ADVERTISE,558007,384,128,512,558.007
50n_20p_seed4,0.2,4,559195000,11,DRA_ADVERTISE,558909,265,128,512,558.909
50n_20p_seed4,0.2,4,562911000,43,DRA_ADVERTISE,562515,384,128,512,562.515
50n_20p_seed4,0.2,4,564508984,7,DRA_ADVERTISE,564171,392,128,512,564.171
50n_20p_seed4,0.2,4,568548000,3,DRA_ADVERTISE,567625,258,128,512,567.625
50n_20p_seed4,0.2,4,568730000,8,DRA_ADVERTISE,567881,263,128,512,567.881
50n_20p_seed4,0.2,4,568778000,37,DRA_ADVERTISE,568582,256,128,512,568.582
50n_20p_seed4,0.2,4,568992000,3,DRA_ADVERTISE,568069,258,128,512,568.069
50n_20p_seed4,0.2,4,570004000,7,DRA_ADVERTISE,569667,391,128,512,569.667
50n_20p_seed4,0.2,4,570651000,12,DRA_ADVERTISE,569672,256,128,512,569.672
50n_20p_seed4,0.2,4,570926000,18,DRA_ADVERTISE,570076,256,128,512,570.076
50n_20p_seed4,0.2,4,572421000,27,DRA_ADVERTISE,571954,256,128,512,571.954
50n_20p_seed4,0.2,4,576270000,11,DRA_ADVERTISE,575984,265,128,512,575.984
50n_20p_seed4,0.2,4,576518000,14,DRA_ADVERTISE,576239,256,128,512,576.239
50n_20p_seed4,0.2,4,579255016,7,DRA_ADVERTISE,578918,390,128,512,578.918
50n_20p_seed4,0.2,4,580757000,11,DRA_ADVERTISE,580471,265,128,512,580.471
50n_20p_seed4,0.2,4,581175000,43,DRA_ADVERTISE,580779,384,128,512,580.779
50n_20p_seed4,0.2,4,582862000,37,DRA_ADVERTISE,582666,256,128,512,582.666
50n_20p_seed4,0.2,4,583663000,14,DRA_ADVERTISE,583384,281,128,512,583.384
50n_20p_seed4,0.2,4,583931000,8,DRA_ADVERTISE,583082,262,128,512,583.082
50n_20p_seed4,0.2,4,584679016,14,DRA_ADVERTISE,584400,281,128,512,584.4
50n_20p_seed4,0.2,4,585578016,43,DRA_ADVERTISE,585182,384,128,512,585.182
50n_20p_seed4,0.2,4,586081000,27,DRA_ADVERTISE,585614,256,128,512,585.614
50n_20p_seed4,0.2,4,586573000,18,DRA_ADVERTISE,585723,256,128,512,585.723
50n_20p_seed4,0.2,4,587375000,3,DRA_ADVERTISE,586452,258,128,512,586.452
50n_20p_seed4,0.2,4,587485000,7,DRA_ADVERTISE,587148,389,128,512,587.148
50n_20p_seed4,0.2,4,590244000,12,DRA_ADVERTISE,589265,256,128,512,589.265
50n_20p_seed4,0.2,4,590256000,43,DRA_ADVERTISE,589860,384,128,512,589.86
50n_20p_seed4,0.2,4,590464000,14,DRA_ADVERTISE,590185,278,128,512,590.185
50n_20p_seed4,0.2,4,593083000,11,DRA_ADVERTISE,592797,265,128,512,592.797
50n_20p_seed4,0.2,4,593308984,7,DRA_ADVERTISE,592971,401,128,512,592.971
50n_20p_seed4,0.2,4,595014000,8,DRA_ADVERTISE,594165,262,128,512,594.165
50n_20p_seed4,0.2,4,595681984,14,DRA_ADVERTISE,595402,278,128,512,595.402
50n_20p_seed5,0.2,5,11312000,38,DRA_ADVERTISE,11132,343,128,512,11.132
50n_20p_seed5,0.2,5,11664000,19,DRA_ADVERTISE,11090,299,128,512,11.09
50n_20p_seed5,0.2,5,11718000,38,DRA_ADVERTISE,11538,343,128,512,11.538
50n_20p_seed5,0.2,5,12038000,19,DRA_ADVERTISE,11464,299,128,512,11.464
50n_20p_seed5,0.2,5,12709000,30,DRA_ADVERTISE,12661,356,128,512,12.661
50n_20p_seed5,0.2,5,12825000,38,DRA_ADVERTISE,12645,343,128,512,12.645
50n_20p_seed5,0.2,5,13140000,30,DRA_ADVERTISE,13092,356,128,512,13.092
50n_20p_seed5,0.2,5,13216000,19,DRA_ADVERTISE,12642,299,128,512,12.642
50n_20p_seed5,0.2,5,14137000,30,DRA_ADVERTISE,14089,356,128,512,14.089
50n_20p_seed5,0.2,5,14157000,38,DRA_ADVERTISE,13977,343,128,512,13.977
50n_20p_seed5,0.2,5,14364000,19,DRA_ADVERTISE,13790,299,128,512,13.79
50n_20p_seed5,0.2,5,14664000,15,DRA_ADVERTISE,14661,304,128,512,14.661
50n_20p_seed5,0.2,5,15218000,15,DRA_ADVERTISE,15215,304,128,512,15.215
50n_20p_seed5,0.2,5,15660000,19,DRA_ADVERTISE,15086,299,128,512,15.086
50n_20p_seed5,0.2,5,15786000,15,DRA_ADVERTISE,15783,304,128,512,15.783
50n_20p_seed5,0.2,5,15807000,48,DRA_ADVERTISE,15464,579,128,512,15.464
50n_20p_seed5,0.2,5,15849000,44,DRA_ADVERTISE,15114,600,128,512,15.114
50n_20p_seed5,0.2,5,16035000,44,DRA_ADVERTISE,15300,600,128,512,15.3
50n_20p_seed5,0.2,5,16111000,19,DRA_ADVERTISE,15537,299,128,512,15.537
50n_20p_seed5,0.2,5,16117000,48,DRA_ADVERTISE,15774,579,128,512,15.774
50n_20p_seed5,0.2,5,16306000,15,DRA_ADVERTISE,16303,304,128,512,16.303
50n_20p_seed5,0.2,5,16326000,30,DRA_ADVERTISE,16278,356,128,512,16.278
50n_20p_seed5,0.2,5,16491000,44,DRA_ADVERTISE,15756,600,128,512,15.756
50n_20p_seed5,0.2,5,16870000,44,DRA_ADVERTISE,16135,600,128,512,16.135
50n_20p_seed5,0.2,5,17211000,19,DRA_ADVERTISE,16637,299,128,512,16.637
50n_20p_seed5,0.2,5,17325000,15,DRA_ADVERTISE,17322,304,128,512,17.322
50n_20p_seed5,0.2,5,17336000,38,DRA_ADVERTISE,17156,343,128,512,17.156
50n_20p_seed5,0.2,5,17380000,48,DRA_ADVERTISE,17037,579,128,512,17.037
50n_20p_seed5,0.2,5,18001000,44,DRA_ADVERTISE,17266,600,128,512,17.266
50n_20p_seed5,0.2,5,18525000,48,DRA_ADVERTISE,18182,579,128,512,18.182
50n_20p_seed5,0.2,5,18526000,24,DRA_ADVERTISE,18035,299,128,512,18.035
50n_20p_seed5,0.2,5,18775000,19,DRA_ADVERTISE,18201,299,128,512,18.201
50n_20p_seed5,0.2,5,18809000,15,DRA_ADVERTISE,18806,304,128,512,18.806
50n_20p_seed5,0.2,5,18975000,24,DRA_ADVERTISE,18484,299,128,512,18.484
50n_20p_seed5,0.2,5,19342000,30,DRA_ADVERTISE,19294,356,128,512,19.294
50n_20p_seed5,0.2,5,19521000,44,DRA_ADVERTISE,18786,600,128,512,18.786
50n_20p_seed5,0.2,5,19642000,44,DRA_ADVERTISE,18907,600,128,512,18.907
50n_20p_seed5,0.2,5,19793000,24,DRA_ADVERTISE,19302,299,128,512,19.302
50n_20p_seed5,0.2,5,20365000,15,DRA_ADVERTISE,20362,304,128,512,20.362
50n_20p_seed5,0.2,5,20683008,38,DRA_ADVERTISE,20503,343,128,512,20.503
50n_20p_seed5,0.2,5,20851000,15,DRA_ADVERTISE,20848,304,128,512,20.848
50n_20p_seed5,0.2,5,21652000,15,DRA_ADVERTISE,21649,304,128,512,21.649
50n_20p_seed5,0.2,5,21683000,35,DRA_ADVERTISE,21626,324,128,512,21.626
50n_20p_seed5,0.2,5,21768000,24,DRA_ADVERTISE,21277,294,128,512,21.277
50n_20p_seed5,0.2,5,21973000,19,DRA_ADVERTISE,21399,290,128,512,21.399
50n_20p_seed5,0.2,5,22012000,35,DRA_ADVERTISE,21955,324,128,512,21.955
50n_20p_seed5,0.2,5,22325000,44,DRA_ADVERTISE,21590,590,128,512,21.59
50n_20p_seed5,0.2,5,22357000,44,DRA_ADVERTISE,21622,590,128,512,21.622
50n_20p_seed5,0.2,5,22984008,38,DRA_ADVERTISE,22804,334,128,512,22.804
50n_20p_seed5,0.2,5,23007000,35,DRA_ADVERTISE,22950,324,128,512,22.95
50n_20p_seed5,0.2,5,23219000,49,DRA_ADVERTISE,22275,310,128,512,22.275
50n_20p_seed5,0.2,5,23244000,15,DRA_ADVERTISE,23241,304,128,512,23.241
50n_20p_seed5,0.2,5,23473000,48,DRA_ADVERTISE,23130,579,128,512,23.13
50n_20p_seed5,0.2,5,23795000,49,DRA_ADVERTISE,22851,310,128,512,22.851
50n_20p_seed5,0.2,5,24563000,49,DRA_ADVERTISE,23619,310,128,512,23.619
50n_20p_seed5,0.2,5,24793000,24,DRA_ADVERTISE,24302,294,128,512,24.302
50n_20p_seed5,0.2,5,24860000,35,DRA_ADVERTISE,24803,324,128,512,24.803
50n_20p_seed5,0.2,5,25708008,44,DRA_ADVERTISE,24973,590,128,512,24.973
50n_20p_seed5,0.2,5,26239000,44,DRA_ADVERTISE,25504,573,128,512,25.504
50n_20p_seed5,0.2,5,26816000,15,DRA_ADVERTISE,26813,299,128,512,26.813
50n_20p_seed5,0.2,5,26829000,49,DRA_ADVERTISE,25885,310,128,512,25.885
50n_20p_seed5,0.2,5,27117000,38,DRA_ADVERTISE,26937,326,128,512,26.937
50n_20p_seed5,0.2,5,28296000,35,DRA_ADVERTISE,28239,324,128,512,28.239
50n_20p_seed5,0.2,5,28365000,30,DRA_ADVERTISE,28317,328,128,512,28.317
50n_20p_seed5,0.2,5,28494000,19,DRA_ADVERTISE,27920,283,128,512,27.92
50n_20p_seed5,0.2,5,28770008,38,DRA_ADVERTISE,28590,326,128,512,28.59
50n_20p_seed5,0.2,5,28855000,48,DRA_ADVERTISE,28512,579,128,512,28.512
50n_20p_seed5,0.2,5,29391000,9,DRA_ADVERTISE,29034,343,128,512,29.034
50n_20p_seed5,0.2,5,29468000,49,DRA_ADVERTISE,28524,310,128,512,28.524
50n_20p_seed5,0.2,5,29880000,9,DRA_ADVERTISE,29523,343,128,512,29.523
50n_20p_seed5,0.2,5,30033008,30,DRA_ADVERTISE,29985,328,128,512,29.985
50n_20p_seed5,0.2,5,30667000,44,DRA_ADVERTISE,29932,302,128,512,29.932
50n_20p_seed5,0.2,5,30738000,24,DRA_ADVERTISE,30247,294,128,512,30.247
50n_20p_seed5,0.2,5,30794952,38,DRA_ADVERTISE,30614,319,128,512,30.614
50n_20p_seed5,0.2,5,30890000,9,DRA_ADVERTISE,30533,343,128,512,30.533
50n_20p_seed5,0.2,5,32377000,9,DRA_ADVERTISE,32020,343,128,512,32.02
50n_20p_seed5,0.2,5,33191952,38,DRA_ADVERTISE,33011,312,128,512,33.011
50n_20p_seed5,0.2,5,33266240,38,DRA_ADVERTISE,33086,306,128,512,33.086
50n_20p_seed5,0.2,5,33768000,15,DRA_ADVERTISE,33765,283,128,512,33.765
50n_20p_seed5,0.2,5,35917000,9,DRA_ADVERTISE,35560,343,128,512,35.56
50n_20p_seed5,0.2,5,36779000,35,DRA_ADVERTISE,36722,324,128,512,36.722
50n_20p_seed5,0.2,5,37500000,30,DRA_ADVERTISE,37452,320,128,512,37.452
50n_20p_seed5,0.2,5,37629000,49,DRA_ADVERTISE,36685,304,128,512,36.685
50n_20p_seed5,0.2,5,38204000,38,DRA_ADVERTISE,38024,296,128,512,38.024
50n_20p_seed5,0.2,5,41144000,48,DRA_ADVERTISE,40801,564,128,512,40.801
50n_20p_seed5,0.2,5,41523000,44,DRA_ADVERTISE,40788,292,128,512,40.788
50n_20p_seed5,0.2,5,41839000,19,DRA_ADVERTISE,41265,263,128,512,41.265
50n_20p_seed5,0.2,5,42509000,9,DRA_ADVERTISE,42152,334,128,512,42.152
50n_20p_seed5,0.2,5,45098000,24,DRA_ADVERTISE,44607,294,128,512,44.607
50n_20p_seed5,0.2,5,50896000,35,DRA_ADVERTISE,50839,317,128,512,50.839
50n_20p_seed5,0.2,5,50932000,15,DRA_ADVERTISE,50929,274,128,512,50.929
50n_20p_seed5,0.2,5,51466000,49,DRA_ADVERTISE,50522,304,128,512,50.522
50n_20p_seed5,0.2,5,53276000,30,DRA_ADVERTISE,53228,313,128,512,53.228
50n_20p_seed5,0.2,5,53653000,9,DRA_ADVERTISE,53296,334,128,512,53.296
50n_20p_seed5,0.2,5,54413000,38,DRA_ADVERTISE,54233,292,128,512,54.233
50n_20p_seed5,0.2,5,60619000,48,DRA_ADVERTISE,60276,543,128,512,60.276
50n_20p_seed5,0.2,5,60908000,19,DRA_ADVERTISE,60334,256,128,512,60.334
50n_20p_seed5,0.2,5,61922000,15,DRA_ADVERTISE,61919,268,128,512,61.919
50n_20p_seed5,0.2,5,62417000,35,DRA_ADVERTISE,62360,317,128,512,62.36
50n_20p_seed5,0.2,5,63422000,24,DRA_ADVERTISE,62931,290,128,512,62.931
50n_20p_seed5,0.2,5,63951000,44,DRA_ADVERTISE,63216,288,128,512,63.216
50n_20p_seed5,0.2,5,66907000,49,DRA_ADVERTISE,65963,299,128,512,65.963
50n_20p_seed5,0.2,5,67257000,24,DRA_ADVERTISE,66766,290,128,512,66.766
50n_20p_seed5,0.2,5,68809000,15,DRA_ADVERTISE,68806,265,128,512,68.806
50n_20p_seed5,0.2,5,69536952,30,DRA_ADVERTISE,69488,307,128,512,69.488
50n_20p_seed5,0.2,5,71227000,38,DRA_ADVERTISE,71047,275,128,512,71.047
50n_20p_seed5,0.2,5,72630000,19,DRA_ADVERTISE,72056,256,128,512,72.056
50n_20p_seed5,0.2,5,73284000,19,DRA_ADVERTISE,72710,256,128,512,72.71
50n_20p_seed5,0.2,5,74278000,30,DRA_ADVERTISE,74230,301,128,512,74.23
50n_20p_seed5,0.2,5,75668000,24,DRA_ADVERTISE,75177,290,128,512,75.177
50n_20p_seed5,0.2,5,76364000,9,DRA_ADVERTISE,76007,326,128,512,76.007
50n_20p_seed5,0.2,5,76768000,48,DRA_ADVERTISE,76425,523,128,512,76.425
50n_20p_seed5,0.2,5,77709000,44,DRA_ADVERTISE,76974,284,128,512,76.974
50n_20p_seed5,0.2,5,78630000,35,DRA_ADVERTISE,78573,310,128,512,78.573
50n_20p_seed5,0.2,5,82453000,15,DRA_ADVERTISE,82450,265,128,512,82.45
50n_20p_seed5,0.2,5,82776000,49,DRA_ADVERTISE,81832,299,128,512,81.832
50n_20p_seed5,0.2,5,87720000,38,DRA_ADVERTISE,87540,273,128,512,87.54
50n_20p_seed5,0.2,5,91749000,48,DRA_ADVERTISE,91406,511,128,512,91.406
50n_20p_seed5,0.2,5,92115000,9,DRA_ADVERTISE,91758,319,128,512,91.758
50n_20p_seed5,0.2,5,92303000,38,DRA_ADVERTISE,92123,269,128,512,92.123
50n_20p_seed5,0.2,5,92437000,19,DRA_ADVERTISE,91863,256,128,512,91.863
50n_20p_seed5,0.2,5,92781000,24,DRA_ADVERTISE,92290,286,128,512,92.29
50n_20p_seed5,0.2,5,92940000,30,DRA_ADVERTISE,92892,296,128,512,92.892
50n_20p_seed5,0.2,5,94053000,35,DRA_ADVERTISE,93996,310,128,512,93.996
50n_20p_seed5,0.2,5,94410000,44,DRA_ADVERTISE,93675,278,128,512,93.675
50n_20p_seed5,0.2,5,96289000,15,DRA_ADVERTISE,96286,260,128,512,96.286
50n_20p_seed5,0.2,5,98835000,49,DRA_ADVERTISE,97891,294,128,512,97.891
50n_20p_seed5,0.2,5,99971000,35,DRA_ADVERTISE,99914,310,128,512,99.914
50n_20p_seed5,0.2,5,101212000,48,DRA_ADVERTISE,100869,507,128,512,100.869
50n_20p_seed5,0.2,5,104059000,30,DRA_ADVERTISE,104011,292,128,512,104.011
50n_20p_seed5,0.2,5,106091000,38,DRA_ADVERTISE,105911,278,128,512,105.911
50n_20p_seed5,0.2,5,107435000,15,DRA_ADVERTISE,107432,260,128,512,107.432
50n_20p_seed5,0.2,5,107556000,9,DRA_ADVERTISE,107199,319,128,512,107.199
50n_20p_seed5,0.2,5,108574000,48,DRA_ADVERTISE,108231,507,128,512,108.231
50n_20p_seed5,0.2,5,109868000,30,DRA_ADVERTISE,109820,284,128,512,109.82
50n_20p_seed5,0.2,5,110694000,19,DRA_ADVERTISE,110120,281,128,512,110.12
50n_20p_seed5,0.2,5,111011000,15,DRA_ADVERTISE,111008,260,128,512,111.008
50n_20p_seed5,0.2,5,113100000,24,DRA_ADVERTISE,112609,283,128,512,112.609
50n_20p_seed5,0.2,5,113505000,35,DRA_ADVERTISE,113448,304,128,512,113.448
50n_20p_seed5,0.2,5,113551000,44,DRA_ADVERTISE,112816,275,128,512,112.816
50n_20p_seed5,0.2,5,114200000,49,DRA_ADVERTISE,113256,294,128,512,113.256
50n_20p_seed5,0.2,5,116651000,49,DRA_ADVERTISE,115707,294,128,512,115.707
50n_20p_seed5,0.2,5,120340000,30,DRA_ADVERTISE,120292,281,128,512,120.292
50n_20p_seed5,0.2,5,120802000,38,DRA_ADVERTISE,120622,275,128,512,120.622
50n_20p_seed5,0.2,5,124031000,48,DRA_ADVERTISE,123688,492,128,512,123.688
50n_20p_seed5,0.2,5,124719000,44,DRA_ADVERTISE,123984,273,128,512,123.984
50n_20p_seed5,0.2,5,125346000,9,DRA_ADVERTISE,124989,319,128,512,124.989
50n_20p_seed5,0.2,5,126980000,9,DRA_ADVERTISE,126623,312,128,512,126.623
50n_20p_seed5,0.2,5,129036000,24,DRA_ADVERTISE,128545,280,128,512,128.545
50n_20p_seed5,0.2,5,129182000,19,DRA_ADVERTISE,128608,263,128,512,128.608
50n_20p_seed5,0.2,5,129267000,44,DRA_ADVERTISE,128532,273,128,512,128.532
50n_20p_seed5,0.2,5,129538000,15,DRA_ADVERTISE,129535,256,128,512,129.535
50n_20p_seed5,0.2,5,132800000,49,DRA_ADVERTISE,131856,290,128,512,131.856
50n_20p_seed5,0.2,5,132840000,35,DRA_ADVERTISE,132783,304,128,512,132.783
50n_20p_seed5,0.2,5,133792000,38,DRA_ADVERTISE,133612,267,128,512,133.612
50n_20p_seed5,0.2,5,137065000,9,DRA_ADVERTISE,136708,312,128,512,136.708
50n_20p_seed5,0.2,5,139894000,30,DRA_ADVERTISE,139846,278,128,512,139.846
50n_20p_seed5,0.2,5,142862000,19,DRA_ADVERTISE,142288,262,128,512,142.288
50n_20p_seed5,0.2,5,143324000,48,DRA_ADVERTISE,142981,480,128,512,142.981
50n_20p_seed5,0.2,5,143747000,44,DRA_ADVERTISE,143012,271,128,512,143.012
50n_20p_seed5,0.2,5,143955000,24,DRA_ADVERTISE,143464,280,128,512,143.464
50n_20p_seed5,0.2,5,148741000,35,DRA_ADVERTISE,148684,299,128,512,148.684
50n_20p_seed5,0.2,5,148943000,15,DRA_ADVERTISE,148940,256,128,512,148.94
50n_20p_seed5,0.2,5,150632000,38,DRA_ADVERTISE,150452,276,128,512,150.452
50n_20p_seed5,0.2,5,153565000,49,DRA_ADVERTISE,152621,286,128,512,152.621
50n_20p_seed5,0.2,5,154945000,30,DRA_ADVERTISE,154897,273,128,512,154.897
50n_20p_seed5,0.2,5,155864000,9,DRA_ADVERTISE,155507,312,128,512,155.507
50n_20p_seed5,0.2,5,157533984,38,DRA_ADVERTISE,157353,276,128,512,157.353
50n_20p_seed5,0.2,5,159804000,44,DRA_ADVERTISE,159069,269,128,512,159.069
50n_20p_seed5,0.2,5,160052000,19,DRA_ADVERTISE,159478,256,128,512,159.478
50n_20p_seed5,0.2,5,160177272,38,DRA_ADVERTISE,159997,274,128,512,159.997
50n_20p_seed5,0.2,5,162160000,48,DRA_ADVERTISE,161817,470,128,512,161.817
50n_20p_seed5,0.2,5,162714000,15,DRA_ADVERTISE,162711,256,128,512,162.711
50n_20p_seed5,0.2,5,163417000,35,DRA_ADVERTISE,163360,299,128,512,163.36
50n_20p_seed5,0.2,5,164940000,24,DRA_ADVERTISE,164449,277,128,512,164.449
50n_20p_seed5,0.2,5,165974000,24,DRA_ADVERTISE,165483,277,128,512,165.483
50n_20p_seed5,0.2,5,169694000,49,DRA_ADVERTISE,168750,286,128,512,168.75
50n_20p_seed5,0.2,5,172406000,38,DRA_ADVERTISE,172226,270,128,512,172.226
50n_20p_seed5,0.2,5,173158000,9,DRA_ADVERTISE,172801,306,128,512,172.801
50n_20p_seed5,0.2,5,173768000,15,DRA_ADVERTISE,173765,256,128,512,173.765
50n_20p_seed5,0.2,5,173950000,19,DRA_ADVERTISE,173376,256,128,512,173.376
50n_20p_seed5,0.2,5,175059000,30,DRA_ADVERTISE,175011,267,128,512,175.011
50n_20p_seed5,0.2,5,175095000,35,DRA_ADVERTISE,175038,299,128,512,175.038
50n_20p_seed5,0.2,5,177040000,15,DRA_ADVERTISE,177037,256,128,512,177.037
50n_20p_seed5,0.2,5,178570000,48,DRA_ADVERTISE,178227,469,128,512,178.227
50n_20p_seed5,0.2,5,179068000,19,DRA_ADVERTISE,178494,256,128,512,178.494
50n_20p_seed5,0.2,5,179374000,44,DRA_ADVERTISE,178639,267,128,512,178.639
50n_20p_seed5,0.2,5,181152000,35,DRA_ADVERTISE,181095,294,128,512,181.095
50n_20p_seed5,0.2,5,181981000,24,DRA_ADVERTISE,181490,277,128,512,181.49
50n_20p_seed5,0.2,5,183091000,38,DRA_ADVERTISE,182911,266,128,512,182.911
50n_20p_seed5,0.2,5,184239000,49,DRA_ADVERTISE,183295,283,128,512,183.295
50n_20p_seed5,0.2,5,184335000,48,DRA_ADVERTISE,183992,468,128,512,183.992
50n_20p_seed5,0.2,5,187776000,30,DRA_ADVERTISE,187728,267,128,512,187.728
50n_20p_seed5,0.2,5,188194000,30,DRA_ADVERTISE,188146,267,128,512,188.146
50n_20p_seed5,0.2,5,188784000,19,DRA_ADVERTISE,188210,256,128,512,188.21
50n_20p_seed5,0.2,5,189352000,49,DRA_ADVERTISE,188408,283,128,512,188.408
50n_20p_seed5,0.2,5,189506000,44,DRA_ADVERTISE,188771,267,128,512,188.771
50n_20p_seed5,0.2,5,190649000,38,DRA_ADVERTISE,190469,266,128,512,190.469
50n_20p_seed5,0.2,5,191061000,48,DRA_ADVERTISE,190718,468,128,512,190.718
50n_20p_seed5,0.2,5,191113000,24,DRA_ADVERTISE,190622,274,128,512,190.622
50n_20p_seed5,0.2,5,191404000,9,DRA_ADVERTISE,191047,301,128,512,191.047
50n_20p_seed5,0.2,5,196705000,15,DRA_ADVERTISE,196702,256,128,512,196.702
50n_20p_seed5,0.2,5,197048000,49,DRA_ADVERTISE,196104,283,128,512,196.104
50n_20p_seed5,0.2,5,199587000,35,DRA_ADVERTISE,199530,294,128,512,199.53
50n_20p_seed5,0.2,5,203211000,30,DRA_ADVERTISE,203163,274,128,512,203.163
50n_20p_seed5,0.2,5,203564000,38,DRA_ADVERTISE,203384,263,128,512,203.384
50n_20p_seed5,0.2,5,204405000,19,DRA_ADVERTISE,203831,271,128,512,203.831
50n_20p_seed5,0.2,5,205303000,9,DRA_ADVERTISE,204946,301,128,512,204.946
50n_20p_seed5,0.2,5,208642000,48,DRA_ADVERTISE,208299,459,128,512,208.299
50n_20p_seed5,0.2,5,209071000,9,DRA_ADVERTISE,208714,301,128,512,208.714
50n_20p_seed5,0.2,5,210413000,15,DRA_ADVERTISE,210410,256,128,512,210.41
50n_20p_seed5,0.2,5,210423000,44,DRA_ADVERTISE,209688,264,128,512,209.688
50n_20p_seed5,0.2,5,210424000,35,DRA_ADVERTISE,210367,290,128,512,210.367
50n_20p_seed5,0.2,5,212257000,24,DRA_ADVERTISE,211766,274,128,512,211.766
50n_20p_seed5,0.2,5,212598000,44,DRA_ADVERTISE,211863,264,128,512,211.863
50n_20p_seed5,0.2,5,218064000,30,DRA_ADVERTISE,218016,274,128,512,218.016
50n_20p_seed5,0.2,5,218860000,38,DRA_ADVERTISE,218680,260,128,512,218.68
50n_20p_seed5,0.2,5,219263000,49,DRA_ADVERTISE,218319,280,128,512,218.319
50n_20p_seed5,0.2,5,224555000,9,DRA_ADVERTISE,224198,296,128,512,224.198
50n_20p_seed5,0.2,5,226403000,44,DRA_ADVERTISE,225668,263,128,512,225.668
50n_20p_seed5,0.2,5,226472000,19,DRA_ADVERTISE,225898,262,128,512,225.898
50n_20p_seed5,0.2,5,228072000,48,DRA_ADVERTISE,227729,451,128,512,227.729
50n_20p_seed5,0.2,5,229669000,49,DRA_ADVERTISE,228725,280,128,512,228.725
50n_20p_seed5,0.2,5,230807000,24,DRA_ADVERTISE,230316,272,128,512,230.316
50n_20p_seed5,0.2,5,231434000,35,DRA_ADVERTISE,231377,290,128,512,231.377
50n_20p_seed5,0.2,5,231798000,15,DRA_ADVERTISE,231795,256,128,512,231.795
50n_20p_seed5,0.2,5,235066000,38,DRA_ADVERTISE,234886,257,128,512,234.886
50n_20p_seed5,0.2,5,236394000,19,DRA_ADVERTISE,235820,257,128,512,235.82
50n_20p_seed5,0.2,5,236517000,9,DRA_ADVERTISE,236160,296,128,512,236.16
50n_20p_seed5,0.2,5,239332000,44,DRA_ADVERTISE,238597,262,128,512,238.597
50n_20p_seed5,0.2,5,239783000,48,DRA_ADVERTISE,239440,450,128,512,239.44
50n_20p_seed5,0.2,5,240990000,30,DRA_ADVERTISE,240942,266,128,512,240.942
50n_20p_seed5,0.2,5,241725000,49,DRA_ADVERTISE,240781,277,128,512,240.781
50n_20p_seed5,0.2,5,242065000,15,DRA_ADVERTISE,242062,256,128,512,242.062
50n_20p_seed5,0.2,5,242904000,24,DRA_ADVERTISE,242413,272,128,512,242.413
50n_20p_seed5,0.2,5,247118000,48,DRA_ADVERTISE,246775,450,128,512,246.775
50n_20p_seed5,0.2,5,247439000,35,DRA_ADVERTISE,247382,286,128,512,247.382
50n_20p_seed5,0.2,5,248008000,49,DRA_ADVERTISE,247064,277,128,512,247.064
50n_20p_seed5,0.2,5,248063000,30,DRA_ADVERTISE,248015,266,128,512,248.015
50n_20p_seed5,0.2,5,250274000,24,DRA_ADVERTISE,249783,272,128,512,249.783
50n_20p_seed5,0.2,5,252529000,9,DRA_ADVERTISE,252172,292,128,512,252.172
50n_20p_seed5,0.2,5,254611000,44,DRA_ADVERTISE,253876,273,128,512,253.876
50n_20p_seed5,0.2,5,255102000,48,DRA_ADVERTISE,254759,442,128,512,254.759
50n_20p_seed5,0.2,5,255705000,38,DRA_ADVERTISE,255525,256,128,512,255.525
50n_20p_seed5,0.2,5,256638000,15,DRA_ADVERTISE,256635,256,128,512,256.635
50n_20p_seed5,0.2,5,256638000,30,DRA_ADVERTISE,256590,266,128,512,256.59
50n_20p_seed5,0.2,5,257544000,19,DRA_ADVERTISE,256970,262,128,512,256.97
50n_20p_seed5,0.2,5,258945000,24,DRA_ADVERTISE,258454,270,128,512,258.454
50n_20p_seed5,0.2,5,260659000,44,DRA_ADVERTISE,259924,273,128,512,259.924
50n_20p_seed5,0.2,5,261209000,15,DRA_ADVERTISE,261206,256,128,512,261.206
50n_20p_seed5,0.2,5,261667000,35,DRA_ADVERTISE,261610,286,128,512,261.61
50n_20p_seed5,0.2,5,262908000,35,DRA_ADVERTISE,262851,283,128,512,262.851
50n_20p_seed5,0.2,5,264132000,49,DRA_ADVERTISE,263188,274,128,512,263.188
50n_20p_seed5,0.2,5,265052000,38,DRA_ADVERTISE,264872,256,128,512,264.872
50n_20p_seed5,0.2,5,268934000,30,DRA_ADVERTISE,268886,265,128,512,268.886
50n_20p_seed5,0.2,5,269884000,48,DRA_ADVERTISE,269541,441,128,512,269.541
50n_20p_seed5,0.2,5,270831000,38,DRA_ADVERTISE,270651,256,128,512,270.651
50n_20p_seed5,0.2,5,271235000,9,DRA_ADVERTISE,270878,288,128,512,270.878
50n_20p_seed5,0.2,5,275016000,44,DRA_ADVERTISE,274281,271,128,512,274.281
50n_20p_seed5,0.2,5,276820000,19,DRA_ADVERTISE,276246,256,128,512,276.246
50n_20p_seed5,0.2,5,277371000,35,DRA_ADVERTISE,277314,283,128,512,277.314
50n_20p_seed5,0.2,5,277915000,24,DRA_ADVERTISE,277424,268,128,512,277.424
50n_20p_seed5,0.2,5,278004000,49,DRA_ADVERTISE,277060,272,128,512,277.06
50n_20p_seed5,0.2,5,279941000,19,DRA_ADVERTISE,279367,256,128,512,279.367
50n_20p_seed5,0.2,5,280555000,15,DRA_ADVERTISE,280552,256,128,512,280.552
50n_20p_seed5,0.2,5,282240000,38,DRA_ADVERTISE,282060,256,128,512,282.06
50n_20p_seed5,0.2,5,282612000,9,DRA_ADVERTISE,282255,288,128,512,282.255
50n_20p_seed5,0.2,5,285819000,30,DRA_ADVERTISE,285771,263,128,512,285.771
50n_20p_seed5,0.2,5,287794000,9,DRA_ADVERTISE,287437,288,128,512,287.437
50n_20p_seed5,0.2,5,289524000,24,DRA_ADVERTISE,289033,268,128,512,289.033
50n_20p_seed5,0.2,5,290150000,19,DRA_ADVERTISE,289576,256,128,512,289.576
50n_20p_seed5,0.2,5,291912000,48,DRA_ADVERTISE,291569,434,128,512,291.569
50n_20p_seed5,0.2,5,293543000,30,DRA_ADVERTISE,293495,263,128,512,293.495
50n_20p_seed5,0.2,5,293723000,15,DRA_ADVERTISE,293720,256,128,512,293.72
50n_20p_seed5,0.2,5,293776000,44,DRA_ADVERTISE,293041,267,128,512,293.041
50n_20p_seed5,0.2,5,295952000,35,DRA_ADVERTISE,295895,280,128,512,295.895
50n_20p_seed5,0.2,5,295970000,49,DRA_ADVERTISE,295026,272,128,512,295.026
50n_20p_seed5,0.2,5,299708000,38,DRA_ADVERTISE,299528,256,128,512,299.528
50n_20p_seed5,0.2,5,302656000,19,DRA_ADVERTISE,302082,256,128,512,302.082
50n_20p_seed5,0.2,5,303250000,44,DRA_ADVERTISE,302515,267,128,512,302.515
50n_20p_seed5,0.2,5,303799000,9,DRA_ADVERTISE,303442,284,128,512,303.442
50n_20p_seed5,0.2,5,307074000,30,DRA_ADVERTISE,307026,260,128,512,307.026
50n_20p_seed5,0.2,5,307715000,49,DRA_ADVERTISE,306771,270,128,512,306.771
50n_20p_seed5,0.2,5,308708000,48,DRA_ADVERTISE,308365,434,128,512,308.365
50n_20p_seed5,0.2,5,308772000,24,DRA_ADVERTISE,308281,266,128,512,308.281
50n_20p_seed5,0.2,5,309993000,35,DRA_ADVERTISE,309936,280,128,512,309.936
50n_20p_seed5,0.2,5,314092000,15,DRA_ADVERTISE,314089,256,128,512,314.089
50n_20p_seed5,0.2,5,316166000,49,DRA_ADVERTISE,315222,270,128,512,315.222
50n_20p_seed5,0.2,5,316402000,9,DRA_ADVERTISE,316045,284,128,512,316.045
50n_20p_seed5,0.2,5,318094000,24,DRA_ADVERTISE,317603,266,128,512,317.603
50n_20p_seed5,0.2,5,319398000,44,DRA_ADVERTISE,318663,264,128,512,318.663
50n_20p_seed5,0.2,5,320096000,48,DRA_ADVERTISE,319753,429,128,512,319.753
50n_20p_seed5,0.2,5,320178000,38,DRA_ADVERTISE,319998,256,128,512,319.998
50n_20p_seed5,0.2,5,322029000,19,DRA_ADVERTISE,321455,256,128,512,321.455
50n_20p_seed5,0.2,5,322669000,30,DRA_ADVERTISE,322621,260,128,512,322.621
50n_20p_seed5,0.2,5,328292000,24,DRA_ADVERTISE,327801,266,128,512,327.801
50n_20p_seed5,0.2,5,328340000,49,DRA_ADVERTISE,327396,268,128,512,327.396
50n_20p_seed5,0.2,5,328373000,35,DRA_ADVERTISE,328316,280,128,512,328.316
50n_20p_seed5,0.2,5,330695000,9,DRA_ADVERTISE,330338,284,128,512,330.338
50n_20p_seed5,0.2,5,330716000,15,DRA_ADVERTISE,330713,266,128,512,330.713
50n_20p_seed5,0.2,5,331576000,15,DRA_ADVERTISE,331573,266,128,512,331.573
50n_20p_seed5,0.2,5,331606016,38,DRA_ADVERTISE,331426,265,128,512,331.426
50n_20p_seed5,0.2,5,333204000,38,DRA_ADVERTISE,333024,264,128,512,333.024
50n_20p_seed5,0.2,5,334004000,38,DRA_ADVERTISE,333824,264,128,512,333.824
50n_20p_seed5,0.2,5,334249000,30,DRA_ADVERTISE,334201,258,128,512,334.201
50n_20p_seed5,0.2,5,335418000,35,DRA_ADVERTISE,335361,277,128,512,335.361
50n_20p_seed5,0.2,5,335774000,9,DRA_ADVERTISE,335417,281,128,512,335.417
50n_20p_seed5,0.2,5,337459000,48,DRA_ADVERTISE,337116,424,128,512,337.116
50n_20p_seed5,0.2,5,339347000,44,DRA_ADVERTISE,338612,263,128,512,338.612
50n_20p_seed5,0.2,5,339476000,19,DRA_ADVERTISE,338902,256,128,512,338.902
50n_20p_seed5,0.2,5,341351352,38,DRA_ADVERTISE,341171,263,128,512,341.171
50n_20p_seed5,0.2,5,342661000,15,DRA_ADVERTISE,342658,265,128,512,342.658
50n_20p_seed5,0.2,5,343905000,24,DRA_ADVERTISE,343414,265,128,512,343.414
50n_20p_seed5,0.2,5,344435000,49,DRA_ADVERTISE,343491,268,128,512,343.491
50n_20p_seed5,0.2,5,345278000,30,DRA_ADVERTISE,345230,257,128,512,345.23
50n_20p_seed5,0.2,5,347564000,35,DRA_ADVERTISE,347507,277,128,512,347.507
50n_20p_seed5,0.2,5,348326000,38,DRA_ADVERTISE,348146,262,128,512,348.146
50n_20p_seed5,0.2,5,348776000,48,DRA_ADVERTISE,348433,424,128,512,348.433
50n_20p_seed5,0.2,5,348870000,9,DRA_ADVERTISE,348513,281,128,512,348.513
50n_20p_seed5,0.2,5,351492000,19,DRA_ADVERTISE,350918,256,128,512,350.918
50n_20p_seed5,0.2,5,354113000,30,DRA_ADVERTISE,354065,257,128,512,354.065
50n_20p_seed5,0.2,5,355810000,24,DRA_ADVERTISE,355319,265,128,512,355.319
50n_20p_seed5,0.2,5,357116000,44,DRA_ADVERTISE,356381,261,128,512,356.381
50n_20p_seed5,0.2,5,357143000,48,DRA_ADVERTISE,356800,424,128,512,356.8
50n_20p_seed5,0.2,5,358811000,35,DRA_ADVERTISE,358754,274,128,512,358.754
50n_20p_seed5,0.2,5,360453000,49,DRA_ADVERTISE,359509,266,128,512,359.509
50n_20p_seed5,0.2,5,362545000,15,DRA_ADVERTISE,362542,274,128,512,362.542
50n_20p_seed5,0.2,5,365550000,30,DRA_ADVERTISE,365502,256,128,512,365.502
50n_20p_seed5,0.2,5,367544000,19,DRA_ADVERTISE,366970,256,128,512,366.97
50n_20p_seed5,0.2,5,367665000,38,DRA_ADVERTISE,367485,259,128,512,367.485
50n_20p_seed5,0.2,5,367681000,44,DRA_ADVERTISE,366946,261,128,512,366.946
50n_20p_seed5,0.2,5,368818984,15,DRA_ADVERTISE,368815,272,128,512,368.815
50n_20p_seed5,0.2,5,369075000,9,DRA_ADVERTISE,368718,278,128,512,368.718
50n_20p_seed5,0.2,5,372315000,48,DRA_ADVERTISE,371972,420,128,512,371.972
50n_20p_seed5,0.2,5,373668000,24,DRA_ADVERTISE,373177,264,128,512,373.177
50n_20p_seed5,0.2,5,373735000,24,DRA_ADVERTISE,373244,264,128,512,373.244
50n_20p_seed5,0.2,5,373969000,49,DRA_ADVERTISE,373025,266,128,512,373.025
50n_20p_seed5,0.2,5,374209000,44,DRA_ADVERTISE,373474,261,128,512,373.474
50n_20p_seed5,0.2,5,374654016,15,DRA_ADVERTISE,374651,270,128,512,374.651
50n_20p_seed5,0.2,5,377494000,19,DRA_ADVERTISE,376920,256,128,512,376.92
50n_20p_seed5,0.2,5,378078000,49,DRA_ADVERTISE,377134,266,128,512,377.134
50n_20p_seed5,0.2,5,378481000,35,DRA_ADVERTISE,378424,274,128,512,378.424
50n_20p_seed5,0.2,5,378600000,15,DRA_ADVERTISE,378597,268,128,512,378.597
50n_20p_seed5,0.2,5,382656000,30,DRA_ADVERTISE,382608,256,128,512,382.608
50n_20p_seed5,0.2,5,387250000,38,DRA_ADVERTISE,387070,256,128,512,387.07
50n_20p_seed5,0.2,5,388942000,35,DRA_ADVERTISE,388885,272,128,512,388.885
50n_20p_seed5,0.2,5,389269000,9,DRA_ADVERTISE,388912,275,128,512,388.912
50n_20p_seed5,0.2,5,389798000,24,DRA_ADVERTISE,389307,264,128,512,389.307
50n_20p_seed5,0.2,5,391186000,19,DRA_ADVERTISE,390612,256,128,512,390.612
50n_20p_seed5,0.2,5,391429000,48,DRA_ADVERTISE,391086,420,128,512,391.086
50n_20p_seed5,0.2,5,392041000,44,DRA_ADVERTISE,391306,259,128,512,391.306
50n_20p_seed5,0.2,5,394841000,15,DRA_ADVERTISE,394838,265,128,512,394.838
50n_20p_seed5,0.2,5,397131000,35,DRA_ADVERTISE,397074,272,128,512,397.074
50n_20p_seed5,0.2,5,398537000,49,DRA_ADVERTISE,397593,265,128,512,397.593
50n_20p_seed5,0.2,5,400229000,30,DRA_ADVERTISE,400181,256,128,512,400.181
50n_20p_seed5,0.2,5,401082000,15,DRA_ADVERTISE,401079,262,128,512,401.079
50n_20p_seed5,0.2,5,401336000,9,DRA_ADVERTISE,400979,275,128,512,400.979
50n_20p_seed5,0.2,5,402207000,19,DRA_ADVERTISE,401633,265,128,512,401.633
50n_20p_seed5,0.2,5,403448000,38,DRA_ADVERTISE,403268,256,128,512,403.268
50n_20p_seed5,0.2,5,405441000,19,DRA_ADVERTISE,404867,263,128,512,404.867
50n_20p_seed5,0.2,5,405887000,44,DRA_ADVERTISE,405152,259,128,512,405.152
50n_20p_seed5,0.2,5,407035000,35,DRA_ADVERTISE,406978,270,128,512,406.978
50n_20p_seed5,0.2,5,408040000,15,DRA_ADVERTISE,408037,261,128,512,408.037
50n_20p_seed5,0.2,5,408468000,48,DRA_ADVERTISE,408125,416,128,512,408.125
50n_20p_seed5,0.2,5,409836000,24,DRA_ADVERTISE,409345,263,128,512,409.345
50n_20p_seed5,0.2,5,411748000,9,DRA_ADVERTISE,411391,275,128,512,411.391
50n_20p_seed5,0.2,5,412207000,49,DRA_ADVERTISE,411263,265,128,512,411.263
50n_20p_seed5,0.2,5,413820000,30,DRA_ADVERTISE,413772,256,128,512,413.772
50n_20p_seed5,0.2,5,417338000,44,DRA_ADVERTISE,416603,257,128,512,416.603
50n_20p_seed5,0.2,5,418735000,9,DRA_ADVERTISE,418378,273,128,512,418.378
50n_20p_seed5,0.2,5,419004000,44,DRA_ADVERTISE,418269,257,128,512,418.269
50n_20p_seed5,0.2,5,419352000,38,DRA_ADVERTISE,419172,256,128,512,419.172
50n_20p_seed5,0.2,5,420245000,19,DRA_ADVERTISE,419671,258,128,512,419.671
50n_20p_seed5,0.2,5,420697000,48,DRA_ADVERTISE,420354,416,128,512,420.354
50n_20p_seed5,0.2,5,422078000,15,DRA_ADVERTISE,422075,259,128,512,422.075
50n_20p_seed5,0.2,5,424226000,38,DRA_ADVERTISE,424046,256,128,512,424.046
50n_20p_seed5,0.2,5,425531000,24,DRA_ADVERTISE,425040,263,128,512,425.04
50n_20p_seed5,0.2,5,425756000,48,DRA_ADVERTISE,425413,416,128,512,425.413
50n_20p_seed5,0.2,5,426535000,35,DRA_ADVERTISE,426478,270,128,512,426.478
50n_20p_seed5,0.2,5,428912000,38,DRA_ADVERTISE,428732,256,128,512,428.732
50n_20p_seed5,0.2,5,430127016,19,DRA_ADVERTISE,429553,282,128,512,429.553
50n_20p_seed5,0.2,5,430324000,49,DRA_ADVERTISE,429380,265,128,512,429.38
50n_20p_seed5,0.2,5,430441984,19,DRA_ADVERTISE,429867,279,128,512,429.867
50n_20p_seed5,0.2,5,431108000,30,DRA_ADVERTISE,431060,256,128,512,431.06
50n_20p_seed5,0.2,5,431813016,19,DRA_ADVERTISE,431239,276,128,512,431.239
50n_20p_seed5,0.2,5,432363016,19,DRA_ADVERTISE,431789,274,128,512,431.789
50n_20p_seed5,0.2,5,433274984,19,DRA_ADVERTISE,432700,272,128,512,432.7
50n_20p_seed5,0.2,5,433975000,9,DRA_ADVERTISE,433618,273,128,512,433.618
50n_20p_seed5,0.2,5,434402000,19,DRA_ADVERTISE,433828,270,128,512,433.828
50n_20p_seed5,0.2,5,437113000,24,DRA_ADVERTISE,436622,262,128,512,436.622
50n_20p_seed5,0.2,5,439055000,48,DRA_ADVERTISE,438712,412,128,512,438.712
50n_20p_seed5,0.2,5,439211000,15,DRA_ADVERTISE,439208,256,128,512,439.208
50n_20p_seed5,0.2,5,440440000,44,DRA_ADVERTISE,439705,256,128,512,439.705
50n_20p_seed5,0.2,5,440690000,49,DRA_ADVERTISE,439746,264,128,512,439.746
50n_20p_seed5,0.2,5,442220000,35,DRA_ADVERTISE,442163,268,128,512,442.163
50n_20p_seed5,0.2,5,442740000,30,DRA_ADVERTISE,442692,256,128,512,442.692
50n_20p_seed5,0.2,5,442775000,24,DRA_ADVERTISE,442284,262,128,512,442.284
50n_20p_seed5,0.2,5,444466016,19,DRA_ADVERTISE,443892,270,128,512,443.892
50n_20p_seed5,0.2,5,445445000,19,DRA_ADVERTISE,444871,268,128,512,444.871
50n_20p_seed5,0.2,5,447301000,9,DRA_ADVERTISE,446944,271,128,512,446.944
50n_20p_seed5,0.2,5,449230000,38,DRA_ADVERTISE,449050,256,128,512,449.05
50n_20p_seed5,0.2,5,452312000,30,DRA_ADVERTISE,452264,256,128,512,452.264
50n_20p_seed5,0.2,5,453112000,44,DRA_ADVERTISE,452377,256,128,512,452.377
50n_20p_seed5,0.2,5,453672000,19,DRA_ADVERTISE,453098,263,128,512,453.098
50n_20p_seed5,0.2,5,453935000,48,DRA_ADVERTISE,453592,412,128,512,453.592
50n_20p_seed5,0.2,5,456460000,24,DRA_ADVERTISE,455969,262,128,512,455.969
50n_20p_seed5,0.2,5,457392000,35,DRA_ADVERTISE,457335,266,128,512,457.335
50n_20p_seed5,0.2,5,458185000,49,DRA_ADVERTISE,457241,264,128,512,457.241
50n_20p_seed5,0.2,5,460958000,15,DRA_ADVERTISE,460955,256,128,512,460.955
50n_20p_seed5,0.2,5,461764000,38,DRA_ADVERTISE,461584,256,128,512,461.584
50n_20p_seed5,0.2,5,462790016,19,DRA_ADVERTISE,462216,274,128,512,462.216
50n_20p_seed5,0.2,5,463169000,30,DRA_ADVERTISE,463121,256,128,512,463.121
50n_20p_seed5,0.2,5,465095000,9,DRA_ADVERTISE,464738,271,128,512,464.738
50n_20p_seed5,0.2,5,466068000,48,DRA_ADVERTISE,465725,412,128,512,465.725
50n_20p_seed5,0.2,5,466716000,19,DRA_ADVERTISE,466142,270,128,512,466.142
50n_20p_seed5,0.2,5,467072000,44,DRA_ADVERTISE,466337,256,128,512,466.337
50n_20p_seed5,0.2,5,467768000,49,DRA_ADVERTISE,466824,264,128,512,466.824
50n_20p_seed5,0.2,5,468380016,19,DRA_ADVERTISE,467806,270,128,512,467.806
50n_20p_seed5,0.2,5,468941984,19,DRA_ADVERTISE,468367,268,128,512,468.367
50n_20p_seed5,0.2,5,470229000,24,DRA_ADVERTISE,469738,261,128,512,469.738
50n_20p_seed5,0.2,5,473793000,35,DRA_ADVERTISE,473736,266,128,512,473.736
50n_20p_seed5,0.2,5,474449000,15,DRA_ADVERTISE,474446,256,128,512,474.446
50n_20p_seed5,0.2,5,476798000,15,DRA_ADVERTISE,476795,256,128,512,476.795
50n_20p_seed5,0.2,5,477438000,49,DRA_ADVERTISE,476494,263,128,512,476.494
50n_20p_seed5,0.2,5,478685000,38,DRA_ADVERTISE,478505,256,128,512,478.505
50n_20p_seed5,0.2,5,480126000,35,DRA_ADVERTISE,480069,266,128,512,480.069
50n_20p_seed5,0.2,5,482994000,9,DRA_ADVERTISE,482637,269,128,512,482.637
50n_20p_seed5,0.2,5,483097000,30,DRA_ADVERTISE,483049,256,128,512,483.049
50n_20p_seed5,0.2,5,483536000,19,DRA_ADVERTISE,482962,264,128,512,482.962
50n_20p_seed5,0.2,5,483567000,38,DRA_ADVERTISE,483387,256,128,512,483.387
50n_20p_seed5,0.2,5,486027000,44,DRA_ADVERTISE,485292,256,128,512,485.292
50n_20p_seed5,0.2,5,488102000,48,DRA_ADVERTISE,487759,409,128,512,487.759
50n_20p_seed5,0.2,5,488651000,24,DRA_ADVERTISE,488160,261,128,512,488.16
50n_20p_seed5,0.2,5,491189000,15,DRA_ADVERTISE,491186,256,128,512,491.186
50n_20p_seed5,0.2,5,494646000,35,DRA_ADVERTISE,494589,265,128,512,494.589
50n_20p_seed5,0.2,5,497385000,38,DRA_ADVERTISE,497205,266,128,512,497.205
50n_20p_seed5,0.2,5,497718000,49,DRA_ADVERTISE,496774,262,128,512,496.774
50n_20p_seed5,0.2,5,499766000,30,DRA_ADVERTISE,499718,256,128,512,499.718
50n_20p_seed5,0.2,5,499970000,9,DRA_ADVERTISE,499613,267,128,512,499.613
50n_20p_seed5,0.2,5,500039000,48,DRA_ADVERTISE,499696,421,128,512,499.696
50n_20p_seed5,0.2,5,500116000,19,DRA_ADVERTISE,499542,257,128,512,499.542
50n_20p_seed5,0.2,5,502808016,38,DRA_ADVERTISE,502628,266,128,512,502.628
50n_20p_seed5,0.2,5,503198000,44,DRA_ADVERTISE,502463,256,128,512,502.463
50n_20p_seed5,0.2,5,504024000,9,DRA_ADVERTISE,503667,267,128,512,503.667
50n_20p_seed5,0.2,5,504549000,15,DRA_ADVERTISE,504546,256,128,512,504.546
50n_20p_seed5,0.2,5,505044000,30,DRA_ADVERTISE,504996,256,128,512,504.996
50n_20p_seed5,0.2,5,506219000,24,DRA_ADVERTISE,505728,260,128,512,505.728
50n_20p_seed5,0.2,5,506586000,48,DRA_ADVERTISE,506243,421,128,512,506.243
50n_20p_seed5,0.2,5,507211000,19,DRA_ADVERTISE,506637,269,128,512,506.637
50n_20p_seed5,0.2,5,508354000,35,DRA_ADVERTISE,508297,265,128,512,508.297
50n_20p_seed5,0.2,5,508896000,49,DRA_ADVERTISE,507952,262,128,512,507.952
50n_20p_seed5,0.2,5,512193000,38,DRA_ADVERTISE,512013,265,128,512,512.013
50n_20p_seed5,0.2,5,512642984,19,DRA_ADVERTISE,512068,267,128,512,512.068
50n_20p_seed5,0.2,5,512877000,30,DRA_ADVERTISE,512829,256,128,512,512.829
50n_20p_seed5,0.2,5,513543000,9,DRA_ADVERTISE,513186,267,128,512,513.186
50n_20p_seed5,0.2,5,514625000,49,DRA_ADVERTISE,513681,262,128,512,513.681
50n_20p_seed5,0.2,5,514660016,38,DRA_ADVERTISE,514480,265,128,512,514.48
50n_20p_seed5,0.2,5,515480000,19,DRA_ADVERTISE,514906,265,128,512,514.906
50n_20p_seed5,0.2,5,515968016,38,DRA_ADVERTISE,515788,264,128,512,515.788
50n_20p_seed5,0.2,5,516613000,44,DRA_ADVERTISE,515878,256,128,512,515.878
50n_20p_seed5,0.2,5,517011000,44,DRA_ADVERTISE,516276,256,128,512,516.276
50n_20p_seed5,0.2,5,517697000,48,DRA_ADVERTISE,517354,416,128,512,517.354
50n_20p_seed5,0.2,5,517724320,38,DRA_ADVERTISE,517544,263,128,512,517.544
50n_20p_seed5,0.2,5,520076984,19,DRA_ADVERTISE,519502,288,128,512,519.502
50n_20p_seed5,0.2,5,521188016,19,DRA_ADVERTISE,520614,284,128,512,520.614
50n_20p_seed5,0.2,5,521696016,19,DRA_ADVERTISE,521122,281,128,512,521.122
50n_20p_seed5,0.2,5,522779016,19,DRA_ADVERTISE,522205,278,128,512,522.205
50n_20p_seed5,0.2,5,523116000,24,DRA_ADVERTISE,522625,260,128,512,522.625
50n_20p_seed5,0.2,5,523886000,49,DRA_ADVERTISE,522942,261,128,512,522.942
50n_20p_seed5,0.2,5,524637000,24,DRA_ADVERTISE,524146,260,128,512,524.146
50n_20p_seed5,0.2,5,525961000,15,DRA_ADVERTISE,525958,268,128,512,525.958
50n_20p_seed5,0.2,5,526177000,35,DRA_ADVERTISE,526120,265,128,512,526.12
50n_20p_seed5,0.2,5,528099984,15,DRA_ADVERTISE,528096,268,128,512,528.096
50n_20p_seed5,0.2,5,528427000,30,DRA_ADVERTISE,528379,256,128,512,528.379
50n_20p_seed5,0.2,5,528550016,19,DRA_ADVERTISE,527976,275,128,512,527.976
50n_20p_seed5,0.2,5,528699016,19,DRA_ADVERTISE,528125,273,128,512,528.125
50n_20p_seed5,0.2,5,531335000,38,DRA_ADVERTISE,531155,261,128,512,531.155
50n_20p_seed5,0.2,5,532651000,44,DRA_ADVERTISE,531916,256,128,512,531.916
50n_20p_seed5,0.2,5,533240016,38,DRA_ADVERTISE,533060,261,128,512,533.06
50n_20p_seed5,0.2,5,533550000,19,DRA_ADVERTISE,532976,271,128,512,532.976
50n_20p_seed5,0.2,5,535680000,48,DRA_ADVERTISE,535337,415,128,512,535.337
50n_20p_seed5,0.2,5,535845016,15,DRA_ADVERTISE,535842,266,128,512,535.842
50n_20p_seed5,0.2,5,536731000,9,DRA_ADVERTISE,536374,265,128,512,536.374
50n_20p_seed5,0.2,5,538464000,24,DRA_ADVERTISE,537973,259,128,512,537.973
50n_20p_seed5,0.2,5,538683000,35,DRA_ADVERTISE,538626,264,128,512,538.626
50n_20p_seed5,0.2,5,539676000,15,DRA_ADVERTISE,539673,264,128,512,539.673
50n_20p_seed5,0.2,5,540638016,38,DRA_ADVERTISE,540458,260,128,512,540.458
50n_20p_seed5,0.2,5,541649000,49,DRA_ADVERTISE,540705,261,128,512,540.705
50n_20p_seed5,0.2,5,542278000,35,DRA_ADVERTISE,542221,264,128,512,542.221
50n_20p_seed5,0.2,5,545254000,9,DRA_ADVERTISE,544897,265,128,512,544.897
50n_20p_seed5,0.2,5,549435984,19,DRA_ADVERTISE,548861,265,128,512,548.861
50n_20p_seed5,0.2,5,551001000,38,DRA_ADVERTISE,550821,257,128,512,550.821
50n_20p_seed5,0.2,5,551602000,19,DRA_ADVERTISE,551028,263,128,512,551.028
50n_20p_seed5,0.2,5,552201000,48,DRA_ADVERTISE,551858,411,128,512,551.858
50n_20p_seed5,0.2,5,552231304,38,DRA_ADVERTISE,552051,257,128,512,552.051
50n_20p_seed5,0.2,5,552447000,30,DRA_ADVERTISE,552399,256,128,512,552.399
50n_20p_seed5,0.2,5,552555000,24,DRA_ADVERTISE,552064,259,128,512,552.064
50n_20p_seed5,0.2,5,553543000,15,DRA_ADVERTISE,553540,262,128,512,553.54
50n_20p_seed5,0.2,5,553793000,44,DRA_ADVERTISE,553058,256,128,512,553.058
50n_20p_seed5,0.2,5,556986000,49,DRA_ADVERTISE,556042,260,128,512,556.042
50n_20p_seed5,0.2,5,557476000,35,DRA_ADVERTISE,557419,264,128,512,557.419
50n_20p_seed5,0.2,5,559226984,19,DRA_ADVERTISE,558652,261,128,512,558.652
50n_20p_seed5,0.2,5,559727016,15,DRA_ADVERTISE,559724,261,128,512,559.724
50n_20p_seed5,0.2,5,562712000,30,DRA_ADVERTISE,562664,256,128,512,562.664
50n_20p_seed5,0.2,5,563864000,19,DRA_ADVERTISE,563290,258,128,512,563.29
50n_20p_seed5,0.2,5,563907000,9,DRA_ADVERTISE,563550,264,128,512,563.55
50n_20p_seed5,0.2,5,564186000,30,DRA_ADVERTISE,564138,256,128,512,564.138
50n_20p_seed5,0.2,5,564762000,49,DRA_ADVERTISE,563818,260,128,512,563.818
50n_20p_seed5,0.2,5,564910000,48,DRA_ADVERTISE,564567,410,128,512,564.567
50n_20p_seed5,0.2,5,566012000,38,DRA_ADVERTISE,565832,256,128,512,565.832
50n_20p_seed5,0.2,5,566165000,38,DRA_ADVERTISE,565985,256,128,512,565.985
50n_20p_seed5,0.2,5,566921000,44,DRA_ADVERTISE,566186,256,128,512,566.186
50n_20p_seed5,0.2,5,568242000,24,DRA_ADVERTISE,567751,258,128,512,567.751
50n_20p_seed5,0.2,5,571343000,44,DRA_ADVERTISE,570608,256,128,512,570.608
50n_20p_seed5,0.2,5,571512000,19,DRA_ADVERTISE,570938,256,128,512,570.938
50n_20p_seed5,0.2,5,572016000,35,DRA_ADVERTISE,571959,263,128,512,571.959
50n_20p_seed5,0.2,5,573127000,15,DRA_ADVERTISE,573124,259,128,512,573.124
50n_20p_seed5,0.2,5,576245000,15,DRA_ADVERTISE,576242,259,128,512,576.242
50n_20p_seed5,0.2,5,576878000,49,DRA_ADVERTISE,575934,260,128,512,575.934
50n_20p_seed5,0.2,5,578862000,38,DRA_ADVERTISE,578682,256,128,512,578.682
50n_20p_seed5,0.2,5,579918000,9,DRA_ADVERTISE,579561,264,128,512,579.561
50n_20p_seed5,0.2,5,581558000,44,DRA_ADVERTISE,580823,256,128,512,580.823
50n_20p_seed5,0.2,5,582006000,30,DRA_ADVERTISE,581958,256,128,512,581.958
50n_20p_seed5,0.2,5,583086000,19,DRA_ADVERTISE,582512,256,128,512,582.512
50n_20p_seed5,0.2,5,584998000,48,DRA_ADVERTISE,584655,408,128,512,584.655
50n_20p_seed5,0.2,5,585110000,24,DRA_ADVERTISE,584619,258,128,512,584.619
50n_20p_seed5,0.2,5,587654000,15,DRA_ADVERTISE,587651,258,128,512,587.651
50n_20p_seed5,0.2,5,589193000,24,DRA_ADVERTISE,588702,258,128,512,588.702
50n_20p_seed5,0.2,5,592060000,35,DRA_ADVERTISE,592003,262,128,512,592.003
50n_20p_seed5,0.2,5,592423000,49,DRA_ADVERTISE,591479,259,128,512,591.479
50n_20p_seed5,0.2,5,594416000,9,DRA_ADVERTISE,594059,263,128,512,594.059
50n_20p_seed5,0.2,5,595660000,38,DRA_ADVERTISE,595480,256,128,512,595.48
50n_20p_seed5,0.2,5,597438000,19,DRA_ADVERTISE,596864,256,128,512,596.864
50n_20p_seed5,0.2,5,599481000,30,DRA_ADVERTISE,599433,256,128,512,599.433
50n_30p_seed1,0.3,1,8616000,39,DRA_ADVERTISE,8478,357,128,512,8.478
50n_30p_seed1,0.3,1,8874000,39,DRA_ADVERTISE,8736,357,128,512,8.736
50n_30p_seed1,0.3,1,9801000,39,DRA_ADVERTISE,9663,357,128,512,9.663
50n_30p_seed1,0.3,1,12059000,39,DRA_ADVERTISE,11921,357,128,512,11.921
50n_30p_seed1,0.3,1,14148000,15,DRA_ADVERTISE,13803,299,128,512,13.803
50n_30p_seed1,0.3,1,14380000,32,DRA_ADVERTISE,13638,311,128,512,13.638
50n_30p_seed1,0.3,1,14674000,15,DRA_ADVERTISE,14329,299,128,512,14.329
50n_30p_seed1,0.3,1,14700000,38,DRA_ADVERTISE,13730,343,128,512,13.73
50n_30p_seed1,0.3,1,14705000,32,DRA_ADVERTISE,13963,311,128,512,13.963
50n_30p_seed1,0.3,1,14710000,39,DRA_ADVERTISE,14572,357,128,512,14.572
50n_30p_seed1,0.3,1,14737000,13,DRA_ADVERTISE,14197,308,128,512,14.197
50n_30p_seed1,0.3,1,15153000,20,DRA_ADVERTISE,15141,350,128,512,15.141
50n_30p_seed1,0.3,1,15234000,13,DRA_ADVERTISE,14694,308,128,512,14.694
50n_30p_seed1,0.3,1,15247000,38,DRA_ADVERTISE,14277,343,128,512,14.277
50n_30p_seed1,0.3,1,15256000,15,DRA_ADVERTISE,14911,299,128,512,14.911
50n_30p_seed1,0.3,1,15661000,15,DRA_ADVERTISE,15316,299,128,512,15.316
50n_30p_seed1,0.3,1,15678000,20,DRA_ADVERTISE,15666,350,128,512,15.666
50n_30p_seed1,0.3,1,15884000,32,DRA_ADVERTISE,15142,311,128,512,15.142
50n_30p_seed1,0.3,1,15983000,13,DRA_ADVERTISE,15443,308,128,512,15.443
50n_30p_seed1,0.3,1,16113000,20,DRA_ADVERTISE,16101,350,128,512,16.101
50n_30p_seed1,0.3,1,16153000,13,DRA_ADVERTISE,15613,308,128,512,15.613
50n_30p_seed1,0.3,1,16179000,38,DRA_ADVERTISE,15209,343,128,512,15.209
50n_30p_seed1,0.3,1,16235000,15,DRA_ADVERTISE,15890,299,128,512,15.89
50n_30p_seed1,0.3,1,16502000,13,DRA_ADVERTISE,15962,308,128,512,15.962
50n_30p_seed1,0.3,1,16547000,20,DRA_ADVERTISE,16535,350,128,512,16.535
50n_30p_seed1,0.3,1,16714000,15,DRA_ADVERTISE,16369,299,128,512,16.369
50n_30p_seed1,0.3,1,17250000,32,DRA_ADVERTISE,16508,311,128,512,16.508
50n_30p_seed1,0.3,1,17277000,13,DRA_ADVERTISE,16737,308,128,512,16.737
50n_30p_seed1,0.3,1,17506000,20,DRA_ADVERTISE,17494,350,128,512,17.494
50n_30p_seed1,0.3,1,17659000,15,DRA_ADVERTISE,17314,299,128,512,17.314
50n_30p_seed1,0.3,1,18062000,38,DRA_ADVERTISE,17092,343,128,512,17.092
50n_30p_seed1,0.3,1,18932008,39,DRA_ADVERTISE,18794,357,128,512,18.794
50n_30p_seed1,0.3,1,19234000,15,DRA_ADVERTISE,18889,299,128,512,18.889
50n_30p_seed1,0.3,1,19237000,20,DRA_ADVERTISE,19225,350,128,512,19.225
50n_30p_seed1,0.3,1,19322000,13,DRA_ADVERTISE,18782,308,128,512,18.782
50n_30p_seed1,0.3,1,19688000,15,DRA_ADVERTISE,19343,299,128,512,19.343
50n_30p_seed1,0.3,1,19734000,20,DRA_ADVERTISE,19722,350,128,512,19.722
50n_30p_seed1,0.3,1,19787000,13,DRA_ADVERTISE,19247,308,128,512,19.247
50n_30p_seed1,0.3,1,19815000,44,DRA_ADVERTISE,19395,525,128,512,19.395
50n_30p_seed1,0.3,1,20155000,15,DRA_ADVERTISE,19810,299,128,512,19.81
50n_30p_seed1,0.3,1,20288000,20,DRA_ADVERTISE,20276,340,128,512,20.276
50n_30p_seed1,0.3,1,20390000,44,DRA_ADVERTISE,19970,525,128,512,19.97
50n_30p_seed1,0.3,1,20550000,32,DRA_ADVERTISE,19808,311,128,512,19.808
50n_30p_seed1,0.3,1,20680000,13,DRA_ADVERTISE,20140,308,128,512,20.14
50n_30p_seed1,0.3,1,20834000,20,DRA_ADVERTISE,20822,340,128,512,20.822
50n_30p_seed1,0.3,1,20900008,39,DRA_ADVERTISE,20762,346,128,512,20.762
50n_30p_seed1,0.3,1,20934000,15,DRA_ADVERTISE,20589,299,128,512,20.589
50n_30p_seed1,0.3,1,21109008,39,DRA_ADVERTISE,20971,362,128,512,20.971
50n_30p_seed1,0.3,1,21161000,44,DRA_ADVERTISE,20741,525,128,512,20.741
50n_30p_seed1,0.3,1,21179000,39,DRA_ADVERTISE,21041,351,128,512,21.041
50n_30p_seed1,0.3,1,21231000,42,DRA_ADVERTISE,20395,470,128,512,20.395
50n_30p_seed1,0.3,1,21317000,41,DRA_ADVERTISE,20928,336,128,512,20.928
50n_30p_seed1,0.3,1,21415000,38,DRA_ADVERTISE,20445,343,128,512,20.445
50n_30p_seed1,0.3,1,21523000,15,DRA_ADVERTISE,21178,299,128,512,21.178
50n_30p_seed1,0.3,1,21637000,42,DRA_ADVERTISE,20801,466,128,512,20.801
50n_30p_seed1,0.3,1,21663000,41,DRA_ADVERTISE,21274,336,128,512,21.274
50n_30p_seed1,0.3,1,21850008,39,DRA_ADVERTISE,21712,351,128,512,21.712
50n_30p_seed1,0.3,1,21885000,20,DRA_ADVERTISE,21873,340,128,512,21.873
50n_30p_seed1,0.3,1,22120000,24,DRA_ADVERTISE,21941,306,128,512,21.941
50n_30p_seed1,0.3,1,22321000,15,DRA_ADVERTISE,21976,299,128,512,21.976
50n_30p_seed1,0.3,1,22392000,34,DRA_ADVERTISE,21557,569,128,512,21.557
50n_30p_seed1,0.3,1,22454000,41,DRA_ADVERTISE,22065,336,128,512,22.065
50n_30p_seed1,0.3,1,22524000,13,DRA_ADVERTISE,21984,308,128,512,21.984
50n_30p_seed1,0.3,1,22534000,44,DRA_ADVERTISE,22114,525,128,512,22.114
50n_30p_seed1,0.3,1,22600000,24,DRA_ADVERTISE,22421,306,128,512,22.421
50n_30p_seed1,0.3,1,22744000,42,DRA_ADVERTISE,21908,466,128,512,21.908
50n_30p_seed1,0.3,1,22803000,34,DRA_ADVERTISE,21968,569,128,512,21.968
50n_30p_seed1,0.3,1,22866952,39,DRA_ADVERTISE,22728,341,128,512,22.728
50n_30p_seed1,0.3,1,22937000,20,DRA_ADVERTISE,22925,340,128,512,22.925
50n_30p_seed1,0.3,1,23323000,25,DRA_ADVERTISE,22841,302,128,512,22.841
50n_30p_seed1,0.3,1,23414000,24,DRA_ADVERTISE,23235,306,128,512,23.235
50n_30p_seed1,0.3,1,23746000,43,DRA_ADVERTISE,23533,481,128,512,23.533
50n_30p_seed1,0.3,1,23766000,34,DRA_ADVERTISE,22931,565,128,512,22.931
50n_30p_seed1,0.3,1,23880000,25,DRA_ADVERTISE,23398,297,128,512,23.398
50n_30p_seed1,0.3,1,23950000,41,DRA_ADVERTISE,23561,336,128,512,23.561
50n_30p_seed1,0.3,1,24076000,42,DRA_ADVERTISE,23240,462,128,512,23.24
50n_30p_seed1,0.3,1,24232000,43,DRA_ADVERTISE,24019,481,128,512,24.019
50n_30p_seed1,0.3,1,24565000,25,DRA_ADVERTISE,24083,297,128,512,24.083
50n_30p_seed1,0.3,1,24625000,15,DRA_ADVERTISE,24280,290,128,512,24.28
50n_30p_seed1,0.3,1,24773000,24,DRA_ADVERTISE,24594,306,128,512,24.594
50n_30p_seed1,0.3,1,24997000,43,DRA_ADVERTISE,24784,481,128,512,24.784
50n_30p_seed1,0.3,1,25126048,20,DRA_ADVERTISE,25114,331,128,512,25.114
50n_30p_seed1,0.3,1,25260048,20,DRA_ADVERTISE,25248,323,128,512,25.248
50n_30p_seed1,0.3,1,25516000,18,DRA_ADVERTISE,25265,320,128,512,25.265
50n_30p_seed1,0.3,1,25759000,34,DRA_ADVERTISE,24924,549,128,512,24.924
50n_30p_seed1,0.3,1,25889000,18,DRA_ADVERTISE,25638,320,128,512,25.638
50n_30p_seed1,0.3,1,26011000,20,DRA_ADVERTISE,25999,323,128,512,25.999
50n_30p_seed1,0.3,1,26333000,25,DRA_ADVERTISE,25851,297,128,512,25.851
50n_30p_seed1,0.3,1,26390000,32,DRA_ADVERTISE,25648,311,128,512,25.648
50n_30p_seed1,0.3,1,26535008,44,DRA_ADVERTISE,26115,502,128,512,26.115
50n_30p_seed1,0.3,1,26562000,13,DRA_ADVERTISE,26022,302,128,512,26.022
50n_30p_seed1,0.3,1,26939008,39,DRA_ADVERTISE,26801,332,128,512,26.801
50n_30p_seed1,0.3,1,26967000,44,DRA_ADVERTISE,26547,497,128,512,26.547
50n_30p_seed1,0.3,1,27008000,18,DRA_ADVERTISE,26757,320,128,512,26.757
50n_30p_seed1,0.3,1,27255000,42,DRA_ADVERTISE,26419,459,128,512,26.419
50n_30p_seed1,0.3,1,27332000,43,DRA_ADVERTISE,27119,481,128,512,27.119
50n_30p_seed1,0.3,1,27570000,15,DRA_ADVERTISE,27225,286,128,512,27.225
50n_30p_seed1,0.3,1,27810000,41,DRA_ADVERTISE,27421,328,128,512,27.421
50n_30p_seed1,0.3,1,28004000,9,DRA_ADVERTISE,27765,310,128,512,27.765
50n_30p_seed1,0.3,1,28427000,9,DRA_ADVERTISE,28188,310,128,512,28.188
50n_30p_seed1,0.3,1,28678000,24,DRA_ADVERTISE,28499,306,128,512,28.499
50n_30p_seed1,0.3,1,28861000,18,DRA_ADVERTISE,28610,320,128,512,28.61
50n_30p_seed1,0.3,1,29060000,34,DRA_ADVERTISE,28225,546,128,512,28.225
50n_30p_seed1,0.3,1,29171000,38,DRA_ADVERTISE,28201,334,128,512,28.201
50n_30p_seed1,0.3,1,29189000,9,DRA_ADVERTISE,28950,310,128,512,28.95
50n_30p_seed1,0.3,1,29334008,20,DRA_ADVERTISE,29322,323,128,512,29.322
50n_30p_seed1,0.3,1,30640000,25,DRA_ADVERTISE,30158,297,128,512,30.158
50n_30p_seed1,0.3,1,31075000,9,DRA_ADVERTISE,30836,304,128,512,30.836
50n_30p_seed1,0.3,1,31145000,43,DRA_ADVERTISE,30932,481,128,512,30.932
50n_30p_seed1,0.3,1,31894000,18,DRA_ADVERTISE,31643,320,128,512,31.643
50n_30p_seed1,0.3,1,31904920,24,DRA_ADVERTISE,31725,306,128,512,31.725
50n_30p_seed1,0.3,1,31942208,39,DRA_ADVERTISE,31804,310,128,512,31.804
50n_30p_seed1,0.3,1,32166008,24,DRA_ADVERTISE,31987,301,128,512,31.987
50n_30p_seed1,0.3,1,32180000,13,DRA_ADVERTISE,31640,297,128,512,31.64
50n_30p_seed1,0.3,1,32208296,39,DRA_ADVERTISE,32070,304,128,512,32.07
50n_30p_seed1,0.3,1,32706920,20,DRA_ADVERTISE,32694,316,128,512,32.694
50n_30p_seed1,0.3,1,35259000,9,DRA_ADVERTISE,35020,304,128,512,35.02
50n_30p_seed1,0.3,1,35267000,41,DRA_ADVERTISE,34878,328,128,512,34.878
50n_30p_seed1,0.3,1,35280000,44,DRA_ADVERTISE,34860,497,128,512,34.86
50n_30p_seed1,0.3,1,35682000,39,DRA_ADVERTISE,35544,299,128,512,35.544
50n_30p_seed1,0.3,1,35708000,20,DRA_ADVERTISE,35696,317,128,512,35.696
50n_30p_seed1,0.3,1,36091000,15,DRA_ADVERTISE,35746,274,128,512,35.746
50n_30p_seed1,0.3,1,37036000,42,DRA_ADVERTISE,36200,448,128,512,36.2
50n_30p_seed1,0.3,1,37112000,24,DRA_ADVERTISE,36933,296,128,512,36.933
50n_30p_seed1,0.3,1,37247296,20,DRA_ADVERTISE,37235,317,128,512,37.235
50n_30p_seed1,0.3,1,38083000,34,DRA_ADVERTISE,37248,540,128,512,37.248
50n_30p_seed1,0.3,1,38188000,25,DRA_ADVERTISE,37706,297,128,512,37.706
50n_30p_seed1,0.3,1,38537952,44,DRA_ADVERTISE,38117,477,128,512,38.117
50n_30p_seed1,0.3,1,38743000,43,DRA_ADVERTISE,38530,476,128,512,38.53
50n_30p_seed1,0.3,1,40184000,18,DRA_ADVERTISE,39933,307,128,512,39.933
50n_30p_seed1,0.3,1,41855000,9,DRA_ADVERTISE,41616,304,128,512,41.616
50n_30p_seed1,0.3,1,43222000,32,DRA_ADVERTISE,42480,295,128,512,42.48
50n_30p_seed1,0.3,1,44218000,38,DRA_ADVERTISE,43248,334,128,512,43.248
50n_30p_seed1,0.3,1,44849000,13,DRA_ADVERTISE,44309,288,128,512,44.309
50n_30p_seed1,0.3,1,45577000,44,DRA_ADVERTISE,45157,472,128,512,45.157
50n_30p_seed1,0.3,1,46951000,24,DRA_ADVERTISE,46772,296,128,512,46.772
50n_30p_seed1,0.3,1,49193000,25,DRA_ADVERTISE,48711,297,128,512,48.711
50n_30p_seed1,0.3,1,49394000,15,DRA_ADVERTISE,49049,274,128,512,49.049
50n_30p_seed1,0.3,1,49645000,43,DRA_ADVERTISE,49432,465,128,512,49.432
50n_30p_seed1,0.3,1,49926000,42,DRA_ADVERTISE,49090,448,128,512,49.09
50n_30p_seed1,0.3,1,50237000,41,DRA_ADVERTISE,49848,320,128,512,49.848
50n_30p_seed1,0.3,1,51325000,20,DRA_ADVERTISE,51313,299,128,512,51.313
50n_30p_seed1,0.3,1,51493000,18,DRA_ADVERTISE,51242,307,128,512,51.242
50n_30p_seed1,0.3,1,52817000,34,DRA_ADVERTISE,51982,520,128,512,51.982
50n_30p_seed1,0.3,1,52933000,9,DRA_ADVERTISE,52694,304,128,512,52.694
50n_30p_seed1,0.3,1,53545000,39,DRA_ADVERTISE,53407,280,128,512,53.407
50n_30p_seed1,0.3,1,54821000,39,DRA_ADVERTISE,54683,280,128,512,54.683
50n_30p_seed1,0.3,1,56937000,38,DRA_ADVERTISE,55967,326,128,512,55.967
50n_30p_seed1,0.3,1,57447000,20,DRA_ADVERTISE,57435,294,128,512,57.435
50n_30p_seed1,0.3,1,57532000,32,DRA_ADVERTISE,56790,295,128,512,56.79
50n_30p_seed1,0.3,1,60695000,13,DRA_ADVERTISE,60155,278,128,512,60.155
50n_30p_seed1,0.3,1,62244000,15,DRA_ADVERTISE,61899,268,128,512,61.899
50n_30p_seed1,0.3,1,63518000,15,DRA_ADVERTISE,63173,268,128,512,63.173
50n_30p_seed1,0.3,1,64681000,25,DRA_ADVERTISE,64199,292,128,512,64.199
50n_30p_seed1,0.3,1,65037000,34,DRA_ADVERTISE,64202,520,128,512,64.202
50n_30p_seed1,0.3,1,65482000,43,DRA_ADVERTISE,65269,456,128,512,65.269
50n_30p_seed1,0.3,1,66508000,42,DRA_ADVERTISE,65672,437,128,512,65.672
50n_30p_seed1,0.3,1,66636000,13,DRA_ADVERTISE,66096,278,128,512,66.096
50n_30p_seed1,0.3,1,66897000,41,DRA_ADVERTISE,66508,320,128,512,66.508
50n_30p_seed1,0.3,1,67153000,44,DRA_ADVERTISE,66733,454,128,512,66.733
50n_30p_seed1,0.3,1,67546000,25,DRA_ADVERTISE,67064,292,128,512,67.064
50n_30p_seed1,0.3,1,68121984,20,DRA_ADVERTISE,68109,286,128,512,68.109
50n_30p_seed1,0.3,1,68470000,18,DRA_ADVERTISE,68219,301,128,512,68.219
50n_30p_seed1,0.3,1,69912000,39,DRA_ADVERTISE,69774,286,128,512,69.774
50n_30p_seed1,0.3,1,70757000,24,DRA_ADVERTISE,70578,288,128,512,70.578
50n_30p_seed1,0.3,1,71222000,9,DRA_ADVERTISE,70983,299,128,512,70.983
50n_30p_seed1,0.3,1,72722000,41,DRA_ADVERTISE,72333,313,128,512,72.333
50n_30p_seed1,0.3,1,72979000,9,DRA_ADVERTISE,72740,299,128,512,72.74
50n_30p_seed1,0.3,1,73500952,44,DRA_ADVERTISE,73080,450,128,512,73.08
50n_30p_seed1,0.3,1,74965000,38,DRA_ADVERTISE,73995,319,128,512,73.995
50n_30p_seed1,0.3,1,76216000,34,DRA_ADVERTISE,75381,514,128,512,75.381
50n_30p_seed1,0.3,1,76476000,32,DRA_ADVERTISE,75734,287,128,512,75.734
50n_30p_seed1,0.3,1,77824000,24,DRA_ADVERTISE,77645,288,128,512,77.645
50n_30p_seed1,0.3,1,79755000,13,DRA_ADVERTISE,79215,275,128,512,79.215
50n_30p_seed1,0.3,1,80114000,32,DRA_ADVERTISE,79372,287,128,512,79.372
50n_30p_seed1,0.3,1,80568000,34,DRA_ADVERTISE,79733,514,128,512,79.733
50n_30p_seed1,0.3,1,82135000,20,DRA_ADVERTISE,82123,277,128,512,82.123
50n_30p_seed1,0.3,1,82858000,43,DRA_ADVERTISE,82645,448,128,512,82.645
50n_30p_seed1,0.3,1,83343000,44,DRA_ADVERTISE,82923,433,128,512,82.923
50n_30p_seed1,0.3,1,83907000,42,DRA_ADVERTISE,83071,427,128,512,83.071
50n_30p_seed1,0.3,1,84589000,15,DRA_ADVERTISE,84244,265,128,512,84.244
50n_30p_seed1,0.3,1,85282000,41,DRA_ADVERTISE,84893,313,128,512,84.893
50n_30p_seed1,0.3,1,85751000,25,DRA_ADVERTISE,85269,292,128,512,85.269
50n_30p_seed1,0.3,1,87182000,24,DRA_ADVERTISE,87003,288,128,512,87.003
50n_30p_seed1,0.3,1,87283000,18,DRA_ADVERTISE,87032,292,128,512,87.032
50n_30p_seed1,0.3,1,87384000,39,DRA_ADVERTISE,87246,274,128,512,87.246
50n_30p_seed1,0.3,1,87606000,9,DRA_ADVERTISE,87367,299,128,512,87.367
50n_30p_seed1,0.3,1,90272000,38,DRA_ADVERTISE,89302,319,128,512,89.302
50n_30p_seed1,0.3,1,93623000,32,DRA_ADVERTISE,92881,283,128,512,92.881
50n_30p_seed1,0.3,1,95764000,34,DRA_ADVERTISE,94929,497,128,512,94.929
50n_30p_seed1,0.3,1,96021000,38,DRA_ADVERTISE,95051,319,128,512,95.051
50n_30p_seed1,0.3,1,96203000,15,DRA_ADVERTISE,95858,264,128,512,95.858
50n_30p_seed1,0.3,1,96355000,13,DRA_ADVERTISE,95815,271,128,512,95.815
50n_30p_seed1,0.3,1,97561000,24,DRA_ADVERTISE,97382,284,128,512,97.382
50n_30p_seed1,0.3,1,98287000,42,DRA_ADVERTISE,97451,423,128,512,97.451
50n_30p_seed1,0.3,1,98957000,44,DRA_ADVERTISE,98537,427,128,512,98.537
50n_30p_seed1,0.3,1,99758000,20,DRA_ADVERTISE,99746,272,128,512,99.746
50n_30p_seed1,0.3,1,100450000,18,DRA_ADVERTISE,100199,292,128,512,100.199
50n_30p_seed1,0.3,1,100690000,39,DRA_ADVERTISE,100552,265,128,512,100.552
50n_30p_seed1,0.3,1,100956000,25,DRA_ADVERTISE,100474,288,128,512,100.474
50n_30p_seed1,0.3,1,101738000,9,DRA_ADVERTISE,101499,294,128,512,101.499
50n_30p_seed1,0.3,1,101992000,41,DRA_ADVERTISE,101603,313,128,512,101.603
50n_30p_seed1,0.3,1,102017000,42,DRA_ADVERTISE,101181,423,128,512,101.181
50n_30p_seed1,0.3,1,103283000,18,DRA_ADVERTISE,103032,292,128,512,103.032
50n_30p_seed1,0.3,1,104458000,44,DRA_ADVERTISE,104038,423,128,512,104.038
50n_30p_seed1,0.3,1,105006000,43,DRA_ADVERTISE,104793,438,128,512,104.793
50n_30p_seed1,0.3,1,105823984,44,DRA_ADVERTISE,105403,423,128,512,105.403
50n_30p_seed1,0.3,1,107608000,32,DRA_ADVERTISE,106866,280,128,512,106.866
50n_30p_seed1,0.3,1,108954000,38,DRA_ADVERTISE,107984,312,128,512,107.984
50n_30p_seed1,0.3,1,109844000,43,DRA_ADVERTISE,109631,438,128,512,109.631
50n_30p_seed1,0.3,1,112663000,42,DRA_ADVERTISE,111827,419,128,512,111.827
50n_30p_seed1,0.3,1,113174000,24,DRA_ADVERTISE,112995,281,128,512,112.995
50n_30p_seed1,0.3,1,114294000,34,DRA_ADVERTISE,113459,495,128,512,113.459
50n_30p_seed1,0.3,1,114846000,39,DRA_ADVERTISE,114708,262,128,512,114.708
50n_30p_seed1,0.3,1,115028000,13,DRA_ADVERTISE,114488,267,128,512,114.488
50n_30p_seed1,0.3,1,115328000,43,DRA_ADVERTISE,115115,435,128,512,115.115
50n_30p_seed1,0.3,1,115615000,15,DRA_ADVERTISE,115270,261,128,512,115.27
50n_30p_seed1,0.3,1,115645000,18,DRA_ADVERTISE,115394,284,128,512,115.394
50n_30p_seed1,0.3,1,115775000,44,DRA_ADVERTISE,115355,420,128,512,115.355
50n_30p_seed1,0.3,1,116276000,20,DRA_ADVERTISE,116264,266,128,512,116.264
50n_30p_seed1,0.3,1,117019000,41,DRA_ADVERTISE,116630,307,128,512,116.63
50n_30p_seed1,0.3,1,118164000,15,DRA_ADVERTISE,117819,261,128,512,117.819
50n_30p_seed1,0.3,1,119011000,39,DRA_ADVERTISE,118873,262,128,512,118.873
50n_30p_seed1,0.3,1,119416000,25,DRA_ADVERTISE,118934,288,128,512,118.934
50n_30p_seed1,0.3,1,121164000,32,DRA_ADVERTISE,120422,277,128,512,120.422
50n_30p_seed1,0.3,1,121753000,9,DRA_ADVERTISE,121514,294,128,512,121.514
50n_30p_seed1,0.3,1,126745000,44,DRA_ADVERTISE,126325,416,128,512,126.325
50n_30p_seed1,0.3,1,128053000,38,DRA_ADVERTISE,127083,312,128,512,127.083
50n_30p_seed1,0.3,1,129097000,20,DRA_ADVERTISE,129085,264,128,512,129.085
50n_30p_seed1,0.3,1,129535000,13,DRA_ADVERTISE,128995,265,128,512,128.995
50n_30p_seed1,0.3,1,129784000,41,DRA_ADVERTISE,129395,307,128,512,129.395
50n_30p_seed1,0.3,1,130527000,43,DRA_ADVERTISE,130314,432,128,512,130.314
50n_30p_seed1,0.3,1,130710000,15,DRA_ADVERTISE,130365,259,128,512,130.365
50n_30p_seed1,0.3,1,131545000,41,DRA_ADVERTISE,131156,307,128,512,131.156
50n_30p_seed1,0.3,1,131622000,24,DRA_ADVERTISE,131443,278,128,512,131.443
50n_30p_seed1,0.3,1,132657000,42,DRA_ADVERTISE,131821,416,128,512,131.821
50n_30p_seed1,0.3,1,132842000,18,DRA_ADVERTISE,132591,284,128,512,132.591
50n_30p_seed1,0.3,1,134951000,25,DRA_ADVERTISE,134469,288,128,512,134.469
50n_30p_seed1,0.3,1,135803000,34,DRA_ADVERTISE,134968,483,128,512,134.968
50n_30p_seed1,0.3,1,136030000,25,DRA_ADVERTISE,135548,284,128,512,135.548
50n_30p_seed1,0.3,1,136257000,39,DRA_ADVERTISE,136119,256,128,512,136.119
50n_30p_seed1,0.3,1,138215000,9,DRA_ADVERTISE,137976,290,128,512,137.976
50n_30p_seed1,0.3,1,141140000,32,DRA_ADVERTISE,140398,274,128,512,140.398
50n_30p_seed1,0.3,1,142013984,44,DRA_ADVERTISE,141593,409,128,512,141.593
50n_30p_seed1,0.3,1,144135000,13,DRA_ADVERTISE,143595,264,128,512,143.595
50n_30p_seed1,0.3,1,145092000,38,DRA_ADVERTISE,144122,306,128,512,144.122
50n_30p_seed1,0.3,1,145340000,15,DRA_ADVERTISE,144995,257,128,512,144.995
50n_30p_seed1,0.3,1,146686000,42,DRA_ADVERTISE,145850,412,128,512,145.85
50n_30p_seed1,0.3,1,147036000,20,DRA_ADVERTISE,147024,260,128,512,147.024
50n_30p_seed1,0.3,1,148029000,13,DRA_ADVERTISE,147489,263,128,512,147.489
50n_30p_seed1,0.3,1,148301000,34,DRA_ADVERTISE,147466,473,128,512,147.466
50n_30p_seed1,0.3,1,148398000,24,DRA_ADVERTISE,148219,275,128,512,148.219
50n_30p_seed1,0.3,1,148673000,18,DRA_ADVERTISE,148422,278,128,512,148.422
50n_30p_seed1,0.3,1,149709000,44,DRA_ADVERTISE,149289,407,128,512,149.289
50n_30p_seed1,0.3,1,149723000,39,DRA_ADVERTISE,149585,256,128,512,149.585
50n_30p_seed1,0.3,1,150672000,9,DRA_ADVERTISE,150433,290,128,512,150.433
50n_30p_seed1,0.3,1,151044000,41,DRA_ADVERTISE,150655,301,128,512,150.655
50n_30p_seed1,0.3,1,152183000,25,DRA_ADVERTISE,151701,284,128,512,151.701
50n_30p_seed1,0.3,1,152279000,43,DRA_ADVERTISE,152066,424,128,512,152.066
50n_30p_seed1,0.3,1,153830000,20,DRA_ADVERTISE,153818,260,128,512,153.818
50n_30p_seed1,0.3,1,155401000,43,DRA_ADVERTISE,155188,424,128,512,155.188
50n_30p_seed1,0.3,1,157688000,32,DRA_ADVERTISE,156946,272,128,512,156.946
50n_30p_seed1,0.3,1,158864000,13,DRA_ADVERTISE,158324,263,128,512,158.324
50n_30p_seed1,0.3,1,159189000,20,DRA_ADVERTISE,159177,259,128,512,159.177
50n_30p_seed1,0.3,1,159432000,44,DRA_ADVERTISE,159012,406,128,512,159.012
50n_30p_seed1,0.3,1,160620000,41,DRA_ADVERTISE,160231,296,128,512,160.231
50n_30p_seed1,0.3,1,160938000,42,DRA_ADVERTISE,160102,412,128,512,160.102
50n_30p_seed1,0.3,1,160979000,38,DRA_ADVERTISE,160009,306,128,512,160.009
50n_30p_seed1,0.3,1,161690000,42,DRA_ADVERTISE,160854,412,128,512,160.854
50n_30p_seed1,0.3,1,162932000,34,DRA_ADVERTISE,162097,473,128,512,162.097
50n_30p_seed1,0.3,1,163267984,44,DRA_ADVERTISE,162847,404,128,512,162.847
50n_30p_seed1,0.3,1,165732000,15,DRA_ADVERTISE,165387,256,128,512,165.387
50n_30p_seed1,0.3,1,167335000,25,DRA_ADVERTISE,166853,281,128,512,166.853
50n_30p_seed1,0.3,1,167688000,9,DRA_ADVERTISE,167449,286,128,512,167.449
50n_30p_seed1,0.3,1,168297000,24,DRA_ADVERTISE,168118,273,128,512,168.118
50n_30p_seed1,0.3,1,168769000,39,DRA_ADVERTISE,168631,256,128,512,168.631
50n_30p_seed1,0.3,1,170673000,43,DRA_ADVERTISE,170460,419,128,512,170.46
50n_30p_seed1,0.3,1,171862000,18,DRA_ADVERTISE,171611,273,128,512,171.611
50n_30p_seed1,0.3,1,172368000,38,DRA_ADVERTISE,171398,306,128,512,171.398
50n_30p_seed1,0.3,1,174744000,32,DRA_ADVERTISE,174002,268,128,512,174.002
50n_30p_seed1,0.3,1,175253000,34,DRA_ADVERTISE,174418,464,128,512,174.418
50n_30p_seed1,0.3,1,176301016,39,DRA_ADVERTISE,176163,256,128,512,176.163
50n_30p_seed1,0.3,1,176988000,41,DRA_ADVERTISE,176599,296,128,512,176.599
50n_30p_seed1,0.3,1,177093000,20,DRA_ADVERTISE,177081,256,128,512,177.081
50n_30p_seed1,0.3,1,177754000,9,DRA_ADVERTISE,177515,286,128,512,177.515
50n_30p_seed1,0.3,1,179285000,15,DRA_ADVERTISE,178940,256,128,512,178.94
50n_30p_seed1,0.3,1,179342000,44,DRA_ADVERTISE,178922,399,128,512,178.922
50n_30p_seed1,0.3,1,180803000,42,DRA_ADVERTISE,179967,409,128,512,179.967
50n_30p_seed1,0.3,1,180803000,24,DRA_ADVERTISE,180624,271,128,512,180.624
50n_30p_seed1,0.3,1,180938000,39,DRA_ADVERTISE,180800,256,128,512,180.8
50n_30p_seed1,0.3,1,182632000,13,DRA_ADVERTISE,182092,259,128,512,182.092
50n_30p_seed1,0.3,1,183140000,41,DRA_ADVERTISE,182751,296,128,512,182.751
50n_30p_seed1,0.3,1,183598000,25,DRA_ADVERTISE,183116,281,128,512,183.116
50n_30p_seed1,0.3,1,184029000,18,DRA_ADVERTISE,183778,271,128,512,183.778
50n_30p_seed1,0.3,1,184500000,34,DRA_ADVERTISE,183665,464,128,512,183.665
50n_30p_seed1,0.3,1,184785000,32,DRA_ADVERTISE,184043,268,128,512,184.043
50n_30p_seed1,0.3,1,186333000,24,DRA_ADVERTISE,186154,269,128,512,186.154
50n_30p_seed1,0.3,1,186530000,43,DRA_ADVERTISE,186317,417,128,512,186.317
50n_30p_seed1,0.3,1,189608000,32,DRA_ADVERTISE,188866,265,128,512,188.866
50n_30p_seed1,0.3,1,191172000,9,DRA_ADVERTISE,190933,283,128,512,190.933
50n_30p_seed1,0.3,1,191509000,44,DRA_ADVERTISE,191089,394,128,512,191.089
50n_30p_seed1,0.3,1,191752000,38,DRA_ADVERTISE,190782,301,128,512,190.782
50n_30p_seed1,0.3,1,194540000,41,DRA_ADVERTISE,194151,292,128,512,194.151
50n_30p_seed1,0.3,1,194884000,44,DRA_ADVERTISE,194464,394,128,512,194.464
50n_30p_seed1,0.3,1,196138000,13,DRA_ADVERTISE,195598,259,128,512,195.598
50n_30p_seed1,0.3,1,196142000,42,DRA_ADVERTISE,195306,406,128,512,195.306
50n_30p_seed1,0.3,1,196331000,15,DRA_ADVERTISE,195986,256,128,512,195.986
50n_30p_seed1,0.3,1,197483000,39,DRA_ADVERTISE,197345,256,128,512,197.345
50n_30p_seed1,0.3,1,198178000,20,DRA_ADVERTISE,198166,256,128,512,198.166
50n_30p_seed1,0.3,1,198771000,25,DRA_ADVERTISE,198289,281,128,512,198.289
50n_30p_seed1,0.3,1,199291000,43,DRA_ADVERTISE,199078,411,128,512,199.078
50n_30p_seed1,0.3,1,200086000,38,DRA_ADVERTISE,199116,301,128,512,199.116
50n_30p_seed1,0.3,1,200192000,34,DRA_ADVERTISE,199357,456,128,512,199.357
50n_30p_seed1,0.3,1,200533000,24,DRA_ADVERTISE,200354,269,128,512,200.354
50n_30p_seed1,0.3,1,201038984,44,DRA_ADVERTISE,200618,394,128,512,200.618
50n_30p_seed1,0.3,1,201176000,18,DRA_ADVERTISE,200925,269,128,512,200.925
50n_30p_seed1,0.3,1,201881000,43,DRA_ADVERTISE,201668,411,128,512,201.668
50n_30p_seed1,0.3,1,205258000,38,DRA_ADVERTISE,204288,301,128,512,204.288
50n_30p_seed1,0.3,1,205657000,9,DRA_ADVERTISE,205418,283,128,512,205.418
50n_30p_seed1,0.3,1,208059000,32,DRA_ADVERTISE,207317,263,128,512,207.317
50n_30p_seed1,0.3,1,210189000,13,DRA_ADVERTISE,209649,256,128,512,209.649
50n_30p_seed1,0.3,1,211098000,18,DRA_ADVERTISE,210847,267,128,512,210.847
50n_30p_seed1,0.3,1,212511000,43,DRA_ADVERTISE,212298,411,128,512,212.298
50n_30p_seed1,0.3,1,212896000,41,DRA_ADVERTISE,212507,292,128,512,212.507
50n_30p_seed1,0.3,1,213443000,42,DRA_ADVERTISE,212607,403,128,512,212.607
50n_30p_seed1,0.3,1,213575000,18,DRA_ADVERTISE,213324,267,128,512,213.324
50n_30p_seed1,0.3,1,213838000,15,DRA_ADVERTISE,213493,256,128,512,213.493
50n_30p_seed1,0.3,1,214290000,20,DRA_ADVERTISE,214278,256,128,512,214.278
50n_30p_seed1,0.3,1,214655000,15,DRA_ADVERTISE,214310,256,128,512,214.31
50n_30p_seed1,0.3,1,215152000,34,DRA_ADVERTISE,214317,456,128,512,214.317
50n_30p_seed1,0.3,1,215274000,20,DRA_ADVERTISE,215262,256,128,512,215.262
50n_30p_seed1,0.3,1,215783000,44,DRA_ADVERTISE,215363,393,128,512,215.363
50n_30p_seed1,0.3,1,216250000,25,DRA_ADVERTISE,215768,278,128,512,215.768
50n_30p_seed1,0.3,1,216307000,24,DRA_ADVERTISE,216128,267,128,512,216.128
50n_30p_seed1,0.3,1,217048000,9,DRA_ADVERTISE,216809,280,128,512,216.809
50n_30p_seed1,0.3,1,217202000,25,DRA_ADVERTISE,216720,278,128,512,216.72
50n_30p_seed1,0.3,1,219143000,32,DRA_ADVERTISE,218401,263,128,512,218.401
50n_30p_seed1,0.3,1,219394000,39,DRA_ADVERTISE,219256,256,128,512,219.256
50n_30p_seed1,0.3,1,224991000,13,DRA_ADVERTISE,224451,256,128,512,224.451
50n_30p_seed1,0.3,1,225887000,38,DRA_ADVERTISE,224917,296,128,512,224.917
50n_30p_seed1,0.3,1,225920000,42,DRA_ADVERTISE,225084,403,128,512,225.084
50n_30p_seed1,0.3,1,226507000,13,DRA_ADVERTISE,225967,256,128,512,225.967
50n_30p_seed1,0.3,1,227218000,41,DRA_ADVERTISE,226829,288,128,512,226.829
50n_30p_seed1,0.3,1,228057000,34,DRA_ADVERTISE,227222,448,128,512,227.222
50n_30p_seed1,0.3,1,228214000,15,DRA_ADVERTISE,227869,256,128,512,227.869
50n_30p_seed1,0.3,1,228605000,44,DRA_ADVERTISE,228185,392,128,512,228.185
50n_30p_seed1,0.3,1,229471984,44,DRA_ADVERTISE,229051,392,128,512,229.051
50n_30p_seed1,0.3,1,230764000,42,DRA_ADVERTISE,229928,403,128,512,229.928
50n_30p_seed1,0.3,1,231448000,39,DRA_ADVERTISE,231310,256,128,512,231.31
50n_30p_seed1,0.3,1,231762000,24,DRA_ADVERTISE,231583,265,128,512,231.583
50n_30p_seed1,0.3,1,232215000,25,DRA_ADVERTISE,231733,275,128,512,231.733
50n_30p_seed1,0.3,1,232438000,20,DRA_ADVERTISE,232426,256,128,512,232.426
50n_30p_seed1,0.3,1,235537000,9,DRA_ADVERTISE,235298,277,128,512,235.298
50n_30p_seed1,0.3,1,235848000,43,DRA_ADVERTISE,235635,407,128,512,235.635
50n_30p_seed1,0.3,1,235851000,38,DRA_ADVERTISE,234881,296,128,512,234.881
50n_30p_seed1,0.3,1,236836000,18,DRA_ADVERTISE,236585,264,128,512,236.585
50n_30p_seed1,0.3,1,237254000,32,DRA_ADVERTISE,236512,263,128,512,236.512
50n_30p_seed1,0.3,1,242021000,42,DRA_ADVERTISE,241185,401,128,512,241.185
50n_30p_seed1,0.3,1,245947000,13,DRA_ADVERTISE,245407,256,128,512,245.407
50n_30p_seed1,0.3,1,245975000,25,DRA_ADVERTISE,245493,275,128,512,245.493
50n_30p_seed1,0.3,1,246623000,15,DRA_ADVERTISE,246278,256,128,512,246.278
50n_30p_seed1,0.3,1,247046000,39,DRA_ADVERTISE,246908,256,128,512,246.908
50n_30p_seed1,0.3,1,247108000,39,DRA_ADVERTISE,246970,256,128,512,246.97
50n_30p_seed1,0.3,1,247119000,43,DRA_ADVERTISE,246906,404,128,512,246.906
50n_30p_seed1,0.3,1,247251000,43,DRA_ADVERTISE,247038,404,128,512,247.038
50n_30p_seed1,0.3,1,247283000,41,DRA_ADVERTISE,246894,284,128,512,246.894
50n_30p_seed1,0.3,1,248796000,44,DRA_ADVERTISE,248376,390,128,512,248.376
50n_30p_seed1,0.3,1,248822000,20,DRA_ADVERTISE,248810,256,128,512,248.81
50n_30p_seed1,0.3,1,250146984,44,DRA_ADVERTISE,249726,390,128,512,249.726
50n_30p_seed1,0.3,1,250317000,34,DRA_ADVERTISE,249482,448,128,512,249.482
50n_30p_seed1,0.3,1,250737000,24,DRA_ADVERTISE,250558,264,128,512,250.558
50n_30p_seed1,0.3,1,251750000,18,DRA_ADVERTISE,251499,264,128,512,251.499
50n_30p_seed1,0.3,1,251891000,38,DRA_ADVERTISE,250921,292,128,512,250.921
50n_30p_seed1,0.3,1,253161000,34,DRA_ADVERTISE,252326,454,128,512,252.326
50n_30p_seed1,0.3,1,253779000,32,DRA_ADVERTISE,253037,261,128,512,253.037
50n_30p_seed1,0.3,1,256599000,9,DRA_ADVERTISE,256360,277,128,512,256.36
50n_30p_seed1,0.3,1,259164000,13,DRA_ADVERTISE,258624,256,128,512,258.624
50n_30p_seed1,0.3,1,260695000,42,DRA_ADVERTISE,259859,401,128,512,259.859
50n_30p_seed1,0.3,1,261911000,15,DRA_ADVERTISE,261566,256,128,512,261.566
50n_30p_seed1,0.3,1,262200000,34,DRA_ADVERTISE,261365,454,128,512,261.365
50n_30p_seed1,0.3,1,262597000,25,DRA_ADVERTISE,262115,275,128,512,262.115
50n_30p_seed1,0.3,1,262824000,41,DRA_ADVERTISE,262435,284,128,512,262.435
50n_30p_seed1,0.3,1,263028000,43,DRA_ADVERTISE,262815,404,128,512,262.815
50n_30p_seed1,0.3,1,263078000,44,DRA_ADVERTISE,262658,389,128,512,262.658
50n_30p_seed1,0.3,1,263472000,41,DRA_ADVERTISE,263083,284,128,512,263.083
50n_30p_seed1,0.3,1,264139000,20,DRA_ADVERTISE,264127,256,128,512,264.127
50n_30p_seed1,0.3,1,264275000,24,DRA_ADVERTISE,264096,263,128,512,264.096
50n_30p_seed1,0.3,1,264290000,44,DRA_ADVERTISE,263870,389,128,512,263.87
50n_30p_seed1,0.3,1,267343000,39,DRA_ADVERTISE,267205,256,128,512,267.205
50n_30p_seed1,0.3,1,267383000,18,DRA_ADVERTISE,267132,263,128,512,267.132
50n_30p_seed1,0.3,1,270574000,38,DRA_ADVERTISE,269604,288,128,512,269.604
50n_30p_seed1,0.3,1,270799000,32,DRA_ADVERTISE,270057,261,128,512,270.057
50n_30p_seed1,0.3,1,272853000,9,DRA_ADVERTISE,272614,274,128,512,272.614
50n_30p_seed1,0.3,1,273087000,13,DRA_ADVERTISE,272547,256,128,512,272.547
50n_30p_seed1,0.3,1,274941000,41,DRA_ADVERTISE,274552,284,128,512,274.552
50n_30p_seed1,0.3,1,275992000,24,DRA_ADVERTISE,275813,263,128,512,275.813
50n_30p_seed1,0.3,1,276210000,32,DRA_ADVERTISE,275468,260,128,512,275.468
50n_30p_seed1,0.3,1,276336000,42,DRA_ADVERTISE,275500,399,128,512,275.5
50n_30p_seed1,0.3,1,276567000,9,DRA_ADVERTISE,276328,274,128,512,276.328
50n_30p_seed1,0.3,1,277024000,18,DRA_ADVERTISE,276773,262,128,512,276.773
50n_30p_seed1,0.3,1,277385000,43,DRA_ADVERTISE,277172,400,128,512,277.172
50n_30p_seed1,0.3,1,278519000,34,DRA_ADVERTISE,277684,447,128,512,277.684
50n_30p_seed1,0.3,1,278592000,44,DRA_ADVERTISE,278172,388,128,512,278.172
50n_30p_seed1,0.3,1,278745000,15,DRA_ADVERTISE,278400,256,128,512,278.4
50n_30p_seed1,0.3,1,279955000,38,DRA_ADVERTISE,278985,288,128,512,278.985
50n_30p_seed1,0.3,1,281036000,20,DRA_ADVERTISE,281024,256,128,512,281.024
50n_30p_seed1,0.3,1,282343000,25,DRA_ADVERTISE,281861,273,128,512,281.861
50n_30p_seed1,0.3,1,283789000,9,DRA_ADVERTISE,283550,274,128,512,283.55
50n_30p_seed1,0.3,1,284824000,39,DRA_ADVERTISE,284686,256,128,512,284.686
50n_30p_seed1,0.3,1,285593000,18,DRA_ADVERTISE,285342,262,128,512,285.342
50n_30p_seed1,0.3,1,286805984,44,DRA_ADVERTISE,286385,388,128,512,286.385
50n_30p_seed1,0.3,1,287217000,38,DRA_ADVERTISE,286247,288,128,512,286.247
50n_30p_seed1,0.3,1,287263000,13,DRA_ADVERTISE,286723,256,128,512,286.723
50n_30p_seed1,0.3,1,288498000,25,DRA_ADVERTISE,288016,271,128,512,288.016
50n_30p_seed1,0.3,1,291000000,15,DRA_ADVERTISE,290655,256,128,512,290.655
50n_30p_seed1,0.3,1,291268000,44,DRA_ADVERTISE,290848,387,128,512,290.848
50n_30p_seed1,0.3,1,291319000,32,DRA_ADVERTISE,290577,259,128,512,290.577
50n_30p_seed1,0.3,1,291597000,13,DRA_ADVERTISE,291057,256,128,512,291.057
50n_30p_seed1,0.3,1,292746000,15,DRA_ADVERTISE,292401,256,128,512,292.401
50n_30p_seed1,0.3,1,293218000,42,DRA_ADVERTISE,292382,399,128,512,292.382
50n_30p_seed1,0.3,1,293747000,34,DRA_ADVERTISE,292912,447,128,512,292.912
50n_30p_seed1,0.3,1,294123000,43,DRA_ADVERTISE,293910,400,128,512,293.91
50n_30p_seed1,0.3,1,295246000,39,DRA_ADVERTISE,295108,256,128,512,295.108
50n_30p_seed1,0.3,1,295271000,24,DRA_ADVERTISE,295092,261,128,512,295.092
50n_30p_seed1,0.3,1,296533000,41,DRA_ADVERTISE,296144,281,128,512,296.144
50n_30p_seed1,0.3,1,296555000,20,DRA_ADVERTISE,296543,256,128,512,296.543
50n_30p_seed1,0.3,1,296657000,43,DRA_ADVERTISE,296444,400,128,512,296.444
50n_30p_seed1,0.3,1,296996000,24,DRA_ADVERTISE,296817,261,128,512,296.817
50n_30p_seed1,0.3,1,300488000,25,DRA_ADVERTISE,300006,271,128,512,300.006
50n_30p_seed1,0.3,1,300649000,18,DRA_ADVERTISE,300398,261,128,512,300.398
50n_30p_seed1,0.3,1,301318000,32,DRA_ADVERTISE,300576,258,128,512,300.576
50n_30p_seed1,0.3,1,301428000,9,DRA_ADVERTISE,301189,272,128,512,301.189
50n_30p_seed1,0.3,1,305502000,38,DRA_ADVERTISE,304532,284,128,512,304.532
50n_30p_seed1,0.3,1,310742000,15,DRA_ADVERTISE,310397,256,128,512,310.397
50n_30p_seed1,0.3,1,311175000,13,DRA_ADVERTISE,310635,268,128,512,310.635
50n_30p_seed1,0.3,1,311640000,44,DRA_ADVERTISE,311220,386,128,512,311.22
50n_30p_seed1,0.3,1,311770000,39,DRA_ADVERTISE,311632,256,128,512,311.632
50n_30p_seed1,0.3,1,313200000,43,DRA_ADVERTISE,312987,396,128,512,312.987
50n_30p_seed1,0.3,1,313405000,42,DRA_ADVERTISE,312569,397,128,512,312.569
50n_30p_seed1,0.3,1,313669000,25,DRA_ADVERTISE,313187,269,128,512,313.187
50n_30p_seed1,0.3,1,314377000,41,DRA_ADVERTISE,313988,281,128,512,313.988
50n_30p_seed1,0.3,1,314651000,20,DRA_ADVERTISE,314639,256,128,512,314.639
50n_30p_seed1,0.3,1,315653000,34,DRA_ADVERTISE,314818,440,128,512,314.818
50n_30p_seed1,0.3,1,315674000,34,DRA_ADVERTISE,314839,440,128,512,314.839
50n_30p_seed1,0.3,1,315713000,24,DRA_ADVERTISE,315534,260,128,512,315.534
50n_30p_seed1,0.3,1,317283000,32,DRA_ADVERTISE,316541,257,128,512,316.541
50n_30p_seed1,0.3,1,318579000,42,DRA_ADVERTISE,317743,397,128,512,317.743
50n_30p_seed1,0.3,1,319433000,20,DRA_ADVERTISE,319421,256,128,512,319.421
50n_30p_seed1,0.3,1,319916000,18,DRA_ADVERTISE,319665,260,128,512,319.665
50n_30p_seed1,0.3,1,320316000,9,DRA_ADVERTISE,320077,270,128,512,320.077
50n_30p_seed1,0.3,1,322387000,38,DRA_ADVERTISE,321417,284,128,512,321.417
50n_30p_seed1,0.3,1,323960000,13,DRA_ADVERTISE,323420,268,128,512,323.42
50n_30p_seed1,0.3,1,324301000,15,DRA_ADVERTISE,323956,256,128,512,323.956
50n_30p_seed1,0.3,1,324635000,20,DRA_ADVERTISE,324623,256,128,512,324.623
50n_30p_seed1,0.3,1,325329000,24,DRA_ADVERTISE,325150,259,128,512,325.15
50n_30p_seed1,0.3,1,326373984,44,DRA_ADVERTISE,325953,385,128,512,325.953
50n_30p_seed1,0.3,1,327168000,43,DRA_ADVERTISE,326955,396,128,512,326.955
50n_30p_seed1,0.3,1,328922000,42,DRA_ADVERTISE,328086,395,128,512,328.086
50n_30p_seed1,0.3,1,329259000,34,DRA_ADVERTISE,328424,434,128,512,328.424
50n_30p_seed1,0.3,1,330658000,44,DRA_ADVERTISE,330238,384,128,512,330.238
50n_30p_seed1,0.3,1,330905000,41,DRA_ADVERTISE,330516,278,128,512,330.516
50n_30p_seed1,0.3,1,331687000,25,DRA_ADVERTISE,331205,269,128,512,331.205
50n_30p_seed1,0.3,1,331824000,39,DRA_ADVERTISE,331686,256,128,512,331.686
50n_30p_seed1,0.3,1,332272000,9,DRA_ADVERTISE,332033,270,128,512,332.033
50n_30p_seed1,0.3,1,333480000,32,DRA_ADVERTISE,332738,256,128,512,332.738
50n_30p_seed1,0.3,1,334256000,18,DRA_ADVERTISE,334005,258,128,512,334.005
50n_30p_seed1,0.3,1,334834000,18,DRA_ADVERTISE,334583,258,128,512,334.583
50n_30p_seed1,0.3,1,335120000,9,DRA_ADVERTISE,334881,270,128,512,334.881
50n_30p_seed1,0.3,1,336440000,38,DRA_ADVERTISE,335470,281,128,512,335.47
50n_30p_seed1,0.3,1,336610000,32,DRA_ADVERTISE,335868,256,128,512,335.868
50n_30p_seed1,0.3,1,340656000,41,DRA_ADVERTISE,340267,278,128,512,340.267
50n_30p_seed1,0.3,1,341202000,20,DRA_ADVERTISE,341190,256,128,512,341.19
50n_30p_seed1,0.3,1,341594000,34,DRA_ADVERTISE,340759,434,128,512,340.759
50n_30p_seed1,0.3,1,341728000,24,DRA_ADVERTISE,341549,259,128,512,341.549
50n_30p_seed1,0.3,1,342536000,24,DRA_ADVERTISE,342357,259,128,512,342.357
50n_30p_seed1,0.3,1,342606000,42,DRA_ADVERTISE,341770,395,128,512,341.77
50n_30p_seed1,0.3,1,342654000,13,DRA_ADVERTISE,342114,265,128,512,342.114
50n_30p_seed1,0.3,1,343180000,25,DRA_ADVERTISE,342698,267,128,512,342.698
50n_30p_seed1,0.3,1,346100000,41,DRA_ADVERTISE,345711,278,128,512,345.711
50n_30p_seed1,0.3,1,346462000,43,DRA_ADVERTISE,346249,393,128,512,346.249
50n_30p_seed1,0.3,1,346895000,44,DRA_ADVERTISE,346475,384,128,512,346.475
50n_30p_seed1,0.3,1,347153000,15,DRA_ADVERTISE,346808,256,128,512,346.808
50n_30p_seed1,0.3,1,347420000,39,DRA_ADVERTISE,347282,256,128,512,347.282
50n_30p_seed1,0.3,1,347434000,25,DRA_ADVERTISE,346952,267,128,512,346.952
50n_30p_seed1,0.3,1,347813000,38,DRA_ADVERTISE,346843,281,128,512,346.843
50n_30p_seed1,0.3,1,349950000,39,DRA_ADVERTISE,349812,256,128,512,349.812
50n_30p_seed1,0.3,1,349963000,9,DRA_ADVERTISE,349724,268,128,512,349.724
50n_30p_seed1,0.3,1,350099000,32,DRA_ADVERTISE,349357,256,128,512,349.357
50n_30p_seed1,0.3,1,350621000,18,DRA_ADVERTISE,350370,258,128,512,350.37
50n_30p_seed1,0.3,1,351748000,44,DRA_ADVERTISE,351328,384,128,512,351.328
50n_30p_seed1,0.3,1,352768000,38,DRA_ADVERTISE,351798,278,128,512,351.798
50n_30p_seed1,0.3,1,357297000,13,DRA_ADVERTISE,356757,263,128,512,356.757
50n_30p_seed1,0.3,1,357377000,41,DRA_ADVERTISE,356988,275,128,512,356.988
50n_30p_seed1,0.3,1,358531000,20,DRA_ADVERTISE,358519,256,128,512,358.519
50n_30p_seed1,0.3,1,359401000,24,DRA_ADVERTISE,359222,257,128,512,359.222
50n_30p_seed1,0.3,1,360043000,15,DRA_ADVERTISE,359698,256,128,512,359.698
50n_30p_seed1,0.3,1,360129000,44,DRA_ADVERTISE,359709,384,128,512,359.709
50n_30p_seed1,0.3,1,360197000,43,DRA_ADVERTISE,359984,393,128,512,359.984
50n_30p_seed1,0.3,1,361025016,44,DRA_ADVERTISE,360605,384,128,512,360.605
50n_30p_seed1,0.3,1,361093000,42,DRA_ADVERTISE,360257,402,128,512,360.257
50n_30p_seed1,0.3,1,361983000,18,DRA_ADVERTISE,361732,258,128,512,361.732
50n_30p_seed1,0.3,1,363272000,25,DRA_ADVERTISE,362790,267,128,512,362.79
50n_30p_seed1,0.3,1,364467000,34,DRA_ADVERTISE,363632,439,128,512,363.632
50n_30p_seed1,0.3,1,364479000,39,DRA_ADVERTISE,364341,256,128,512,364.341
50n_30p_seed1,0.3,1,369237000,9,DRA_ADVERTISE,368998,266,128,512,368.998
50n_30p_seed1,0.3,1,370400000,32,DRA_ADVERTISE,369658,256,128,512,369.658
50n_30p_seed1,0.3,1,372212000,13,DRA_ADVERTISE,371672,263,128,512,371.672
50n_30p_seed1,0.3,1,374449000,38,DRA_ADVERTISE,373479,278,128,512,373.479
50n_30p_seed1,0.3,1,374851000,20,DRA_ADVERTISE,374839,256,128,512,374.839
50n_30p_seed1,0.3,1,374879000,41,DRA_ADVERTISE,374490,275,128,512,374.49
50n_30p_seed1,0.3,1,376403000,15,DRA_ADVERTISE,376058,256,128,512,376.058
50n_30p_seed1,0.3,1,376649000,43,DRA_ADVERTISE,376436,392,128,512,376.436
50n_30p_seed1,0.3,1,376705000,42,DRA_ADVERTISE,375869,398,128,512,375.869
50n_30p_seed1,0.3,1,376962000,34,DRA_ADVERTISE,376127,435,128,512,376.127
50n_30p_seed1,0.3,1,377508000,13,DRA_ADVERTISE,376968,260,128,512,376.968
50n_30p_seed1,0.3,1,377555000,39,DRA_ADVERTISE,377417,256,128,512,377.417
50n_30p_seed1,0.3,1,378797000,24,DRA_ADVERTISE,378618,256,128,512,378.618
50n_30p_seed1,0.3,1,379322000,25,DRA_ADVERTISE,378840,265,128,512,378.84
50n_30p_seed1,0.3,1,379434000,18,DRA_ADVERTISE,379183,256,128,512,379.183
50n_30p_seed1,0.3,1,379785000,44,DRA_ADVERTISE,379365,384,128,512,379.365
50n_30p_seed1,0.3,1,380745000,9,DRA_ADVERTISE,380506,266,128,512,380.506
50n_30p_seed1,0.3,1,382291000,43,DRA_ADVERTISE,382078,392,128,512,382.078
50n_30p_seed1,0.3,1,385971000,38,DRA_ADVERTISE,385001,275,128,512,385.001
50n_30p_seed1,0.3,1,386956000,32,DRA_ADVERTISE,386214,256,128,512,386.214
50n_30p_seed1,0.3,1,387715000,13,DRA_ADVERTISE,387175,260,128,512,387.175
50n_30p_seed1,0.3,1,388287016,44,DRA_ADVERTISE,387867,384,128,512,387.867
50n_30p_seed1,0.3,1,389513000,15,DRA_ADVERTISE,389168,256,128,512,389.168
50n_30p_seed1,0.3,1,390323016,39,DRA_ADVERTISE,390185,268,128,512,390.185
50n_30p_seed1,0.3,1,390964000,20,DRA_ADVERTISE,390952,256,128,512,390.952
50n_30p_seed1,0.3,1,391254000,18,DRA_ADVERTISE,391003,256,128,512,391.003
50n_30p_seed1,0.3,1,392696000,44,DRA_ADVERTISE,392276,384,128,512,392.276
50n_30p_seed1,0.3,1,393051000,20,DRA_ADVERTISE,393039,256,128,512,393.039
50n_30p_seed1,0.3,1,393205000,15,DRA_ADVERTISE,392860,256,128,512,392.86
50n_30p_seed1,0.3,1,393423000,42,DRA_ADVERTISE,392587,396,128,512,392.587
50n_30p_seed1,0.3,1,394795000,41,DRA_ADVERTISE,394406,273,128,512,394.406
50n_30p_seed1,0.3,1,395529000,24,DRA_ADVERTISE,395350,256,128,512,395.35
50n_30p_seed1,0.3,1,396052000,34,DRA_ADVERTISE,395217,428,128,512,395.217
50n_30p_seed1,0.3,1,397363000,25,DRA_ADVERTISE,396881,265,128,512,396.881
50n_30p_seed1,0.3,1,397619000,39,DRA_ADVERTISE,397481,277,128,512,397.481
50n_30p_seed1,0.3,1,398034000,43,DRA_ADVERTISE,397821,391,128,512,397.821
50n_30p_seed1,0.3,1,398622000,25,DRA_ADVERTISE,398140,265,128,512,398.14
50n_30p_seed1,0.3,1,398664016,39,DRA_ADVERTISE,398526,277,128,512,398.526
50n_30p_seed1,0.3,1,399102000,39,DRA_ADVERTISE,398964,274,128,512,398.964
50n_30p_seed1,0.3,1,399104000,18,DRA_ADVERTISE,398853,256,128,512,398.853
50n_30p_seed1,0.3,1,399976000,38,DRA_ADVERTISE,399006,275,128,512,399.006
50n_30p_seed1,0.3,1,403895000,9,DRA_ADVERTISE,403656,265,128,512,403.656
50n_30p_seed1,0.3,1,405260016,39,DRA_ADVERTISE,405122,274,128,512,405.122
50n_30p_seed1,0.3,1,405434000,24,DRA_ADVERTISE,405255,256,128,512,405.255
50n_30p_seed1,0.3,1,406008000,15,DRA_ADVERTISE,405663,256,128,512,405.663
50n_30p_seed1,0.3,1,406753000,24,DRA_ADVERTISE,406574,256,128,512,406.574
50n_30p_seed1,0.3,1,407008000,32,DRA_ADVERTISE,406266,256,128,512,406.266
50n_30p_seed1,0.3,1,408507000,44,DRA_ADVERTISE,408087,384,128,512,408.087
50n_30p_seed1,0.3,1,410034000,13,DRA_ADVERTISE,409494,258,128,512,409.494
50n_30p_seed1,0.3,1,410424000,34,DRA_ADVERTISE,409589,424,128,512,409.589
50n_30p_seed1,0.3,1,411672000,9,DRA_ADVERTISE,411433,265,128,512,411.433
50n_30p_seed1,0.3,1,412146000,42,DRA_ADVERTISE,411310,391,128,512,411.31
50n_30p_seed1,0.3,1,412203000,20,DRA_ADVERTISE,412191,256,128,512,412.191
50n_30p_seed1,0.3,1,413234000,25,DRA_ADVERTISE,412752,264,128,512,412.752
50n_30p_seed1,0.3,1,413318000,41,DRA_ADVERTISE,412929,271,128,512,412.929
50n_30p_seed1,0.3,1,413628000,39,DRA_ADVERTISE,413490,272,128,512,413.49
50n_30p_seed1,0.3,1,414163016,39,DRA_ADVERTISE,414025,272,128,512,414.025
50n_30p_seed1,0.3,1,414603000,18,DRA_ADVERTISE,414352,256,128,512,414.352
50n_30p_seed1,0.3,1,414788000,43,DRA_ADVERTISE,414575,391,128,512,414.575
50n_30p_seed1,0.3,1,415179000,42,DRA_ADVERTISE,414343,391,128,512,414.343
50n_30p_seed1,0.3,1,415470000,9,DRA_ADVERTISE,415231,265,128,512,415.231
50n_30p_seed1,0.3,1,417228000,32,DRA_ADVERTISE,416486,256,128,512,416.486
50n_30p_seed1,0.3,1,421131000,34,DRA_ADVERTISE,420296,420,128,512,420.296
50n_30p_seed1,0.3,1,423790000,38,DRA_ADVERTISE,422820,273,128,512,422.82
50n_30p_seed1,0.3,1,424112000,24,DRA_ADVERTISE,423933,256,128,512,423.933
50n_30p_seed1,0.3,1,424230000,13,DRA_ADVERTISE,423690,257,128,512,423.69
50n_30p_seed1,0.3,1,424550000,41,DRA_ADVERTISE,424161,271,128,512,424.161
50n_30p_seed1,0.3,1,424966000,34,DRA_ADVERTISE,424131,420,128,512,424.131
50n_30p_seed1,0.3,1,425818000,25,DRA_ADVERTISE,425336,264,128,512,425.336
50n_30p_seed1,0.3,1,426548000,15,DRA_ADVERTISE,426203,256,128,512,426.203
50n_30p_seed1,0.3,1,426752016,44,DRA_ADVERTISE,426332,384,128,512,426.332
50n_30p_seed1,0.3,1,427360000,38,DRA_ADVERTISE,426390,273,128,512,426.39
50n_30p_seed1,0.3,1,427663016,39,DRA_ADVERTISE,427525,266,128,512,427.525
50n_30p_seed1,0.3,1,427966000,41,DRA_ADVERTISE,427577,271,128,512,427.577
50n_30p_seed1,0.3,1,428147000,32,DRA_ADVERTISE,427405,256,128,512,427.405
50n_30p_seed1,0.3,1,428177272,39,DRA_ADVERTISE,428039,265,128,512,428.039
50n_30p_seed1,0.3,1,428399000,44,DRA_ADVERTISE,427979,384,128,512,427.979
50n_30p_seed1,0.3,1,428426000,42,DRA_ADVERTISE,427590,391,128,512,427.59
50n_30p_seed1,0.3,1,428879000,20,DRA_ADVERTISE,428867,256,128,512,428.867
50n_30p_seed1,0.3,1,429134000,9,DRA_ADVERTISE,428895,264,128,512,428.895
50n_30p_seed1,0.3,1,429560000,43,DRA_ADVERTISE,429347,390,128,512,429.347
50n_30p_seed1,0.3,1,430184000,39,DRA_ADVERTISE,430046,264,128,512,430.046
50n_30p_seed1,0.3,1,431384000,18,DRA_ADVERTISE,431133,256,128,512,431.133
50n_30p_seed1,0.3,1,436784000,38,DRA_ADVERTISE,435814,273,128,512,435.814
50n_30p_seed1,0.3,1,436811016,39,DRA_ADVERTISE,436673,264,128,512,436.673
50n_30p_seed1,0.3,1,438791000,32,DRA_ADVERTISE,438049,256,128,512,438.049
50n_30p_seed1,0.3,1,440754000,42,DRA_ADVERTISE,439918,390,128,512,439.918
50n_30p_seed1,0.3,1,441076000,15,DRA_ADVERTISE,440731,256,128,512,440.731
50n_30p_seed1,0.3,1,441879000,44,DRA_ADVERTISE,441459,384,128,512,441.459
50n_30p_seed1,0.3,1,442213000,20,DRA_ADVERTISE,442201,256,128,512,442.201
50n_30p_seed1,0.3,1,443000000,39,DRA_ADVERTISE,442862,261,128,512,442.862
50n_30p_seed1,0.3,1,443545000,13,DRA_ADVERTISE,443005,256,128,512,443.005
50n_30p_seed1,0.3,1,443767000,25,DRA_ADVERTISE,443285,263,128,512,443.285
50n_30p_seed1,0.3,1,443923000,43,DRA_ADVERTISE,443710,389,128,512,443.71
50n_30p_seed1,0.3,1,443929000,44,DRA_ADVERTISE,443509,384,128,512,443.509
50n_30p_seed1,0.3,1,444846000,41,DRA_ADVERTISE,444457,269,128,512,444.457
50n_30p_seed1,0.3,1,445179000,24,DRA_ADVERTISE,445000,256,128,512,445.0
50n_30p_seed1,0.3,1,445350000,34,DRA_ADVERTISE,444515,416,128,512,444.515
50n_30p_seed1,0.3,1,445654000,25,DRA_ADVERTISE,445172,263,128,512,445.172
50n_30p_seed1,0.3,1,445777000,43,DRA_ADVERTISE,445564,389,128,512,445.564
50n_30p_seed1,0.3,1,447447000,18,DRA_ADVERTISE,447196,256,128,512,447.196
50n_30p_seed1,0.3,1,449775000,9,DRA_ADVERTISE,449536,264,128,512,449.536
50n_30p_seed1,0.3,1,452575000,38,DRA_ADVERTISE,451605,271,128,512,451.605
50n_30p_seed1,0.3,1,453352272,39,DRA_ADVERTISE,453214,259,128,512,453.214
50n_30p_seed1,0.3,1,454413016,39,DRA_ADVERTISE,454275,258,128,512,454.275
50n_30p_seed1,0.3,1,454523000,32,DRA_ADVERTISE,453781,268,128,512,453.781
50n_30p_seed1,0.3,1,455849000,41,DRA_ADVERTISE,455460,269,128,512,455.46
50n_30p_seed1,0.3,1,456394000,42,DRA_ADVERTISE,455558,390,128,512,455.558
50n_30p_seed1,0.3,1,456482000,44,DRA_ADVERTISE,456062,384,128,512,456.062
50n_30p_seed1,0.3,1,456830000,15,DRA_ADVERTISE,456485,256,128,512,456.485
50n_30p_seed1,0.3,1,457574000,15,DRA_ADVERTISE,457229,256,128,512,457.229
50n_30p_seed1,0.3,1,458177000,13,DRA_ADVERTISE,457637,256,128,512,457.637
50n_30p_seed1,0.3,1,458516000,24,DRA_ADVERTISE,458337,256,128,512,458.337
50n_30p_seed1,0.3,1,459035000,39,DRA_ADVERTISE,458897,257,128,512,458.897
50n_30p_seed1,0.3,1,459691000,20,DRA_ADVERTISE,459679,256,128,512,459.679
50n_30p_seed1,0.3,1,459872000,34,DRA_ADVERTISE,459037,416,128,512,459.037
50n_30p_seed1,0.3,1,459983016,44,DRA_ADVERTISE,459563,384,128,512,459.563
50n_30p_seed1,0.3,1,460232000,39,DRA_ADVERTISE,460094,257,128,512,460.094
50n_30p_seed1,0.3,1,461448000,25,DRA_ADVERTISE,460966,262,128,512,460.966
50n_30p_seed1,0.3,1,461582000,24,DRA_ADVERTISE,461403,256,128,512,461.403
50n_30p_seed1,0.3,1,462654000,9,DRA_ADVERTISE,462415,263,128,512,462.415
50n_30p_seed1,0.3,1,464515000,18,DRA_ADVERTISE,464264,256,128,512,464.264
50n_30p_seed1,0.3,1,465334000,43,DRA_ADVERTISE,465121,389,128,512,465.121
50n_30p_seed1,0.3,1,465414000,13,DRA_ADVERTISE,464874,256,128,512,464.874
50n_30p_seed1,0.3,1,465498000,9,DRA_ADVERTISE,465259,263,128,512,465.259
50n_30p_seed1,0.3,1,465626000,38,DRA_ADVERTISE,464656,271,128,512,464.656
50n_30p_seed1,0.3,1,465926000,18,DRA_ADVERTISE,465675,256,128,512,465.675
50n_30p_seed1,0.3,1,472094000,32,DRA_ADVERTISE,471352,265,128,512,471.352
50n_30p_seed1,0.3,1,473638000,32,DRA_ADVERTISE,472896,265,128,512,472.896
50n_30p_seed1,0.3,1,474582000,20,DRA_ADVERTISE,474570,268,128,512,474.57
50n_30p_seed1,0.3,1,474926000,44,DRA_ADVERTISE,474506,384,128,512,474.506
50n_30p_seed1,0.3,1,475047000,34,DRA_ADVERTISE,474212,412,128,512,474.212
50n_30p_seed1,0.3,1,475394000,13,DRA_ADVERTISE,474854,256,128,512,474.854
50n_30p_seed1,0.3,1,476254000,24,DRA_ADVERTISE,476075,256,128,512,476.075
50n_30p_seed1,0.3,1,476613000,20,DRA_ADVERTISE,476601,268,128,512,476.601
50n_30p_seed1,0.3,1,476885000,18,DRA_ADVERTISE,476634,256,128,512,476.634
50n_30p_seed1,0.3,1,477395000,39,DRA_ADVERTISE,477257,279,128,512,477.257
50n_30p_seed1,0.3,1,478677000,41,DRA_ADVERTISE,478288,267,128,512,478.288
50n_30p_seed1,0.3,1,478904000,15,DRA_ADVERTISE,478559,256,128,512,478.559
50n_30p_seed1,0.3,1,478967000,25,DRA_ADVERTISE,478485,262,128,512,478.485
50n_30p_seed1,0.3,1,479545000,42,DRA_ADVERTISE,478709,389,128,512,478.709
50n_30p_seed1,0.3,1,479765000,42,DRA_ADVERTISE,478929,389,128,512,478.929
50n_30p_seed1,0.3,1,481671000,43,DRA_ADVERTISE,481458,389,128,512,481.458
50n_30p_seed1,0.3,1,484421000,9,DRA_ADVERTISE,484182,262,128,512,484.182
50n_30p_seed1,0.3,1,485423984,20,DRA_ADVERTISE,485411,266,128,512,485.411
50n_30p_seed1,0.3,1,485942000,32,DRA_ADVERTISE,485200,265,128,512,485.2
50n_30p_seed1,0.3,1,487069000,44,DRA_ADVERTISE,486649,384,128,512,486.649
50n_30p_seed1,0.3,1,489135000,38,DRA_ADVERTISE,488165,269,128,512,488.165
50n_30p_seed1,0.3,1,489673272,20,DRA_ADVERTISE,489661,265,128,512,489.661
50n_30p_seed1,0.3,1,490084016,39,DRA_ADVERTISE,489946,279,128,512,489.946
50n_30p_seed1,0.3,1,490159000,42,DRA_ADVERTISE,489323,389,128,512,489.323
50n_30p_seed1,0.3,1,490566272,39,DRA_ADVERTISE,490428,276,128,512,490.428
50n_30p_seed1,0.3,1,491006000,34,DRA_ADVERTISE,490171,412,128,512,490.171
50n_30p_seed1,0.3,1,492613000,43,DRA_ADVERTISE,492400,388,128,512,492.4
50n_30p_seed1,0.3,1,492715000,13,DRA_ADVERTISE,492175,256,128,512,492.175
50n_30p_seed1,0.3,1,492856000,24,DRA_ADVERTISE,492677,256,128,512,492.677
50n_30p_seed1,0.3,1,492981000,39,DRA_ADVERTISE,492843,274,128,512,492.843
50n_30p_seed1,0.3,1,492997016,20,DRA_ADVERTISE,492985,264,128,512,492.985
50n_30p_seed1,0.3,1,493141000,15,DRA_ADVERTISE,492796,256,128,512,492.796
50n_30p_seed1,0.3,1,493486016,39,DRA_ADVERTISE,493348,274,128,512,493.348
50n_30p_seed1,0.3,1,493560000,20,DRA_ADVERTISE,493548,263,128,512,493.548
50n_30p_seed1,0.3,1,493777016,39,DRA_ADVERTISE,493639,272,128,512,493.639
50n_30p_seed1,0.3,1,494262000,34,DRA_ADVERTISE,493427,412,128,512,493.427
50n_30p_seed1,0.3,1,495236000,41,DRA_ADVERTISE,494847,267,128,512,494.847
50n_30p_seed1,0.3,1,495900000,18,DRA_ADVERTISE,495649,256,128,512,495.649
50n_30p_seed1,0.3,1,496886016,44,DRA_ADVERTISE,496466,384,128,512,496.466
50n_30p_seed1,0.3,1,497235000,25,DRA_ADVERTISE,496753,261,128,512,496.753
50n_30p_seed1,0.3,1,501893000,38,DRA_ADVERTISE,500923,267,128,512,500.923
50n_30p_seed1,0.3,1,502027000,9,DRA_ADVERTISE,501788,262,128,512,501.788
50n_30p_seed1,0.3,1,504414016,39,DRA_ADVERTISE,504276,268,128,512,504.276
50n_30p_seed1,0.3,1,504469016,39,DRA_ADVERTISE,504331,266,128,512,504.331
50n_30p_seed1,0.3,1,504594000,32,DRA_ADVERTISE,503852,263,128,512,503.852
50n_30p_seed1,0.3,1,505468000,41,DRA_ADVERTISE,505079,265,128,512,505.079
50n_30p_seed1,0.3,1,506019000,42,DRA_ADVERTISE,505183,388,128,512,505.183
50n_30p_seed1,0.3,1,506348000,34,DRA_ADVERTISE,505513,412,128,512,505.513
50n_30p_seed1,0.3,1,506854000,15,DRA_ADVERTISE,506509,256,128,512,506.509
50n_30p_seed1,0.3,1,508041000,13,DRA_ADVERTISE,507501,256,128,512,507.501
50n_30p_seed1,0.3,1,508921000,44,DRA_ADVERTISE,508501,384,128,512,508.501
50n_30p_seed1,0.3,1,509115000,39,DRA_ADVERTISE,508977,265,128,512,508.977
50n_30p_seed1,0.3,1,509273000,18,DRA_ADVERTISE,509022,256,128,512,509.022
50n_30p_seed1,0.3,1,509525000,20,DRA_ADVERTISE,509513,262,128,512,509.513
50n_30p_seed1,0.3,1,510790000,43,DRA_ADVERTISE,510577,387,128,512,510.577
50n_30p_seed1,0.3,1,510801000,24,DRA_ADVERTISE,510622,256,128,512,510.622
50n_30p_seed1,0.3,1,511440000,25,DRA_ADVERTISE,510958,261,128,512,510.958
50n_30p_seed1,0.3,1,514273000,32,DRA_ADVERTISE,513531,261,128,512,513.531
50n_30p_seed1,0.3,1,515421000,39,DRA_ADVERTISE,515283,265,128,512,515.283
50n_30p_seed1,0.3,1,515891000,41,DRA_ADVERTISE,515502,265,128,512,515.502
50n_30p_seed1,0.3,1,517885016,39,DRA_ADVERTISE,517747,265,128,512,517.747
50n_30p_seed1,0.3,1,517965000,38,DRA_ADVERTISE,516995,267,128,512,516.995
50n_30p_seed1,0.3,1,518263000,9,DRA_ADVERTISE,518024,261,128,512,518.024
50n_30p_seed1,0.3,1,521417000,43,DRA_ADVERTISE,521204,387,128,512,521.204
50n_30p_seed1,0.3,1,521593272,39,DRA_ADVERTISE,521455,263,128,512,521.455
50n_30p_seed1,0.3,1,521793000,44,DRA_ADVERTISE,521373,384,128,512,521.373
50n_30p_seed1,0.3,1,522013016,44,DRA_ADVERTISE,521593,384,128,512,521.593
50n_30p_seed1,0.3,1,523637000,32,DRA_ADVERTISE,522895,261,128,512,522.895
50n_30p_seed1,0.3,1,524203000,20,DRA_ADVERTISE,524191,260,128,512,524.191
50n_30p_seed1,0.3,1,524452000,13,DRA_ADVERTISE,523912,256,128,512,523.912
50n_30p_seed1,0.3,1,524462000,34,DRA_ADVERTISE,523627,409,128,512,523.627
50n_30p_seed1,0.3,1,525103000,41,DRA_ADVERTISE,524714,265,128,512,524.714
50n_30p_seed1,0.3,1,525502000,15,DRA_ADVERTISE,525157,256,128,512,525.157
50n_30p_seed1,0.3,1,526087000,25,DRA_ADVERTISE,525605,260,128,512,525.605
50n_30p_seed1,0.3,1,526285000,24,DRA_ADVERTISE,526106,256,128,512,526.106
50n_30p_seed1,0.3,1,526526016,39,DRA_ADVERTISE,526388,262,128,512,526.388
50n_30p_seed1,0.3,1,526929000,42,DRA_ADVERTISE,526093,388,128,512,526.093
50n_30p_seed1,0.3,1,527424000,39,DRA_ADVERTISE,527286,261,128,512,527.286
50n_30p_seed1,0.3,1,527714064,39,DRA_ADVERTISE,527576,260,128,512,527.576
50n_30p_seed1,0.3,1,527850000,18,DRA_ADVERTISE,527599,256,128,512,527.599
50n_30p_seed1,0.3,1,527902000,43,DRA_ADVERTISE,527689,387,128,512,527.689
50n_30p_seed1,0.3,1,528724288,20,DRA_ADVERTISE,528712,259,128,512,528.712
50n_30p_seed1,0.3,1,530470000,9,DRA_ADVERTISE,530231,261,128,512,530.231
50n_30p_seed1,0.3,1,530607016,20,DRA_ADVERTISE,530595,259,128,512,530.595
50n_30p_seed1,0.3,1,531567000,25,DRA_ADVERTISE,531085,260,128,512,531.085
50n_30p_seed1,0.3,1,533557000,13,DRA_ADVERTISE,533017,256,128,512,533.017
50n_30p_seed1,0.3,1,535033000,13,DRA_ADVERTISE,534493,256,128,512,534.493
50n_30p_seed1,0.3,1,535597000,38,DRA_ADVERTISE,534627,265,128,512,534.627
50n_30p_seed1,0.3,1,535809000,18,DRA_ADVERTISE,535558,256,128,512,535.558
50n_30p_seed1,0.3,1,536097000,38,DRA_ADVERTISE,535127,265,128,512,535.127
50n_30p_seed1,0.3,1,536735000,44,DRA_ADVERTISE,536315,384,128,512,536.315
50n_30p_seed1,0.3,1,536796000,32,DRA_ADVERTISE,536054,261,128,512,536.054
50n_30p_seed1,0.3,1,537123000,20,DRA_ADVERTISE,537111,270,128,512,537.111
50n_30p_seed1,0.3,1,537798000,15,DRA_ADVERTISE,537453,256,128,512,537.453
50n_30p_seed1,0.3,1,539017000,42,DRA_ADVERTISE,538181,387,128,512,538.181
50n_30p_seed1,0.3,1,539839000,34,DRA_ADVERTISE,539004,406,128,512,539.004
50n_30p_seed1,0.3,1,540386000,44,DRA_ADVERTISE,539966,384,128,512,539.966
50n_30p_seed1,0.3,1,540833000,43,DRA_ADVERTISE,540620,386,128,512,540.62
50n_30p_seed1,0.3,1,540895000,42,DRA_ADVERTISE,540059,387,128,512,540.059
50n_30p_seed1,0.3,1,542213000,41,DRA_ADVERTISE,541824,264,128,512,541.824
50n_30p_seed1,0.3,1,543116000,24,DRA_ADVERTISE,542937,256,128,512,542.937
50n_30p_seed1,0.3,1,545594000,9,DRA_ADVERTISE,545355,260,128,512,545.355
50n_30p_seed1,0.3,1,546136000,18,DRA_ADVERTISE,545885,256,128,512,545.885
50n_30p_seed1,0.3,1,546301000,25,DRA_ADVERTISE,545819,259,128,512,545.819
50n_30p_seed1,0.3,1,547523000,39,DRA_ADVERTISE,547385,256,128,512,547.385
50n_30p_seed1,0.3,1,548375000,38,DRA_ADVERTISE,547405,265,128,512,547.405
50n_30p_seed1,0.3,1,550982000,20,DRA_ADVERTISE,550970,268,128,512,550.97
50n_30p_seed1,0.3,1,551912000,24,DRA_ADVERTISE,551733,256,128,512,551.733
50n_30p_seed1,0.3,1,552272000,32,DRA_ADVERTISE,551530,259,128,512,551.53
50n_30p_seed1,0.3,1,553346000,15,DRA_ADVERTISE,553001,256,128,512,553.001
50n_30p_seed1,0.3,1,554199016,20,DRA_ADVERTISE,554187,268,128,512,554.187
50n_30p_seed1,0.3,1,554526000,24,DRA_ADVERTISE,554347,256,128,512,554.347
50n_30p_seed1,0.3,1,555512984,20,DRA_ADVERTISE,555500,266,128,512,555.5
50n_30p_seed1,0.3,1,555610000,20,DRA_ADVERTISE,555598,265,128,512,555.598
50n_30p_seed1,0.3,1,556150000,41,DRA_ADVERTISE,555761,264,128,512,555.761
50n_30p_seed1,0.3,1,556350000,44,DRA_ADVERTISE,555930,384,128,512,555.93
50n_30p_seed1,0.3,1,556957016,44,DRA_ADVERTISE,556537,384,128,512,556.537
50n_30p_seed1,0.3,1,557192000,43,DRA_ADVERTISE,556979,386,128,512,556.979
50n_30p_seed1,0.3,1,557791000,25,DRA_ADVERTISE,557309,259,128,512,557.309
50n_30p_seed1,0.3,1,558048000,39,DRA_ADVERTISE,557910,256,128,512,557.91
50n_30p_seed1,0.3,1,558590000,13,DRA_ADVERTISE,558050,256,128,512,558.05
50n_30p_seed1,0.3,1,559187000,18,DRA_ADVERTISE,558936,256,128,512,558.936
50n_30p_seed1,0.3,1,559487000,42,DRA_ADVERTISE,558651,387,128,512,558.651
50n_30p_seed1,0.3,1,560084000,34,DRA_ADVERTISE,559249,406,128,512,559.249
50n_30p_seed1,0.3,1,560886000,9,DRA_ADVERTISE,560647,260,128,512,560.647
50n_30p_seed1,0.3,1,561161016,20,DRA_ADVERTISE,561149,265,128,512,561.149
50n_30p_seed1,0.3,1,561670000,15,DRA_ADVERTISE,561325,256,128,512,561.325
50n_30p_seed1,0.3,1,562851000,9,DRA_ADVERTISE,562612,259,128,512,562.612
50n_30p_seed1,0.3,1,563297272,20,DRA_ADVERTISE,563285,264,128,512,563.285
50n_30p_seed1,0.3,1,569064000,32,DRA_ADVERTISE,568322,259,128,512,568.322
50n_30p_seed1,0.3,1,569068000,38,DRA_ADVERTISE,568098,264,128,512,568.098
50n_30p_seed1,0.3,1,569434000,20,DRA_ADVERTISE,569422,263,128,512,569.422
50n_30p_seed1,0.3,1,570979000,13,DRA_ADVERTISE,570439,256,128,512,570.439
50n_30p_seed1,0.3,1,571039000,34,DRA_ADVERTISE,570204,403,128,512,570.204
50n_30p_seed1,0.3,1,571045000,42,DRA_ADVERTISE,570209,387,128,512,570.209
50n_30p_seed1,0.3,1,571603000,15,DRA_ADVERTISE,571258,256,128,512,571.258
50n_30p_seed1,0.3,1,573639000,25,DRA_ADVERTISE,573157,259,128,512,573.157
50n_30p_seed1,0.3,1,574497000,43,DRA_ADVERTISE,574284,385,128,512,574.284
50n_30p_seed1,0.3,1,575480000,44,DRA_ADVERTISE,575060,384,128,512,575.06
50n_30p_seed1,0.3,1,576503000,24,DRA_ADVERTISE,576324,256,128,512,576.324
50n_30p_seed1,0.3,1,577676000,41,DRA_ADVERTISE,577287,263,128,512,577.287
50n_30p_seed1,0.3,1,580696000,18,DRA_ADVERTISE,580445,256,128,512,580.445
50n_30p_seed1,0.3,1,580980000,38,DRA_ADVERTISE,580010,264,128,512,580.01
50n_30p_seed1,0.3,1,581043000,39,DRA_ADVERTISE,580905,256,128,512,580.905
50n_30p_seed1,0.3,1,581697000,32,DRA_ADVERTISE,580955,258,128,512,580.955
50n_30p_seed1,0.3,1,582311000,43,DRA_ADVERTISE,582098,385,128,512,582.098
50n_30p_seed1,0.3,1,583214000,9,DRA_ADVERTISE,582975,259,128,512,582.975
50n_30p_seed1,0.3,1,585790000,13,DRA_ADVERTISE,585250,256,128,512,585.25
50n_30p_seed1,0.3,1,586360000,41,DRA_ADVERTISE,585971,263,128,512,585.971
50n_30p_seed1,0.3,1,588468000,34,DRA_ADVERTISE,587633,403,128,512,587.633
50n_30p_seed1,0.3,1,589064984,15,DRA_ADVERTISE,588719,266,128,512,588.719
50n_30p_seed1,0.3,1,590151000,43,DRA_ADVERTISE,589938,385,128,512,589.938
50n_30p_seed1,0.3,1,590235000,18,DRA_ADVERTISE,589984,256,128,512,589.984
50n_30p_seed1,0.3,1,590363984,15,DRA_ADVERTISE,590018,265,128,512,590.018
50n_30p_seed1,0.3,1,591450000,15,DRA_ADVERTISE,591105,264,128,512,591.105
50n_30p_seed1,0.3,1,591568000,24,DRA_ADVERTISE,591389,256,128,512,591.389
50n_30p_seed1,0.3,1,592231000,39,DRA_ADVERTISE,592093,256,128,512,592.093
50n_30p_seed1,0.3,1,592358000,20,DRA_ADVERTISE,592346,261,128,512,592.346
50n_30p_seed1,0.3,1,592511000,44,DRA_ADVERTISE,592091,384,128,512,592.091
50n_30p_seed1,0.3,1,593418984,20,DRA_ADVERTISE,593406,261,128,512,593.406
50n_30p_seed1,0.3,1,593521000,42,DRA_ADVERTISE,592685,386,128,512,592.685
50n_30p_seed1,0.3,1,593852016,44,DRA_ADVERTISE,593432,384,128,512,593.432
50n_30p_seed1,0.3,1,594098000,13,DRA_ADVERTISE,593558,256,128,512,593.558
50n_30p_seed1,0.3,1,594255000,34,DRA_ADVERTISE,593420,401,128,512,593.42
50n_30p_seed1,0.3,1,595104000,39,DRA_ADVERTISE,594966,256,128,512,594.966
50n_30p_seed1,0.3,1,595129016,20,DRA_ADVERTISE,595117,260,128,512,595.117
50n_30p_seed1,0.3,1,595270000,25,DRA_ADVERTISE,594788,258,128,512,594.788
50n_30p_seed1,0.3,1,596245016,15,DRA_ADVERTISE,595900,264,128,512,595.9
50n_30p_seed1,0.3,1,596772272,20,DRA_ADVERTISE,596760,259,128,512,596.76
50n_30p_seed1,0.3,1,597672000,9,DRA_ADVERTISE,597433,258,128,512,597.433
50n_30p_seed1,0.3,1,598042000,18,DRA_ADVERTISE,597791,256,128,512,597.791
50n_30p_seed1,0.3,1,598419000,32,DRA_ADVERTISE,597677,256,128,512,597.677
50n_30p_seed2,0.3,2,8947000,28,DRA_ADVERTISE,8887,343,128,512,8.887
50n_30p_seed2,0.3,2,9376000,28,DRA_ADVERTISE,9316,343,128,512,9.316
50n_30p_seed2,0.3,2,10146000,28,DRA_ADVERTISE,10086,343,128,512,10.086
50n_30p_seed2,0.3,2,11981000,28,DRA_ADVERTISE,11921,343,128,512,11.921
50n_30p_seed2,0.3,2,12255000,35,DRA_ADVERTISE,11487,315,128,512,11.487
50n_30p_seed2,0.3,2,12649000,35,DRA_ADVERTISE,11881,315,128,512,11.881
50n_30p_seed2,0.3,2,13243000,40,DRA_ADVERTISE,12805,300,128,512,12.805
50n_30p_seed2,0.3,2,13400000,35,DRA_ADVERTISE,12632,315,128,512,12.632
50n_30p_seed2,0.3,2,13589000,40,DRA_ADVERTISE,13151,300,128,512,13.151
50n_30p_seed2,0.3,2,14380000,40,DRA_ADVERTISE,13942,300,128,512,13.942
50n_30p_seed2,0.3,2,14423000,31,DRA_ADVERTISE,13674,343,128,512,13.674
50n_30p_seed2,0.3,2,14980000,31,DRA_ADVERTISE,14231,343,128,512,14.231
50n_30p_seed2,0.3,2,15627000,28,DRA_ADVERTISE,15567,343,128,512,15.567
50n_30p_seed2,0.3,2,15663000,31,DRA_ADVERTISE,14914,343,128,512,14.914
50n_30p_seed2,0.3,2,15675000,35,DRA_ADVERTISE,14907,315,128,512,14.907
50n_30p_seed2,0.3,2,15706000,39,DRA_ADVERTISE,15596,328,128,512,15.596
50n_30p_seed2,0.3,2,15875000,40,DRA_ADVERTISE,15437,300,128,512,15.437
50n_30p_seed2,0.3,2,15969000,35,DRA_ADVERTISE,15201,315,128,512,15.201
50n_30p_seed2,0.3,2,16121000,28,DRA_ADVERTISE,16061,343,128,512,16.061
50n_30p_seed2,0.3,2,16224000,39,DRA_ADVERTISE,16114,328,128,512,16.114
50n_30p_seed2,0.3,2,16636000,31,DRA_ADVERTISE,15887,343,128,512,15.887
50n_30p_seed2,0.3,2,16637000,40,DRA_ADVERTISE,16199,300,128,512,16.199
50n_30p_seed2,0.3,2,16818000,28,DRA_ADVERTISE,16758,343,128,512,16.758
50n_30p_seed2,0.3,2,16914000,35,DRA_ADVERTISE,16146,315,128,512,16.146
50n_30p_seed2,0.3,2,16970000,39,DRA_ADVERTISE,16860,328,128,512,16.86
50n_30p_seed2,0.3,2,16996000,10,DRA_ADVERTISE,16601,563,128,512,16.601
50n_30p_seed2,0.3,2,17056000,40,DRA_ADVERTISE,16618,300,128,512,16.618
50n_30p_seed2,0.3,2,17211000,31,DRA_ADVERTISE,16462,343,128,512,16.462
50n_30p_seed2,0.3,2,17406000,10,DRA_ADVERTISE,17011,563,128,512,17.011
50n_30p_seed2,0.3,2,17805000,31,DRA_ADVERTISE,17056,343,128,512,17.056
50n_30p_seed2,0.3,2,18007000,40,DRA_ADVERTISE,17569,300,128,512,17.569
50n_30p_seed2,0.3,2,18245000,10,DRA_ADVERTISE,17850,583,128,512,17.85
50n_30p_seed2,0.3,2,18873000,35,DRA_ADVERTISE,18105,315,128,512,18.105
50n_30p_seed2,0.3,2,18898000,40,DRA_ADVERTISE,18460,300,128,512,18.46
50n_30p_seed2,0.3,2,18917000,39,DRA_ADVERTISE,18807,328,128,512,18.807
50n_30p_seed2,0.3,2,18932000,31,DRA_ADVERTISE,18183,343,128,512,18.183
50n_30p_seed2,0.3,2,19074008,28,DRA_ADVERTISE,19014,343,128,512,19.014
50n_30p_seed2,0.3,2,19114040,28,DRA_ADVERTISE,19054,334,128,512,19.054
50n_30p_seed2,0.3,2,19222000,39,DRA_ADVERTISE,19112,328,128,512,19.112
50n_30p_seed2,0.3,2,19347000,31,DRA_ADVERTISE,18598,343,128,512,18.598
50n_30p_seed2,0.3,2,19358000,26,DRA_ADVERTISE,18642,328,128,512,18.642
50n_30p_seed2,0.3,2,19383000,40,DRA_ADVERTISE,18945,300,128,512,18.945
50n_30p_seed2,0.3,2,19822000,26,DRA_ADVERTISE,19106,328,128,512,19.106
50n_30p_seed2,0.3,2,20115000,10,DRA_ADVERTISE,19720,583,128,512,19.72
50n_30p_seed2,0.3,2,20187008,28,DRA_ADVERTISE,20127,334,128,512,20.127
50n_30p_seed2,0.3,2,20234000,3,DRA_ADVERTISE,19390,497,128,512,19.39
50n_30p_seed2,0.3,2,20297000,39,DRA_ADVERTISE,20187,328,128,512,20.187
50n_30p_seed2,0.3,2,20320296,40,DRA_ADVERTISE,19882,300,128,512,19.882
50n_30p_seed2,0.3,2,20418008,28,DRA_ADVERTISE,20358,326,128,512,20.358
50n_30p_seed2,0.3,2,20427000,31,DRA_ADVERTISE,19678,343,128,512,19.678
50n_30p_seed2,0.3,2,20518000,10,DRA_ADVERTISE,20123,576,128,512,20.123
50n_30p_seed2,0.3,2,20594000,26,DRA_ADVERTISE,19878,328,128,512,19.878
50n_30p_seed2,0.3,2,20697000,3,DRA_ADVERTISE,19853,497,128,512,19.853
50n_30p_seed2,0.3,2,20905000,34,DRA_ADVERTISE,20388,323,128,512,20.388
50n_30p_seed2,0.3,2,21018000,16,DRA_ADVERTISE,20458,542,128,512,20.458
50n_30p_seed2,0.3,2,21348000,34,DRA_ADVERTISE,20831,323,128,512,20.831
50n_30p_seed2,0.3,2,21384000,35,DRA_ADVERTISE,20616,315,128,512,20.616
50n_30p_seed2,0.3,2,21547000,16,DRA_ADVERTISE,20987,542,128,512,20.987
50n_30p_seed2,0.3,2,21560000,10,DRA_ADVERTISE,21165,576,128,512,21.165
50n_30p_seed2,0.3,2,21661000,3,DRA_ADVERTISE,20817,497,128,512,20.817
50n_30p_seed2,0.3,2,21735000,39,DRA_ADVERTISE,21625,328,128,512,21.625
50n_30p_seed2,0.3,2,21737000,28,DRA_ADVERTISE,21677,323,128,512,21.677
50n_30p_seed2,0.3,2,21765000,31,DRA_ADVERTISE,21016,334,128,512,21.016
50n_30p_seed2,0.3,2,22055000,40,DRA_ADVERTISE,21617,300,128,512,21.617
50n_30p_seed2,0.3,2,22223000,16,DRA_ADVERTISE,21663,542,128,512,21.663
50n_30p_seed2,0.3,2,22401000,34,DRA_ADVERTISE,21884,323,128,512,21.884
50n_30p_seed2,0.3,2,22487008,28,DRA_ADVERTISE,22427,323,128,512,22.427
50n_30p_seed2,0.3,2,22726000,26,DRA_ADVERTISE,22010,328,128,512,22.01
50n_30p_seed2,0.3,2,22902000,10,DRA_ADVERTISE,22507,576,128,512,22.507
50n_30p_seed2,0.3,2,23552000,3,DRA_ADVERTISE,22708,490,128,512,22.708
50n_30p_seed2,0.3,2,24080000,16,DRA_ADVERTISE,23520,542,128,512,23.52
50n_30p_seed2,0.3,2,24289000,18,DRA_ADVERTISE,24121,313,128,512,24.121
50n_30p_seed2,0.3,2,24305000,34,DRA_ADVERTISE,23788,323,128,512,23.788
50n_30p_seed2,0.3,2,24796040,40,DRA_ADVERTISE,24358,295,128,512,24.358
50n_30p_seed2,0.3,2,24835000,18,DRA_ADVERTISE,24667,313,128,512,24.667
50n_30p_seed2,0.3,2,25577000,18,DRA_ADVERTISE,25409,313,128,512,25.409
50n_30p_seed2,0.3,2,25646008,35,DRA_ADVERTISE,24878,315,128,512,24.878
50n_30p_seed2,0.3,2,25824000,26,DRA_ADVERTISE,25108,328,128,512,25.108
50n_30p_seed2,0.3,2,26071000,39,DRA_ADVERTISE,25961,320,128,512,25.961
50n_30p_seed2,0.3,2,26093000,31,DRA_ADVERTISE,25344,326,128,512,25.344
50n_30p_seed2,0.3,2,26767000,48,DRA_ADVERTISE,26413,353,128,512,26.413
50n_30p_seed2,0.3,2,26847000,16,DRA_ADVERTISE,26287,530,128,512,26.287
50n_30p_seed2,0.3,2,27139000,48,DRA_ADVERTISE,26785,353,128,512,26.785
50n_30p_seed2,0.3,2,27341000,3,DRA_ADVERTISE,26497,484,128,512,26.497
50n_30p_seed2,0.3,2,27649000,18,DRA_ADVERTISE,27481,313,128,512,27.481
50n_30p_seed2,0.3,2,27833000,10,DRA_ADVERTISE,27438,563,128,512,27.438
50n_30p_seed2,0.3,2,27954000,48,DRA_ADVERTISE,27600,353,128,512,27.6
50n_30p_seed2,0.3,2,28600000,34,DRA_ADVERTISE,28083,323,128,512,28.083
50n_30p_seed2,0.3,2,29317008,10,DRA_ADVERTISE,28922,563,128,512,28.922
50n_30p_seed2,0.3,2,29606000,4,DRA_ADVERTISE,28681,317,128,512,28.681
50n_30p_seed2,0.3,2,29620000,11,DRA_ADVERTISE,29150,299,128,512,29.15
50n_30p_seed2,0.3,2,30168000,11,DRA_ADVERTISE,29698,299,128,512,29.698
50n_30p_seed2,0.3,2,30189000,4,DRA_ADVERTISE,29264,317,128,512,29.264
50n_30p_seed2,0.3,2,30356000,35,DRA_ADVERTISE,29588,303,128,512,29.588
50n_30p_seed2,0.3,2,30358000,48,DRA_ADVERTISE,30004,353,128,512,30.004
50n_30p_seed2,0.3,2,31174000,10,DRA_ADVERTISE,30779,550,128,512,30.779
50n_30p_seed2,0.3,2,31207000,4,DRA_ADVERTISE,30282,317,128,512,30.282
50n_30p_seed2,0.3,2,31248000,11,DRA_ADVERTISE,30778,294,128,512,30.778
50n_30p_seed2,0.3,2,31364000,18,DRA_ADVERTISE,31196,313,128,512,31.196
50n_30p_seed2,0.3,2,31407000,28,DRA_ADVERTISE,31347,294,128,512,31.347
50n_30p_seed2,0.3,2,31606008,10,DRA_ADVERTISE,31211,550,128,512,31.211
50n_30p_seed2,0.3,2,31618000,39,DRA_ADVERTISE,31508,313,128,512,31.508
50n_30p_seed2,0.3,2,31746000,31,DRA_ADVERTISE,30997,312,128,512,30.997
50n_30p_seed2,0.3,2,31997000,2,DRA_ADVERTISE,31976,343,128,512,31.976
50n_30p_seed2,0.3,2,32292000,2,DRA_ADVERTISE,32271,343,128,512,32.271
50n_30p_seed2,0.3,2,32562000,3,DRA_ADVERTISE,31718,484,128,512,31.718
50n_30p_seed2,0.3,2,32901000,10,DRA_ADVERTISE,32506,538,128,512,32.506
50n_30p_seed2,0.3,2,33110000,2,DRA_ADVERTISE,33089,343,128,512,33.089
50n_30p_seed2,0.3,2,33123000,16,DRA_ADVERTISE,32563,530,128,512,32.563
50n_30p_seed2,0.3,2,33227000,11,DRA_ADVERTISE,32757,294,128,512,32.757
50n_30p_seed2,0.3,2,33280000,4,DRA_ADVERTISE,32355,317,128,512,32.355
50n_30p_seed2,0.3,2,33568000,48,DRA_ADVERTISE,33214,353,128,512,33.214
50n_30p_seed2,0.3,2,33595920,10,DRA_ADVERTISE,33200,538,128,512,33.2
50n_30p_seed2,0.3,2,33782000,40,DRA_ADVERTISE,33344,283,128,512,33.344
50n_30p_seed2,0.3,2,33972000,26,DRA_ADVERTISE,33256,328,128,512,33.256
50n_30p_seed2,0.3,2,34069000,34,DRA_ADVERTISE,33552,316,128,512,33.552
50n_30p_seed2,0.3,2,35164000,10,DRA_ADVERTISE,34769,324,128,512,34.769
50n_30p_seed2,0.3,2,35333000,2,DRA_ADVERTISE,35312,343,128,512,35.312
50n_30p_seed2,0.3,2,35640240,10,DRA_ADVERTISE,35245,317,128,512,35.245
50n_30p_seed2,0.3,2,36017000,4,DRA_ADVERTISE,35092,835,323,512,35.092
50n_30p_seed2,0.3,2,36266000,11,DRA_ADVERTISE,35796,294,128,512,35.796
50n_30p_seed2,0.3,2,36412000,10,DRA_ADVERTISE,36017,499,128,512,36.017
50n_30p_seed2,0.3,2,36535000,4,DRA_ADVERTISE,35610,835,323,512,35.61
50n_30p_seed2,0.3,2,37285000,4,DRA_ADVERTISE,36360,835,323,512,36.36
50n_30p_seed2,0.3,2,38264000,2,DRA_ADVERTISE,38243,343,128,512,38.243
50n_30p_seed2,0.3,2,38699000,18,DRA_ADVERTISE,38531,307,128,512,38.531
50n_30p_seed2,0.3,2,39305000,4,DRA_ADVERTISE,38380,835,323,512,38.38
50n_30p_seed2,0.3,2,39396000,4,DRA_ADVERTISE,38471,835,323,512,38.471
50n_30p_seed2,0.3,2,39633000,4,DRA_ADVERTISE,38708,835,323,512,38.708
50n_30p_seed2,0.3,2,41436000,48,DRA_ADVERTISE,41082,353,128,512,41.082
50n_30p_seed2,0.3,2,41763000,4,DRA_ADVERTISE,40838,835,323,512,40.838
50n_30p_seed2,0.3,2,42524000,35,DRA_ADVERTISE,41756,303,128,512,41.756
50n_30p_seed2,0.3,2,42648000,11,DRA_ADVERTISE,42178,294,128,512,42.178
50n_30p_seed2,0.3,2,42903000,4,DRA_ADVERTISE,41978,835,323,512,41.978
50n_30p_seed2,0.3,2,43189000,31,DRA_ADVERTISE,42440,301,128,512,42.44
50n_30p_seed2,0.3,2,44452000,2,DRA_ADVERTISE,44431,343,128,512,44.431
50n_30p_seed2,0.3,2,44801000,26,DRA_ADVERTISE,44085,320,128,512,44.085
50n_30p_seed2,0.3,2,45123000,39,DRA_ADVERTISE,45013,313,128,512,45.013
50n_30p_seed2,0.3,2,45361000,28,DRA_ADVERTISE,45301,274,128,512,45.301
50n_30p_seed2,0.3,2,45515000,4,DRA_ADVERTISE,44590,835,323,512,44.59
50n_30p_seed2,0.3,2,45795000,16,DRA_ADVERTISE,45235,518,128,512,45.235
50n_30p_seed2,0.3,2,46126952,35,DRA_ADVERTISE,45358,303,128,512,45.358
50n_30p_seed2,0.3,2,47927008,2,DRA_ADVERTISE,47906,343,128,512,47.906
50n_30p_seed2,0.3,2,47966296,10,DRA_ADVERTISE,47571,490,128,512,47.571
50n_30p_seed2,0.3,2,49036000,10,DRA_ADVERTISE,48641,482,128,512,48.641
50n_30p_seed2,0.3,2,49306000,40,DRA_ADVERTISE,48868,277,128,512,48.868
50n_30p_seed2,0.3,2,50266000,3,DRA_ADVERTISE,49422,444,128,512,49.422
50n_30p_seed2,0.3,2,51186000,4,DRA_ADVERTISE,50261,328,128,512,50.261
50n_30p_seed2,0.3,2,51845000,34,DRA_ADVERTISE,51328,316,128,512,51.328
50n_30p_seed2,0.3,2,52804920,10,DRA_ADVERTISE,52409,465,128,512,52.409
50n_30p_seed2,0.3,2,53261000,28,DRA_ADVERTISE,53201,270,128,512,53.201
50n_30p_seed2,0.3,2,55672000,18,DRA_ADVERTISE,55504,307,128,512,55.504
50n_30p_seed2,0.3,2,55902000,11,DRA_ADVERTISE,55432,290,128,512,55.432
50n_30p_seed2,0.3,2,56163000,35,DRA_ADVERTISE,55395,298,128,512,55.395
50n_30p_seed2,0.3,2,57161000,48,DRA_ADVERTISE,56807,343,128,512,56.807
50n_30p_seed2,0.3,2,59633208,10,DRA_ADVERTISE,59238,458,128,512,59.238
50n_30p_seed2,0.3,2,60099000,39,DRA_ADVERTISE,59989,301,128,512,59.989
50n_30p_seed2,0.3,2,60825000,28,DRA_ADVERTISE,60765,270,128,512,60.765
50n_30p_seed2,0.3,2,62155000,40,DRA_ADVERTISE,61717,277,128,512,61.717
50n_30p_seed2,0.3,2,62792000,2,DRA_ADVERTISE,62771,319,128,512,62.771
50n_30p_seed2,0.3,2,63349000,35,DRA_ADVERTISE,62581,293,128,512,62.581
50n_30p_seed2,0.3,2,63430000,10,DRA_ADVERTISE,63035,445,128,512,63.035
50n_30p_seed2,0.3,2,63518000,3,DRA_ADVERTISE,62674,437,128,512,62.674
50n_30p_seed2,0.3,2,63783000,31,DRA_ADVERTISE,63034,284,128,512,63.034
50n_30p_seed2,0.3,2,63848000,16,DRA_ADVERTISE,63288,507,128,512,63.288
50n_30p_seed2,0.3,2,64444000,3,DRA_ADVERTISE,63600,432,128,512,63.6
50n_30p_seed2,0.3,2,64787000,40,DRA_ADVERTISE,64349,277,128,512,64.349
50n_30p_seed2,0.3,2,65785000,34,DRA_ADVERTISE,65268,310,128,512,65.268
50n_30p_seed2,0.3,2,66688000,26,DRA_ADVERTISE,65972,313,128,512,65.972
50n_30p_seed2,0.3,2,67044000,4,DRA_ADVERTISE,66119,320,128,512,66.119
50n_30p_seed2,0.3,2,67857000,18,DRA_ADVERTISE,67689,307,128,512,67.689
50n_30p_seed2,0.3,2,70667000,39,DRA_ADVERTISE,70557,301,128,512,70.557
50n_30p_seed2,0.3,2,71333000,48,DRA_ADVERTISE,70979,343,128,512,70.979
50n_30p_seed2,0.3,2,72622000,2,DRA_ADVERTISE,72601,319,128,512,72.601
50n_30p_seed2,0.3,2,75488000,11,DRA_ADVERTISE,75018,290,128,512,75.018
50n_30p_seed2,0.3,2,75553000,35,DRA_ADVERTISE,74785,293,128,512,74.785
50n_30p_seed2,0.3,2,76647000,26,DRA_ADVERTISE,75931,313,128,512,75.931
50n_30p_seed2,0.3,2,78605000,34,DRA_ADVERTISE,78088,310,128,512,78.088
50n_30p_seed2,0.3,2,79321000,16,DRA_ADVERTISE,78761,488,128,512,78.761
50n_30p_seed2,0.3,2,79374000,28,DRA_ADVERTISE,79314,261,128,512,79.314
50n_30p_seed2,0.3,2,80391000,31,DRA_ADVERTISE,79642,278,128,512,79.642
50n_30p_seed2,0.3,2,80600000,4,DRA_ADVERTISE,79675,320,128,512,79.675
50n_30p_seed2,0.3,2,81002000,31,DRA_ADVERTISE,80253,278,128,512,80.253
50n_30p_seed2,0.3,2,81897000,3,DRA_ADVERTISE,81053,432,128,512,81.053
50n_30p_seed2,0.3,2,82310000,48,DRA_ADVERTISE,81956,334,128,512,81.956
50n_30p_seed2,0.3,2,82464000,40,DRA_ADVERTISE,82026,272,128,512,82.026
50n_30p_seed2,0.3,2,83353000,39,DRA_ADVERTISE,83243,296,128,512,83.243
50n_30p_seed2,0.3,2,83776000,48,DRA_ADVERTISE,83422,334,128,512,83.422
50n_30p_seed2,0.3,2,84138000,10,DRA_ADVERTISE,83743,435,128,512,83.743
50n_30p_seed2,0.3,2,85213208,10,DRA_ADVERTISE,84818,435,128,512,84.818
50n_30p_seed2,0.3,2,85482000,18,DRA_ADVERTISE,85314,301,128,512,85.314
50n_30p_seed2,0.3,2,87940000,16,DRA_ADVERTISE,87380,488,128,512,87.38
50n_30p_seed2,0.3,2,89932920,10,DRA_ADVERTISE,89537,425,128,512,89.537
50n_30p_seed2,0.3,2,91513000,2,DRA_ADVERTISE,91492,306,128,512,91.492
50n_30p_seed2,0.3,2,92234000,11,DRA_ADVERTISE,91764,286,128,512,91.764
50n_30p_seed2,0.3,2,93291000,26,DRA_ADVERTISE,92575,313,128,512,92.575
50n_30p_seed2,0.3,2,93881000,2,DRA_ADVERTISE,93860,306,128,512,93.86
50n_30p_seed2,0.3,2,94707000,28,DRA_ADVERTISE,94647,257,128,512,94.647
50n_30p_seed2,0.3,2,96049000,35,DRA_ADVERTISE,95281,285,128,512,95.281
50n_30p_seed2,0.3,2,96536000,16,DRA_ADVERTISE,95976,477,128,512,95.976
50n_30p_seed2,0.3,2,96931000,10,DRA_ADVERTISE,96536,421,128,512,96.536
50n_30p_seed2,0.3,2,97289000,40,DRA_ADVERTISE,96851,270,128,512,96.851
50n_30p_seed2,0.3,2,97982000,31,DRA_ADVERTISE,97233,271,128,512,97.233
50n_30p_seed2,0.3,2,98587000,3,DRA_ADVERTISE,97743,424,128,512,97.743
50n_30p_seed2,0.3,2,98637000,34,DRA_ADVERTISE,98120,304,128,512,98.12
50n_30p_seed2,0.3,2,98720000,39,DRA_ADVERTISE,98610,292,128,512,98.61
50n_30p_seed2,0.3,2,100823000,4,DRA_ADVERTISE,99898,313,128,512,99.898
50n_30p_seed2,0.3,2,101601000,18,DRA_ADVERTISE,101433,301,128,512,101.433
50n_30p_seed2,0.3,2,104738000,34,DRA_ADVERTISE,104221,304,128,512,104.221
50n_30p_seed2,0.3,2,106963000,48,DRA_ADVERTISE,106609,326,128,512,106.609
50n_30p_seed2,0.3,2,108977000,28,DRA_ADVERTISE,108917,256,128,512,108.917
50n_30p_seed2,0.3,2,109079240,10,DRA_ADVERTISE,108684,417,128,512,108.684
50n_30p_seed2,0.3,2,110213000,2,DRA_ADVERTISE,110192,301,128,512,110.192
50n_30p_seed2,0.3,2,110355000,40,DRA_ADVERTISE,109917,265,128,512,109.917
50n_30p_seed2,0.3,2,110484000,40,DRA_ADVERTISE,110046,265,128,512,110.046
50n_30p_seed2,0.3,2,110692000,16,DRA_ADVERTISE,110132,477,128,512,110.132
50n_30p_seed2,0.3,2,110734000,11,DRA_ADVERTISE,110264,286,128,512,110.264
50n_30p_seed2,0.3,2,110828000,4,DRA_ADVERTISE,109903,307,128,512,109.903
50n_30p_seed2,0.3,2,110946000,35,DRA_ADVERTISE,110178,282,128,512,110.178
50n_30p_seed2,0.3,2,111044000,18,DRA_ADVERTISE,110876,296,128,512,110.876
50n_30p_seed2,0.3,2,112055000,39,DRA_ADVERTISE,111945,288,128,512,111.945
50n_30p_seed2,0.3,2,112197000,26,DRA_ADVERTISE,111481,307,128,512,111.481
50n_30p_seed2,0.3,2,114297000,34,DRA_ADVERTISE,113780,299,128,512,113.78
50n_30p_seed2,0.3,2,114317000,31,DRA_ADVERTISE,113568,269,128,512,113.568
50n_30p_seed2,0.3,2,115510000,10,DRA_ADVERTISE,115115,413,128,512,115.115
50n_30p_seed2,0.3,2,117949000,3,DRA_ADVERTISE,117105,420,128,512,117.105
50n_30p_seed2,0.3,2,118324192,10,DRA_ADVERTISE,117929,410,128,512,117.929
50n_30p_seed2,0.3,2,118591000,26,DRA_ADVERTISE,117875,307,128,512,117.875
50n_30p_seed2,0.3,2,118999000,18,DRA_ADVERTISE,118831,296,128,512,118.831
50n_30p_seed2,0.3,2,120130000,11,DRA_ADVERTISE,119660,286,128,512,119.66
50n_30p_seed2,0.3,2,122321000,48,DRA_ADVERTISE,121967,326,128,512,121.967
50n_30p_seed2,0.3,2,124527000,35,DRA_ADVERTISE,123759,279,128,512,123.759
50n_30p_seed2,0.3,2,125733000,39,DRA_ADVERTISE,125623,288,128,512,125.623
50n_30p_seed2,0.3,2,126974000,26,DRA_ADVERTISE,126258,301,128,512,126.258
50n_30p_seed2,0.3,2,127185000,31,DRA_ADVERTISE,126436,265,128,512,126.436
50n_30p_seed2,0.3,2,127237000,35,DRA_ADVERTISE,126469,279,128,512,126.469
50n_30p_seed2,0.3,2,127587000,4,DRA_ADVERTISE,126662,307,128,512,126.662
50n_30p_seed2,0.3,2,127844000,28,DRA_ADVERTISE,127784,263,128,512,127.784
50n_30p_seed2,0.3,2,128320000,2,DRA_ADVERTISE,128299,296,128,512,128.299
50n_30p_seed2,0.3,2,129181000,16,DRA_ADVERTISE,128621,464,128,512,128.621
50n_30p_seed2,0.3,2,129520000,3,DRA_ADVERTISE,128676,416,128,512,128.676
50n_30p_seed2,0.3,2,129841000,4,DRA_ADVERTISE,128916,307,128,512,128.916
50n_30p_seed2,0.3,2,130222000,40,DRA_ADVERTISE,129784,265,128,512,129.784
50n_30p_seed2,0.3,2,131304000,10,DRA_ADVERTISE,130909,407,128,512,130.909
50n_30p_seed2,0.3,2,131344240,10,DRA_ADVERTISE,130949,407,128,512,130.949
50n_30p_seed2,0.3,2,132328000,10,DRA_ADVERTISE,131933,404,128,512,131.933
50n_30p_seed2,0.3,2,132399000,34,DRA_ADVERTISE,131882,299,128,512,131.882
50n_30p_seed2,0.3,2,133833000,11,DRA_ADVERTISE,133363,283,128,512,133.363
50n_30p_seed2,0.3,2,136569000,18,DRA_ADVERTISE,136401,292,128,512,136.401
50n_30p_seed2,0.3,2,136658000,11,DRA_ADVERTISE,136188,283,128,512,136.188
50n_30p_seed2,0.3,2,137054000,48,DRA_ADVERTISE,136700,319,128,512,136.7
50n_30p_seed2,0.3,2,140744000,2,DRA_ADVERTISE,140723,292,128,512,140.723
50n_30p_seed2,0.3,2,143351000,35,DRA_ADVERTISE,142583,274,128,512,142.583
50n_30p_seed2,0.3,2,143652000,31,DRA_ADVERTISE,142903,262,128,512,142.903
50n_30p_seed2,0.3,2,143803000,26,DRA_ADVERTISE,143087,301,128,512,143.087
50n_30p_seed2,0.3,2,144279000,28,DRA_ADVERTISE,144219,260,128,512,144.219
50n_30p_seed2,0.3,2,144293000,31,DRA_ADVERTISE,143544,262,128,512,143.544
50n_30p_seed2,0.3,2,145544000,34,DRA_ADVERTISE,145027,294,128,512,145.027
50n_30p_seed2,0.3,2,146411000,40,DRA_ADVERTISE,145973,262,128,512,145.973
50n_30p_seed2,0.3,2,146680000,4,DRA_ADVERTISE,145755,301,128,512,145.755
50n_30p_seed2,0.3,2,147168000,39,DRA_ADVERTISE,147058,281,128,512,147.058
50n_30p_seed2,0.3,2,147171000,10,DRA_ADVERTISE,146776,404,128,512,146.776
50n_30p_seed2,0.3,2,147393000,2,DRA_ADVERTISE,147372,292,128,512,147.372
50n_30p_seed2,0.3,2,149911000,16,DRA_ADVERTISE,149351,461,128,512,149.351
50n_30p_seed2,0.3,2,150167000,3,DRA_ADVERTISE,149323,416,128,512,149.323
50n_30p_seed2,0.3,2,150860000,48,DRA_ADVERTISE,150506,319,128,512,150.506
50n_30p_seed2,0.3,2,151332000,3,DRA_ADVERTISE,150488,416,128,512,150.488
50n_30p_seed2,0.3,2,151441000,18,DRA_ADVERTISE,151273,292,128,512,151.273
50n_30p_seed2,0.3,2,152441240,10,DRA_ADVERTISE,152046,404,128,512,152.046
50n_30p_seed2,0.3,2,153890000,11,DRA_ADVERTISE,153420,283,128,512,153.42
50n_30p_seed2,0.3,2,155735000,28,DRA_ADVERTISE,155675,257,128,512,155.675
50n_30p_seed2,0.3,2,155835000,2,DRA_ADVERTISE,155814,288,128,512,155.814
50n_30p_seed2,0.3,2,157659952,10,DRA_ADVERTISE,157264,402,128,512,157.264
50n_30p_seed2,0.3,2,157880000,40,DRA_ADVERTISE,157442,262,128,512,157.442
50n_30p_seed2,0.3,2,159068000,4,DRA_ADVERTISE,158143,296,128,512,158.143
50n_30p_seed2,0.3,2,160114000,34,DRA_ADVERTISE,159597,294,128,512,159.597
50n_30p_seed2,0.3,2,160490000,10,DRA_ADVERTISE,160095,398,128,512,160.095
50n_30p_seed2,0.3,2,160765000,35,DRA_ADVERTISE,159997,272,128,512,159.997
50n_30p_seed2,0.3,2,161525000,16,DRA_ADVERTISE,160965,452,128,512,160.965
50n_30p_seed2,0.3,2,161656000,26,DRA_ADVERTISE,160940,296,128,512,160.94
50n_30p_seed2,0.3,2,162217000,28,DRA_ADVERTISE,162157,256,128,512,162.157
50n_30p_seed2,0.3,2,163608000,3,DRA_ADVERTISE,162764,412,128,512,162.764
50n_30p_seed2,0.3,2,163816000,48,DRA_ADVERTISE,163462,312,128,512,163.462
50n_30p_seed2,0.3,2,164584000,39,DRA_ADVERTISE,164474,278,128,512,164.474
50n_30p_seed2,0.3,2,164807000,31,DRA_ADVERTISE,164058,260,128,512,164.058
50n_30p_seed2,0.3,2,166277000,39,DRA_ADVERTISE,166167,278,128,512,166.167
50n_30p_seed2,0.3,2,171029000,18,DRA_ADVERTISE,170861,288,128,512,170.861
50n_30p_seed2,0.3,2,172453000,48,DRA_ADVERTISE,172099,312,128,512,172.099
50n_30p_seed2,0.3,2,173644000,28,DRA_ADVERTISE,173584,256,128,512,173.584
50n_30p_seed2,0.3,2,174211000,2,DRA_ADVERTISE,174190,284,128,512,174.19
50n_30p_seed2,0.3,2,174306000,16,DRA_ADVERTISE,173746,452,128,512,173.746
50n_30p_seed2,0.3,2,174490000,39,DRA_ADVERTISE,174380,278,128,512,174.38
50n_30p_seed2,0.3,2,174737000,26,DRA_ADVERTISE,174021,292,128,512,174.021
50n_30p_seed2,0.3,2,175262240,10,DRA_ADVERTISE,174867,398,128,512,174.867
50n_30p_seed2,0.3,2,175358000,11,DRA_ADVERTISE,174888,280,128,512,174.888
50n_30p_seed2,0.3,2,176367000,34,DRA_ADVERTISE,175850,290,128,512,175.85
50n_30p_seed2,0.3,2,176532000,35,DRA_ADVERTISE,175764,270,128,512,175.764
50n_30p_seed2,0.3,2,176658000,3,DRA_ADVERTISE,175814,412,128,512,175.814
50n_30p_seed2,0.3,2,176661000,16,DRA_ADVERTISE,176101,452,128,512,176.101
50n_30p_seed2,0.3,2,179472000,40,DRA_ADVERTISE,179034,259,128,512,179.034
50n_30p_seed2,0.3,2,179778000,4,DRA_ADVERTISE,178853,292,128,512,178.853
50n_30p_seed2,0.3,2,180533000,10,DRA_ADVERTISE,180138,396,128,512,180.138
50n_30p_seed2,0.3,2,181606000,31,DRA_ADVERTISE,180857,258,128,512,180.857
50n_30p_seed2,0.3,2,181860000,18,DRA_ADVERTISE,181692,288,128,512,181.692
50n_30p_seed2,0.3,2,182596000,34,DRA_ADVERTISE,182079,290,128,512,182.079
50n_30p_seed2,0.3,2,187923000,48,DRA_ADVERTISE,187569,312,128,512,187.569
50n_30p_seed2,0.3,2,190637000,11,DRA_ADVERTISE,190167,277,128,512,190.167
50n_30p_seed2,0.3,2,191369000,31,DRA_ADVERTISE,190620,257,128,512,190.62
50n_30p_seed2,0.3,2,191429000,35,DRA_ADVERTISE,190661,270,128,512,190.661
50n_30p_seed2,0.3,2,191722952,10,DRA_ADVERTISE,191327,394,128,512,191.327
50n_30p_seed2,0.3,2,192364000,28,DRA_ADVERTISE,192304,256,128,512,192.304
50n_30p_seed2,0.3,2,192910000,39,DRA_ADVERTISE,192800,273,128,512,192.8
50n_30p_seed2,0.3,2,193372000,16,DRA_ADVERTISE,192812,445,128,512,192.812
50n_30p_seed2,0.3,2,193402000,2,DRA_ADVERTISE,193381,278,128,512,193.381
50n_30p_seed2,0.3,2,194853000,3,DRA_ADVERTISE,194009,409,128,512,194.009
50n_30p_seed2,0.3,2,195163000,10,DRA_ADVERTISE,194768,393,128,512,194.768
50n_30p_seed2,0.3,2,195940000,18,DRA_ADVERTISE,195772,284,128,512,195.772
50n_30p_seed2,0.3,2,196397000,26,DRA_ADVERTISE,195681,292,128,512,195.681
50n_30p_seed2,0.3,2,197366000,34,DRA_ADVERTISE,196849,286,128,512,196.849
50n_30p_seed2,0.3,2,197459000,40,DRA_ADVERTISE,197021,259,128,512,197.021
50n_30p_seed2,0.3,2,197927000,40,DRA_ADVERTISE,197489,259,128,512,197.489
50n_30p_seed2,0.3,2,198859000,4,DRA_ADVERTISE,197934,292,128,512,197.934
50n_30p_seed2,0.3,2,199723000,4,DRA_ADVERTISE,198798,292,128,512,198.798
50n_30p_seed2,0.3,2,201922000,26,DRA_ADVERTISE,201206,292,128,512,201.206
50n_30p_seed2,0.3,2,203254000,48,DRA_ADVERTISE,202900,306,128,512,202.9
50n_30p_seed2,0.3,2,204724000,28,DRA_ADVERTISE,204664,256,128,512,204.664
50n_30p_seed2,0.3,2,207017000,35,DRA_ADVERTISE,206249,266,128,512,206.249
50n_30p_seed2,0.3,2,207740000,35,DRA_ADVERTISE,206972,266,128,512,206.972
50n_30p_seed2,0.3,2,208177000,18,DRA_ADVERTISE,208009,284,128,512,208.009
50n_30p_seed2,0.3,2,208402000,39,DRA_ADVERTISE,208292,271,128,512,208.292
50n_30p_seed2,0.3,2,208468000,40,DRA_ADVERTISE,208030,257,128,512,208.03
50n_30p_seed2,0.3,2,208803000,11,DRA_ADVERTISE,208333,277,128,512,208.333
50n_30p_seed2,0.3,2,208816000,10,DRA_ADVERTISE,208421,393,128,512,208.421
50n_30p_seed2,0.3,2,209607000,16,DRA_ADVERTISE,209047,457,128,512,209.047
50n_30p_seed2,0.3,2,209975000,2,DRA_ADVERTISE,209954,278,128,512,209.954
50n_30p_seed2,0.3,2,211107000,34,DRA_ADVERTISE,210590,286,128,512,210.59
50n_30p_seed2,0.3,2,211160000,2,DRA_ADVERTISE,211139,278,128,512,211.139
50n_30p_seed2,0.3,2,211763000,31,DRA_ADVERTISE,211014,256,128,512,211.014
50n_30p_seed2,0.3,2,212408240,10,DRA_ADVERTISE,212013,392,128,512,212.013
50n_30p_seed2,0.3,2,213243000,26,DRA_ADVERTISE,212527,288,128,512,212.527
50n_30p_seed2,0.3,2,215329000,4,DRA_ADVERTISE,214404,288,128,512,214.404
50n_30p_seed2,0.3,2,216362000,3,DRA_ADVERTISE,215518,409,128,512,215.518
50n_30p_seed2,0.3,2,217985000,18,DRA_ADVERTISE,217817,281,128,512,217.817
50n_30p_seed2,0.3,2,219984000,11,DRA_ADVERTISE,219514,277,128,512,219.514
50n_30p_seed2,0.3,2,220494952,10,DRA_ADVERTISE,220099,391,128,512,220.099
50n_30p_seed2,0.3,2,220775000,3,DRA_ADVERTISE,219931,409,128,512,219.931
50n_30p_seed2,0.3,2,221176000,48,DRA_ADVERTISE,220822,306,128,512,220.822
50n_30p_seed2,0.3,2,221452000,28,DRA_ADVERTISE,221392,256,128,512,221.392
50n_30p_seed2,0.3,2,223331000,40,DRA_ADVERTISE,222893,256,128,512,222.893
50n_30p_seed2,0.3,2,223706000,2,DRA_ADVERTISE,223685,273,128,512,223.685
50n_30p_seed2,0.3,2,224433000,39,DRA_ADVERTISE,224323,267,128,512,224.323
50n_30p_seed2,0.3,2,226070000,35,DRA_ADVERTISE,225302,265,128,512,225.302
50n_30p_seed2,0.3,2,226390000,4,DRA_ADVERTISE,225465,288,128,512,225.465
50n_30p_seed2,0.3,2,227202000,48,DRA_ADVERTISE,226848,306,128,512,226.848
50n_30p_seed2,0.3,2,227340000,10,DRA_ADVERTISE,226945,390,128,512,226.945
50n_30p_seed2,0.3,2,227453000,34,DRA_ADVERTISE,226936,283,128,512,226.936
50n_30p_seed2,0.3,2,227763000,10,DRA_ADVERTISE,227368,390,128,512,227.368
50n_30p_seed2,0.3,2,228089000,16,DRA_ADVERTISE,227529,446,128,512,227.529
50n_30p_seed2,0.3,2,228121000,28,DRA_ADVERTISE,228061,256,128,512,228.061
50n_30p_seed2,0.3,2,229467000,31,DRA_ADVERTISE,228718,256,128,512,228.718
50n_30p_seed2,0.3,2,230098000,3,DRA_ADVERTISE,229254,406,128,512,229.254
50n_30p_seed2,0.3,2,230974000,18,DRA_ADVERTISE,230806,281,128,512,230.806
50n_30p_seed2,0.3,2,231190000,16,DRA_ADVERTISE,230630,446,128,512,230.63
50n_30p_seed2,0.3,2,231218000,26,DRA_ADVERTISE,230502,284,128,512,230.502
50n_30p_seed2,0.3,2,231322000,48,DRA_ADVERTISE,230968,306,128,512,230.968
50n_30p_seed2,0.3,2,233389000,31,DRA_ADVERTISE,232640,256,128,512,232.64
50n_30p_seed2,0.3,2,234984000,34,DRA_ADVERTISE,234467,280,128,512,234.467
50n_30p_seed2,0.3,2,237617000,2,DRA_ADVERTISE,237596,273,128,512,237.596
50n_30p_seed2,0.3,2,238016000,11,DRA_ADVERTISE,237546,274,128,512,237.546
50n_30p_seed2,0.3,2,239117000,11,DRA_ADVERTISE,238647,274,128,512,238.647
50n_30p_seed2,0.3,2,241225000,31,DRA_ADVERTISE,240476,256,128,512,240.476
50n_30p_seed2,0.3,2,241318000,4,DRA_ADVERTISE,240393,288,128,512,240.393
50n_30p_seed2,0.3,2,241333000,28,DRA_ADVERTISE,241273,256,128,512,241.273
50n_30p_seed2,0.3,2,241433000,40,DRA_ADVERTISE,240995,256,128,512,240.995
50n_30p_seed2,0.3,2,242015952,10,DRA_ADVERTISE,241620,389,128,512,241.62
50n_30p_seed2,0.3,2,243473000,35,DRA_ADVERTISE,242705,264,128,512,242.705
50n_30p_seed2,0.3,2,243719000,16,DRA_ADVERTISE,243159,437,128,512,243.159
50n_30p_seed2,0.3,2,244290000,10,DRA_ADVERTISE,243895,388,128,512,243.895
50n_30p_seed2,0.3,2,244957000,3,DRA_ADVERTISE,244113,406,128,512,244.113
50n_30p_seed2,0.3,2,246598000,26,DRA_ADVERTISE,245882,281,128,512,245.882
50n_30p_seed2,0.3,2,247503000,39,DRA_ADVERTISE,247393,267,128,512,247.393
50n_30p_seed2,0.3,2,247784240,10,DRA_ADVERTISE,247389,388,128,512,247.389
50n_30p_seed2,0.3,2,248573000,34,DRA_ADVERTISE,248056,280,128,512,248.056
50n_30p_seed2,0.3,2,248748000,18,DRA_ADVERTISE,248580,278,128,512,248.58
50n_30p_seed2,0.3,2,254306000,48,DRA_ADVERTISE,253952,301,128,512,253.952
50n_30p_seed2,0.3,2,254591000,28,DRA_ADVERTISE,254531,268,128,512,254.531
50n_30p_seed2,0.3,2,255249000,2,DRA_ADVERTISE,255228,269,128,512,255.228
50n_30p_seed2,0.3,2,255911000,11,DRA_ADVERTISE,255441,272,128,512,255.441
50n_30p_seed2,0.3,2,257979000,2,DRA_ADVERTISE,257958,269,128,512,257.958
50n_30p_seed2,0.3,2,258400000,26,DRA_ADVERTISE,257684,281,128,512,257.684
50n_30p_seed2,0.3,2,259359000,4,DRA_ADVERTISE,258434,284,128,512,258.434
50n_30p_seed2,0.3,2,259598000,35,DRA_ADVERTISE,258830,262,128,512,258.83
50n_30p_seed2,0.3,2,260078000,3,DRA_ADVERTISE,259234,406,128,512,259.234
50n_30p_seed2,0.3,2,260455000,34,DRA_ADVERTISE,259938,280,128,512,259.938
50n_30p_seed2,0.3,2,260573000,39,DRA_ADVERTISE,260463,265,128,512,260.463
50n_30p_seed2,0.3,2,261407000,16,DRA_ADVERTISE,260847,436,128,512,260.847
50n_30p_seed2,0.3,2,263487000,40,DRA_ADVERTISE,263049,256,128,512,263.049
50n_30p_seed2,0.3,2,263934000,18,DRA_ADVERTISE,263766,278,128,512,263.766
50n_30p_seed2,0.3,2,264111000,31,DRA_ADVERTISE,263362,256,128,512,263.362
50n_30p_seed2,0.3,2,264210000,18,DRA_ADVERTISE,264042,278,128,512,264.042
50n_30p_seed2,0.3,2,264729000,10,DRA_ADVERTISE,264334,387,128,512,264.334
50n_30p_seed2,0.3,2,267519000,11,DRA_ADVERTISE,267049,272,128,512,267.049
50n_30p_seed2,0.3,2,268929000,3,DRA_ADVERTISE,268085,403,128,512,268.085
50n_30p_seed2,0.3,2,269156000,48,DRA_ADVERTISE,268802,296,128,512,268.802
50n_30p_seed2,0.3,2,269675000,35,DRA_ADVERTISE,268907,262,128,512,268.907
50n_30p_seed2,0.3,2,270596952,10,DRA_ADVERTISE,270201,387,128,512,270.201
50n_30p_seed2,0.3,2,271382000,2,DRA_ADVERTISE,271361,267,128,512,271.361
50n_30p_seed2,0.3,2,273767000,26,DRA_ADVERTISE,273051,278,128,512,273.051
50n_30p_seed2,0.3,2,273838000,10,DRA_ADVERTISE,273443,386,128,512,273.443
50n_30p_seed2,0.3,2,274005000,39,DRA_ADVERTISE,273895,264,128,512,273.895
50n_30p_seed2,0.3,2,274331000,31,DRA_ADVERTISE,273582,256,128,512,273.582
50n_30p_seed2,0.3,2,274947000,28,DRA_ADVERTISE,274887,259,128,512,274.887
50n_30p_seed2,0.3,2,275045000,3,DRA_ADVERTISE,274201,403,128,512,274.201
50n_30p_seed2,0.3,2,275052240,10,DRA_ADVERTISE,274657,386,128,512,274.657
50n_30p_seed2,0.3,2,276563000,39,DRA_ADVERTISE,276453,264,128,512,276.453
50n_30p_seed2,0.3,2,278135000,40,DRA_ADVERTISE,277697,256,128,512,277.697
50n_30p_seed2,0.3,2,279436000,4,DRA_ADVERTISE,278511,281,128,512,278.511
50n_30p_seed2,0.3,2,281063000,16,DRA_ADVERTISE,280503,428,128,512,280.503
50n_30p_seed2,0.3,2,281114000,35,DRA_ADVERTISE,280346,261,128,512,280.346
50n_30p_seed2,0.3,2,282579000,34,DRA_ADVERTISE,282062,277,128,512,282.062
50n_30p_seed2,0.3,2,283160000,18,DRA_ADVERTISE,282992,275,128,512,282.992
50n_30p_seed2,0.3,2,284647000,48,DRA_ADVERTISE,284293,292,128,512,284.293
50n_30p_seed2,0.3,2,287174000,28,DRA_ADVERTISE,287114,259,128,512,287.114
50n_30p_seed2,0.3,2,288860000,31,DRA_ADVERTISE,288111,256,128,512,288.111
50n_30p_seed2,0.3,2,289120000,40,DRA_ADVERTISE,288682,256,128,512,288.682
50n_30p_seed2,0.3,2,289208000,2,DRA_ADVERTISE,289187,265,128,512,289.187
50n_30p_seed2,0.3,2,289526000,39,DRA_ADVERTISE,289416,263,128,512,289.416
50n_30p_seed2,0.3,2,289755000,40,DRA_ADVERTISE,289317,256,128,512,289.317
50n_30p_seed2,0.3,2,290278000,11,DRA_ADVERTISE,289808,272,128,512,289.808
50n_30p_seed2,0.3,2,290987000,3,DRA_ADVERTISE,290143,403,128,512,290.143
50n_30p_seed2,0.3,2,291485000,4,DRA_ADVERTISE,290560,281,128,512,290.56
50n_30p_seed2,0.3,2,291774000,35,DRA_ADVERTISE,291006,260,128,512,291.006
50n_30p_seed2,0.3,2,291948000,48,DRA_ADVERTISE,291594,292,128,512,291.594
50n_30p_seed2,0.3,2,292589000,4,DRA_ADVERTISE,291664,281,128,512,291.664
50n_30p_seed2,0.3,2,292879000,34,DRA_ADVERTISE,292362,277,128,512,292.362
50n_30p_seed2,0.3,2,295445952,10,DRA_ADVERTISE,295050,384,128,512,295.05
50n_30p_seed2,0.3,2,295527000,10,DRA_ADVERTISE,295132,384,128,512,295.132
50n_30p_seed2,0.3,2,295541000,11,DRA_ADVERTISE,295071,270,128,512,295.071
50n_30p_seed2,0.3,2,297232000,26,DRA_ADVERTISE,296516,275,128,512,296.516
50n_30p_seed2,0.3,2,297450000,48,DRA_ADVERTISE,297096,292,128,512,297.096
50n_30p_seed2,0.3,2,297491000,18,DRA_ADVERTISE,297323,273,128,512,297.323
50n_30p_seed2,0.3,2,297535000,26,DRA_ADVERTISE,296819,275,128,512,296.819
50n_30p_seed2,0.3,2,298225000,16,DRA_ADVERTISE,297665,422,128,512,297.665
50n_30p_seed2,0.3,2,301946000,2,DRA_ADVERTISE,301925,264,128,512,301.925
50n_30p_seed2,0.3,2,302225000,35,DRA_ADVERTISE,301457,259,128,512,301.457
50n_30p_seed2,0.3,2,303540272,10,DRA_ADVERTISE,303145,384,128,512,303.145
50n_30p_seed2,0.3,2,304033000,11,DRA_ADVERTISE,303563,270,128,512,303.563
50n_30p_seed2,0.3,2,306018000,40,DRA_ADVERTISE,305580,256,128,512,305.58
50n_30p_seed2,0.3,2,306369000,16,DRA_ADVERTISE,305809,422,128,512,305.809
50n_30p_seed2,0.3,2,307767000,3,DRA_ADVERTISE,306923,401,128,512,306.923
50n_30p_seed2,0.3,2,307864000,28,DRA_ADVERTISE,307804,256,128,512,307.804
50n_30p_seed2,0.3,2,308871000,4,DRA_ADVERTISE,307946,278,128,512,307.946
50n_30p_seed2,0.3,2,309148000,34,DRA_ADVERTISE,308631,274,128,512,308.631
50n_30p_seed2,0.3,2,310143000,26,DRA_ADVERTISE,309427,275,128,512,309.427
50n_30p_seed2,0.3,2,310189000,31,DRA_ADVERTISE,309440,256,128,512,309.44
50n_30p_seed2,0.3,2,310425000,28,DRA_ADVERTISE,310365,256,128,512,310.365
50n_30p_seed2,0.3,2,311742000,39,DRA_ADVERTISE,311632,262,128,512,311.632
50n_30p_seed2,0.3,2,314067000,10,DRA_ADVERTISE,313672,384,128,512,313.672
50n_30p_seed2,0.3,2,314140000,18,DRA_ADVERTISE,313972,273,128,512,313.972
50n_30p_seed2,0.3,2,314158000,16,DRA_ADVERTISE,313598,422,128,512,313.598
50n_30p_seed2,0.3,2,318926000,11,DRA_ADVERTISE,318456,268,128,512,318.456
50n_30p_seed2,0.3,2,320025000,2,DRA_ADVERTISE,320004,263,128,512,320.004
50n_30p_seed2,0.3,2,321042000,48,DRA_ADVERTISE,320688,288,128,512,320.688
50n_30p_seed2,0.3,2,323337000,3,DRA_ADVERTISE,322493,399,128,512,322.493
50n_30p_seed2,0.3,2,324024000,35,DRA_ADVERTISE,323256,258,128,512,323.256
50n_30p_seed2,0.3,2,324212000,39,DRA_ADVERTISE,324102,262,128,512,324.102
50n_30p_seed2,0.3,2,324350000,31,DRA_ADVERTISE,323601,256,128,512,323.601
50n_30p_seed2,0.3,2,324447000,28,DRA_ADVERTISE,324387,256,128,512,324.387
50n_30p_seed2,0.3,2,326123000,10,DRA_ADVERTISE,325728,384,128,512,325.728
50n_30p_seed2,0.3,2,327454000,39,DRA_ADVERTISE,327344,261,128,512,327.344
50n_30p_seed2,0.3,2,327603000,4,DRA_ADVERTISE,326678,278,128,512,326.678
50n_30p_seed2,0.3,2,328297272,10,DRA_ADVERTISE,327902,384,128,512,327.902
50n_30p_seed2,0.3,2,328300000,10,DRA_ADVERTISE,327905,384,128,512,327.905
50n_30p_seed2,0.3,2,328719000,34,DRA_ADVERTISE,328202,274,128,512,328.202
50n_30p_seed2,0.3,2,328995000,26,DRA_ADVERTISE,328279,273,128,512,328.279
50n_30p_seed2,0.3,2,329020000,40,DRA_ADVERTISE,328582,256,128,512,328.582
50n_30p_seed2,0.3,2,329404952,10,DRA_ADVERTISE,329009,384,128,512,329.009
50n_30p_seed2,0.3,2,329817000,16,DRA_ADVERTISE,329257,418,128,512,329.257
50n_30p_seed2,0.3,2,331384000,48,DRA_ADVERTISE,331030,288,128,512,331.03
50n_30p_seed2,0.3,2,332333000,31,DRA_ADVERTISE,331584,256,128,512,331.584
50n_30p_seed2,0.3,2,333014000,18,DRA_ADVERTISE,332846,271,128,512,332.846
50n_30p_seed2,0.3,2,333831000,18,DRA_ADVERTISE,333663,271,128,512,333.663
50n_30p_seed2,0.3,2,338826000,11,DRA_ADVERTISE,338356,268,128,512,338.356
50n_30p_seed2,0.3,2,339252000,40,DRA_ADVERTISE,338814,256,128,512,338.814
50n_30p_seed2,0.3,2,339850000,4,DRA_ADVERTISE,338925,275,128,512,338.925
50n_30p_seed2,0.3,2,340236000,35,DRA_ADVERTISE,339468,257,128,512,339.468
50n_30p_seed2,0.3,2,341022000,3,DRA_ADVERTISE,340178,399,128,512,340.178
50n_30p_seed2,0.3,2,341573000,2,DRA_ADVERTISE,341552,261,128,512,341.552
50n_30p_seed2,0.3,2,341762000,26,DRA_ADVERTISE,341046,273,128,512,341.046
50n_30p_seed2,0.3,2,342227000,28,DRA_ADVERTISE,342167,256,128,512,342.167
50n_30p_seed2,0.3,2,342345000,16,DRA_ADVERTISE,341785,418,128,512,341.785
50n_30p_seed2,0.3,2,342761000,10,DRA_ADVERTISE,342366,384,128,512,342.366
50n_30p_seed2,0.3,2,343560000,31,DRA_ADVERTISE,342811,256,128,512,342.811
50n_30p_seed2,0.3,2,343614000,4,DRA_ADVERTISE,342689,275,128,512,342.689
50n_30p_seed2,0.3,2,344380000,34,DRA_ADVERTISE,343863,272,128,512,343.863
50n_30p_seed2,0.3,2,345525000,39,DRA_ADVERTISE,345415,260,128,512,345.415
50n_30p_seed2,0.3,2,346106000,34,DRA_ADVERTISE,345589,272,128,512,345.589
50n_30p_seed2,0.3,2,346885000,11,DRA_ADVERTISE,346415,266,128,512,346.415
50n_30p_seed2,0.3,2,351211000,18,DRA_ADVERTISE,351043,271,128,512,351.043
50n_30p_seed2,0.3,2,352251272,10,DRA_ADVERTISE,351856,384,128,512,351.856
50n_30p_seed2,0.3,2,352433000,11,DRA_ADVERTISE,351963,266,128,512,351.963
50n_30p_seed2,0.3,2,353129000,35,DRA_ADVERTISE,352361,256,128,512,352.361
50n_30p_seed2,0.3,2,353534000,48,DRA_ADVERTISE,353180,284,128,512,353.18
50n_30p_seed2,0.3,2,354779984,10,DRA_ADVERTISE,354384,384,128,512,354.384
50n_30p_seed2,0.3,2,355957000,39,DRA_ADVERTISE,355847,260,128,512,355.847
50n_30p_seed2,0.3,2,356399000,4,DRA_ADVERTISE,355474,273,128,512,355.474
50n_30p_seed2,0.3,2,357226000,28,DRA_ADVERTISE,357166,256,128,512,357.166
50n_30p_seed2,0.3,2,357840000,2,DRA_ADVERTISE,357819,259,128,512,357.819
50n_30p_seed2,0.3,2,358615000,16,DRA_ADVERTISE,358055,414,128,512,358.055
50n_30p_seed2,0.3,2,359822000,34,DRA_ADVERTISE,359305,272,128,512,359.305
50n_30p_seed2,0.3,2,360146000,31,DRA_ADVERTISE,359397,256,128,512,359.397
50n_30p_seed2,0.3,2,360307000,26,DRA_ADVERTISE,359591,271,128,512,359.591
50n_30p_seed2,0.3,2,360591000,10,DRA_ADVERTISE,360196,384,128,512,360.196
50n_30p_seed2,0.3,2,360822000,16,DRA_ADVERTISE,360262,414,128,512,360.262
50n_30p_seed2,0.3,2,361140000,2,DRA_ADVERTISE,361119,259,128,512,361.119
50n_30p_seed2,0.3,2,361650000,40,DRA_ADVERTISE,361212,256,128,512,361.212
50n_30p_seed2,0.3,2,362438000,18,DRA_ADVERTISE,362270,271,128,512,362.27
50n_30p_seed2,0.3,2,362829000,3,DRA_ADVERTISE,361985,397,128,512,361.985
50n_30p_seed2,0.3,2,364071000,48,DRA_ADVERTISE,363717,284,128,512,363.717
50n_30p_seed2,0.3,2,364073000,40,DRA_ADVERTISE,363635,256,128,512,363.635
50n_30p_seed2,0.3,2,368235000,35,DRA_ADVERTISE,367467,256,128,512,367.467
50n_30p_seed2,0.3,2,369616000,35,DRA_ADVERTISE,368848,256,128,512,368.848
50n_30p_seed2,0.3,2,372581000,31,DRA_ADVERTISE,371832,256,128,512,371.832
50n_30p_seed2,0.3,2,373181000,11,DRA_ADVERTISE,372711,266,128,512,372.711
50n_30p_seed2,0.3,2,373653000,39,DRA_ADVERTISE,373543,258,128,512,373.543
50n_30p_seed2,0.3,2,373789000,16,DRA_ADVERTISE,373229,414,128,512,373.229
50n_30p_seed2,0.3,2,374180000,2,DRA_ADVERTISE,374159,259,128,512,374.159
50n_30p_seed2,0.3,2,374245000,34,DRA_ADVERTISE,373728,272,128,512,373.728
50n_30p_seed2,0.3,2,374358000,28,DRA_ADVERTISE,374298,256,128,512,374.298
50n_30p_seed2,0.3,2,375151984,10,DRA_ADVERTISE,374756,384,128,512,374.756
50n_30p_seed2,0.3,2,375399000,3,DRA_ADVERTISE,374555,395,128,512,374.555
50n_30p_seed2,0.3,2,376072000,40,DRA_ADVERTISE,375634,256,128,512,375.634
50n_30p_seed2,0.3,2,376375000,10,DRA_ADVERTISE,375980,384,128,512,375.98
50n_30p_seed2,0.3,2,376471000,3,DRA_ADVERTISE,375627,395,128,512,375.627
50n_30p_seed2,0.3,2,378164000,26,DRA_ADVERTISE,377448,271,128,512,377.448
50n_30p_seed2,0.3,2,378336000,18,DRA_ADVERTISE,378168,269,128,512,378.168
50n_30p_seed2,0.3,2,379571000,4,DRA_ADVERTISE,378646,273,128,512,378.646
50n_30p_seed2,0.3,2,382272000,26,DRA_ADVERTISE,381556,271,128,512,381.556
50n_30p_seed2,0.3,2,382328000,48,DRA_ADVERTISE,381974,281,128,512,381.974
50n_30p_seed2,0.3,2,383552000,11,DRA_ADVERTISE,383082,265,128,512,383.082
50n_30p_seed2,0.3,2,384009000,28,DRA_ADVERTISE,383949,256,128,512,383.949
50n_30p_seed2,0.3,2,385161000,2,DRA_ADVERTISE,385140,258,128,512,385.14
50n_30p_seed2,0.3,2,385309000,28,DRA_ADVERTISE,385249,256,128,512,385.249
50n_30p_seed2,0.3,2,389379000,31,DRA_ADVERTISE,388630,256,128,512,388.63
50n_30p_seed2,0.3,2,389390000,26,DRA_ADVERTISE,388674,269,128,512,388.674
50n_30p_seed2,0.3,2,389674000,10,DRA_ADVERTISE,389279,384,128,512,389.279
50n_30p_seed2,0.3,2,389949000,4,DRA_ADVERTISE,389024,273,128,512,389.024
50n_30p_seed2,0.3,2,390208000,39,DRA_ADVERTISE,390098,258,128,512,390.098
50n_30p_seed2,0.3,2,390506000,18,DRA_ADVERTISE,390338,267,128,512,390.338
50n_30p_seed2,0.3,2,390759000,35,DRA_ADVERTISE,389991,256,128,512,389.991
50n_30p_seed2,0.3,2,391477000,3,DRA_ADVERTISE,390633,393,128,512,390.633
50n_30p_seed2,0.3,2,391700272,10,DRA_ADVERTISE,391305,384,128,512,391.305
50n_30p_seed2,0.3,2,392818000,4,DRA_ADVERTISE,391893,271,128,512,391.893
50n_30p_seed2,0.3,2,393965000,34,DRA_ADVERTISE,393448,270,128,512,393.448
50n_30p_seed2,0.3,2,395075000,40,DRA_ADVERTISE,394637,256,128,512,394.637
50n_30p_seed2,0.3,2,395170000,48,DRA_ADVERTISE,394816,278,128,512,394.816
50n_30p_seed2,0.3,2,395198000,16,DRA_ADVERTISE,394638,411,128,512,394.638
50n_30p_seed2,0.3,2,395677984,10,DRA_ADVERTISE,395282,384,128,512,395.282
50n_30p_seed2,0.3,2,397235000,18,DRA_ADVERTISE,397067,267,128,512,397.067
50n_30p_seed2,0.3,2,397850000,48,DRA_ADVERTISE,397496,278,128,512,397.496
50n_30p_seed2,0.3,2,399910000,11,DRA_ADVERTISE,399440,265,128,512,399.44
50n_30p_seed2,0.3,2,402703000,11,DRA_ADVERTISE,402233,264,128,512,402.233
50n_30p_seed2,0.3,2,403516000,40,DRA_ADVERTISE,403078,256,128,512,403.078
50n_30p_seed2,0.3,2,404570000,26,DRA_ADVERTISE,403854,269,128,512,403.854
50n_30p_seed2,0.3,2,404590000,4,DRA_ADVERTISE,403665,271,128,512,403.665
50n_30p_seed2,0.3,2,404600000,35,DRA_ADVERTISE,403832,256,128,512,403.832
50n_30p_seed2,0.3,2,405124000,2,DRA_ADVERTISE,405103,256,128,512,405.103
50n_30p_seed2,0.3,2,405679000,31,DRA_ADVERTISE,404930,256,128,512,404.93
50n_30p_seed2,0.3,2,405737000,39,DRA_ADVERTISE,405627,256,128,512,405.627
50n_30p_seed2,0.3,2,406778000,28,DRA_ADVERTISE,406718,256,128,512,406.718
50n_30p_seed2,0.3,2,408264000,39,DRA_ADVERTISE,408154,256,128,512,408.154
50n_30p_seed2,0.3,2,408444000,3,DRA_ADVERTISE,407600,393,128,512,407.6
50n_30p_seed2,0.3,2,409375000,31,DRA_ADVERTISE,408626,256,128,512,408.626
50n_30p_seed2,0.3,2,410583000,10,DRA_ADVERTISE,410188,384,128,512,410.188
50n_30p_seed2,0.3,2,410943000,18,DRA_ADVERTISE,410775,265,128,512,410.775
50n_30p_seed2,0.3,2,412654000,34,DRA_ADVERTISE,412137,268,128,512,412.137
50n_30p_seed2,0.3,2,412971000,16,DRA_ADVERTISE,412411,408,128,512,412.411
50n_30p_seed2,0.3,2,415557000,48,DRA_ADVERTISE,415203,275,128,512,415.203
50n_30p_seed2,0.3,2,416106000,35,DRA_ADVERTISE,415338,256,128,512,415.338
50n_30p_seed2,0.3,2,417750000,28,DRA_ADVERTISE,417690,256,128,512,417.69
50n_30p_seed2,0.3,2,418154000,35,DRA_ADVERTISE,417386,256,128,512,417.386
50n_30p_seed2,0.3,2,418796000,10,DRA_ADVERTISE,418401,384,128,512,418.401
50n_30p_seed2,0.3,2,419579000,34,DRA_ADVERTISE,419062,268,128,512,419.062
50n_30p_seed2,0.3,2,420427000,11,DRA_ADVERTISE,419957,264,128,512,419.957
50n_30p_seed2,0.3,2,421107000,40,DRA_ADVERTISE,420669,256,128,512,420.669
50n_30p_seed2,0.3,2,421722000,10,DRA_ADVERTISE,421327,384,128,512,421.327
50n_30p_seed2,0.3,2,421820000,2,DRA_ADVERTISE,421799,256,128,512,421.799
50n_30p_seed2,0.3,2,422189000,26,DRA_ADVERTISE,421473,267,128,512,421.473
50n_30p_seed2,0.3,2,422277000,3,DRA_ADVERTISE,421433,393,128,512,421.433
50n_30p_seed2,0.3,2,423529000,31,DRA_ADVERTISE,422780,256,128,512,422.78
50n_30p_seed2,0.3,2,423888000,4,DRA_ADVERTISE,422963,271,128,512,422.963
50n_30p_seed2,0.3,2,424979000,39,DRA_ADVERTISE,424869,256,128,512,424.869
50n_30p_seed2,0.3,2,427790984,10,DRA_ADVERTISE,427395,384,128,512,427.395
50n_30p_seed2,0.3,2,427835000,16,DRA_ADVERTISE,427275,405,128,512,427.275
50n_30p_seed2,0.3,2,429098000,34,DRA_ADVERTISE,428581,266,128,512,428.581
50n_30p_seed2,0.3,2,429231000,26,DRA_ADVERTISE,428515,267,128,512,428.515
50n_30p_seed2,0.3,2,430532000,48,DRA_ADVERTISE,430178,275,128,512,430.178
50n_30p_seed2,0.3,2,430532272,10,DRA_ADVERTISE,430137,384,128,512,430.137
50n_30p_seed2,0.3,2,431626000,40,DRA_ADVERTISE,431188,256,128,512,431.188
50n_30p_seed2,0.3,2,432335000,18,DRA_ADVERTISE,432167,265,128,512,432.167
50n_30p_seed2,0.3,2,433521000,2,DRA_ADVERTISE,433500,256,128,512,433.5
50n_30p_seed2,0.3,2,433742000,28,DRA_ADVERTISE,433682,256,128,512,433.682
50n_30p_seed2,0.3,2,434129000,11,DRA_ADVERTISE,433659,263,128,512,433.659
50n_30p_seed2,0.3,2,434712000,35,DRA_ADVERTISE,433944,256,128,512,433.944
50n_30p_seed2,0.3,2,435757000,28,DRA_ADVERTISE,435697,256,128,512,435.697
50n_30p_seed2,0.3,2,436838000,26,DRA_ADVERTISE,436122,267,128,512,436.122
50n_30p_seed2,0.3,2,437109000,18,DRA_ADVERTISE,436941,265,128,512,436.941
50n_30p_seed2,0.3,2,439153000,16,DRA_ADVERTISE,438593,405,128,512,438.593
50n_30p_seed2,0.3,2,439825000,39,DRA_ADVERTISE,439715,256,128,512,439.715
50n_30p_seed2,0.3,2,441244000,34,DRA_ADVERTISE,440727,266,128,512,440.727
50n_30p_seed2,0.3,2,442165000,18,DRA_ADVERTISE,441997,264,128,512,441.997
50n_30p_seed2,0.3,2,442385000,31,DRA_ADVERTISE,441636,256,128,512,441.636
50n_30p_seed2,0.3,2,442725000,40,DRA_ADVERTISE,442287,256,128,512,442.287
50n_30p_seed2,0.3,2,443526000,4,DRA_ADVERTISE,442601,269,128,512,442.601
50n_30p_seed2,0.3,2,444158000,3,DRA_ADVERTISE,443314,399,128,512,443.314
50n_30p_seed2,0.3,2,445034000,10,DRA_ADVERTISE,444639,391,128,512,444.639
50n_30p_seed2,0.3,2,445106000,48,DRA_ADVERTISE,444752,273,128,512,444.752
50n_30p_seed2,0.3,2,446477000,2,DRA_ADVERTISE,446456,256,128,512,446.456
50n_30p_seed2,0.3,2,448836000,11,DRA_ADVERTISE,448366,262,128,512,448.366
50n_30p_seed2,0.3,2,450885000,35,DRA_ADVERTISE,450117,256,128,512,450.117
50n_30p_seed2,0.3,2,452529000,3,DRA_ADVERTISE,451685,399,128,512,451.685
50n_30p_seed2,0.3,2,454975000,10,DRA_ADVERTISE,454580,391,128,512,454.58
50n_30p_seed2,0.3,2,455180000,28,DRA_ADVERTISE,455120,256,128,512,455.12
50n_30p_seed2,0.3,2,455804000,2,DRA_ADVERTISE,455783,256,128,512,455.783
50n_30p_seed2,0.3,2,456514000,26,DRA_ADVERTISE,455798,265,128,512,455.798
50n_30p_seed2,0.3,2,456985000,34,DRA_ADVERTISE,456468,265,128,512,456.468
50n_30p_seed2,0.3,2,457508000,39,DRA_ADVERTISE,457398,256,128,512,457.398
50n_30p_seed2,0.3,2,457531000,31,DRA_ADVERTISE,456782,256,128,512,456.782
50n_30p_seed2,0.3,2,458522000,16,DRA_ADVERTISE,457962,405,128,512,457.962
50n_30p_seed2,0.3,2,458609000,11,DRA_ADVERTISE,458139,262,128,512,458.139
50n_30p_seed2,0.3,2,459099984,10,DRA_ADVERTISE,458704,391,128,512,458.704
50n_30p_seed2,0.3,2,459351000,39,DRA_ADVERTISE,459241,256,128,512,459.241
50n_30p_seed2,0.3,2,460021000,40,DRA_ADVERTISE,459583,256,128,512,459.583
50n_30p_seed2,0.3,2,460501000,4,DRA_ADVERTISE,459576,269,128,512,459.576
50n_30p_seed2,0.3,2,461967000,3,DRA_ADVERTISE,461123,397,128,512,461.123
50n_30p_seed2,0.3,2,464152000,48,DRA_ADVERTISE,463798,273,128,512,463.798
50n_30p_seed2,0.3,2,465549000,18,DRA_ADVERTISE,465381,264,128,512,465.381
50n_30p_seed2,0.3,2,465802000,35,DRA_ADVERTISE,465034,256,128,512,465.034
50n_30p_seed2,0.3,2,467298000,16,DRA_ADVERTISE,466738,402,128,512,466.738
50n_30p_seed2,0.3,2,468188000,11,DRA_ADVERTISE,467718,262,128,512,467.718
50n_30p_seed2,0.3,2,469062544,10,DRA_ADVERTISE,468667,389,128,512,468.667
50n_30p_seed2,0.3,2,469694000,31,DRA_ADVERTISE,468945,256,128,512,468.945
50n_30p_seed2,0.3,2,470150000,2,DRA_ADVERTISE,470129,256,128,512,470.129
50n_30p_seed2,0.3,2,470205000,40,DRA_ADVERTISE,469767,256,128,512,469.767
50n_30p_seed2,0.3,2,471365000,3,DRA_ADVERTISE,470521,396,128,512,470.521
50n_30p_seed2,0.3,2,472583000,16,DRA_ADVERTISE,472023,402,128,512,472.023
50n_30p_seed2,0.3,2,473521000,28,DRA_ADVERTISE,473461,256,128,512,473.461
50n_30p_seed2,0.3,2,474320000,39,DRA_ADVERTISE,474210,256,128,512,474.21
50n_30p_seed2,0.3,2,475430000,10,DRA_ADVERTISE,475035,389,128,512,475.035
50n_30p_seed2,0.3,2,475508000,34,DRA_ADVERTISE,474991,265,128,512,474.991
50n_30p_seed2,0.3,2,476409000,4,DRA_ADVERTISE,475484,267,128,512,475.484
50n_30p_seed2,0.3,2,476982000,26,DRA_ADVERTISE,476266,265,128,512,476.266
50n_30p_seed2,0.3,2,479760000,48,DRA_ADVERTISE,479406,271,128,512,479.406
50n_30p_seed2,0.3,2,480015000,18,DRA_ADVERTISE,479847,263,128,512,479.847
50n_30p_seed2,0.3,2,481555000,31,DRA_ADVERTISE,480806,256,128,512,480.806
50n_30p_seed2,0.3,2,482376000,34,DRA_ADVERTISE,481859,265,128,512,481.859
50n_30p_seed2,0.3,2,484122000,28,DRA_ADVERTISE,484062,256,128,512,484.062
50n_30p_seed2,0.3,2,484461000,35,DRA_ADVERTISE,483693,256,128,512,483.693
50n_30p_seed2,0.3,2,485377984,10,DRA_ADVERTISE,484982,384,128,512,484.982
50n_30p_seed2,0.3,2,485862000,11,DRA_ADVERTISE,485392,261,128,512,485.392
50n_30p_seed2,0.3,2,485981000,26,DRA_ADVERTISE,485265,265,128,512,485.265
50n_30p_seed2,0.3,2,486327000,31,DRA_ADVERTISE,485578,256,128,512,485.578
50n_30p_seed2,0.3,2,487566000,3,DRA_ADVERTISE,486722,391,128,512,486.722
50n_30p_seed2,0.3,2,487581000,40,DRA_ADVERTISE,487143,256,128,512,487.143
50n_30p_seed2,0.3,2,488266000,2,DRA_ADVERTISE,488245,256,128,512,488.245
50n_30p_seed2,0.3,2,488726000,39,DRA_ADVERTISE,488616,256,128,512,488.616
50n_30p_seed2,0.3,2,488958000,4,DRA_ADVERTISE,488033,267,128,512,488.033
50n_30p_seed2,0.3,2,490441000,48,DRA_ADVERTISE,490087,269,128,512,490.087
50n_30p_seed2,0.3,2,492417000,18,DRA_ADVERTISE,492249,263,128,512,492.249
50n_30p_seed2,0.3,2,492463000,18,DRA_ADVERTISE,492295,263,128,512,492.295
50n_30p_seed2,0.3,2,492748000,35,DRA_ADVERTISE,491980,256,128,512,491.98
50n_30p_seed2,0.3,2,493663000,10,DRA_ADVERTISE,493268,384,128,512,493.268
50n_30p_seed2,0.3,2,493908000,16,DRA_ADVERTISE,493348,400,128,512,493.348
50n_30p_seed2,0.3,2,493937272,10,DRA_ADVERTISE,493542,384,128,512,493.542
50n_30p_seed2,0.3,2,494039000,34,DRA_ADVERTISE,493522,264,128,512,493.522
50n_30p_seed2,0.3,2,494039000,28,DRA_ADVERTISE,493979,256,128,512,493.979
50n_30p_seed2,0.3,2,498129000,48,DRA_ADVERTISE,497775,269,128,512,497.775
50n_30p_seed2,0.3,2,499268000,35,DRA_ADVERTISE,498500,256,128,512,498.5
50n_30p_seed2,0.3,2,499986000,4,DRA_ADVERTISE,499061,265,128,512,499.061
50n_30p_seed2,0.3,2,500239000,10,DRA_ADVERTISE,499844,384,128,512,499.844
50n_30p_seed2,0.3,2,501976000,2,DRA_ADVERTISE,501955,256,128,512,501.955
50n_30p_seed2,0.3,2,502342000,40,DRA_ADVERTISE,501904,256,128,512,501.904
50n_30p_seed2,0.3,2,502726000,11,DRA_ADVERTISE,502256,261,128,512,502.256
50n_30p_seed2,0.3,2,502893000,39,DRA_ADVERTISE,502783,256,128,512,502.783
50n_30p_seed2,0.3,2,503911000,10,DRA_ADVERTISE,503516,384,128,512,503.516
50n_30p_seed2,0.3,2,504954000,16,DRA_ADVERTISE,504394,400,128,512,504.394
50n_30p_seed2,0.3,2,505676000,28,DRA_ADVERTISE,505616,256,128,512,505.616
50n_30p_seed2,0.3,2,506126000,2,DRA_ADVERTISE,506105,256,128,512,506.105
50n_30p_seed2,0.3,2,506187000,40,DRA_ADVERTISE,505749,256,128,512,505.749
50n_30p_seed2,0.3,2,507209000,34,DRA_ADVERTISE,506692,264,128,512,506.692
50n_30p_seed2,0.3,2,507633000,26,DRA_ADVERTISE,506917,264,128,512,506.917
50n_30p_seed2,0.3,2,508011000,31,DRA_ADVERTISE,507262,256,128,512,507.262
50n_30p_seed2,0.3,2,509293000,4,DRA_ADVERTISE,508368,265,128,512,508.368
50n_30p_seed2,0.3,2,509534000,18,DRA_ADVERTISE,509366,262,128,512,509.366
50n_30p_seed2,0.3,2,509739000,3,DRA_ADVERTISE,508895,390,128,512,508.895
50n_30p_seed2,0.3,2,514422000,48,DRA_ADVERTISE,514068,269,128,512,514.068
50n_30p_seed2,0.3,2,516067000,11,DRA_ADVERTISE,515597,261,128,512,515.597
50n_30p_seed2,0.3,2,516461000,16,DRA_ADVERTISE,515901,398,128,512,515.901
50n_30p_seed2,0.3,2,517191000,35,DRA_ADVERTISE,516423,256,128,512,516.423
50n_30p_seed2,0.3,2,518430000,11,DRA_ADVERTISE,517960,260,128,512,517.96
50n_30p_seed2,0.3,2,519417000,4,DRA_ADVERTISE,518492,265,128,512,518.492
50n_30p_seed2,0.3,2,520690000,26,DRA_ADVERTISE,519974,263,128,512,519.974
50n_30p_seed2,0.3,2,521073000,16,DRA_ADVERTISE,520513,398,128,512,520.513
50n_30p_seed2,0.3,2,521395000,28,DRA_ADVERTISE,521335,256,128,512,521.335
50n_30p_seed2,0.3,2,521472000,2,DRA_ADVERTISE,521451,256,128,512,521.451
50n_30p_seed2,0.3,2,521578000,10,DRA_ADVERTISE,521183,384,128,512,521.183
50n_30p_seed2,0.3,2,522268256,10,DRA_ADVERTISE,521873,384,128,512,521.873
50n_30p_seed2,0.3,2,523501000,39,DRA_ADVERTISE,523391,256,128,512,523.391
50n_30p_seed2,0.3,2,524237000,40,DRA_ADVERTISE,523799,256,128,512,523.799
50n_30p_seed2,0.3,2,524280000,31,DRA_ADVERTISE,523531,256,128,512,523.531
50n_30p_seed2,0.3,2,525380000,26,DRA_ADVERTISE,524664,263,128,512,524.664
50n_30p_seed2,0.3,2,526100000,34,DRA_ADVERTISE,525583,264,128,512,525.583
50n_30p_seed2,0.3,2,526334000,3,DRA_ADVERTISE,525490,390,128,512,525.49
50n_30p_seed2,0.3,2,527023000,18,DRA_ADVERTISE,526855,262,128,512,526.855
50n_30p_seed2,0.3,2,532135000,48,DRA_ADVERTISE,531781,267,128,512,531.781
50n_30p_seed2,0.3,2,533741272,10,DRA_ADVERTISE,533346,384,128,512,533.346
50n_30p_seed2,0.3,2,534379000,3,DRA_ADVERTISE,533535,390,128,512,533.535
50n_30p_seed2,0.3,2,535193000,35,DRA_ADVERTISE,534425,256,128,512,534.425
50n_30p_seed2,0.3,2,535296000,11,DRA_ADVERTISE,534826,260,128,512,534.826
50n_30p_seed2,0.3,2,535418000,39,DRA_ADVERTISE,535308,256,128,512,535.308
50n_30p_seed2,0.3,2,536823000,2,DRA_ADVERTISE,536802,256,128,512,536.802
50n_30p_seed2,0.3,2,537426000,39,DRA_ADVERTISE,537316,256,128,512,537.316
50n_30p_seed2,0.3,2,537533000,3,DRA_ADVERTISE,536689,390,128,512,536.689
50n_30p_seed2,0.3,2,539114000,28,DRA_ADVERTISE,539054,256,128,512,539.054
50n_30p_seed2,0.3,2,539423000,34,DRA_ADVERTISE,538906,263,128,512,538.906
50n_30p_seed2,0.3,2,539933000,4,DRA_ADVERTISE,539008,264,128,512,539.008
50n_30p_seed2,0.3,2,540239000,16,DRA_ADVERTISE,539679,398,128,512,539.679
50n_30p_seed2,0.3,2,540674000,35,DRA_ADVERTISE,539906,256,128,512,539.906
50n_30p_seed2,0.3,2,541037000,31,DRA_ADVERTISE,540288,256,128,512,540.288
50n_30p_seed2,0.3,2,541335000,31,DRA_ADVERTISE,540586,256,128,512,540.586
50n_30p_seed2,0.3,2,541693000,26,DRA_ADVERTISE,540977,263,128,512,540.977
50n_30p_seed2,0.3,2,542106000,40,DRA_ADVERTISE,541668,256,128,512,541.668
50n_30p_seed2,0.3,2,543396000,10,DRA_ADVERTISE,543001,384,128,512,543.001
50n_30p_seed2,0.3,2,545173000,4,DRA_ADVERTISE,544248,264,128,512,544.248
50n_30p_seed2,0.3,2,546402984,10,DRA_ADVERTISE,546007,384,128,512,546.007
50n_30p_seed2,0.3,2,547452000,18,DRA_ADVERTISE,547284,261,128,512,547.284
50n_30p_seed2,0.3,2,547913000,48,DRA_ADVERTISE,547559,267,128,512,547.559
50n_30p_seed2,0.3,2,549800000,18,DRA_ADVERTISE,549632,261,128,512,549.632
50n_30p_seed2,0.3,2,550292000,35,DRA_ADVERTISE,549524,256,128,512,549.524
50n_30p_seed2,0.3,2,550837000,2,DRA_ADVERTISE,550816,256,128,512,550.816
50n_30p_seed2,0.3,2,550975000,2,DRA_ADVERTISE,550954,256,128,512,550.954
50n_30p_seed2,0.3,2,551444000,28,DRA_ADVERTISE,551384,256,128,512,551.384
50n_30p_seed2,0.3,2,552235000,11,DRA_ADVERTISE,551765,260,128,512,551.765
50n_30p_seed2,0.3,2,553074000,40,DRA_ADVERTISE,552636,256,128,512,552.636
50n_30p_seed2,0.3,2,553518000,3,DRA_ADVERTISE,552674,389,128,512,552.674
50n_30p_seed2,0.3,2,553563000,26,DRA_ADVERTISE,552847,262,128,512,552.847
50n_30p_seed2,0.3,2,555254000,34,DRA_ADVERTISE,554737,263,128,512,554.737
50n_30p_seed2,0.3,2,555851000,4,DRA_ADVERTISE,554926,264,128,512,554.926
50n_30p_seed2,0.3,2,556103000,31,DRA_ADVERTISE,555354,256,128,512,555.354
50n_30p_seed2,0.3,2,556970000,18,DRA_ADVERTISE,556802,260,128,512,556.802
50n_30p_seed2,0.3,2,557216000,39,DRA_ADVERTISE,557106,256,128,512,557.106
50n_30p_seed2,0.3,2,557960000,10,DRA_ADVERTISE,557565,384,128,512,557.565
50n_30p_seed2,0.3,2,558205000,16,DRA_ADVERTISE,557645,396,128,512,557.645
50n_30p_seed2,0.3,2,559713000,48,DRA_ADVERTISE,559359,265,128,512,559.359
50n_30p_seed2,0.3,2,562910000,34,DRA_ADVERTISE,562393,262,128,512,562.393
50n_30p_seed2,0.3,2,565339000,2,DRA_ADVERTISE,565318,256,128,512,565.318
50n_30p_seed2,0.3,2,565569000,11,DRA_ADVERTISE,565099,259,128,512,565.099
50n_30p_seed2,0.3,2,568208000,39,DRA_ADVERTISE,568098,256,128,512,568.098
50n_30p_seed2,0.3,2,569505000,31,DRA_ADVERTISE,568756,256,128,512,568.756
50n_30p_seed2,0.3,2,570397000,11,DRA_ADVERTISE,569927,259,128,512,569.927
50n_30p_seed2,0.3,2,570714000,26,DRA_ADVERTISE,569998,261,128,512,569.998
50n_30p_seed2,0.3,2,570888000,4,DRA_ADVERTISE,569963,264,128,512,569.963
50n_30p_seed2,0.3,2,571088000,28,DRA_ADVERTISE,571028,256,128,512,571.028
50n_30p_seed2,0.3,2,571113000,34,DRA_ADVERTISE,570596,262,128,512,570.596
50n_30p_seed2,0.3,2,571393000,35,DRA_ADVERTISE,570625,256,128,512,570.625
50n_30p_seed2,0.3,2,571785272,10,DRA_ADVERTISE,571390,384,128,512,571.39
50n_30p_seed2,0.3,2,571937000,3,DRA_ADVERTISE,571093,389,128,512,571.093
50n_30p_seed2,0.3,2,572750000,10,DRA_ADVERTISE,572355,384,128,512,572.355
50n_30p_seed2,0.3,2,573073000,40,DRA_ADVERTISE,572635,256,128,512,572.635
50n_30p_seed2,0.3,2,574705000,18,DRA_ADVERTISE,574537,260,128,512,574.537
50n_30p_seed2,0.3,2,574872000,16,DRA_ADVERTISE,574312,396,128,512,574.312
50n_30p_seed2,0.3,2,576754000,40,DRA_ADVERTISE,576316,256,128,512,576.316
50n_30p_seed2,0.3,2,578269000,48,DRA_ADVERTISE,577915,264,128,512,577.915
50n_30p_seed2,0.3,2,578588000,48,DRA_ADVERTISE,578234,264,128,512,578.234
50n_30p_seed2,0.3,2,579962984,10,DRA_ADVERTISE,579567,384,128,512,579.567
50n_30p_seed2,0.3,2,581341000,2,DRA_ADVERTISE,581320,256,128,512,581.32
50n_30p_seed2,0.3,2,583390000,11,DRA_ADVERTISE,582920,259,128,512,582.92
50n_30p_seed2,0.3,2,585481000,31,DRA_ADVERTISE,584732,256,128,512,584.732
50n_30p_seed2,0.3,2,586768000,4,DRA_ADVERTISE,585843,263,128,512,585.843
50n_30p_seed2,0.3,2,587021000,40,DRA_ADVERTISE,586583,256,128,512,586.583
50n_30p_seed2,0.3,2,587066000,35,DRA_ADVERTISE,586298,256,128,512,586.298
50n_30p_seed2,0.3,2,587650000,3,DRA_ADVERTISE,586806,388,128,512,586.806
50n_30p_seed2,0.3,2,587763000,28,DRA_ADVERTISE,587703,256,128,512,587.703
50n_30p_seed2,0.3,2,588084000,35,DRA_ADVERTISE,587316,256,128,512,587.316
50n_30p_seed2,0.3,2,588298000,10,DRA_ADVERTISE,587903,384,128,512,587.903
50n_30p_seed2,0.3,2,589583000,26,DRA_ADVERTISE,588867,261,128,512,588.867
50n_30p_seed2,0.3,2,590147000,34,DRA_ADVERTISE,589630,262,128,512,589.63
50n_30p_seed2,0.3,2,590187000,10,DRA_ADVERTISE,589792,384,128,512,589.792
50n_30p_seed2,0.3,2,590628000,39,DRA_ADVERTISE,590518,256,128,512,590.518
50n_30p_seed2,0.3,2,591451000,26,DRA_ADVERTISE,590735,261,128,512,590.735
50n_30p_seed2,0.3,2,591945000,16,DRA_ADVERTISE,591385,394,128,512,591.385
50n_30p_seed2,0.3,2,592171000,48,DRA_ADVERTISE,591817,264,128,512,591.817
50n_30p_seed2,0.3,2,594735000,28,DRA_ADVERTISE,594675,256,128,512,594.675
50n_30p_seed2,0.3,2,595462000,18,DRA_ADVERTISE,595294,259,128,512,595.294
50n_30p_seed2,0.3,2,598229000,2,DRA_ADVERTISE,598208,256,128,512,598.208
50n_30p_seed2,0.3,2,599293000,28,DRA_ADVERTISE,599233,256,128,512,599.233
50n_30p_seed2,0.3,2,599847000,35,DRA_ADVERTISE,599079,256,128,512,599.079
50n_30p_seed3,0.3,3,8425000,19,DRA_ADVERTISE,8160,299,128,512,8.16
50n_30p_seed3,0.3,3,8698000,19,DRA_ADVERTISE,8433,299,128,512,8.433
50n_30p_seed3,0.3,3,9734000,19,DRA_ADVERTISE,9469,299,128,512,9.469
50n_30p_seed3,0.3,3,11152000,19,DRA_ADVERTISE,10887,299,128,512,10.887
50n_30p_seed3,0.3,3,11437000,40,DRA_ADVERTISE,11239,299,128,512,11.239
50n_30p_seed3,0.3,3,11609000,31,DRA_ADVERTISE,11367,340,128,512,11.367
50n_30p_seed3,0.3,3,11799000,21,DRA_ADVERTISE,10807,343,128,512,10.807
50n_30p_seed3,0.3,3,11843000,40,DRA_ADVERTISE,11645,299,128,512,11.645
50n_30p_seed3,0.3,3,12138000,31,DRA_ADVERTISE,11896,340,128,512,11.896
50n_30p_seed3,0.3,3,12173000,21,DRA_ADVERTISE,11181,343,128,512,11.181
50n_30p_seed3,0.3,3,12729000,32,DRA_ADVERTISE,12622,301,128,512,12.622
50n_30p_seed3,0.3,3,12848000,31,DRA_ADVERTISE,12606,340,128,512,12.606
50n_30p_seed3,0.3,3,12902000,21,DRA_ADVERTISE,11910,343,128,512,11.91
50n_30p_seed3,0.3,3,12950000,40,DRA_ADVERTISE,12752,299,128,512,12.752
50n_30p_seed3,0.3,3,13240000,32,DRA_ADVERTISE,13133,301,128,512,13.133
50n_30p_seed3,0.3,3,14167000,32,DRA_ADVERTISE,14060,301,128,512,14.06
50n_30p_seed3,0.3,3,14282000,40,DRA_ADVERTISE,14084,299,128,512,14.084
50n_30p_seed3,0.3,3,14636000,21,DRA_ADVERTISE,13644,343,128,512,13.644
50n_30p_seed3,0.3,3,14661000,31,DRA_ADVERTISE,14419,340,128,512,14.419
50n_30p_seed3,0.3,3,14812000,24,DRA_ADVERTISE,14548,299,128,512,14.548
50n_30p_seed3,0.3,3,15313000,24,DRA_ADVERTISE,15049,299,128,512,15.049
50n_30p_seed3,0.3,3,15538000,31,DRA_ADVERTISE,15296,340,128,512,15.296
50n_30p_seed3,0.3,3,15572000,24,DRA_ADVERTISE,15308,299,128,512,15.308
50n_30p_seed3,0.3,3,15624000,21,DRA_ADVERTISE,14632,343,128,512,14.632
50n_30p_seed3,0.3,3,15652000,19,DRA_ADVERTISE,15387,299,128,512,15.387
50n_30p_seed3,0.3,3,15654000,32,DRA_ADVERTISE,15547,301,128,512,15.547
50n_30p_seed3,0.3,3,15854000,38,DRA_ADVERTISE,15230,356,128,512,15.23
50n_30p_seed3,0.3,3,16005000,31,DRA_ADVERTISE,15763,340,128,512,15.763
50n_30p_seed3,0.3,3,16032000,32,DRA_ADVERTISE,15925,301,128,512,15.925
50n_30p_seed3,0.3,3,16043000,35,DRA_ADVERTISE,15155,299,128,512,15.155
50n_30p_seed3,0.3,3,16045000,19,DRA_ADVERTISE,15780,299,128,512,15.78
50n_30p_seed3,0.3,3,16075000,21,DRA_ADVERTISE,15083,343,128,512,15.083
50n_30p_seed3,0.3,3,16087000,24,DRA_ADVERTISE,15823,299,128,512,15.823
50n_30p_seed3,0.3,3,16372000,32,DRA_ADVERTISE,16265,301,128,512,16.265
50n_30p_seed3,0.3,3,16398000,38,DRA_ADVERTISE,15774,356,128,512,15.774
50n_30p_seed3,0.3,3,16417000,35,DRA_ADVERTISE,15529,299,128,512,15.529
50n_30p_seed3,0.3,3,16431000,24,DRA_ADVERTISE,16167,299,128,512,16.167
50n_30p_seed3,0.3,3,16724000,21,DRA_ADVERTISE,15732,343,128,512,15.732
50n_30p_seed3,0.3,3,16766000,24,DRA_ADVERTISE,16502,299,128,512,16.502
50n_30p_seed3,0.3,3,16774000,22,DRA_ADVERTISE,15961,343,128,512,15.961
50n_30p_seed3,0.3,3,16823000,31,DRA_ADVERTISE,16581,340,128,512,16.581
50n_30p_seed3,0.3,3,16872000,35,DRA_ADVERTISE,15984,299,128,512,15.984
50n_30p_seed3,0.3,3,16881000,19,DRA_ADVERTISE,16616,299,128,512,16.616
50n_30p_seed3,0.3,3,16885000,32,DRA_ADVERTISE,16778,301,128,512,16.778
50n_30p_seed3,0.3,3,17254000,22,DRA_ADVERTISE,16441,343,128,512,16.441
50n_30p_seed3,0.3,3,17365000,38,DRA_ADVERTISE,16741,356,128,512,16.741
50n_30p_seed3,0.3,3,17461000,40,DRA_ADVERTISE,17263,299,128,512,17.263
50n_30p_seed3,0.3,3,17598000,24,DRA_ADVERTISE,17334,299,128,512,17.334
50n_30p_seed3,0.3,3,17651000,32,DRA_ADVERTISE,17544,301,128,512,17.544
50n_30p_seed3,0.3,3,17897000,35,DRA_ADVERTISE,17009,299,128,512,17.009
50n_30p_seed3,0.3,3,18068000,22,DRA_ADVERTISE,17255,343,128,512,17.255
50n_30p_seed3,0.3,3,18655000,19,DRA_ADVERTISE,18390,299,128,512,18.39
50n_30p_seed3,0.3,3,19046000,31,DRA_ADVERTISE,18804,340,128,512,18.804
50n_30p_seed3,0.3,3,19096000,21,DRA_ADVERTISE,18104,343,128,512,18.104
50n_30p_seed3,0.3,3,19214000,32,DRA_ADVERTISE,19107,301,128,512,19.107
50n_30p_seed3,0.3,3,19227000,24,DRA_ADVERTISE,18963,299,128,512,18.963
50n_30p_seed3,0.3,3,19252000,38,DRA_ADVERTISE,18628,356,128,512,18.628
50n_30p_seed3,0.3,3,19267000,2,DRA_ADVERTISE,18504,299,128,512,18.504
50n_30p_seed3,0.3,3,19345000,35,DRA_ADVERTISE,18457,299,128,512,18.457
50n_30p_seed3,0.3,3,19427000,22,DRA_ADVERTISE,18614,343,128,512,18.614
50n_30p_seed3,0.3,3,19676000,47,DRA_ADVERTISE,19237,299,128,512,19.237
50n_30p_seed3,0.3,3,19704000,19,DRA_ADVERTISE,19439,294,128,512,19.439
50n_30p_seed3,0.3,3,19728000,2,DRA_ADVERTISE,18965,299,128,512,18.965
50n_30p_seed3,0.3,3,19973000,24,DRA_ADVERTISE,19709,299,128,512,19.709
50n_30p_seed3,0.3,3,20020000,22,DRA_ADVERTISE,19207,343,128,512,19.207
50n_30p_seed3,0.3,3,20034000,47,DRA_ADVERTISE,19595,299,128,512,19.595
50n_30p_seed3,0.3,3,20146000,2,DRA_ADVERTISE,19383,299,128,512,19.383
50n_30p_seed3,0.3,3,20251000,19,DRA_ADVERTISE,19986,286,128,512,19.986
50n_30p_seed3,0.3,3,20401000,24,DRA_ADVERTISE,20137,299,128,512,20.137
50n_30p_seed3,0.3,3,20481000,21,DRA_ADVERTISE,19489,343,128,512,19.489
50n_30p_seed3,0.3,3,20498000,2,DRA_ADVERTISE,19735,299,128,512,19.735
50n_30p_seed3,0.3,3,20511000,22,DRA_ADVERTISE,19698,343,128,512,19.698
50n_30p_seed3,0.3,3,20730000,4,DRA_ADVERTISE,20468,299,128,512,20.468
50n_30p_seed3,0.3,3,20877000,22,DRA_ADVERTISE,20064,343,128,512,20.064
50n_30p_seed3,0.3,3,20951000,47,DRA_ADVERTISE,20512,299,128,512,20.512
50n_30p_seed3,0.3,3,20983000,2,DRA_ADVERTISE,20220,299,128,512,20.22
50n_30p_seed3,0.3,3,21016008,31,DRA_ADVERTISE,20774,340,128,512,20.774
50n_30p_seed3,0.3,3,21074000,21,DRA_ADVERTISE,20082,343,128,512,20.082
50n_30p_seed3,0.3,3,21088000,19,DRA_ADVERTISE,20823,277,128,512,20.823
50n_30p_seed3,0.3,3,21131000,4,DRA_ADVERTISE,20869,299,128,512,20.869
50n_30p_seed3,0.3,3,21162000,24,DRA_ADVERTISE,20898,299,128,512,20.898
50n_30p_seed3,0.3,3,21682000,38,DRA_ADVERTISE,21058,356,128,512,21.058
50n_30p_seed3,0.3,3,21786000,31,DRA_ADVERTISE,21544,331,128,512,21.544
50n_30p_seed3,0.3,3,21793000,2,DRA_ADVERTISE,21030,299,128,512,21.03
50n_30p_seed3,0.3,3,21812000,4,DRA_ADVERTISE,21550,299,128,512,21.55
50n_30p_seed3,0.3,3,21836000,21,DRA_ADVERTISE,20844,343,128,512,20.844
50n_30p_seed3,0.3,3,22060000,22,DRA_ADVERTISE,21247,343,128,512,21.247
50n_30p_seed3,0.3,3,22442000,19,DRA_ADVERTISE,22177,274,128,512,22.177
50n_30p_seed3,0.3,3,22588000,11,DRA_ADVERTISE,22563,343,128,512,22.563
50n_30p_seed3,0.3,3,22701000,35,DRA_ADVERTISE,21813,299,128,512,21.813
50n_30p_seed3,0.3,3,22710008,31,DRA_ADVERTISE,22468,331,128,512,22.468
50n_30p_seed3,0.3,3,23001000,47,DRA_ADVERTISE,22562,294,128,512,22.562
50n_30p_seed3,0.3,3,23046000,16,DRA_ADVERTISE,22214,310,128,512,22.214
50n_30p_seed3,0.3,3,23085000,11,DRA_ADVERTISE,23060,343,128,512,23.06
50n_30p_seed3,0.3,3,23126000,24,DRA_ADVERTISE,22862,294,128,512,22.862
50n_30p_seed3,0.3,3,23176000,32,DRA_ADVERTISE,23069,296,128,512,23.069
50n_30p_seed3,0.3,3,23220000,22,DRA_ADVERTISE,22407,334,128,512,22.407
50n_30p_seed3,0.3,3,23555000,16,DRA_ADVERTISE,22723,310,128,512,22.723
50n_30p_seed3,0.3,3,23583000,21,DRA_ADVERTISE,22591,343,128,512,22.591
50n_30p_seed3,0.3,3,23829000,11,DRA_ADVERTISE,23804,343,128,512,23.804
50n_30p_seed3,0.3,3,23931000,2,DRA_ADVERTISE,23168,299,128,512,23.168
50n_30p_seed3,0.3,3,24116000,4,DRA_ADVERTISE,23854,299,128,512,23.854
50n_30p_seed3,0.3,3,24282000,16,DRA_ADVERTISE,23450,310,128,512,23.45
50n_30p_seed3,0.3,3,25331008,21,DRA_ADVERTISE,24339,343,128,512,24.339
50n_30p_seed3,0.3,3,25526008,21,DRA_ADVERTISE,24534,334,128,512,24.534
50n_30p_seed3,0.3,3,25585000,6,DRA_ADVERTISE,25038,306,128,512,25.038
50n_30p_seed3,0.3,3,25600000,11,DRA_ADVERTISE,25575,343,128,512,25.575
50n_30p_seed3,0.3,3,25699000,19,DRA_ADVERTISE,25434,272,128,512,25.434
50n_30p_seed3,0.3,3,26074000,6,DRA_ADVERTISE,25527,306,128,512,25.527
50n_30p_seed3,0.3,3,26097000,16,DRA_ADVERTISE,25265,310,128,512,25.265
50n_30p_seed3,0.3,3,26150000,47,DRA_ADVERTISE,25711,294,128,512,25.711
50n_30p_seed3,0.3,3,26538000,21,DRA_ADVERTISE,25546,326,128,512,25.546
50n_30p_seed3,0.3,3,26598000,4,DRA_ADVERTISE,26336,299,128,512,26.336
50n_30p_seed3,0.3,3,26776000,6,DRA_ADVERTISE,26229,306,128,512,26.229
50n_30p_seed3,0.3,3,27158000,2,DRA_ADVERTISE,26395,299,128,512,26.395
50n_30p_seed3,0.3,3,27242000,40,DRA_ADVERTISE,27044,286,128,512,27.044
50n_30p_seed3,0.3,3,27429000,24,DRA_ADVERTISE,27165,283,128,512,27.165
50n_30p_seed3,0.3,3,27803000,31,DRA_ADVERTISE,27561,329,128,512,27.561
50n_30p_seed3,0.3,3,27841048,31,DRA_ADVERTISE,27599,329,128,512,27.599
50n_30p_seed3,0.3,3,28233000,22,DRA_ADVERTISE,27420,334,128,512,27.42
50n_30p_seed3,0.3,3,28884000,16,DRA_ADVERTISE,28052,310,128,512,28.052
50n_30p_seed3,0.3,3,28896000,11,DRA_ADVERTISE,28871,343,128,512,28.871
50n_30p_seed3,0.3,3,29006000,6,DRA_ADVERTISE,28459,306,128,512,28.459
50n_30p_seed3,0.3,3,29217000,32,DRA_ADVERTISE,29110,288,128,512,29.11
50n_30p_seed3,0.3,3,30271000,38,DRA_ADVERTISE,29647,346,128,512,29.647
50n_30p_seed3,0.3,3,30592000,35,DRA_ADVERTISE,29704,294,128,512,29.704
50n_30p_seed3,0.3,3,31371000,6,DRA_ADVERTISE,30824,306,128,512,30.824
50n_30p_seed3,0.3,3,32981000,19,DRA_ADVERTISE,32716,265,128,512,32.716
50n_30p_seed3,0.3,3,33200000,47,DRA_ADVERTISE,32761,294,128,512,32.761
50n_30p_seed3,0.3,3,33487000,24,DRA_ADVERTISE,33223,277,128,512,33.223
50n_30p_seed3,0.3,3,34147000,4,DRA_ADVERTISE,33885,299,128,512,33.885
50n_30p_seed3,0.3,3,34156952,31,DRA_ADVERTISE,33914,321,128,512,33.914
50n_30p_seed3,0.3,3,34453000,11,DRA_ADVERTISE,34428,343,128,512,34.428
50n_30p_seed3,0.3,3,34578000,21,DRA_ADVERTISE,33586,312,128,512,33.586
50n_30p_seed3,0.3,3,35029000,2,DRA_ADVERTISE,34266,299,128,512,34.266
50n_30p_seed3,0.3,3,35445920,21,DRA_ADVERTISE,34453,312,128,512,34.453
50n_30p_seed3,0.3,3,35887000,22,DRA_ADVERTISE,35074,334,128,512,35.074
50n_30p_seed3,0.3,3,36061000,16,DRA_ADVERTISE,35229,304,128,512,35.229
50n_30p_seed3,0.3,3,37541000,6,DRA_ADVERTISE,36994,301,128,512,36.994
50n_30p_seed3,0.3,3,38010952,31,DRA_ADVERTISE,37768,314,128,512,37.768
50n_30p_seed3,0.3,3,41311000,40,DRA_ADVERTISE,41113,274,128,512,41.113
50n_30p_seed3,0.3,3,42094000,38,DRA_ADVERTISE,41470,346,128,512,41.47
50n_30p_seed3,0.3,3,43246000,31,DRA_ADVERTISE,43004,302,128,512,43.004
50n_30p_seed3,0.3,3,44971000,47,DRA_ADVERTISE,44532,294,128,512,44.532
50n_30p_seed3,0.3,3,45088000,4,DRA_ADVERTISE,44826,294,128,512,44.826
50n_30p_seed3,0.3,3,45399000,22,DRA_ADVERTISE,44586,334,128,512,44.586
50n_30p_seed3,0.3,3,46488000,35,DRA_ADVERTISE,45600,290,128,512,45.6
50n_30p_seed3,0.3,3,46507000,2,DRA_ADVERTISE,45744,294,128,512,45.744
50n_30p_seed3,0.3,3,46803000,32,DRA_ADVERTISE,46696,292,128,512,46.696
50n_30p_seed3,0.3,3,47991000,11,DRA_ADVERTISE,47966,334,128,512,47.966
50n_30p_seed3,0.3,3,48042000,21,DRA_ADVERTISE,47050,306,128,512,47.05
50n_30p_seed3,0.3,3,50046000,19,DRA_ADVERTISE,49781,259,128,512,49.781
50n_30p_seed3,0.3,3,51070000,24,DRA_ADVERTISE,50806,274,128,512,50.806
50n_30p_seed3,0.3,3,51632000,6,DRA_ADVERTISE,51085,301,128,512,51.085
50n_30p_seed3,0.3,3,53101000,16,DRA_ADVERTISE,52269,304,128,512,52.269
50n_30p_seed3,0.3,3,56869000,40,DRA_ADVERTISE,56671,274,128,512,56.671
50n_30p_seed3,0.3,3,57433000,31,DRA_ADVERTISE,57191,297,128,512,57.191
50n_30p_seed3,0.3,3,58550000,38,DRA_ADVERTISE,57926,337,128,512,57.926
50n_30p_seed3,0.3,3,59605000,32,DRA_ADVERTISE,59498,288,128,512,59.498
50n_30p_seed3,0.3,3,60874000,31,DRA_ADVERTISE,60632,292,128,512,60.632
50n_30p_seed3,0.3,3,61285000,35,DRA_ADVERTISE,60397,286,128,512,60.397
50n_30p_seed3,0.3,3,61873000,4,DRA_ADVERTISE,61611,294,128,512,61.611
50n_30p_seed3,0.3,3,62559000,2,DRA_ADVERTISE,61796,294,128,512,61.796
50n_30p_seed3,0.3,3,63162000,22,DRA_ADVERTISE,62349,326,128,512,62.349
50n_30p_seed3,0.3,3,63342000,24,DRA_ADVERTISE,63078,268,128,512,63.078
50n_30p_seed3,0.3,3,63562000,19,DRA_ADVERTISE,63297,256,128,512,63.297
50n_30p_seed3,0.3,3,64747000,21,DRA_ADVERTISE,63755,301,128,512,63.755
50n_30p_seed3,0.3,3,65097000,47,DRA_ADVERTISE,64658,290,128,512,64.658
50n_30p_seed3,0.3,3,66101000,2,DRA_ADVERTISE,65338,294,128,512,65.338
50n_30p_seed3,0.3,3,66372000,16,DRA_ADVERTISE,65540,304,128,512,65.54
50n_30p_seed3,0.3,3,67375000,6,DRA_ADVERTISE,66828,301,128,512,66.828
50n_30p_seed3,0.3,3,68414000,11,DRA_ADVERTISE,68389,334,128,512,68.389
50n_30p_seed3,0.3,3,69353000,4,DRA_ADVERTISE,69091,294,128,512,69.091
50n_30p_seed3,0.3,3,69550000,11,DRA_ADVERTISE,69525,334,128,512,69.525
50n_30p_seed3,0.3,3,70097000,40,DRA_ADVERTISE,69899,268,128,512,69.899
50n_30p_seed3,0.3,3,71293000,22,DRA_ADVERTISE,70480,326,128,512,70.48
50n_30p_seed3,0.3,3,72772000,21,DRA_ADVERTISE,71780,296,128,512,71.78
50n_30p_seed3,0.3,3,74561000,38,DRA_ADVERTISE,73937,328,128,512,73.937
50n_30p_seed3,0.3,3,75177000,35,DRA_ADVERTISE,74289,283,128,512,74.289
50n_30p_seed3,0.3,3,75906000,32,DRA_ADVERTISE,75799,281,128,512,75.799
50n_30p_seed3,0.3,3,76072000,35,DRA_ADVERTISE,75184,283,128,512,75.184
50n_30p_seed3,0.3,3,77310000,19,DRA_ADVERTISE,77045,256,128,512,77.045
50n_30p_seed3,0.3,3,78825000,19,DRA_ADVERTISE,78560,256,128,512,78.56
50n_30p_seed3,0.3,3,79331000,21,DRA_ADVERTISE,78339,292,128,512,78.339
50n_30p_seed3,0.3,3,79516000,31,DRA_ADVERTISE,79274,281,128,512,79.274
50n_30p_seed3,0.3,3,81260000,11,DRA_ADVERTISE,81235,326,128,512,81.235
50n_30p_seed3,0.3,3,81320000,24,DRA_ADVERTISE,81056,266,128,512,81.056
50n_30p_seed3,0.3,3,81807000,22,DRA_ADVERTISE,80994,319,128,512,80.994
50n_30p_seed3,0.3,3,82021000,16,DRA_ADVERTISE,81189,299,128,512,81.189
50n_30p_seed3,0.3,3,82766000,47,DRA_ADVERTISE,82327,286,128,512,82.327
50n_30p_seed3,0.3,3,83560000,2,DRA_ADVERTISE,82797,290,128,512,82.797
50n_30p_seed3,0.3,3,83656000,6,DRA_ADVERTISE,83109,296,128,512,83.109
50n_30p_seed3,0.3,3,84844000,4,DRA_ADVERTISE,84582,290,128,512,84.582
50n_30p_seed3,0.3,3,87737000,40,DRA_ADVERTISE,87539,266,128,512,87.539
50n_30p_seed3,0.3,3,91278000,38,DRA_ADVERTISE,90654,328,128,512,90.654
50n_30p_seed3,0.3,3,92312000,31,DRA_ADVERTISE,92070,278,128,512,92.07
50n_30p_seed3,0.3,3,92445000,40,DRA_ADVERTISE,92247,265,128,512,92.247
50n_30p_seed3,0.3,3,93950000,24,DRA_ADVERTISE,93686,274,128,512,93.686
50n_30p_seed3,0.3,3,94462000,35,DRA_ADVERTISE,93574,280,128,512,93.574
50n_30p_seed3,0.3,3,96718000,32,DRA_ADVERTISE,96611,275,128,512,96.611
50n_30p_seed3,0.3,3,97289000,19,DRA_ADVERTISE,97024,256,128,512,97.024
50n_30p_seed3,0.3,3,97489000,2,DRA_ADVERTISE,96726,290,128,512,96.726
50n_30p_seed3,0.3,3,97553000,24,DRA_ADVERTISE,97289,272,128,512,97.289
50n_30p_seed3,0.3,3,99326000,21,DRA_ADVERTISE,98334,288,128,512,98.334
50n_30p_seed3,0.3,3,99735000,6,DRA_ADVERTISE,99188,296,128,512,99.188
50n_30p_seed3,0.3,3,100130000,11,DRA_ADVERTISE,100105,326,128,512,100.105
50n_30p_seed3,0.3,3,100496000,47,DRA_ADVERTISE,100057,286,128,512,100.057
50n_30p_seed3,0.3,3,100655000,4,DRA_ADVERTISE,100393,286,128,512,100.393
50n_30p_seed3,0.3,3,101045000,22,DRA_ADVERTISE,100232,319,128,512,100.232
50n_30p_seed3,0.3,3,101804000,16,DRA_ADVERTISE,100972,294,128,512,100.972
50n_30p_seed3,0.3,3,106497000,31,DRA_ADVERTISE,106255,273,128,512,106.255
50n_30p_seed3,0.3,3,107405000,35,DRA_ADVERTISE,106517,277,128,512,106.517
50n_30p_seed3,0.3,3,107593000,32,DRA_ADVERTISE,107486,273,128,512,107.486
50n_30p_seed3,0.3,3,107895000,6,DRA_ADVERTISE,107348,292,128,512,107.348
50n_30p_seed3,0.3,3,107970000,40,DRA_ADVERTISE,107772,262,128,512,107.772
50n_30p_seed3,0.3,3,109891000,47,DRA_ADVERTISE,109452,286,128,512,109.452
50n_30p_seed3,0.3,3,110010000,32,DRA_ADVERTISE,109903,273,128,512,109.903
50n_30p_seed3,0.3,3,110167000,19,DRA_ADVERTISE,109902,266,128,512,109.902
50n_30p_seed3,0.3,3,110258000,21,DRA_ADVERTISE,109266,281,128,512,109.266
50n_30p_seed3,0.3,3,110520000,47,DRA_ADVERTISE,110081,286,128,512,110.081
50n_30p_seed3,0.3,3,110954000,38,DRA_ADVERTISE,110330,320,128,512,110.33
50n_30p_seed3,0.3,3,111535000,38,DRA_ADVERTISE,110911,320,128,512,110.911
50n_30p_seed3,0.3,3,112094000,4,DRA_ADVERTISE,111832,286,128,512,111.832
50n_30p_seed3,0.3,3,112501000,2,DRA_ADVERTISE,111738,286,128,512,111.738
50n_30p_seed3,0.3,3,113608000,11,DRA_ADVERTISE,113583,319,128,512,113.583
50n_30p_seed3,0.3,3,114900000,16,DRA_ADVERTISE,114068,294,128,512,114.068
50n_30p_seed3,0.3,3,115711000,24,DRA_ADVERTISE,115447,270,128,512,115.447
50n_30p_seed3,0.3,3,116090000,22,DRA_ADVERTISE,115277,312,128,512,115.277
50n_30p_seed3,0.3,3,116862000,16,DRA_ADVERTISE,116030,294,128,512,116.03
50n_30p_seed3,0.3,3,116910000,6,DRA_ADVERTISE,116363,292,128,512,116.363
50n_30p_seed3,0.3,3,117520000,2,DRA_ADVERTISE,116757,286,128,512,116.757
50n_30p_seed3,0.3,3,118963000,21,DRA_ADVERTISE,117971,281,128,512,117.971
50n_30p_seed3,0.3,3,123786000,35,DRA_ADVERTISE,122898,274,128,512,122.898
50n_30p_seed3,0.3,3,124319000,31,DRA_ADVERTISE,124077,267,128,512,124.077
50n_30p_seed3,0.3,3,125248000,40,DRA_ADVERTISE,125050,261,128,512,125.05
50n_30p_seed3,0.3,3,126569000,32,DRA_ADVERTISE,126462,271,128,512,126.462
50n_30p_seed3,0.3,3,127096000,2,DRA_ADVERTISE,126333,286,128,512,126.333
50n_30p_seed3,0.3,3,127181000,22,DRA_ADVERTISE,126368,312,128,512,126.368
50n_30p_seed3,0.3,3,127840000,38,DRA_ADVERTISE,127216,313,128,512,127.216
50n_30p_seed3,0.3,3,127874000,21,DRA_ADVERTISE,126882,278,128,512,126.882
50n_30p_seed3,0.3,3,128964000,35,DRA_ADVERTISE,128076,274,128,512,128.076
50n_30p_seed3,0.3,3,130251000,11,DRA_ADVERTISE,130226,319,128,512,130.226
50n_30p_seed3,0.3,3,131203000,24,DRA_ADVERTISE,130939,266,128,512,130.939
50n_30p_seed3,0.3,3,131888000,22,DRA_ADVERTISE,131075,312,128,512,131.075
50n_30p_seed3,0.3,3,132717000,47,DRA_ADVERTISE,132278,283,128,512,132.278
50n_30p_seed3,0.3,3,132974000,19,DRA_ADVERTISE,132709,256,128,512,132.709
50n_30p_seed3,0.3,3,133345000,4,DRA_ADVERTISE,133083,283,128,512,133.083
50n_30p_seed3,0.3,3,136534000,16,DRA_ADVERTISE,135702,290,128,512,135.702
50n_30p_seed3,0.3,3,138109000,40,DRA_ADVERTISE,137911,257,128,512,137.911
50n_30p_seed3,0.3,3,139598000,6,DRA_ADVERTISE,139051,288,128,512,139.051
50n_30p_seed3,0.3,3,141426000,4,DRA_ADVERTISE,141164,283,128,512,141.164
50n_30p_seed3,0.3,3,141487000,31,DRA_ADVERTISE,141245,264,128,512,141.245
50n_30p_seed3,0.3,3,141851000,11,DRA_ADVERTISE,141826,319,128,512,141.826
50n_30p_seed3,0.3,3,142757000,32,DRA_ADVERTISE,142650,267,128,512,142.65
50n_30p_seed3,0.3,3,143476000,35,DRA_ADVERTISE,142588,272,128,512,142.588
50n_30p_seed3,0.3,3,143721000,38,DRA_ADVERTISE,143097,313,128,512,143.097
50n_30p_seed3,0.3,3,143963000,22,DRA_ADVERTISE,143150,306,128,512,143.15
50n_30p_seed3,0.3,3,143972000,19,DRA_ADVERTISE,143707,256,128,512,143.707
50n_30p_seed3,0.3,3,146045000,31,DRA_ADVERTISE,145803,263,128,512,145.803
50n_30p_seed3,0.3,3,146215000,24,DRA_ADVERTISE,145951,264,128,512,145.951
50n_30p_seed3,0.3,3,146436000,4,DRA_ADVERTISE,146174,283,128,512,146.174
50n_30p_seed3,0.3,3,147616000,21,DRA_ADVERTISE,146624,273,128,512,146.624
50n_30p_seed3,0.3,3,147640000,47,DRA_ADVERTISE,147201,283,128,512,147.201
50n_30p_seed3,0.3,3,149050000,11,DRA_ADVERTISE,149025,312,128,512,149.025
50n_30p_seed3,0.3,3,149235000,19,DRA_ADVERTISE,148970,256,128,512,148.97
50n_30p_seed3,0.3,3,149721000,16,DRA_ADVERTISE,148889,290,128,512,148.889
50n_30p_seed3,0.3,3,150251000,2,DRA_ADVERTISE,149488,283,128,512,149.488
50n_30p_seed3,0.3,3,153168000,6,DRA_ADVERTISE,152621,284,128,512,152.621
50n_30p_seed3,0.3,3,153697000,40,DRA_ADVERTISE,153499,256,128,512,153.499
50n_30p_seed3,0.3,3,154539000,31,DRA_ADVERTISE,154297,263,128,512,154.297
50n_30p_seed3,0.3,3,155409000,35,DRA_ADVERTISE,154521,270,128,512,154.521
50n_30p_seed3,0.3,3,155902000,38,DRA_ADVERTISE,155278,307,128,512,155.278
50n_30p_seed3,0.3,3,158533000,19,DRA_ADVERTISE,158268,256,128,512,158.268
50n_30p_seed3,0.3,3,159173000,32,DRA_ADVERTISE,159066,263,128,512,159.066
50n_30p_seed3,0.3,3,159769000,24,DRA_ADVERTISE,159505,262,128,512,159.505
50n_30p_seed3,0.3,3,160461000,47,DRA_ADVERTISE,160022,280,128,512,160.022
50n_30p_seed3,0.3,3,161602000,22,DRA_ADVERTISE,160789,306,128,512,160.789
50n_30p_seed3,0.3,3,163025000,40,DRA_ADVERTISE,162827,256,128,512,162.827
50n_30p_seed3,0.3,3,164022000,21,DRA_ADVERTISE,163030,269,128,512,163.03
50n_30p_seed3,0.3,3,164975000,4,DRA_ADVERTISE,164713,283,128,512,164.713
50n_30p_seed3,0.3,3,165998000,2,DRA_ADVERTISE,165235,280,128,512,165.235
50n_30p_seed3,0.3,3,166687000,40,DRA_ADVERTISE,166489,256,128,512,166.489
50n_30p_seed3,0.3,3,168674000,11,DRA_ADVERTISE,168649,312,128,512,168.649
50n_30p_seed3,0.3,3,169745000,16,DRA_ADVERTISE,168913,286,128,512,168.913
50n_30p_seed3,0.3,3,170935000,6,DRA_ADVERTISE,170388,284,128,512,170.388
50n_30p_seed3,0.3,3,173115000,31,DRA_ADVERTISE,172873,260,128,512,172.873
50n_30p_seed3,0.3,3,173983000,16,DRA_ADVERTISE,173151,286,128,512,173.151
50n_30p_seed3,0.3,3,177092000,21,DRA_ADVERTISE,176100,265,128,512,176.1
50n_30p_seed3,0.3,3,177122000,47,DRA_ADVERTISE,176683,280,128,512,176.683
50n_30p_seed3,0.3,3,177248000,35,DRA_ADVERTISE,176360,266,128,512,176.36
50n_30p_seed3,0.3,3,177628000,38,DRA_ADVERTISE,177004,301,128,512,177.004
50n_30p_seed3,0.3,3,177725000,19,DRA_ADVERTISE,177460,256,128,512,177.46
50n_30p_seed3,0.3,3,179449000,32,DRA_ADVERTISE,179342,263,128,512,179.342
50n_30p_seed3,0.3,3,180327000,2,DRA_ADVERTISE,179564,280,128,512,179.564
50n_30p_seed3,0.3,3,181240000,24,DRA_ADVERTISE,180976,258,128,512,180.976
50n_30p_seed3,0.3,3,181606000,4,DRA_ADVERTISE,181344,280,128,512,181.344
50n_30p_seed3,0.3,3,182513000,32,DRA_ADVERTISE,182406,263,128,512,182.406
50n_30p_seed3,0.3,3,182702000,16,DRA_ADVERTISE,181870,286,128,512,181.87
50n_30p_seed3,0.3,3,183717000,22,DRA_ADVERTISE,182904,301,128,512,182.904
50n_30p_seed3,0.3,3,184790000,11,DRA_ADVERTISE,184765,312,128,512,184.765
50n_30p_seed3,0.3,3,185233000,6,DRA_ADVERTISE,184686,281,128,512,184.686
50n_30p_seed3,0.3,3,185654000,40,DRA_ADVERTISE,185456,256,128,512,185.456
50n_30p_seed3,0.3,3,188283000,2,DRA_ADVERTISE,187520,277,128,512,187.52
50n_30p_seed3,0.3,3,189468000,32,DRA_ADVERTISE,189361,261,128,512,189.361
50n_30p_seed3,0.3,3,192026000,47,DRA_ADVERTISE,191587,277,128,512,191.587
50n_30p_seed3,0.3,3,192848000,35,DRA_ADVERTISE,191960,266,128,512,191.96
50n_30p_seed3,0.3,3,192876000,22,DRA_ADVERTISE,192063,301,128,512,192.063
50n_30p_seed3,0.3,3,192883000,47,DRA_ADVERTISE,192444,277,128,512,192.444
50n_30p_seed3,0.3,3,193323000,38,DRA_ADVERTISE,192699,301,128,512,192.699
50n_30p_seed3,0.3,3,194730000,11,DRA_ADVERTISE,194705,306,128,512,194.705
50n_30p_seed3,0.3,3,194911000,31,DRA_ADVERTISE,194669,256,128,512,194.669
50n_30p_seed3,0.3,3,194921000,4,DRA_ADVERTISE,194659,280,128,512,194.659
50n_30p_seed3,0.3,3,195396000,16,DRA_ADVERTISE,194564,283,128,512,194.564
50n_30p_seed3,0.3,3,196032000,24,DRA_ADVERTISE,195768,256,128,512,195.768
50n_30p_seed3,0.3,3,196619000,2,DRA_ADVERTISE,195856,277,128,512,195.856
50n_30p_seed3,0.3,3,197499000,21,DRA_ADVERTISE,196507,264,128,512,196.507
50n_30p_seed3,0.3,3,198907000,19,DRA_ADVERTISE,198642,265,128,512,198.642
50n_30p_seed3,0.3,3,199605000,24,DRA_ADVERTISE,199341,256,128,512,199.341
50n_30p_seed3,0.3,3,199775000,22,DRA_ADVERTISE,198962,301,128,512,198.962
50n_30p_seed3,0.3,3,200107000,6,DRA_ADVERTISE,199560,281,128,512,199.56
50n_30p_seed3,0.3,3,202440000,6,DRA_ADVERTISE,201893,281,128,512,201.893
50n_30p_seed3,0.3,3,205301000,40,DRA_ADVERTISE,205103,256,128,512,205.103
50n_30p_seed3,0.3,3,206371000,38,DRA_ADVERTISE,205747,296,128,512,205.747
50n_30p_seed3,0.3,3,208595000,32,DRA_ADVERTISE,208488,260,128,512,208.488
50n_30p_seed3,0.3,3,209918000,47,DRA_ADVERTISE,209479,277,128,512,209.479
50n_30p_seed3,0.3,3,210106000,35,DRA_ADVERTISE,209218,277,128,512,209.218
50n_30p_seed3,0.3,3,210904000,19,DRA_ADVERTISE,210639,260,128,512,210.639
50n_30p_seed3,0.3,3,211264000,24,DRA_ADVERTISE,211000,256,128,512,211.0
50n_30p_seed3,0.3,3,211334000,31,DRA_ADVERTISE,211092,256,128,512,211.092
50n_30p_seed3,0.3,3,212832000,21,DRA_ADVERTISE,211840,263,128,512,211.84
50n_30p_seed3,0.3,3,213547000,4,DRA_ADVERTISE,213285,277,128,512,213.285
50n_30p_seed3,0.3,3,215601000,2,DRA_ADVERTISE,214838,277,128,512,214.838
50n_30p_seed3,0.3,3,216338000,22,DRA_ADVERTISE,215525,296,128,512,215.525
50n_30p_seed3,0.3,3,217381000,6,DRA_ADVERTISE,216834,278,128,512,216.834
50n_30p_seed3,0.3,3,217612000,40,DRA_ADVERTISE,217414,256,128,512,217.414
50n_30p_seed3,0.3,3,217741000,11,DRA_ADVERTISE,217716,301,128,512,217.716
50n_30p_seed3,0.3,3,218585000,16,DRA_ADVERTISE,217753,280,128,512,217.753
50n_30p_seed3,0.3,3,219887000,35,DRA_ADVERTISE,218999,274,128,512,218.999
50n_30p_seed3,0.3,3,220330000,38,DRA_ADVERTISE,219706,296,128,512,219.706
50n_30p_seed3,0.3,3,220438000,31,DRA_ADVERTISE,220196,256,128,512,220.196
50n_30p_seed3,0.3,3,222013000,38,DRA_ADVERTISE,221389,296,128,512,221.389
50n_30p_seed3,0.3,3,223541000,35,DRA_ADVERTISE,222653,274,128,512,222.653
50n_30p_seed3,0.3,3,224128000,47,DRA_ADVERTISE,223689,274,128,512,223.689
50n_30p_seed3,0.3,3,225132000,4,DRA_ADVERTISE,224870,277,128,512,224.87
50n_30p_seed3,0.3,3,226395000,19,DRA_ADVERTISE,226130,256,128,512,226.13
50n_30p_seed3,0.3,3,226505000,40,DRA_ADVERTISE,226307,256,128,512,226.307
50n_30p_seed3,0.3,3,226639000,4,DRA_ADVERTISE,226377,277,128,512,226.377
50n_30p_seed3,0.3,3,227597000,21,DRA_ADVERTISE,226605,261,128,512,226.605
50n_30p_seed3,0.3,3,227617000,32,DRA_ADVERTISE,227510,257,128,512,227.51
50n_30p_seed3,0.3,3,229367000,11,DRA_ADVERTISE,229342,301,128,512,229.342
50n_30p_seed3,0.3,3,229703000,11,DRA_ADVERTISE,229678,301,128,512,229.678
50n_30p_seed3,0.3,3,229706000,2,DRA_ADVERTISE,228943,274,128,512,228.943
50n_30p_seed3,0.3,3,230779000,16,DRA_ADVERTISE,229947,280,128,512,229.947
50n_30p_seed3,0.3,3,231569000,19,DRA_ADVERTISE,231304,256,128,512,231.304
50n_30p_seed3,0.3,3,231902000,22,DRA_ADVERTISE,231089,296,128,512,231.089
50n_30p_seed3,0.3,3,232372000,21,DRA_ADVERTISE,231380,261,128,512,231.38
50n_30p_seed3,0.3,3,232462000,24,DRA_ADVERTISE,232198,256,128,512,232.198
50n_30p_seed3,0.3,3,233818000,16,DRA_ADVERTISE,232986,280,128,512,232.986
50n_30p_seed3,0.3,3,233852000,6,DRA_ADVERTISE,233305,278,128,512,233.305
50n_30p_seed3,0.3,3,234228000,32,DRA_ADVERTISE,234121,256,128,512,234.121
50n_30p_seed3,0.3,3,234502000,40,DRA_ADVERTISE,234304,256,128,512,234.304
50n_30p_seed3,0.3,3,234797000,31,DRA_ADVERTISE,234555,256,128,512,234.555
50n_30p_seed3,0.3,3,237241000,32,DRA_ADVERTISE,237134,256,128,512,237.134
50n_30p_seed3,0.3,3,238463000,47,DRA_ADVERTISE,238024,274,128,512,238.024
50n_30p_seed3,0.3,3,239736000,31,DRA_ADVERTISE,239494,256,128,512,239.494
50n_30p_seed3,0.3,3,241016000,19,DRA_ADVERTISE,240751,256,128,512,240.751
50n_30p_seed3,0.3,3,242784000,2,DRA_ADVERTISE,242021,274,128,512,242.021
50n_30p_seed3,0.3,3,243204000,4,DRA_ADVERTISE,242942,274,128,512,242.942
50n_30p_seed3,0.3,3,243558000,35,DRA_ADVERTISE,242670,270,128,512,242.67
50n_30p_seed3,0.3,3,244016000,47,DRA_ADVERTISE,243577,274,128,512,243.577
50n_30p_seed3,0.3,3,244711000,38,DRA_ADVERTISE,244087,304,128,512,244.087
50n_30p_seed3,0.3,3,244784000,24,DRA_ADVERTISE,244520,256,128,512,244.52
50n_30p_seed3,0.3,3,246837000,21,DRA_ADVERTISE,245845,258,128,512,245.845
50n_30p_seed3,0.3,3,246894000,11,DRA_ADVERTISE,246869,296,128,512,246.869
50n_30p_seed3,0.3,3,248145000,22,DRA_ADVERTISE,247332,292,128,512,247.332
50n_30p_seed3,0.3,3,248478000,16,DRA_ADVERTISE,247646,277,128,512,247.646
50n_30p_seed3,0.3,3,251382000,6,DRA_ADVERTISE,250835,275,128,512,250.835
50n_30p_seed3,0.3,3,252952000,40,DRA_ADVERTISE,252754,256,128,512,252.754
50n_30p_seed3,0.3,3,256106000,38,DRA_ADVERTISE,255482,304,128,512,255.482
50n_30p_seed3,0.3,3,256956000,47,DRA_ADVERTISE,256517,272,128,512,256.517
50n_30p_seed3,0.3,3,257294000,32,DRA_ADVERTISE,257187,256,128,512,257.187
50n_30p_seed3,0.3,3,257811000,35,DRA_ADVERTISE,256923,270,128,512,256.923
50n_30p_seed3,0.3,3,258308000,2,DRA_ADVERTISE,257545,272,128,512,257.545
50n_30p_seed3,0.3,3,258542000,4,DRA_ADVERTISE,258280,274,128,512,258.28
50n_30p_seed3,0.3,3,258676000,2,DRA_ADVERTISE,257913,272,128,512,257.913
50n_30p_seed3,0.3,3,260291000,16,DRA_ADVERTISE,259459,277,128,512,259.459
50n_30p_seed3,0.3,3,260314000,31,DRA_ADVERTISE,260072,256,128,512,260.072
50n_30p_seed3,0.3,3,260593000,24,DRA_ADVERTISE,260329,256,128,512,260.329
50n_30p_seed3,0.3,3,260837000,11,DRA_ADVERTISE,260812,296,128,512,260.812
50n_30p_seed3,0.3,3,262437000,21,DRA_ADVERTISE,261445,258,128,512,261.445
50n_30p_seed3,0.3,3,262597000,22,DRA_ADVERTISE,261784,292,128,512,261.784
50n_30p_seed3,0.3,3,264116000,19,DRA_ADVERTISE,263851,256,128,512,263.851
50n_30p_seed3,0.3,3,266127000,40,DRA_ADVERTISE,265929,256,128,512,265.929
50n_30p_seed3,0.3,3,269952000,31,DRA_ADVERTISE,269710,256,128,512,269.71
50n_30p_seed3,0.3,3,270163000,6,DRA_ADVERTISE,269616,275,128,512,269.616
50n_30p_seed3,0.3,3,270793000,32,DRA_ADVERTISE,270686,256,128,512,270.686
50n_30p_seed3,0.3,3,271604000,24,DRA_ADVERTISE,271340,256,128,512,271.34
50n_30p_seed3,0.3,3,273441000,35,DRA_ADVERTISE,272553,266,128,512,272.553
50n_30p_seed3,0.3,3,275435000,19,DRA_ADVERTISE,275170,256,128,512,275.17
50n_30p_seed3,0.3,3,275498000,21,DRA_ADVERTISE,274506,256,128,512,274.506
50n_30p_seed3,0.3,3,275587000,24,DRA_ADVERTISE,275323,256,128,512,275.323
50n_30p_seed3,0.3,3,276220000,47,DRA_ADVERTISE,275781,272,128,512,275.781
50n_30p_seed3,0.3,3,276387000,38,DRA_ADVERTISE,275763,299,128,512,275.763
50n_30p_seed3,0.3,3,276452000,11,DRA_ADVERTISE,276427,292,128,512,276.427
50n_30p_seed3,0.3,3,277335000,16,DRA_ADVERTISE,276503,274,128,512,276.503
50n_30p_seed3,0.3,3,279251000,2,DRA_ADVERTISE,278488,272,128,512,278.488
50n_30p_seed3,0.3,3,280158000,6,DRA_ADVERTISE,279611,273,128,512,279.611
50n_30p_seed3,0.3,3,281023000,22,DRA_ADVERTISE,280210,292,128,512,280.21
50n_30p_seed3,0.3,3,281315000,4,DRA_ADVERTISE,281053,272,128,512,281.053
50n_30p_seed3,0.3,3,282441000,31,DRA_ADVERTISE,282199,256,128,512,282.199
50n_30p_seed3,0.3,3,283459000,40,DRA_ADVERTISE,283261,256,128,512,283.261
50n_30p_seed3,0.3,3,284174000,6,DRA_ADVERTISE,283627,273,128,512,283.627
50n_30p_seed3,0.3,3,285161000,47,DRA_ADVERTISE,284722,272,128,512,284.722
50n_30p_seed3,0.3,3,285404000,4,DRA_ADVERTISE,285142,272,128,512,285.142
50n_30p_seed3,0.3,3,288014000,35,DRA_ADVERTISE,287126,266,128,512,287.126
50n_30p_seed3,0.3,3,291210000,38,DRA_ADVERTISE,290586,294,128,512,290.586
50n_30p_seed3,0.3,3,291543000,31,DRA_ADVERTISE,291301,256,128,512,291.301
50n_30p_seed3,0.3,3,291593000,22,DRA_ADVERTISE,290780,288,128,512,290.78
50n_30p_seed3,0.3,3,291916000,32,DRA_ADVERTISE,291809,256,128,512,291.809
50n_30p_seed3,0.3,3,292888000,16,DRA_ADVERTISE,292056,272,128,512,292.056
50n_30p_seed3,0.3,3,293133000,16,DRA_ADVERTISE,292301,272,128,512,292.301
50n_30p_seed3,0.3,3,293162000,24,DRA_ADVERTISE,292898,256,128,512,292.898
50n_30p_seed3,0.3,3,294896000,21,DRA_ADVERTISE,293904,256,128,512,293.904
50n_30p_seed3,0.3,3,295915000,47,DRA_ADVERTISE,295476,270,128,512,295.476
50n_30p_seed3,0.3,3,295982000,19,DRA_ADVERTISE,295717,256,128,512,295.717
50n_30p_seed3,0.3,3,296796000,2,DRA_ADVERTISE,296033,270,128,512,296.033
50n_30p_seed3,0.3,3,296857000,4,DRA_ADVERTISE,296595,272,128,512,296.595
50n_30p_seed3,0.3,3,296985000,11,DRA_ADVERTISE,296960,292,128,512,296.96
50n_30p_seed3,0.3,3,297748000,22,DRA_ADVERTISE,296935,288,128,512,296.935
50n_30p_seed3,0.3,3,297968000,6,DRA_ADVERTISE,297421,273,128,512,297.421
50n_30p_seed3,0.3,3,302037000,35,DRA_ADVERTISE,301149,264,128,512,301.149
50n_30p_seed3,0.3,3,303008000,40,DRA_ADVERTISE,302810,256,128,512,302.81
50n_30p_seed3,0.3,3,304502000,31,DRA_ADVERTISE,304260,256,128,512,304.26
50n_30p_seed3,0.3,3,306386000,38,DRA_ADVERTISE,305762,294,128,512,305.762
50n_30p_seed3,0.3,3,306438000,32,DRA_ADVERTISE,306331,266,128,512,306.331
50n_30p_seed3,0.3,3,306687000,40,DRA_ADVERTISE,306489,256,128,512,306.489
50n_30p_seed3,0.3,3,306774000,2,DRA_ADVERTISE,306011,270,128,512,306.011
50n_30p_seed3,0.3,3,307827000,21,DRA_ADVERTISE,306835,256,128,512,306.835
50n_30p_seed3,0.3,3,308038000,32,DRA_ADVERTISE,307931,266,128,512,307.931
50n_30p_seed3,0.3,3,308634000,19,DRA_ADVERTISE,308369,268,128,512,308.369
50n_30p_seed3,0.3,3,309050000,47,DRA_ADVERTISE,308611,270,128,512,308.611
50n_30p_seed3,0.3,3,309642000,35,DRA_ADVERTISE,308754,264,128,512,308.754
50n_30p_seed3,0.3,3,309910000,21,DRA_ADVERTISE,308918,256,128,512,308.918
50n_30p_seed3,0.3,3,310043000,38,DRA_ADVERTISE,309419,294,128,512,309.419
50n_30p_seed3,0.3,3,310166000,24,DRA_ADVERTISE,309902,256,128,512,309.902
50n_30p_seed3,0.3,3,311812000,16,DRA_ADVERTISE,310980,272,128,512,310.98
50n_30p_seed3,0.3,3,313116000,6,DRA_ADVERTISE,312569,271,128,512,312.569
50n_30p_seed3,0.3,3,313210000,11,DRA_ADVERTISE,313185,288,128,512,313.185
50n_30p_seed3,0.3,3,313730000,22,DRA_ADVERTISE,312917,284,128,512,312.917
50n_30p_seed3,0.3,3,313958000,2,DRA_ADVERTISE,313195,270,128,512,313.195
50n_30p_seed3,0.3,3,314332000,40,DRA_ADVERTISE,314134,256,128,512,314.134
50n_30p_seed3,0.3,3,314746000,4,DRA_ADVERTISE,314484,270,128,512,314.484
50n_30p_seed3,0.3,3,319356000,32,DRA_ADVERTISE,319249,266,128,512,319.249
50n_30p_seed3,0.3,3,322929000,11,DRA_ADVERTISE,322904,288,128,512,322.904
50n_30p_seed3,0.3,3,323134000,47,DRA_ADVERTISE,322695,268,128,512,322.695
50n_30p_seed3,0.3,3,324991000,38,DRA_ADVERTISE,324367,294,128,512,324.367
50n_30p_seed3,0.3,3,325269000,31,DRA_ADVERTISE,325027,256,128,512,325.027
50n_30p_seed3,0.3,3,325739000,19,DRA_ADVERTISE,325474,274,128,512,325.474
50n_30p_seed3,0.3,3,325894952,19,DRA_ADVERTISE,325629,274,128,512,325.629
50n_30p_seed3,0.3,3,326131000,4,DRA_ADVERTISE,325869,268,128,512,325.869
50n_30p_seed3,0.3,3,326649000,22,DRA_ADVERTISE,325836,284,128,512,325.836
50n_30p_seed3,0.3,3,326839000,35,DRA_ADVERTISE,325951,263,128,512,325.951
50n_30p_seed3,0.3,3,327765000,24,DRA_ADVERTISE,327501,256,128,512,327.501
50n_30p_seed3,0.3,3,328237000,19,DRA_ADVERTISE,327972,272,128,512,327.972
50n_30p_seed3,0.3,3,328674000,24,DRA_ADVERTISE,328410,256,128,512,328.41
50n_30p_seed3,0.3,3,328960000,11,DRA_ADVERTISE,328935,288,128,512,328.935
50n_30p_seed3,0.3,3,329381000,2,DRA_ADVERTISE,328618,268,128,512,328.618
50n_30p_seed3,0.3,3,329709000,21,DRA_ADVERTISE,328717,256,128,512,328.717
50n_30p_seed3,0.3,3,332316000,16,DRA_ADVERTISE,331484,270,128,512,331.484
50n_30p_seed3,0.3,3,332688000,40,DRA_ADVERTISE,332490,256,128,512,332.49
50n_30p_seed3,0.3,3,334980000,31,DRA_ADVERTISE,334738,256,128,512,334.738
50n_30p_seed3,0.3,3,335000000,6,DRA_ADVERTISE,334453,269,128,512,334.453
50n_30p_seed3,0.3,3,338313000,4,DRA_ADVERTISE,338051,268,128,512,338.051
50n_30p_seed3,0.3,3,338908000,32,DRA_ADVERTISE,338801,263,128,512,338.801
50n_30p_seed3,0.3,3,338988000,38,DRA_ADVERTISE,338364,290,128,512,338.364
50n_30p_seed3,0.3,3,340396000,19,DRA_ADVERTISE,340131,266,128,512,340.131
50n_30p_seed3,0.3,3,340751000,47,DRA_ADVERTISE,340312,268,128,512,340.312
50n_30p_seed3,0.3,3,341913000,22,DRA_ADVERTISE,341100,284,128,512,341.1
50n_30p_seed3,0.3,3,342056000,11,DRA_ADVERTISE,342031,284,128,512,342.031
50n_30p_seed3,0.3,3,342506000,35,DRA_ADVERTISE,341618,262,128,512,341.618
50n_30p_seed3,0.3,3,342606000,2,DRA_ADVERTISE,341843,268,128,512,341.843
50n_30p_seed3,0.3,3,343109000,16,DRA_ADVERTISE,342277,268,128,512,342.277
50n_30p_seed3,0.3,3,344086000,4,DRA_ADVERTISE,343824,268,128,512,343.824
50n_30p_seed3,0.3,3,345395000,24,DRA_ADVERTISE,345131,256,128,512,345.131
50n_30p_seed3,0.3,3,346556000,21,DRA_ADVERTISE,345564,256,128,512,345.564
50n_30p_seed3,0.3,3,349094000,6,DRA_ADVERTISE,348547,269,128,512,348.547
50n_30p_seed3,0.3,3,351058000,40,DRA_ADVERTISE,350860,256,128,512,350.86
50n_30p_seed3,0.3,3,351830000,6,DRA_ADVERTISE,351283,269,128,512,351.283
50n_30p_seed3,0.3,3,352840000,38,DRA_ADVERTISE,352216,290,128,512,352.216
50n_30p_seed3,0.3,3,355418000,31,DRA_ADVERTISE,355176,256,128,512,355.176
50n_30p_seed3,0.3,3,355777000,32,DRA_ADVERTISE,355670,262,128,512,355.67
50n_30p_seed3,0.3,3,356343000,22,DRA_ADVERTISE,355530,281,128,512,355.53
50n_30p_seed3,0.3,3,359207000,35,DRA_ADVERTISE,358319,261,128,512,358.319
50n_30p_seed3,0.3,3,360649000,24,DRA_ADVERTISE,360385,256,128,512,360.385
50n_30p_seed3,0.3,3,360913000,4,DRA_ADVERTISE,360651,266,128,512,360.651
50n_30p_seed3,0.3,3,361417000,32,DRA_ADVERTISE,361310,261,128,512,361.31
50n_30p_seed3,0.3,3,361475000,47,DRA_ADVERTISE,361036,266,128,512,361.036
50n_30p_seed3,0.3,3,361789000,19,DRA_ADVERTISE,361524,257,128,512,361.524
50n_30p_seed3,0.3,3,362834000,11,DRA_ADVERTISE,362809,281,128,512,362.809
50n_30p_seed3,0.3,3,363241000,2,DRA_ADVERTISE,362478,266,128,512,362.478
50n_30p_seed3,0.3,3,363462000,21,DRA_ADVERTISE,362470,256,128,512,362.47
50n_30p_seed3,0.3,3,363479000,21,DRA_ADVERTISE,362487,256,128,512,362.487
50n_30p_seed3,0.3,3,363751000,16,DRA_ADVERTISE,362919,266,128,512,362.919
50n_30p_seed3,0.3,3,366248000,40,DRA_ADVERTISE,366050,256,128,512,366.05
50n_30p_seed3,0.3,3,366889000,22,DRA_ADVERTISE,366076,281,128,512,366.076
50n_30p_seed3,0.3,3,368549000,6,DRA_ADVERTISE,368002,267,128,512,368.002
50n_30p_seed3,0.3,3,368985000,16,DRA_ADVERTISE,368153,266,128,512,368.153
50n_30p_seed3,0.3,3,369266000,31,DRA_ADVERTISE,369024,256,128,512,369.024
50n_30p_seed3,0.3,3,369277000,38,DRA_ADVERTISE,368653,286,128,512,368.653
50n_30p_seed3,0.3,3,372716000,19,DRA_ADVERTISE,372451,256,128,512,372.451
50n_30p_seed3,0.3,3,372932000,35,DRA_ADVERTISE,372044,259,128,512,372.044
50n_30p_seed3,0.3,3,373406000,2,DRA_ADVERTISE,372643,266,128,512,372.643
50n_30p_seed3,0.3,3,373486000,47,DRA_ADVERTISE,373047,266,128,512,373.047
50n_30p_seed3,0.3,3,373880000,32,DRA_ADVERTISE,373773,260,128,512,373.773
50n_30p_seed3,0.3,3,373995000,4,DRA_ADVERTISE,373733,266,128,512,373.733
50n_30p_seed3,0.3,3,374120000,21,DRA_ADVERTISE,373128,256,128,512,373.128
50n_30p_seed3,0.3,3,375198000,24,DRA_ADVERTISE,374934,256,128,512,374.934
50n_30p_seed3,0.3,3,376435000,47,DRA_ADVERTISE,375996,266,128,512,375.996
50n_30p_seed3,0.3,3,376978000,40,DRA_ADVERTISE,376780,256,128,512,376.78
50n_30p_seed3,0.3,3,377677000,22,DRA_ADVERTISE,376864,278,128,512,376.864
50n_30p_seed3,0.3,3,377782000,19,DRA_ADVERTISE,377517,256,128,512,377.517
50n_30p_seed3,0.3,3,380723000,2,DRA_ADVERTISE,379960,266,128,512,379.96
50n_30p_seed3,0.3,3,381016000,40,DRA_ADVERTISE,380818,256,128,512,380.818
50n_30p_seed3,0.3,3,381938000,31,DRA_ADVERTISE,381696,256,128,512,381.696
50n_30p_seed3,0.3,3,382123000,6,DRA_ADVERTISE,381576,267,128,512,381.576
50n_30p_seed3,0.3,3,382455000,11,DRA_ADVERTISE,382430,281,128,512,382.43
50n_30p_seed3,0.3,3,383024000,16,DRA_ADVERTISE,382192,266,128,512,382.192
50n_30p_seed3,0.3,3,386065000,35,DRA_ADVERTISE,385177,259,128,512,385.177
50n_30p_seed3,0.3,3,388961000,38,DRA_ADVERTISE,388337,286,128,512,388.337
50n_30p_seed3,0.3,3,389267000,35,DRA_ADVERTISE,388379,259,128,512,388.379
50n_30p_seed3,0.3,3,389755000,47,DRA_ADVERTISE,389316,265,128,512,389.316
50n_30p_seed3,0.3,3,389872000,31,DRA_ADVERTISE,389630,256,128,512,389.63
50n_30p_seed3,0.3,3,390121000,24,DRA_ADVERTISE,389857,256,128,512,389.857
50n_30p_seed3,0.3,3,390552000,22,DRA_ADVERTISE,389739,278,128,512,389.739
50n_30p_seed3,0.3,3,391480000,2,DRA_ADVERTISE,390717,265,128,512,390.717
50n_30p_seed3,0.3,3,391666000,32,DRA_ADVERTISE,391559,258,128,512,391.559
50n_30p_seed3,0.3,3,392288000,24,DRA_ADVERTISE,392024,256,128,512,392.024
50n_30p_seed3,0.3,3,392757000,11,DRA_ADVERTISE,392732,278,128,512,392.732
50n_30p_seed3,0.3,3,393369000,19,DRA_ADVERTISE,393104,256,128,512,393.104
50n_30p_seed3,0.3,3,394492000,21,DRA_ADVERTISE,393500,256,128,512,393.5
50n_30p_seed3,0.3,3,395362000,4,DRA_ADVERTISE,395100,277,128,512,395.1
50n_30p_seed3,0.3,3,396138000,38,DRA_ADVERTISE,395514,283,128,512,395.514
50n_30p_seed3,0.3,3,396224000,40,DRA_ADVERTISE,396026,256,128,512,396.026
50n_30p_seed3,0.3,3,397669000,6,DRA_ADVERTISE,397122,265,128,512,397.122
50n_30p_seed3,0.3,3,398775000,16,DRA_ADVERTISE,397943,265,128,512,397.943
50n_30p_seed3,0.3,3,403137000,38,DRA_ADVERTISE,402513,283,128,512,402.513
50n_30p_seed3,0.3,3,403982000,11,DRA_ADVERTISE,403957,278,128,512,403.957
50n_30p_seed3,0.3,3,405124000,22,DRA_ADVERTISE,404311,278,128,512,404.311
50n_30p_seed3,0.3,3,405863000,32,DRA_ADVERTISE,405756,256,128,512,405.756
50n_30p_seed3,0.3,3,405940000,4,DRA_ADVERTISE,405678,277,128,512,405.678
50n_30p_seed3,0.3,3,406298000,21,DRA_ADVERTISE,405306,256,128,512,405.306
50n_30p_seed3,0.3,3,407536000,35,DRA_ADVERTISE,406648,257,128,512,406.648
50n_30p_seed3,0.3,3,408012000,47,DRA_ADVERTISE,407573,265,128,512,407.573
50n_30p_seed3,0.3,3,408350000,31,DRA_ADVERTISE,408108,256,128,512,408.108
50n_30p_seed3,0.3,3,409719000,2,DRA_ADVERTISE,408956,265,128,512,408.956
50n_30p_seed3,0.3,3,410409000,16,DRA_ADVERTISE,409577,265,128,512,409.577
50n_30p_seed3,0.3,3,411921000,11,DRA_ADVERTISE,411896,278,128,512,411.896
50n_30p_seed3,0.3,3,412205000,19,DRA_ADVERTISE,411940,256,128,512,411.94
50n_30p_seed3,0.3,3,412678000,24,DRA_ADVERTISE,412414,256,128,512,412.414
50n_30p_seed3,0.3,3,415292000,6,DRA_ADVERTISE,414745,264,128,512,414.745
50n_30p_seed3,0.3,3,415640000,40,DRA_ADVERTISE,415442,256,128,512,415.442
50n_30p_seed3,0.3,3,417079000,4,DRA_ADVERTISE,416817,277,128,512,416.817
50n_30p_seed3,0.3,3,417499000,21,DRA_ADVERTISE,416507,256,128,512,416.507
50n_30p_seed3,0.3,3,420221000,38,DRA_ADVERTISE,419597,280,128,512,419.597
50n_30p_seed3,0.3,3,420314000,32,DRA_ADVERTISE,420207,256,128,512,420.207
50n_30p_seed3,0.3,3,421839000,21,DRA_ADVERTISE,420847,256,128,512,420.847
50n_30p_seed3,0.3,3,422494000,2,DRA_ADVERTISE,421731,264,128,512,421.731
50n_30p_seed3,0.3,3,422720000,35,DRA_ADVERTISE,421832,257,128,512,421.832
50n_30p_seed3,0.3,3,423534000,47,DRA_ADVERTISE,423095,264,128,512,423.095
50n_30p_seed3,0.3,3,424365000,31,DRA_ADVERTISE,424123,256,128,512,424.123
50n_30p_seed3,0.3,3,425210000,16,DRA_ADVERTISE,424378,264,128,512,424.378
50n_30p_seed3,0.3,3,425754000,4,DRA_ADVERTISE,425492,274,128,512,425.492
50n_30p_seed3,0.3,3,426630000,22,DRA_ADVERTISE,425817,275,128,512,425.817
50n_30p_seed3,0.3,3,426694000,24,DRA_ADVERTISE,426430,256,128,512,426.43
50n_30p_seed3,0.3,3,426888000,22,DRA_ADVERTISE,426075,275,128,512,426.075
50n_30p_seed3,0.3,3,427774000,19,DRA_ADVERTISE,427509,256,128,512,427.509
50n_30p_seed3,0.3,3,428299000,32,DRA_ADVERTISE,428192,256,128,512,428.192
50n_30p_seed3,0.3,3,428779000,11,DRA_ADVERTISE,428754,275,128,512,428.754
50n_30p_seed3,0.3,3,431781000,16,DRA_ADVERTISE,430949,264,128,512,430.949
50n_30p_seed3,0.3,3,433322000,2,DRA_ADVERTISE,432559,264,128,512,432.559
50n_30p_seed3,0.3,3,433744000,40,DRA_ADVERTISE,433546,256,128,512,433.546
50n_30p_seed3,0.3,3,433868000,6,DRA_ADVERTISE,433321,264,128,512,433.321
50n_30p_seed3,0.3,3,434948000,35,DRA_ADVERTISE,434060,256,128,512,434.06
50n_30p_seed3,0.3,3,438558000,38,DRA_ADVERTISE,437934,280,128,512,437.934
50n_30p_seed3,0.3,3,438695000,2,DRA_ADVERTISE,437932,264,128,512,437.932
50n_30p_seed3,0.3,3,439645000,21,DRA_ADVERTISE,438653,256,128,512,438.653
50n_30p_seed3,0.3,3,439896000,47,DRA_ADVERTISE,439457,263,128,512,439.457
50n_30p_seed3,0.3,3,440366000,24,DRA_ADVERTISE,440102,256,128,512,440.102
50n_30p_seed3,0.3,3,440374000,32,DRA_ADVERTISE,440267,256,128,512,440.267
50n_30p_seed3,0.3,3,440739000,31,DRA_ADVERTISE,440497,256,128,512,440.497
50n_30p_seed3,0.3,3,443005000,6,DRA_ADVERTISE,442458,264,128,512,442.458
50n_30p_seed3,0.3,3,443056000,19,DRA_ADVERTISE,442791,256,128,512,442.791
50n_30p_seed3,0.3,3,443501000,11,DRA_ADVERTISE,443476,275,128,512,443.476
50n_30p_seed3,0.3,3,443550000,22,DRA_ADVERTISE,442737,273,128,512,442.737
50n_30p_seed3,0.3,3,445533000,4,DRA_ADVERTISE,445271,274,128,512,445.271
50n_30p_seed3,0.3,3,446310000,16,DRA_ADVERTISE,445478,263,128,512,445.478
50n_30p_seed3,0.3,3,447392000,40,DRA_ADVERTISE,447194,256,128,512,447.194
50n_30p_seed3,0.3,3,448984000,19,DRA_ADVERTISE,448719,256,128,512,448.719
50n_30p_seed3,0.3,3,449482000,6,DRA_ADVERTISE,448935,264,128,512,448.935
50n_30p_seed3,0.3,3,449601000,31,DRA_ADVERTISE,449359,256,128,512,449.359
50n_30p_seed3,0.3,3,450878000,40,DRA_ADVERTISE,450680,256,128,512,450.68
50n_30p_seed3,0.3,3,453993000,35,DRA_ADVERTISE,453105,256,128,512,453.105
50n_30p_seed3,0.3,3,454360000,32,DRA_ADVERTISE,454253,256,128,512,454.253
50n_30p_seed3,0.3,3,456040000,38,DRA_ADVERTISE,455416,277,128,512,455.416
50n_30p_seed3,0.3,3,457100000,24,DRA_ADVERTISE,456836,256,128,512,456.836
50n_30p_seed3,0.3,3,457306000,19,DRA_ADVERTISE,457041,256,128,512,457.041
50n_30p_seed3,0.3,3,458197000,22,DRA_ADVERTISE,457384,273,128,512,457.384
50n_30p_seed3,0.3,3,458281000,11,DRA_ADVERTISE,458256,273,128,512,458.256
50n_30p_seed3,0.3,3,458948000,16,DRA_ADVERTISE,458116,263,128,512,458.116
50n_30p_seed3,0.3,3,459303000,4,DRA_ADVERTISE,459041,272,128,512,459.041
50n_30p_seed3,0.3,3,459609000,35,DRA_ADVERTISE,458721,256,128,512,458.721
50n_30p_seed3,0.3,3,460806000,47,DRA_ADVERTISE,460367,263,128,512,460.367
50n_30p_seed3,0.3,3,460844000,31,DRA_ADVERTISE,460602,256,128,512,460.602
50n_30p_seed3,0.3,3,462015000,2,DRA_ADVERTISE,461252,263,128,512,461.252
50n_30p_seed3,0.3,3,462275000,21,DRA_ADVERTISE,461283,256,128,512,461.283
50n_30p_seed3,0.3,3,467024000,6,DRA_ADVERTISE,466477,263,128,512,466.477
50n_30p_seed3,0.3,3,467876000,35,DRA_ADVERTISE,466988,256,128,512,466.988
50n_30p_seed3,0.3,3,469132000,38,DRA_ADVERTISE,468508,277,128,512,468.508
50n_30p_seed3,0.3,3,469287000,40,DRA_ADVERTISE,469089,256,128,512,469.089
50n_30p_seed3,0.3,3,471291000,22,DRA_ADVERTISE,470478,271,128,512,470.478
50n_30p_seed3,0.3,3,471700000,21,DRA_ADVERTISE,470708,256,128,512,470.708
50n_30p_seed3,0.3,3,471891000,24,DRA_ADVERTISE,471627,256,128,512,471.627
50n_30p_seed3,0.3,3,473677000,31,DRA_ADVERTISE,473435,256,128,512,473.435
50n_30p_seed3,0.3,3,474421000,38,DRA_ADVERTISE,473797,274,128,512,473.797
50n_30p_seed3,0.3,3,474549000,32,DRA_ADVERTISE,474442,256,128,512,474.442
50n_30p_seed3,0.3,3,474653000,19,DRA_ADVERTISE,474388,256,128,512,474.388
50n_30p_seed3,0.3,3,475962000,4,DRA_ADVERTISE,475700,272,128,512,475.7
50n_30p_seed3,0.3,3,476879000,47,DRA_ADVERTISE,476440,262,128,512,476.44
50n_30p_seed3,0.3,3,477342000,2,DRA_ADVERTISE,476579,263,128,512,476.579
50n_30p_seed3,0.3,3,477859000,11,DRA_ADVERTISE,477834,271,128,512,477.834
50n_30p_seed3,0.3,3,477912000,16,DRA_ADVERTISE,477080,263,128,512,477.08
50n_30p_seed3,0.3,3,478527000,40,DRA_ADVERTISE,478329,256,128,512,478.329
50n_30p_seed3,0.3,3,479139000,6,DRA_ADVERTISE,478592,263,128,512,478.592
50n_30p_seed3,0.3,3,480322000,47,DRA_ADVERTISE,479883,262,128,512,479.883
50n_30p_seed3,0.3,3,482910000,31,DRA_ADVERTISE,482668,256,128,512,482.668
50n_30p_seed3,0.3,3,485025000,35,DRA_ADVERTISE,484137,256,128,512,484.137
50n_30p_seed3,0.3,3,486158000,38,DRA_ADVERTISE,485534,274,128,512,485.534
50n_30p_seed3,0.3,3,486816000,47,DRA_ADVERTISE,486377,261,128,512,486.377
50n_30p_seed3,0.3,3,489655000,22,DRA_ADVERTISE,488842,271,128,512,488.842
50n_30p_seed3,0.3,3,490342000,24,DRA_ADVERTISE,490078,256,128,512,490.078
50n_30p_seed3,0.3,3,490362000,32,DRA_ADVERTISE,490255,256,128,512,490.255
50n_30p_seed3,0.3,3,491010000,22,DRA_ADVERTISE,490197,271,128,512,490.197
50n_30p_seed3,0.3,3,491664000,21,DRA_ADVERTISE,490672,256,128,512,490.672
50n_30p_seed3,0.3,3,491791000,16,DRA_ADVERTISE,490959,262,128,512,490.959
50n_30p_seed3,0.3,3,492423000,4,DRA_ADVERTISE,492161,270,128,512,492.161
50n_30p_seed3,0.3,3,493107000,6,DRA_ADVERTISE,492560,262,128,512,492.56
50n_30p_seed3,0.3,3,493156000,11,DRA_ADVERTISE,493131,271,128,512,493.131
50n_30p_seed3,0.3,3,493362000,19,DRA_ADVERTISE,493097,256,128,512,493.097
50n_30p_seed3,0.3,3,493510000,4,DRA_ADVERTISE,493248,270,128,512,493.248
50n_30p_seed3,0.3,3,494084000,24,DRA_ADVERTISE,493820,256,128,512,493.82
50n_30p_seed3,0.3,3,494783000,2,DRA_ADVERTISE,494020,262,128,512,494.02
50n_30p_seed3,0.3,3,496228000,40,DRA_ADVERTISE,496030,256,128,512,496.03
50n_30p_seed3,0.3,3,496258000,11,DRA_ADVERTISE,496233,271,128,512,496.233
50n_30p_seed3,0.3,3,500219000,35,DRA_ADVERTISE,499331,256,128,512,499.331
50n_30p_seed3,0.3,3,504250000,38,DRA_ADVERTISE,503626,272,128,512,503.626
50n_30p_seed3,0.3,3,504989000,31,DRA_ADVERTISE,504747,256,128,512,504.747
50n_30p_seed3,0.3,3,505444000,47,DRA_ADVERTISE,505005,261,128,512,505.005
50n_30p_seed3,0.3,3,506680000,21,DRA_ADVERTISE,505688,256,128,512,505.688
50n_30p_seed3,0.3,3,506729000,11,DRA_ADVERTISE,506704,269,128,512,506.704
50n_30p_seed3,0.3,3,507055000,16,DRA_ADVERTISE,506223,262,128,512,506.223
50n_30p_seed3,0.3,3,507062000,32,DRA_ADVERTISE,506955,256,128,512,506.955
50n_30p_seed3,0.3,3,507250000,19,DRA_ADVERTISE,506985,266,128,512,506.985
50n_30p_seed3,0.3,3,507467000,2,DRA_ADVERTISE,506704,262,128,512,506.704
50n_30p_seed3,0.3,3,508639000,21,DRA_ADVERTISE,507647,256,128,512,507.647
50n_30p_seed3,0.3,3,508793000,4,DRA_ADVERTISE,508531,270,128,512,508.531
50n_30p_seed3,0.3,3,508920000,24,DRA_ADVERTISE,508656,256,128,512,508.656
50n_30p_seed3,0.3,3,509536000,16,DRA_ADVERTISE,508704,262,128,512,508.704
50n_30p_seed3,0.3,3,510133000,22,DRA_ADVERTISE,509320,269,128,512,509.32
50n_30p_seed3,0.3,3,511555000,35,DRA_ADVERTISE,510667,256,128,512,510.667
50n_30p_seed3,0.3,3,511634016,19,DRA_ADVERTISE,511369,266,128,512,511.369
50n_30p_seed3,0.3,3,514163000,6,DRA_ADVERTISE,513616,261,128,512,513.616
50n_30p_seed3,0.3,3,515265000,2,DRA_ADVERTISE,514502,262,128,512,514.502
50n_30p_seed3,0.3,3,515297000,40,DRA_ADVERTISE,515099,256,128,512,515.099
50n_30p_seed3,0.3,3,516653000,31,DRA_ADVERTISE,516411,256,128,512,516.411
50n_30p_seed3,0.3,3,517354000,40,DRA_ADVERTISE,517156,256,128,512,517.156
50n_30p_seed3,0.3,3,518827000,35,DRA_ADVERTISE,517939,256,128,512,517.939
50n_30p_seed3,0.3,3,519197000,38,DRA_ADVERTISE,518573,272,128,512,518.573
50n_30p_seed3,0.3,3,519316000,19,DRA_ADVERTISE,519051,262,128,512,519.051
50n_30p_seed3,0.3,3,520122000,4,DRA_ADVERTISE,519860,268,128,512,519.86
50n_30p_seed3,0.3,3,521038000,19,DRA_ADVERTISE,520773,261,128,512,520.773
50n_30p_seed3,0.3,3,521815000,32,DRA_ADVERTISE,521708,256,128,512,521.708
50n_30p_seed3,0.3,3,523066000,2,DRA_ADVERTISE,522303,261,128,512,522.303
50n_30p_seed3,0.3,3,524421000,21,DRA_ADVERTISE,523429,256,128,512,523.429
50n_30p_seed3,0.3,3,524656000,22,DRA_ADVERTISE,523843,267,128,512,523.843
50n_30p_seed3,0.3,3,524662000,32,DRA_ADVERTISE,524555,256,128,512,524.555
50n_30p_seed3,0.3,3,524710000,24,DRA_ADVERTISE,524446,256,128,512,524.446
50n_30p_seed3,0.3,3,524840000,47,DRA_ADVERTISE,524401,260,128,512,524.401
50n_30p_seed3,0.3,3,527312000,6,DRA_ADVERTISE,526765,261,128,512,526.765
50n_30p_seed3,0.3,3,528619000,11,DRA_ADVERTISE,528594,269,128,512,528.594
50n_30p_seed3,0.3,3,528708000,16,DRA_ADVERTISE,527876,261,128,512,527.876
50n_30p_seed3,0.3,3,533112000,32,DRA_ADVERTISE,533005,256,128,512,533.005
50n_30p_seed3,0.3,3,533792000,40,DRA_ADVERTISE,533594,256,128,512,533.594
50n_30p_seed3,0.3,3,536628000,47,DRA_ADVERTISE,536189,259,128,512,536.189
50n_30p_seed3,0.3,3,537040000,2,DRA_ADVERTISE,536277,261,128,512,536.277
50n_30p_seed3,0.3,3,538275000,38,DRA_ADVERTISE,537651,270,128,512,537.651
50n_30p_seed3,0.3,3,538330000,31,DRA_ADVERTISE,538088,256,128,512,538.088
50n_30p_seed3,0.3,3,539311000,35,DRA_ADVERTISE,538423,256,128,512,538.423
50n_30p_seed3,0.3,3,539524000,24,DRA_ADVERTISE,539260,256,128,512,539.26
50n_30p_seed3,0.3,3,539896000,21,DRA_ADVERTISE,538904,256,128,512,538.904
50n_30p_seed3,0.3,3,540224000,11,DRA_ADVERTISE,540199,267,128,512,540.199
50n_30p_seed3,0.3,3,541301000,6,DRA_ADVERTISE,540754,260,128,512,540.754
50n_30p_seed3,0.3,3,542590000,4,DRA_ADVERTISE,542328,268,128,512,542.328
50n_30p_seed3,0.3,3,543255000,19,DRA_ADVERTISE,542990,256,128,512,542.99
50n_30p_seed3,0.3,3,543653000,16,DRA_ADVERTISE,542821,260,128,512,542.821
50n_30p_seed3,0.3,3,543814000,40,DRA_ADVERTISE,543616,256,128,512,543.616
50n_30p_seed3,0.3,3,543849000,22,DRA_ADVERTISE,543036,267,128,512,543.036
50n_30p_seed3,0.3,3,544858000,11,DRA_ADVERTISE,544833,267,128,512,544.833
50n_30p_seed3,0.3,3,546992000,31,DRA_ADVERTISE,546750,256,128,512,546.75
50n_30p_seed3,0.3,3,547778000,6,DRA_ADVERTISE,547231,260,128,512,547.231
50n_30p_seed3,0.3,3,549587000,24,DRA_ADVERTISE,549323,256,128,512,549.323
50n_30p_seed3,0.3,3,550727000,38,DRA_ADVERTISE,550103,270,128,512,550.103
50n_30p_seed3,0.3,3,552897000,22,DRA_ADVERTISE,552084,265,128,512,552.084
50n_30p_seed3,0.3,3,553312000,21,DRA_ADVERTISE,552320,256,128,512,552.32
50n_30p_seed3,0.3,3,553374000,31,DRA_ADVERTISE,553132,256,128,512,553.132
50n_30p_seed3,0.3,3,554179000,35,DRA_ADVERTISE,553291,256,128,512,553.291
50n_30p_seed3,0.3,3,554542000,47,DRA_ADVERTISE,554103,259,128,512,554.103
50n_30p_seed3,0.3,3,554625000,19,DRA_ADVERTISE,554360,256,128,512,554.36
50n_30p_seed3,0.3,3,555658000,2,DRA_ADVERTISE,554895,260,128,512,554.895
50n_30p_seed3,0.3,3,555850000,32,DRA_ADVERTISE,555743,256,128,512,555.743
50n_30p_seed3,0.3,3,555917000,47,DRA_ADVERTISE,555478,259,128,512,555.478
50n_30p_seed3,0.3,3,556719000,11,DRA_ADVERTISE,556694,267,128,512,556.694
50n_30p_seed3,0.3,3,556898000,24,DRA_ADVERTISE,556634,256,128,512,556.634
50n_30p_seed3,0.3,3,558244000,16,DRA_ADVERTISE,557412,260,128,512,557.412
50n_30p_seed3,0.3,3,560021000,4,DRA_ADVERTISE,559759,266,128,512,559.759
50n_30p_seed3,0.3,3,561826000,22,DRA_ADVERTISE,561013,265,128,512,561.013
50n_30p_seed3,0.3,3,562841000,6,DRA_ADVERTISE,562294,259,128,512,562.294
50n_30p_seed3,0.3,3,562964000,40,DRA_ADVERTISE,562766,256,128,512,562.766
50n_30p_seed3,0.3,3,563783000,38,DRA_ADVERTISE,563159,268,128,512,563.159
50n_30p_seed3,0.3,3,565766000,31,DRA_ADVERTISE,565524,256,128,512,565.524
50n_30p_seed3,0.3,3,566521000,35,DRA_ADVERTISE,565633,256,128,512,565.633
50n_30p_seed3,0.3,3,566941000,38,DRA_ADVERTISE,566317,268,128,512,566.317
50n_30p_seed3,0.3,3,569303000,21,DRA_ADVERTISE,568311,256,128,512,568.311
50n_30p_seed3,0.3,3,570150000,32,DRA_ADVERTISE,570043,256,128,512,570.043
50n_30p_seed3,0.3,3,570200000,35,DRA_ADVERTISE,569312,256,128,512,569.312
50n_30p_seed3,0.3,3,571120000,22,DRA_ADVERTISE,570307,265,128,512,570.307
50n_30p_seed3,0.3,3,571436000,4,DRA_ADVERTISE,571174,266,128,512,571.174
50n_30p_seed3,0.3,3,572091000,11,DRA_ADVERTISE,572066,265,128,512,572.066
50n_30p_seed3,0.3,3,572594000,4,DRA_ADVERTISE,572332,266,128,512,572.332
50n_30p_seed3,0.3,3,573597000,47,DRA_ADVERTISE,573158,258,128,512,573.158
50n_30p_seed3,0.3,3,573640000,19,DRA_ADVERTISE,573375,256,128,512,573.375
50n_30p_seed3,0.3,3,573989000,2,DRA_ADVERTISE,573226,259,128,512,573.226
50n_30p_seed3,0.3,3,575585000,24,DRA_ADVERTISE,575321,256,128,512,575.321
50n_30p_seed3,0.3,3,576041000,16,DRA_ADVERTISE,575209,259,128,512,575.209
50n_30p_seed3,0.3,3,576998000,16,DRA_ADVERTISE,576166,259,128,512,576.166
50n_30p_seed3,0.3,3,580948000,2,DRA_ADVERTISE,580185,259,128,512,580.185
50n_30p_seed3,0.3,3,580991000,40,DRA_ADVERTISE,580793,256,128,512,580.793
50n_30p_seed3,0.3,3,581644000,6,DRA_ADVERTISE,581097,259,128,512,581.097
50n_30p_seed3,0.3,3,584035000,38,DRA_ADVERTISE,583411,266,128,512,583.411
50n_30p_seed3,0.3,3,584066000,32,DRA_ADVERTISE,583959,256,128,512,583.959
50n_30p_seed3,0.3,3,584318000,35,DRA_ADVERTISE,583430,256,128,512,583.43
50n_30p_seed3,0.3,3,584943000,31,DRA_ADVERTISE,584701,256,128,512,584.701
50n_30p_seed3,0.3,3,587428000,47,DRA_ADVERTISE,586989,258,128,512,586.989
50n_30p_seed3,0.3,3,588269000,2,DRA_ADVERTISE,587506,259,128,512,587.506
50n_30p_seed3,0.3,3,589424000,32,DRA_ADVERTISE,589317,256,128,512,589.317
50n_30p_seed3,0.3,3,589719000,21,DRA_ADVERTISE,588727,256,128,512,588.727
50n_30p_seed3,0.3,3,589975000,4,DRA_ADVERTISE,589713,265,128,512,589.713
50n_30p_seed3,0.3,3,592224000,19,DRA_ADVERTISE,591959,256,128,512,591.959
50n_30p_seed3,0.3,3,592414000,24,DRA_ADVERTISE,592150,256,128,512,592.15
50n_30p_seed3,0.3,3,592629000,22,DRA_ADVERTISE,591816,264,128,512,591.816
50n_30p_seed3,0.3,3,593349000,19,DRA_ADVERTISE,593084,256,128,512,593.084
50n_30p_seed3,0.3,3,593488000,11,DRA_ADVERTISE,593463,264,128,512,593.463
50n_30p_seed3,0.3,3,593721000,11,DRA_ADVERTISE,593696,264,128,512,593.696
50n_30p_seed3,0.3,3,595139000,40,DRA_ADVERTISE,594941,256,128,512,594.941
50n_30p_seed3,0.3,3,595147000,16,DRA_ADVERTISE,594315,259,128,512,594.315
50n_30p_seed3,0.3,3,596386000,21,DRA_ADVERTISE,595394,256,128,512,595.394
50n_30p_seed3,0.3,3,596655000,6,DRA_ADVERTISE,596108,258,128,512,596.108
50n_30p_seed3,0.3,3,598202000,38,DRA_ADVERTISE,597578,266,128,512,597.578
50n_30p_seed3,0.3,3,599581000,40,DRA_ADVERTISE,599383,256,128,512,599.383
50n_30p_seed4,0.3,4,11157000,24,DRA_ADVERTISE,10623,299,128,512,10.623
50n_30p_seed4,0.3,4,11653000,24,DRA_ADVERTISE,11119,299,128,512,11.119
50n_30p_seed4,0.3,4,11779000,20,DRA_ADVERTISE,10936,351,128,512,10.936
50n_30p_seed4,0.3,4,12168000,20,DRA_ADVERTISE,11325,351,128,512,11.325
50n_30p_seed4,0.3,4,12358000,24,DRA_ADVERTISE,11824,299,128,512,11.824
50n_30p_seed4,0.3,4,12976000,20,DRA_ADVERTISE,12133,351,128,512,12.133
50n_30p_seed4,0.3,4,13481000,22,DRA_ADVERTISE,12642,343,128,512,12.642
50n_30p_seed4,0.3,4,13891000,14,DRA_ADVERTISE,13612,311,128,512,13.612
50n_30p_seed4,0.3,4,14018000,22,DRA_ADVERTISE,13179,343,128,512,13.179
50n_30p_seed4,0.3,4,14072000,24,DRA_ADVERTISE,13538,299,128,512,13.538
50n_30p_seed4,0.3,4,14343000,14,DRA_ADVERTISE,14064,311,128,512,14.064
50n_30p_seed4,0.3,4,14677000,12,DRA_ADVERTISE,13698,299,128,512,13.698
50n_30p_seed4,0.3,4,14710000,20,DRA_ADVERTISE,13867,351,128,512,13.867
50n_30p_seed4,0.3,4,14825000,22,DRA_ADVERTISE,13986,343,128,512,13.986
50n_30p_seed4,0.3,4,15033000,12,DRA_ADVERTISE,14054,299,128,512,14.054
50n_30p_seed4,0.3,4,15272000,14,DRA_ADVERTISE,14993,311,128,512,14.993
50n_30p_seed4,0.3,4,15665000,14,DRA_ADVERTISE,15386,311,128,512,15.386
50n_30p_seed4,0.3,4,15735000,22,DRA_ADVERTISE,14896,343,128,512,14.896
50n_30p_seed4,0.3,4,15745000,24,DRA_ADVERTISE,15211,299,128,512,15.211
50n_30p_seed4,0.3,4,16046000,24,DRA_ADVERTISE,15512,299,128,512,15.512
50n_30p_seed4,0.3,4,16058000,14,DRA_ADVERTISE,15779,311,128,512,15.779
50n_30p_seed4,0.3,4,16094000,12,DRA_ADVERTISE,15115,299,128,512,15.115
50n_30p_seed4,0.3,4,16118000,22,DRA_ADVERTISE,15279,343,128,512,15.279
50n_30p_seed4,0.3,4,16299000,20,DRA_ADVERTISE,15456,351,128,512,15.456
50n_30p_seed4,0.3,4,16317000,12,DRA_ADVERTISE,15338,299,128,512,15.338
50n_30p_seed4,0.3,4,16497000,23,DRA_ADVERTISE,16237,339,128,512,16.237
50n_30p_seed4,0.3,4,16630000,20,DRA_ADVERTISE,15787,351,128,512,15.787
50n_30p_seed4,0.3,4,16834000,22,DRA_ADVERTISE,15995,343,128,512,15.995
50n_30p_seed4,0.3,4,16837000,12,DRA_ADVERTISE,15858,299,128,512,15.858
50n_30p_seed4,0.3,4,16851000,14,DRA_ADVERTISE,16572,311,128,512,16.572
50n_30p_seed4,0.3,4,16945000,23,DRA_ADVERTISE,16685,339,128,512,16.685
50n_30p_seed4,0.3,4,17302000,24,DRA_ADVERTISE,16768,299,128,512,16.768
50n_30p_seed4,0.3,4,17659000,12,DRA_ADVERTISE,16680,299,128,512,16.68
50n_30p_seed4,0.3,4,17800000,23,DRA_ADVERTISE,17540,339,128,512,17.54
50n_30p_seed4,0.3,4,17884000,20,DRA_ADVERTISE,17041,351,128,512,17.041
50n_30p_seed4,0.3,4,18521000,14,DRA_ADVERTISE,18242,311,128,512,18.242
50n_30p_seed4,0.3,4,18592000,24,DRA_ADVERTISE,18058,294,128,512,18.058
50n_30p_seed4,0.3,4,18819000,22,DRA_ADVERTISE,17980,343,128,512,17.98
50n_30p_seed4,0.3,4,19034000,12,DRA_ADVERTISE,18055,299,128,512,18.055
50n_30p_seed4,0.3,4,19448000,20,DRA_ADVERTISE,18605,351,128,512,18.605
50n_30p_seed4,0.3,4,19855000,23,DRA_ADVERTISE,19595,339,128,512,19.595
50n_30p_seed4,0.3,4,20121000,23,DRA_ADVERTISE,19861,339,128,512,19.861
50n_30p_seed4,0.3,4,20135000,14,DRA_ADVERTISE,19856,311,128,512,19.856
50n_30p_seed4,0.3,4,20163000,12,DRA_ADVERTISE,19184,299,128,512,19.184
50n_30p_seed4,0.3,4,20189000,22,DRA_ADVERTISE,19350,343,128,512,19.35
50n_30p_seed4,0.3,4,20491000,23,DRA_ADVERTISE,20231,339,128,512,20.231
50n_30p_seed4,0.3,4,20519000,14,DRA_ADVERTISE,20240,311,128,512,20.24
50n_30p_seed4,0.3,4,20551000,12,DRA_ADVERTISE,19572,299,128,512,19.572
50n_30p_seed4,0.3,4,20725000,14,DRA_ADVERTISE,20446,311,128,512,20.446
50n_30p_seed4,0.3,4,20736000,12,DRA_ADVERTISE,19757,299,128,512,19.757
50n_30p_seed4,0.3,4,20740000,33,DRA_ADVERTISE,20449,391,128,512,20.449
50n_30p_seed4,0.3,4,20743000,22,DRA_ADVERTISE,19904,343,128,512,19.904
50n_30p_seed4,0.3,4,20844000,20,DRA_ADVERTISE,20001,341,128,512,20.001
50n_30p_seed4,0.3,4,21143000,12,DRA_ADVERTISE,20164,299,128,512,20.164
50n_30p_seed4,0.3,4,21186000,33,DRA_ADVERTISE,20895,391,128,512,20.895
50n_30p_seed4,0.3,4,21216000,22,DRA_ADVERTISE,20377,343,128,512,20.377
50n_30p_seed4,0.3,4,21250000,23,DRA_ADVERTISE,20990,339,128,512,20.99
50n_30p_seed4,0.3,4,21307000,20,DRA_ADVERTISE,20464,332,128,512,20.464
50n_30p_seed4,0.3,4,21333000,14,DRA_ADVERTISE,21054,311,128,512,21.054
50n_30p_seed4,0.3,4,21348000,40,DRA_ADVERTISE,20865,299,128,512,20.865
50n_30p_seed4,0.3,4,21704000,40,DRA_ADVERTISE,21221,299,128,512,21.221
50n_30p_seed4,0.3,4,22107000,33,DRA_ADVERTISE,21816,391,128,512,21.816
50n_30p_seed4,0.3,4,22194000,14,DRA_ADVERTISE,21915,311,128,512,21.915
50n_30p_seed4,0.3,4,22260000,20,DRA_ADVERTISE,21417,332,128,512,21.417
50n_30p_seed4,0.3,4,22339000,22,DRA_ADVERTISE,21500,343,128,512,21.5
50n_30p_seed4,0.3,4,22380000,12,DRA_ADVERTISE,21401,299,128,512,21.401
50n_30p_seed4,0.3,4,22422000,24,DRA_ADVERTISE,21888,280,128,512,21.888
50n_30p_seed4,0.3,4,22564000,40,DRA_ADVERTISE,22081,299,128,512,22.081
50n_30p_seed4,0.3,4,22644000,25,DRA_ADVERTISE,22188,343,128,512,22.188
50n_30p_seed4,0.3,4,22698008,20,DRA_ADVERTISE,21855,332,128,512,21.855
50n_30p_seed4,0.3,4,22723000,43,DRA_ADVERTISE,22327,514,128,512,22.327
50n_30p_seed4,0.3,4,22941000,23,DRA_ADVERTISE,22681,339,128,512,22.681
50n_30p_seed4,0.3,4,22976000,3,DRA_ADVERTISE,22053,299,128,512,22.053
50n_30p_seed4,0.3,4,23014000,43,DRA_ADVERTISE,22618,514,128,512,22.618
50n_30p_seed4,0.3,4,23026000,25,DRA_ADVERTISE,22570,343,128,512,22.57
50n_30p_seed4,0.3,4,23308000,3,DRA_ADVERTISE,22385,299,128,512,22.385
50n_30p_seed4,0.3,4,23663000,20,DRA_ADVERTISE,22820,324,128,512,22.82
50n_30p_seed4,0.3,4,23910000,14,DRA_ADVERTISE,23631,311,128,512,23.631
50n_30p_seed4,0.3,4,23930000,22,DRA_ADVERTISE,23091,343,128,512,23.091
50n_30p_seed4,0.3,4,23992000,43,DRA_ADVERTISE,23596,509,128,512,23.596
50n_30p_seed4,0.3,4,24014000,25,DRA_ADVERTISE,23558,343,128,512,23.558
50n_30p_seed4,0.3,4,24127008,20,DRA_ADVERTISE,23284,324,128,512,23.284
50n_30p_seed4,0.3,4,24143000,12,DRA_ADVERTISE,23164,299,128,512,23.164
50n_30p_seed4,0.3,4,24155000,33,DRA_ADVERTISE,23864,391,128,512,23.864
50n_30p_seed4,0.3,4,24180000,40,DRA_ADVERTISE,23697,299,128,512,23.697
50n_30p_seed4,0.3,4,24337000,3,DRA_ADVERTISE,23414,299,128,512,23.414
50n_30p_seed4,0.3,4,24692952,20,DRA_ADVERTISE,23849,317,128,512,23.849
50n_30p_seed4,0.3,4,24795008,22,DRA_ADVERTISE,23956,334,128,512,23.956
50n_30p_seed4,0.3,4,25444000,44,DRA_ADVERTISE,25288,515,128,512,25.288
50n_30p_seed4,0.3,4,25617000,17,DRA_ADVERTISE,24849,340,128,512,24.849
50n_30p_seed4,0.3,4,25714000,25,DRA_ADVERTISE,25258,343,128,512,25.258
50n_30p_seed4,0.3,4,25786000,44,DRA_ADVERTISE,25630,515,128,512,25.63
50n_30p_seed4,0.3,4,25896000,3,DRA_ADVERTISE,24973,299,128,512,24.973
50n_30p_seed4,0.3,4,25940000,43,DRA_ADVERTISE,25544,509,128,512,25.544
50n_30p_seed4,0.3,4,25976000,5,DRA_ADVERTISE,25283,306,128,512,25.283
50n_30p_seed4,0.3,4,26142000,17,DRA_ADVERTISE,25374,340,128,512,25.374
50n_30p_seed4,0.3,4,26465000,5,DRA_ADVERTISE,25772,306,128,512,25.772
50n_30p_seed4,0.3,4,26489000,14,DRA_ADVERTISE,26210,311,128,512,26.21
50n_30p_seed4,0.3,4,26514000,12,DRA_ADVERTISE,25535,294,128,512,25.535
50n_30p_seed4,0.3,4,26669000,17,DRA_ADVERTISE,25901,340,128,512,25.901
50n_30p_seed4,0.3,4,26982000,44,DRA_ADVERTISE,26826,515,128,512,26.826
50n_30p_seed4,0.3,4,27167000,5,DRA_ADVERTISE,26474,306,128,512,26.474
50n_30p_seed4,0.3,4,27291000,33,DRA_ADVERTISE,27000,391,128,512,27.0
50n_30p_seed4,0.3,4,27491000,23,DRA_ADVERTISE,27231,330,128,512,27.231
50n_30p_seed4,0.3,4,27583000,26,DRA_ADVERTISE,27446,305,128,512,27.446
50n_30p_seed4,0.3,4,27697000,40,DRA_ADVERTISE,27214,299,128,512,27.214
50n_30p_seed4,0.3,4,28021000,26,DRA_ADVERTISE,27884,305,128,512,27.884
50n_30p_seed4,0.3,4,28126000,20,DRA_ADVERTISE,27283,290,128,512,27.283
50n_30p_seed4,0.3,4,28150000,22,DRA_ADVERTISE,27311,326,128,512,27.311
50n_30p_seed4,0.3,4,28330000,24,DRA_ADVERTISE,27796,277,128,512,27.796
50n_30p_seed4,0.3,4,28662000,44,DRA_ADVERTISE,28506,491,128,512,28.506
50n_30p_seed4,0.3,4,28751000,17,DRA_ADVERTISE,27983,340,128,512,27.983
50n_30p_seed4,0.3,4,28858000,25,DRA_ADVERTISE,28402,343,128,512,28.402
50n_30p_seed4,0.3,4,29008000,26,DRA_ADVERTISE,28871,305,128,512,28.871
50n_30p_seed4,0.3,4,29397000,5,DRA_ADVERTISE,28704,306,128,512,28.704
50n_30p_seed4,0.3,4,29580000,3,DRA_ADVERTISE,28657,299,128,512,28.657
50n_30p_seed4,0.3,4,29903000,43,DRA_ADVERTISE,29507,485,128,512,29.507
50n_30p_seed4,0.3,4,30401000,26,DRA_ADVERTISE,30264,305,128,512,30.264
50n_30p_seed4,0.3,4,31794000,44,DRA_ADVERTISE,31638,486,128,512,31.638
50n_30p_seed4,0.3,4,32547000,17,DRA_ADVERTISE,31779,340,128,512,31.779
50n_30p_seed4,0.3,4,32599000,5,DRA_ADVERTISE,31906,306,128,512,31.906
50n_30p_seed4,0.3,4,32708000,33,DRA_ADVERTISE,32417,377,128,512,32.417
50n_30p_seed4,0.3,4,33585000,20,DRA_ADVERTISE,32742,283,128,512,32.742
50n_30p_seed4,0.3,4,33695000,14,DRA_ADVERTISE,33416,311,128,512,33.416
50n_30p_seed4,0.3,4,34057000,40,DRA_ADVERTISE,33574,299,128,512,33.574
50n_30p_seed4,0.3,4,34691952,22,DRA_ADVERTISE,33852,326,128,512,33.852
50n_30p_seed4,0.3,4,34803000,25,DRA_ADVERTISE,34347,343,128,512,34.347
50n_30p_seed4,0.3,4,34983000,26,DRA_ADVERTISE,34846,305,128,512,34.846
50n_30p_seed4,0.3,4,35460000,12,DRA_ADVERTISE,34481,280,128,512,34.481
50n_30p_seed4,0.3,4,35760000,23,DRA_ADVERTISE,35500,330,128,512,35.5
50n_30p_seed4,0.3,4,35813000,22,DRA_ADVERTISE,34974,319,128,512,34.974
50n_30p_seed4,0.3,4,35890008,43,DRA_ADVERTISE,35494,485,128,512,35.494
50n_30p_seed4,0.3,4,37619000,3,DRA_ADVERTISE,36696,307,128,512,36.696
50n_30p_seed4,0.3,4,37813000,43,DRA_ADVERTISE,37417,481,128,512,37.417
50n_30p_seed4,0.3,4,38014000,17,DRA_ADVERTISE,37246,340,128,512,37.246
50n_30p_seed4,0.3,4,38371000,5,DRA_ADVERTISE,37678,301,128,512,37.678
50n_30p_seed4,0.3,4,39255000,44,DRA_ADVERTISE,39099,486,128,512,39.099
50n_30p_seed4,0.3,4,41996000,26,DRA_ADVERTISE,41859,300,128,512,41.859
50n_30p_seed4,0.3,4,42135000,24,DRA_ADVERTISE,41601,264,128,512,41.601
50n_30p_seed4,0.3,4,45478000,14,DRA_ADVERTISE,45199,305,128,512,45.199
50n_30p_seed4,0.3,4,45691000,40,DRA_ADVERTISE,45208,294,128,512,45.208
50n_30p_seed4,0.3,4,46943000,20,DRA_ADVERTISE,46100,268,128,512,46.1
50n_30p_seed4,0.3,4,47742000,3,DRA_ADVERTISE,46819,307,128,512,46.819
50n_30p_seed4,0.3,4,47807000,33,DRA_ADVERTISE,47516,377,128,512,47.516
50n_30p_seed4,0.3,4,49163000,25,DRA_ADVERTISE,48707,343,128,512,48.707
50n_30p_seed4,0.3,4,49350000,23,DRA_ADVERTISE,49090,330,128,512,49.09
50n_30p_seed4,0.3,4,49600000,22,DRA_ADVERTISE,48761,312,128,512,48.761
50n_30p_seed4,0.3,4,50515000,44,DRA_ADVERTISE,50359,468,128,512,50.359
50n_30p_seed4,0.3,4,50770000,17,DRA_ADVERTISE,50002,340,128,512,50.002
50n_30p_seed4,0.3,4,52212000,43,DRA_ADVERTISE,51816,463,128,512,51.816
50n_30p_seed4,0.3,4,52249000,12,DRA_ADVERTISE,51270,280,128,512,51.27
50n_30p_seed4,0.3,4,52292000,26,DRA_ADVERTISE,52155,300,128,512,52.155
50n_30p_seed4,0.3,4,55361000,5,DRA_ADVERTISE,54668,301,128,512,54.668
50n_30p_seed4,0.3,4,57660000,14,DRA_ADVERTISE,57381,305,128,512,57.381
50n_30p_seed4,0.3,4,60426000,24,DRA_ADVERTISE,59892,258,128,512,59.892
50n_30p_seed4,0.3,4,62212952,43,DRA_ADVERTISE,61816,454,128,512,61.816
50n_30p_seed4,0.3,4,63839000,23,DRA_ADVERTISE,63579,322,128,512,63.579
50n_30p_seed4,0.3,4,63993000,12,DRA_ADVERTISE,63014,274,128,512,63.014
50n_30p_seed4,0.3,4,64052000,40,DRA_ADVERTISE,63569,290,128,512,63.569
50n_30p_seed4,0.3,4,64746000,14,DRA_ADVERTISE,64467,305,128,512,64.467
50n_30p_seed4,0.3,4,65659000,20,DRA_ADVERTISE,64816,262,128,512,64.816
50n_30p_seed4,0.3,4,65821000,22,DRA_ADVERTISE,64982,312,128,512,64.982
50n_30p_seed4,0.3,4,66085000,33,DRA_ADVERTISE,65794,364,128,512,65.794
50n_30p_seed4,0.3,4,66956000,43,DRA_ADVERTISE,66560,451,128,512,66.56
50n_30p_seed4,0.3,4,67866000,17,DRA_ADVERTISE,67098,331,128,512,67.098
50n_30p_seed4,0.3,4,67937000,5,DRA_ADVERTISE,67244,296,128,512,67.244
50n_30p_seed4,0.3,4,68594000,3,DRA_ADVERTISE,67671,307,128,512,67.671
50n_30p_seed4,0.3,4,69080000,12,DRA_ADVERTISE,68101,274,128,512,68.101
50n_30p_seed4,0.3,4,70984000,25,DRA_ADVERTISE,70528,334,128,512,70.528
50n_30p_seed4,0.3,4,72197000,40,DRA_ADVERTISE,71714,290,128,512,71.714
50n_30p_seed4,0.3,4,72307000,17,DRA_ADVERTISE,71539,331,128,512,71.539
50n_30p_seed4,0.3,4,72854000,20,DRA_ADVERTISE,72011,260,128,512,72.011
50n_30p_seed4,0.3,4,73515000,44,DRA_ADVERTISE,73359,459,128,512,73.359
50n_30p_seed4,0.3,4,73644952,22,DRA_ADVERTISE,72805,306,128,512,72.805
50n_30p_seed4,0.3,4,73740000,33,DRA_ADVERTISE,73449,364,128,512,73.449
50n_30p_seed4,0.3,4,74013000,24,DRA_ADVERTISE,73479,256,128,512,73.479
50n_30p_seed4,0.3,4,76247000,26,DRA_ADVERTISE,76110,295,128,512,76.11
50n_30p_seed4,0.3,4,76641000,22,DRA_ADVERTISE,75802,301,128,512,75.802
50n_30p_seed4,0.3,4,78705000,14,DRA_ADVERTISE,78426,300,128,512,78.426
50n_30p_seed4,0.3,4,79719000,23,DRA_ADVERTISE,79459,322,128,512,79.459
50n_30p_seed4,0.3,4,80787000,43,DRA_ADVERTISE,80391,436,128,512,80.391
50n_30p_seed4,0.3,4,82190000,25,DRA_ADVERTISE,81734,334,128,512,81.734
50n_30p_seed4,0.3,4,82349000,20,DRA_ADVERTISE,81506,258,128,512,81.506
50n_30p_seed4,0.3,4,82398952,43,DRA_ADVERTISE,82002,436,128,512,82.002
50n_30p_seed4,0.3,4,83259000,3,DRA_ADVERTISE,82336,301,128,512,82.336
50n_30p_seed4,0.3,4,83354000,33,DRA_ADVERTISE,83063,353,128,512,83.063
50n_30p_seed4,0.3,4,83564000,17,DRA_ADVERTISE,82796,331,128,512,82.796
50n_30p_seed4,0.3,4,83999000,24,DRA_ADVERTISE,83465,256,128,512,83.465
50n_30p_seed4,0.3,4,84003000,22,DRA_ADVERTISE,83164,301,128,512,83.164
50n_30p_seed4,0.3,4,84139000,5,DRA_ADVERTISE,83446,296,128,512,83.446
50n_30p_seed4,0.3,4,84656000,12,DRA_ADVERTISE,83677,270,128,512,83.677
50n_30p_seed4,0.3,4,86200000,40,DRA_ADVERTISE,85717,286,128,512,85.717
50n_30p_seed4,0.3,4,86292000,43,DRA_ADVERTISE,85896,433,128,512,85.896
50n_30p_seed4,0.3,4,86924000,44,DRA_ADVERTISE,86768,447,128,512,86.768
50n_30p_seed4,0.3,4,91968000,26,DRA_ADVERTISE,91831,295,128,512,91.831
50n_30p_seed4,0.3,4,94692000,40,DRA_ADVERTISE,94209,286,128,512,94.209
50n_30p_seed4,0.3,4,94859000,14,DRA_ADVERTISE,94580,300,128,512,94.58
50n_30p_seed4,0.3,4,94946000,20,DRA_ADVERTISE,94103,256,128,512,94.103
50n_30p_seed4,0.3,4,95472000,24,DRA_ADVERTISE,94938,256,128,512,94.938
50n_30p_seed4,0.3,4,95547000,26,DRA_ADVERTISE,95410,295,128,512,95.41
50n_30p_seed4,0.3,4,96746000,33,DRA_ADVERTISE,96455,353,128,512,96.455
50n_30p_seed4,0.3,4,96769000,12,DRA_ADVERTISE,95790,268,128,512,95.79
50n_30p_seed4,0.3,4,97635000,23,DRA_ADVERTISE,97375,315,128,512,97.375
50n_30p_seed4,0.3,4,98199000,23,DRA_ADVERTISE,97939,315,128,512,97.939
50n_30p_seed4,0.3,4,99113000,44,DRA_ADVERTISE,98957,441,128,512,98.957
50n_30p_seed4,0.3,4,99997000,22,DRA_ADVERTISE,99158,296,128,512,99.158
50n_30p_seed4,0.3,4,100804000,44,DRA_ADVERTISE,100648,437,128,512,100.648
50n_30p_seed4,0.3,4,100910000,3,DRA_ADVERTISE,99987,301,128,512,99.987
50n_30p_seed4,0.3,4,100913000,25,DRA_ADVERTISE,100457,326,128,512,100.457
50n_30p_seed4,0.3,4,102000000,26,DRA_ADVERTISE,101863,291,128,512,101.863
50n_30p_seed4,0.3,4,103862000,43,DRA_ADVERTISE,103466,427,128,512,103.466
50n_30p_seed4,0.3,4,103869984,43,DRA_ADVERTISE,103473,427,128,512,103.473
50n_30p_seed4,0.3,4,106629000,17,DRA_ADVERTISE,105861,323,128,512,105.861
50n_30p_seed4,0.3,4,107151000,5,DRA_ADVERTISE,106458,292,128,512,106.458
50n_30p_seed4,0.3,4,108248000,14,DRA_ADVERTISE,107969,295,128,512,107.969
50n_30p_seed4,0.3,4,108269000,5,DRA_ADVERTISE,107576,292,128,512,107.576
50n_30p_seed4,0.3,4,110557000,22,DRA_ADVERTISE,109718,296,128,512,109.718
50n_30p_seed4,0.3,4,111094000,14,DRA_ADVERTISE,110815,295,128,512,110.815
50n_30p_seed4,0.3,4,111721000,40,DRA_ADVERTISE,111238,286,128,512,111.238
50n_30p_seed4,0.3,4,112824000,20,DRA_ADVERTISE,111981,256,128,512,111.981
50n_30p_seed4,0.3,4,113203000,25,DRA_ADVERTISE,112747,319,128,512,112.747
50n_30p_seed4,0.3,4,113324000,24,DRA_ADVERTISE,112790,256,128,512,112.79
50n_30p_seed4,0.3,4,113757000,12,DRA_ADVERTISE,112778,265,128,512,112.778
50n_30p_seed4,0.3,4,114333000,33,DRA_ADVERTISE,114042,343,128,512,114.042
50n_30p_seed4,0.3,4,114858000,17,DRA_ADVERTISE,114090,316,128,512,114.09
50n_30p_seed4,0.3,4,115252000,23,DRA_ADVERTISE,114992,315,128,512,114.992
50n_30p_seed4,0.3,4,116939000,43,DRA_ADVERTISE,116543,413,128,512,116.543
50n_30p_seed4,0.3,4,117992000,3,DRA_ADVERTISE,117069,296,128,512,117.069
50n_30p_seed4,0.3,4,118997000,17,DRA_ADVERTISE,118229,316,128,512,118.229
50n_30p_seed4,0.3,4,119025000,44,DRA_ADVERTISE,118869,428,128,512,118.869
50n_30p_seed4,0.3,4,119685000,3,DRA_ADVERTISE,118762,296,128,512,118.762
50n_30p_seed4,0.3,4,120144000,26,DRA_ADVERTISE,120007,287,128,512,120.007
50n_30p_seed4,0.3,4,123201000,5,DRA_ADVERTISE,122508,288,128,512,122.508
50n_30p_seed4,0.3,4,124444000,24,DRA_ADVERTISE,123910,256,128,512,123.91
50n_30p_seed4,0.3,4,126189984,43,DRA_ADVERTISE,125793,413,128,512,125.793
50n_30p_seed4,0.3,4,127145000,20,DRA_ADVERTISE,126302,256,128,512,126.302
50n_30p_seed4,0.3,4,127452000,25,DRA_ADVERTISE,126996,319,128,512,126.996
50n_30p_seed4,0.3,4,129395000,25,DRA_ADVERTISE,128939,319,128,512,128.939
50n_30p_seed4,0.3,4,130258000,43,DRA_ADVERTISE,129862,411,128,512,129.862
50n_30p_seed4,0.3,4,131319000,22,DRA_ADVERTISE,130480,292,128,512,130.48
50n_30p_seed4,0.3,4,131473000,14,DRA_ADVERTISE,131194,291,128,512,131.194
50n_30p_seed4,0.3,4,131688000,12,DRA_ADVERTISE,130709,263,128,512,130.709
50n_30p_seed4,0.3,4,131829000,33,DRA_ADVERTISE,131538,334,128,512,131.538
50n_30p_seed4,0.3,4,133473000,40,DRA_ADVERTISE,132990,283,128,512,132.99
50n_30p_seed4,0.3,4,133626000,23,DRA_ADVERTISE,133366,309,128,512,133.366
50n_30p_seed4,0.3,4,133769000,3,DRA_ADVERTISE,132846,296,128,512,132.846
50n_30p_seed4,0.3,4,135190000,44,DRA_ADVERTISE,135034,428,128,512,135.034
50n_30p_seed4,0.3,4,137152000,5,DRA_ADVERTISE,136459,284,128,512,136.459
50n_30p_seed4,0.3,4,137635000,17,DRA_ADVERTISE,136867,316,128,512,136.867
50n_30p_seed4,0.3,4,138532000,26,DRA_ADVERTISE,138395,287,128,512,138.395
50n_30p_seed4,0.3,4,138605000,24,DRA_ADVERTISE,138071,256,128,512,138.071
50n_30p_seed4,0.3,4,143912000,23,DRA_ADVERTISE,143652,303,128,512,143.652
50n_30p_seed4,0.3,4,145172000,33,DRA_ADVERTISE,144881,334,128,512,144.881
50n_30p_seed4,0.3,4,145206000,14,DRA_ADVERTISE,144927,291,128,512,144.927
50n_30p_seed4,0.3,4,146294000,25,DRA_ADVERTISE,145838,312,128,512,145.838
50n_30p_seed4,0.3,4,147630000,22,DRA_ADVERTISE,146791,284,128,512,146.791
50n_30p_seed4,0.3,4,147885000,43,DRA_ADVERTISE,147489,403,128,512,147.489
50n_30p_seed4,0.3,4,148453000,20,DRA_ADVERTISE,147610,256,128,512,147.61
50n_30p_seed4,0.3,4,149966256,43,DRA_ADVERTISE,149570,401,128,512,149.57
50n_30p_seed4,0.3,4,150196000,44,DRA_ADVERTISE,150040,418,128,512,150.04
50n_30p_seed4,0.3,4,150325000,12,DRA_ADVERTISE,149346,262,128,512,149.346
50n_30p_seed4,0.3,4,150987000,3,DRA_ADVERTISE,150064,292,128,512,150.064
50n_30p_seed4,0.3,4,151867000,40,DRA_ADVERTISE,151384,280,128,512,151.384
50n_30p_seed4,0.3,4,152083000,22,DRA_ADVERTISE,151244,284,128,512,151.244
50n_30p_seed4,0.3,4,152259000,17,DRA_ADVERTISE,151491,310,128,512,151.491
50n_30p_seed4,0.3,4,152426000,26,DRA_ADVERTISE,152289,283,128,512,152.289
50n_30p_seed4,0.3,4,152451000,33,DRA_ADVERTISE,152160,334,128,512,152.16
50n_30p_seed4,0.3,4,153760000,5,DRA_ADVERTISE,153067,284,128,512,153.067
50n_30p_seed4,0.3,4,154790000,24,DRA_ADVERTISE,154256,256,128,512,154.256
50n_30p_seed4,0.3,4,155341000,20,DRA_ADVERTISE,154498,256,128,512,154.498
50n_30p_seed4,0.3,4,157806000,40,DRA_ADVERTISE,157323,280,128,512,157.323
50n_30p_seed4,0.3,4,160339000,24,DRA_ADVERTISE,159805,268,128,512,159.805
50n_30p_seed4,0.3,4,161336000,14,DRA_ADVERTISE,161057,287,128,512,161.057
50n_30p_seed4,0.3,4,161701000,22,DRA_ADVERTISE,160862,284,128,512,160.862
50n_30p_seed4,0.3,4,164076000,43,DRA_ADVERTISE,163680,398,128,512,163.68
50n_30p_seed4,0.3,4,164089000,20,DRA_ADVERTISE,163246,256,128,512,163.246
50n_30p_seed4,0.3,4,164226000,40,DRA_ADVERTISE,163743,280,128,512,163.743
50n_30p_seed4,0.3,4,164653000,33,DRA_ADVERTISE,164362,326,128,512,164.362
50n_30p_seed4,0.3,4,165110000,43,DRA_ADVERTISE,164714,398,128,512,164.714
50n_30p_seed4,0.3,4,166089000,23,DRA_ADVERTISE,165829,303,128,512,165.829
50n_30p_seed4,0.3,4,166139000,5,DRA_ADVERTISE,165446,281,128,512,165.446
50n_30p_seed4,0.3,4,166145000,12,DRA_ADVERTISE,165166,260,128,512,165.166
50n_30p_seed4,0.3,4,166215000,3,DRA_ADVERTISE,165292,288,128,512,165.292
50n_30p_seed4,0.3,4,167730000,17,DRA_ADVERTISE,166962,310,128,512,166.962
50n_30p_seed4,0.3,4,169005000,25,DRA_ADVERTISE,168549,306,128,512,168.549
50n_30p_seed4,0.3,4,170318000,12,DRA_ADVERTISE,169339,260,128,512,169.339
50n_30p_seed4,0.3,4,171017000,24,DRA_ADVERTISE,170483,262,128,512,170.483
50n_30p_seed4,0.3,4,171078000,44,DRA_ADVERTISE,170922,416,128,512,170.922
50n_30p_seed4,0.3,4,173443000,26,DRA_ADVERTISE,173306,283,128,512,173.306
50n_30p_seed4,0.3,4,176160000,23,DRA_ADVERTISE,175900,298,128,512,175.9
50n_30p_seed4,0.3,4,179205000,3,DRA_ADVERTISE,178282,288,128,512,178.282
50n_30p_seed4,0.3,4,179626000,40,DRA_ADVERTISE,179143,277,128,512,179.143
50n_30p_seed4,0.3,4,179862000,22,DRA_ADVERTISE,179023,278,128,512,179.023
50n_30p_seed4,0.3,4,180134000,33,DRA_ADVERTISE,179843,326,128,512,179.843
50n_30p_seed4,0.3,4,181189000,14,DRA_ADVERTISE,180910,287,128,512,180.91
50n_30p_seed4,0.3,4,182550000,14,DRA_ADVERTISE,182271,283,128,512,182.271
50n_30p_seed4,0.3,4,182899000,44,DRA_ADVERTISE,182743,411,128,512,182.743
50n_30p_seed4,0.3,4,182967000,20,DRA_ADVERTISE,182124,266,128,512,182.124
50n_30p_seed4,0.3,4,183369000,43,DRA_ADVERTISE,182973,396,128,512,182.973
50n_30p_seed4,0.3,4,183409000,23,DRA_ADVERTISE,183149,298,128,512,183.149
50n_30p_seed4,0.3,4,183516000,12,DRA_ADVERTISE,182537,259,128,512,182.537
50n_30p_seed4,0.3,4,184483000,5,DRA_ADVERTISE,183790,281,128,512,183.79
50n_30p_seed4,0.3,4,185573000,17,DRA_ADVERTISE,184805,304,128,512,184.805
50n_30p_seed4,0.3,4,185796000,26,DRA_ADVERTISE,185659,280,128,512,185.659
50n_30p_seed4,0.3,4,186046000,25,DRA_ADVERTISE,185590,306,128,512,185.59
50n_30p_seed4,0.3,4,186104000,5,DRA_ADVERTISE,185411,281,128,512,185.411
50n_30p_seed4,0.3,4,187413984,43,DRA_ADVERTISE,187017,395,128,512,187.017
50n_30p_seed4,0.3,4,188162000,26,DRA_ADVERTISE,188025,280,128,512,188.025
50n_30p_seed4,0.3,4,194112000,33,DRA_ADVERTISE,193821,319,128,512,193.821
50n_30p_seed4,0.3,4,194171000,14,DRA_ADVERTISE,193892,283,128,512,193.892
50n_30p_seed4,0.3,4,194303000,40,DRA_ADVERTISE,193820,277,128,512,193.82
50n_30p_seed4,0.3,4,194352000,43,DRA_ADVERTISE,193956,391,128,512,193.956
50n_30p_seed4,0.3,4,194441000,24,DRA_ADVERTISE,193907,257,128,512,193.907
50n_30p_seed4,0.3,4,194998000,20,DRA_ADVERTISE,194155,263,128,512,194.155
50n_30p_seed4,0.3,4,195399000,25,DRA_ADVERTISE,194943,301,128,512,194.943
50n_30p_seed4,0.3,4,195473000,12,DRA_ADVERTISE,194494,257,128,512,194.494
50n_30p_seed4,0.3,4,195892000,22,DRA_ADVERTISE,195053,275,128,512,195.053
50n_30p_seed4,0.3,4,196445000,23,DRA_ADVERTISE,196185,298,128,512,196.185
50n_30p_seed4,0.3,4,196640000,17,DRA_ADVERTISE,195872,304,128,512,195.872
50n_30p_seed4,0.3,4,198358000,44,DRA_ADVERTISE,198202,405,128,512,198.202
50n_30p_seed4,0.3,4,198757000,3,DRA_ADVERTISE,197834,284,128,512,197.834
50n_30p_seed4,0.3,4,200950000,17,DRA_ADVERTISE,200182,304,128,512,200.182
50n_30p_seed4,0.3,4,201253000,5,DRA_ADVERTISE,200560,278,128,512,200.56
50n_30p_seed4,0.3,4,202501000,44,DRA_ADVERTISE,202345,405,128,512,202.345
50n_30p_seed4,0.3,4,203685000,26,DRA_ADVERTISE,203548,277,128,512,203.548
50n_30p_seed4,0.3,4,207651000,25,DRA_ADVERTISE,207195,301,128,512,207.195
50n_30p_seed4,0.3,4,209558000,20,DRA_ADVERTISE,208715,271,128,512,208.715
50n_30p_seed4,0.3,4,210090000,40,DRA_ADVERTISE,209607,274,128,512,209.607
50n_30p_seed4,0.3,4,210770984,43,DRA_ADVERTISE,210374,391,128,512,210.374
50n_30p_seed4,0.3,4,211045000,22,DRA_ADVERTISE,210206,273,128,512,210.206
50n_30p_seed4,0.3,4,211674000,23,DRA_ADVERTISE,211414,293,128,512,211.414
50n_30p_seed4,0.3,4,211679000,24,DRA_ADVERTISE,211145,256,128,512,211.145
50n_30p_seed4,0.3,4,212587000,33,DRA_ADVERTISE,212296,312,128,512,212.296
50n_30p_seed4,0.3,4,213854000,14,DRA_ADVERTISE,213575,280,128,512,213.575
50n_30p_seed4,0.3,4,214439000,3,DRA_ADVERTISE,213516,284,128,512,213.516
50n_30p_seed4,0.3,4,215482000,12,DRA_ADVERTISE,214503,256,128,512,214.503
50n_30p_seed4,0.3,4,215548000,3,DRA_ADVERTISE,214625,284,128,512,214.625
50n_30p_seed4,0.3,4,216007000,33,DRA_ADVERTISE,215716,312,128,512,215.716
50n_30p_seed4,0.3,4,216264000,43,DRA_ADVERTISE,215868,390,128,512,215.868
50n_30p_seed4,0.3,4,216792000,25,DRA_ADVERTISE,216336,301,128,512,216.336
50n_30p_seed4,0.3,4,217483000,17,DRA_ADVERTISE,216715,299,128,512,216.715
50n_30p_seed4,0.3,4,218082000,44,DRA_ADVERTISE,217926,402,128,512,217.926
50n_30p_seed4,0.3,4,219077000,5,DRA_ADVERTISE,218384,275,128,512,218.384
50n_30p_seed4,0.3,4,219238000,22,DRA_ADVERTISE,218399,271,128,512,218.399
50n_30p_seed4,0.3,4,219390000,26,DRA_ADVERTISE,219253,277,128,512,219.253
50n_30p_seed4,0.3,4,219917000,24,DRA_ADVERTISE,219383,256,128,512,219.383
50n_30p_seed4,0.3,4,222486000,24,DRA_ADVERTISE,221952,256,128,512,221.952
50n_30p_seed4,0.3,4,225176000,22,DRA_ADVERTISE,224337,271,128,512,224.337
50n_30p_seed4,0.3,4,225735000,40,DRA_ADVERTISE,225252,272,128,512,225.252
50n_30p_seed4,0.3,4,226269000,33,DRA_ADVERTISE,225978,312,128,512,225.978
50n_30p_seed4,0.3,4,226745000,12,DRA_ADVERTISE,225766,256,128,512,225.766
50n_30p_seed4,0.3,4,230088000,44,DRA_ADVERTISE,229932,402,128,512,229.932
50n_30p_seed4,0.3,4,230350000,23,DRA_ADVERTISE,230090,293,128,512,230.09
50n_30p_seed4,0.3,4,231305000,14,DRA_ADVERTISE,231026,280,128,512,231.026
50n_30p_seed4,0.3,4,231787000,43,DRA_ADVERTISE,231391,389,128,512,231.391
50n_30p_seed4,0.3,4,231929000,20,DRA_ADVERTISE,231086,263,128,512,231.086
50n_30p_seed4,0.3,4,232376000,5,DRA_ADVERTISE,231683,275,128,512,231.683
50n_30p_seed4,0.3,4,232641000,3,DRA_ADVERTISE,231718,284,128,512,231.718
50n_30p_seed4,0.3,4,234872000,25,DRA_ADVERTISE,234416,296,128,512,234.416
50n_30p_seed4,0.3,4,235348000,5,DRA_ADVERTISE,234655,275,128,512,234.655
50n_30p_seed4,0.3,4,237240000,17,DRA_ADVERTISE,236472,299,128,512,236.472
50n_30p_seed4,0.3,4,238164000,14,DRA_ADVERTISE,237885,277,128,512,237.885
50n_30p_seed4,0.3,4,238278000,20,DRA_ADVERTISE,237435,261,128,512,237.435
50n_30p_seed4,0.3,4,239146000,26,DRA_ADVERTISE,239009,277,128,512,239.009
50n_30p_seed4,0.3,4,241515000,24,DRA_ADVERTISE,240981,256,128,512,240.981
50n_30p_seed4,0.3,4,241877000,20,DRA_ADVERTISE,241034,271,128,512,241.034
50n_30p_seed4,0.3,4,242151000,22,DRA_ADVERTISE,241312,269,128,512,241.312
50n_30p_seed4,0.3,4,244830000,40,DRA_ADVERTISE,244347,270,128,512,244.347
50n_30p_seed4,0.3,4,245145000,33,DRA_ADVERTISE,244854,306,128,512,244.854
50n_30p_seed4,0.3,4,245329000,3,DRA_ADVERTISE,244406,281,128,512,244.406
50n_30p_seed4,0.3,4,245528984,43,DRA_ADVERTISE,245132,389,128,512,245.132
50n_30p_seed4,0.3,4,246021000,23,DRA_ADVERTISE,245761,289,128,512,245.761
50n_30p_seed4,0.3,4,246084000,12,DRA_ADVERTISE,245105,256,128,512,245.105
50n_30p_seed4,0.3,4,246494000,43,DRA_ADVERTISE,246098,387,128,512,246.098
50n_30p_seed4,0.3,4,246969000,25,DRA_ADVERTISE,246513,296,128,512,246.513
50n_30p_seed4,0.3,4,249032000,14,DRA_ADVERTISE,248753,277,128,512,248.753
50n_30p_seed4,0.3,4,250034000,23,DRA_ADVERTISE,249774,289,128,512,249.774
50n_30p_seed4,0.3,4,251220000,17,DRA_ADVERTISE,250452,294,128,512,250.452
50n_30p_seed4,0.3,4,251640000,26,DRA_ADVERTISE,251503,274,128,512,251.503
50n_30p_seed4,0.3,4,252109000,44,DRA_ADVERTISE,251953,400,128,512,251.953
50n_30p_seed4,0.3,4,253730000,24,DRA_ADVERTISE,253196,256,128,512,253.196
50n_30p_seed4,0.3,4,254169000,5,DRA_ADVERTISE,253476,273,128,512,253.476
50n_30p_seed4,0.3,4,257405000,23,DRA_ADVERTISE,257145,289,128,512,257.145
50n_30p_seed4,0.3,4,258157000,43,DRA_ADVERTISE,257761,387,128,512,257.761
50n_30p_seed4,0.3,4,260787000,12,DRA_ADVERTISE,259808,256,128,512,259.808
50n_30p_seed4,0.3,4,261217000,43,DRA_ADVERTISE,260821,387,128,512,260.821
50n_30p_seed4,0.3,4,261460000,33,DRA_ADVERTISE,261169,306,128,512,261.169
50n_30p_seed4,0.3,4,262716000,12,DRA_ADVERTISE,261737,256,128,512,261.737
50n_30p_seed4,0.3,4,263010000,25,DRA_ADVERTISE,262554,292,128,512,262.554
50n_30p_seed4,0.3,4,263296000,40,DRA_ADVERTISE,262813,270,128,512,262.813
50n_30p_seed4,0.3,4,263430000,20,DRA_ADVERTISE,262587,263,128,512,262.587
50n_30p_seed4,0.3,4,263846000,14,DRA_ADVERTISE,263567,277,128,512,263.567
50n_30p_seed4,0.3,4,265020000,22,DRA_ADVERTISE,264181,265,128,512,264.181
50n_30p_seed4,0.3,4,265404000,26,DRA_ADVERTISE,265267,274,128,512,265.267
50n_30p_seed4,0.3,4,265577000,17,DRA_ADVERTISE,264809,294,128,512,264.809
50n_30p_seed4,0.3,4,265819000,40,DRA_ADVERTISE,265336,270,128,512,265.336
50n_30p_seed4,0.3,4,266107000,3,DRA_ADVERTISE,265184,281,128,512,265.184
50n_30p_seed4,0.3,4,266724000,44,DRA_ADVERTISE,266568,400,128,512,266.568
50n_30p_seed4,0.3,4,267254000,22,DRA_ADVERTISE,266415,265,128,512,266.415
50n_30p_seed4,0.3,4,268099000,26,DRA_ADVERTISE,267962,272,128,512,267.962
50n_30p_seed4,0.3,4,269169000,5,DRA_ADVERTISE,268476,271,128,512,268.476
50n_30p_seed4,0.3,4,274316000,20,DRA_ADVERTISE,273473,257,128,512,273.473
50n_30p_seed4,0.3,4,274964000,40,DRA_ADVERTISE,274481,270,128,512,274.481
50n_30p_seed4,0.3,4,276890000,43,DRA_ADVERTISE,276494,387,128,512,276.494
50n_30p_seed4,0.3,4,277117000,24,DRA_ADVERTISE,276583,256,128,512,276.583
50n_30p_seed4,0.3,4,278224000,3,DRA_ADVERTISE,277301,278,128,512,277.301
50n_30p_seed4,0.3,4,278421000,33,DRA_ADVERTISE,278130,301,128,512,278.13
50n_30p_seed4,0.3,4,279079000,23,DRA_ADVERTISE,278819,285,128,512,278.819
50n_30p_seed4,0.3,4,281305000,44,DRA_ADVERTISE,281149,398,128,512,281.149
50n_30p_seed4,0.3,4,281341000,22,DRA_ADVERTISE,280502,264,128,512,280.502
50n_30p_seed4,0.3,4,281657000,25,DRA_ADVERTISE,281201,288,128,512,281.201
50n_30p_seed4,0.3,4,281746000,14,DRA_ADVERTISE,281467,274,128,512,281.467
50n_30p_seed4,0.3,4,282098000,12,DRA_ADVERTISE,281119,256,128,512,281.119
50n_30p_seed4,0.3,4,282692984,43,DRA_ADVERTISE,282296,387,128,512,282.296
50n_30p_seed4,0.3,4,283194000,3,DRA_ADVERTISE,282271,278,128,512,282.271
50n_30p_seed4,0.3,4,283590000,20,DRA_ADVERTISE,282747,256,128,512,282.747
50n_30p_seed4,0.3,4,283872000,26,DRA_ADVERTISE,283735,272,128,512,283.735
50n_30p_seed4,0.3,4,284024000,17,DRA_ADVERTISE,283256,290,128,512,283.256
50n_30p_seed4,0.3,4,287258000,17,DRA_ADVERTISE,286490,290,128,512,286.49
50n_30p_seed4,0.3,4,287361000,5,DRA_ADVERTISE,286668,271,128,512,286.668
50n_30p_seed4,0.3,4,287980000,24,DRA_ADVERTISE,287446,256,128,512,287.446
50n_30p_seed4,0.3,4,290168000,23,DRA_ADVERTISE,289908,285,128,512,289.908
50n_30p_seed4,0.3,4,291174000,12,DRA_ADVERTISE,290195,256,128,512,290.195
50n_30p_seed4,0.3,4,292132000,20,DRA_ADVERTISE,291289,256,128,512,291.289
50n_30p_seed4,0.3,4,292870000,22,DRA_ADVERTISE,292031,263,128,512,292.031
50n_30p_seed4,0.3,4,293130000,24,DRA_ADVERTISE,292596,256,128,512,292.596
50n_30p_seed4,0.3,4,293479000,3,DRA_ADVERTISE,292556,278,128,512,292.556
50n_30p_seed4,0.3,4,294013000,14,DRA_ADVERTISE,293734,274,128,512,293.734
50n_30p_seed4,0.3,4,294236000,40,DRA_ADVERTISE,293753,268,128,512,293.753
50n_30p_seed4,0.3,4,294581000,43,DRA_ADVERTISE,294185,385,128,512,294.185
50n_30p_seed4,0.3,4,294732000,33,DRA_ADVERTISE,294441,301,128,512,294.441
50n_30p_seed4,0.3,4,296779000,17,DRA_ADVERTISE,296011,290,128,512,296.011
50n_30p_seed4,0.3,4,296787000,25,DRA_ADVERTISE,296331,288,128,512,296.331
50n_30p_seed4,0.3,4,297390000,5,DRA_ADVERTISE,296697,269,128,512,296.697
50n_30p_seed4,0.3,4,298212000,25,DRA_ADVERTISE,297756,284,128,512,297.756
50n_30p_seed4,0.3,4,298908000,5,DRA_ADVERTISE,298215,269,128,512,298.215
50n_30p_seed4,0.3,4,299245000,44,DRA_ADVERTISE,299089,396,128,512,299.089
50n_30p_seed4,0.3,4,302394000,44,DRA_ADVERTISE,302238,396,128,512,302.238
50n_30p_seed4,0.3,4,303918000,26,DRA_ADVERTISE,303781,270,128,512,303.781
50n_30p_seed4,0.3,4,305817984,43,DRA_ADVERTISE,305421,385,128,512,305.421
50n_30p_seed4,0.3,4,306134000,43,DRA_ADVERTISE,305738,384,128,512,305.738
50n_30p_seed4,0.3,4,306522000,24,DRA_ADVERTISE,305988,256,128,512,305.988
50n_30p_seed4,0.3,4,308539000,22,DRA_ADVERTISE,307700,263,128,512,307.7
50n_30p_seed4,0.3,4,310637000,33,DRA_ADVERTISE,310346,296,128,512,310.346
50n_30p_seed4,0.3,4,310779000,20,DRA_ADVERTISE,309936,256,128,512,309.936
50n_30p_seed4,0.3,4,311066000,40,DRA_ADVERTISE,310583,266,128,512,310.583
50n_30p_seed4,0.3,4,312443000,23,DRA_ADVERTISE,312183,282,128,512,312.183
50n_30p_seed4,0.3,4,312664000,3,DRA_ADVERTISE,311741,275,128,512,311.741
50n_30p_seed4,0.3,4,313071000,14,DRA_ADVERTISE,312792,272,128,512,312.792
50n_30p_seed4,0.3,4,313658000,22,DRA_ADVERTISE,312819,262,128,512,312.819
50n_30p_seed4,0.3,4,313836000,12,DRA_ADVERTISE,312857,256,128,512,312.857
50n_30p_seed4,0.3,4,314864000,44,DRA_ADVERTISE,314708,396,128,512,314.708
50n_30p_seed4,0.3,4,315345000,17,DRA_ADVERTISE,314577,286,128,512,314.577
50n_30p_seed4,0.3,4,315512000,43,DRA_ADVERTISE,315116,384,128,512,315.116
50n_30p_seed4,0.3,4,315674000,25,DRA_ADVERTISE,315218,284,128,512,315.218
50n_30p_seed4,0.3,4,316769000,26,DRA_ADVERTISE,316632,270,128,512,316.632
50n_30p_seed4,0.3,4,317950000,5,DRA_ADVERTISE,317257,269,128,512,317.257
50n_30p_seed4,0.3,4,318421000,33,DRA_ADVERTISE,318130,296,128,512,318.13
50n_30p_seed4,0.3,4,321771000,26,DRA_ADVERTISE,321634,270,128,512,321.634
50n_30p_seed4,0.3,4,323285000,23,DRA_ADVERTISE,323025,279,128,512,323.025
50n_30p_seed4,0.3,4,324028048,20,DRA_ADVERTISE,323185,256,128,512,323.185
50n_30p_seed4,0.3,4,324636000,24,DRA_ADVERTISE,324102,256,128,512,324.102
50n_30p_seed4,0.3,4,324952000,23,DRA_ADVERTISE,324692,279,128,512,324.692
50n_30p_seed4,0.3,4,325374000,40,DRA_ADVERTISE,324891,266,128,512,324.891
50n_30p_seed4,0.3,4,327164000,40,DRA_ADVERTISE,326681,266,128,512,326.681
50n_30p_seed4,0.3,4,327633000,43,DRA_ADVERTISE,327237,384,128,512,327.237
50n_30p_seed4,0.3,4,329447000,33,DRA_ADVERTISE,329156,292,128,512,329.156
50n_30p_seed4,0.3,4,329610000,14,DRA_ADVERTISE,329331,272,128,512,329.331
50n_30p_seed4,0.3,4,329900000,3,DRA_ADVERTISE,328977,275,128,512,328.977
50n_30p_seed4,0.3,4,330203000,12,DRA_ADVERTISE,329224,256,128,512,329.224
50n_30p_seed4,0.3,4,331018000,22,DRA_ADVERTISE,330179,261,128,512,330.179
50n_30p_seed4,0.3,4,332357000,25,DRA_ADVERTISE,331901,281,128,512,331.901
50n_30p_seed4,0.3,4,333565000,17,DRA_ADVERTISE,332797,283,128,512,332.797
50n_30p_seed4,0.3,4,334687000,44,DRA_ADVERTISE,334531,394,128,512,334.531
50n_30p_seed4,0.3,4,335817000,26,DRA_ADVERTISE,335680,281,128,512,335.68
50n_30p_seed4,0.3,4,336267000,5,DRA_ADVERTISE,335574,267,128,512,335.574
50n_30p_seed4,0.3,4,336466000,24,DRA_ADVERTISE,335932,256,128,512,335.932
50n_30p_seed4,0.3,4,341214000,23,DRA_ADVERTISE,340954,279,128,512,340.954
50n_30p_seed4,0.3,4,342160000,12,DRA_ADVERTISE,341181,256,128,512,341.181
50n_30p_seed4,0.3,4,342282000,3,DRA_ADVERTISE,341359,273,128,512,341.359
50n_30p_seed4,0.3,4,342704000,25,DRA_ADVERTISE,342248,281,128,512,342.248
50n_30p_seed4,0.3,4,343311000,14,DRA_ADVERTISE,343032,270,128,512,343.032
50n_30p_seed4,0.3,4,344515000,24,DRA_ADVERTISE,343981,256,128,512,343.981
50n_30p_seed4,0.3,4,344972000,14,DRA_ADVERTISE,344693,270,128,512,344.693
50n_30p_seed4,0.3,4,344983016,43,DRA_ADVERTISE,344587,384,128,512,344.587
50n_30p_seed4,0.3,4,345082000,40,DRA_ADVERTISE,344599,265,128,512,344.599
50n_30p_seed4,0.3,4,345665000,43,DRA_ADVERTISE,345269,384,128,512,345.269
50n_30p_seed4,0.3,4,346498000,20,DRA_ADVERTISE,345655,256,128,512,345.655
50n_30p_seed4,0.3,4,346590000,33,DRA_ADVERTISE,346299,292,128,512,346.299
50n_30p_seed4,0.3,4,346796000,26,DRA_ADVERTISE,346659,281,128,512,346.659
50n_30p_seed4,0.3,4,347371000,17,DRA_ADVERTISE,346603,283,128,512,346.603
50n_30p_seed4,0.3,4,347906000,22,DRA_ADVERTISE,347067,260,128,512,347.067
50n_30p_seed4,0.3,4,348637000,12,DRA_ADVERTISE,347658,256,128,512,347.658
50n_30p_seed4,0.3,4,351269000,5,DRA_ADVERTISE,350576,267,128,512,350.576
50n_30p_seed4,0.3,4,351719000,44,DRA_ADVERTISE,351563,393,128,512,351.563
50n_30p_seed4,0.3,4,353629000,25,DRA_ADVERTISE,353173,278,128,512,353.173
50n_30p_seed4,0.3,4,354431000,24,DRA_ADVERTISE,353897,256,128,512,353.897
50n_30p_seed4,0.3,4,356789000,40,DRA_ADVERTISE,356306,265,128,512,356.306
50n_30p_seed4,0.3,4,357686000,14,DRA_ADVERTISE,357407,270,128,512,357.407
50n_30p_seed4,0.3,4,358393000,25,DRA_ADVERTISE,357937,278,128,512,357.937
50n_30p_seed4,0.3,4,358486000,3,DRA_ADVERTISE,357563,273,128,512,357.563
50n_30p_seed4,0.3,4,359734000,33,DRA_ADVERTISE,359443,288,128,512,359.443
50n_30p_seed4,0.3,4,359859000,20,DRA_ADVERTISE,359016,256,128,512,359.016
50n_30p_seed4,0.3,4,361512000,23,DRA_ADVERTISE,361252,276,128,512,361.252
50n_30p_seed4,0.3,4,363511000,12,DRA_ADVERTISE,362532,256,128,512,362.532
50n_30p_seed4,0.3,4,363568000,22,DRA_ADVERTISE,362729,259,128,512,362.729
50n_30p_seed4,0.3,4,365020000,44,DRA_ADVERTISE,364864,393,128,512,364.864
50n_30p_seed4,0.3,4,365385000,44,DRA_ADVERTISE,365229,393,128,512,365.229
50n_30p_seed4,0.3,4,365440000,43,DRA_ADVERTISE,365044,384,128,512,365.044
50n_30p_seed4,0.3,4,365507000,20,DRA_ADVERTISE,364664,256,128,512,364.664
50n_30p_seed4,0.3,4,365676000,17,DRA_ADVERTISE,364908,280,128,512,364.908
50n_30p_seed4,0.3,4,369179000,5,DRA_ADVERTISE,368486,265,128,512,368.486
50n_30p_seed4,0.3,4,370324000,26,DRA_ADVERTISE,370187,278,128,512,370.187
50n_30p_seed4,0.3,4,373077000,3,DRA_ADVERTISE,372154,271,128,512,372.154
50n_30p_seed4,0.3,4,373195000,40,DRA_ADVERTISE,372712,265,128,512,372.712
50n_30p_seed4,0.3,4,374511000,24,DRA_ADVERTISE,373977,256,128,512,373.977
50n_30p_seed4,0.3,4,375047016,43,DRA_ADVERTISE,374651,384,128,512,374.651
50n_30p_seed4,0.3,4,375430000,20,DRA_ADVERTISE,374587,256,128,512,374.587
50n_30p_seed4,0.3,4,377390000,12,DRA_ADVERTISE,376411,256,128,512,376.411
50n_30p_seed4,0.3,4,377773000,22,DRA_ADVERTISE,376934,259,128,512,376.934
50n_30p_seed4,0.3,4,378237000,43,DRA_ADVERTISE,377841,384,128,512,377.841
50n_30p_seed4,0.3,4,378306000,25,DRA_ADVERTISE,377850,278,128,512,377.85
50n_30p_seed4,0.3,4,379104000,5,DRA_ADVERTISE,378411,265,128,512,378.411
50n_30p_seed4,0.3,4,379281000,43,DRA_ADVERTISE,378885,384,128,512,378.885
50n_30p_seed4,0.3,4,379552000,3,DRA_ADVERTISE,378629,271,128,512,378.629
50n_30p_seed4,0.3,4,379950000,26,DRA_ADVERTISE,379813,278,128,512,379.813
50n_30p_seed4,0.3,4,380073000,33,DRA_ADVERTISE,379782,284,128,512,379.782
50n_30p_seed4,0.3,4,380104000,23,DRA_ADVERTISE,379844,276,128,512,379.844
50n_30p_seed4,0.3,4,380195000,14,DRA_ADVERTISE,379916,268,128,512,379.916
50n_30p_seed4,0.3,4,381544000,17,DRA_ADVERTISE,380776,280,128,512,380.776
50n_30p_seed4,0.3,4,382627000,44,DRA_ADVERTISE,382471,392,128,512,382.471
50n_30p_seed4,0.3,4,383111000,33,DRA_ADVERTISE,382820,284,128,512,382.82
50n_30p_seed4,0.3,4,383153296,17,DRA_ADVERTISE,382385,280,128,512,382.385
50n_30p_seed4,0.3,4,386719000,26,DRA_ADVERTISE,386582,278,128,512,386.582
50n_30p_seed4,0.3,4,390264000,40,DRA_ADVERTISE,389781,264,128,512,389.781
50n_30p_seed4,0.3,4,390612000,12,DRA_ADVERTISE,389633,256,128,512,389.633
50n_30p_seed4,0.3,4,391274000,24,DRA_ADVERTISE,390740,256,128,512,390.74
50n_30p_seed4,0.3,4,391742000,33,DRA_ADVERTISE,391451,284,128,512,391.451
50n_30p_seed4,0.3,4,392420000,22,DRA_ADVERTISE,391581,258,128,512,391.581
50n_30p_seed4,0.3,4,393159000,25,DRA_ADVERTISE,392703,275,128,512,392.703
50n_30p_seed4,0.3,4,393897000,20,DRA_ADVERTISE,393054,256,128,512,393.054
50n_30p_seed4,0.3,4,394037000,23,DRA_ADVERTISE,393777,274,128,512,393.777
50n_30p_seed4,0.3,4,394792000,44,DRA_ADVERTISE,394636,392,128,512,394.636
50n_30p_seed4,0.3,4,395264000,17,DRA_ADVERTISE,394496,277,128,512,394.496
50n_30p_seed4,0.3,4,395854000,43,DRA_ADVERTISE,395458,384,128,512,395.458
50n_30p_seed4,0.3,4,396402000,5,DRA_ADVERTISE,395709,276,128,512,395.709
50n_30p_seed4,0.3,4,396705000,14,DRA_ADVERTISE,396426,268,128,512,396.426
50n_30p_seed4,0.3,4,397616000,3,DRA_ADVERTISE,396693,269,128,512,396.693
50n_30p_seed4,0.3,4,399298000,5,DRA_ADVERTISE,398605,276,128,512,398.605
50n_30p_seed4,0.3,4,401458000,22,DRA_ADVERTISE,400619,257,128,512,400.619
50n_30p_seed4,0.3,4,402656000,24,DRA_ADVERTISE,402122,256,128,512,402.122
50n_30p_seed4,0.3,4,403380000,26,DRA_ADVERTISE,403243,275,128,512,403.243
50n_30p_seed4,0.3,4,405602000,33,DRA_ADVERTISE,405311,284,128,512,405.311
50n_30p_seed4,0.3,4,406210000,14,DRA_ADVERTISE,405931,268,128,512,405.931
50n_30p_seed4,0.3,4,408111000,25,DRA_ADVERTISE,407655,275,128,512,407.655
50n_30p_seed4,0.3,4,408722000,40,DRA_ADVERTISE,408239,263,128,512,408.239
50n_30p_seed4,0.3,4,409191000,22,DRA_ADVERTISE,408352,257,128,512,408.352
50n_30p_seed4,0.3,4,409640000,23,DRA_ADVERTISE,409380,272,128,512,409.38
50n_30p_seed4,0.3,4,409964000,43,DRA_ADVERTISE,409568,409,128,512,409.568
50n_30p_seed4,0.3,4,410494000,20,DRA_ADVERTISE,409651,256,128,512,409.651
50n_30p_seed4,0.3,4,411445016,43,DRA_ADVERTISE,411049,409,128,512,411.049
50n_30p_seed4,0.3,4,412337000,12,DRA_ADVERTISE,411358,256,128,512,411.358
50n_30p_seed4,0.3,4,413554000,3,DRA_ADVERTISE,412631,269,128,512,412.631
50n_30p_seed4,0.3,4,414648000,17,DRA_ADVERTISE,413880,277,128,512,413.88
50n_30p_seed4,0.3,4,414648000,5,DRA_ADVERTISE,413955,274,128,512,413.955
50n_30p_seed4,0.3,4,414789000,26,DRA_ADVERTISE,414652,275,128,512,414.652
50n_30p_seed4,0.3,4,415233000,14,DRA_ADVERTISE,414954,266,128,512,414.954
50n_30p_seed4,0.3,4,415868000,44,DRA_ADVERTISE,415712,413,128,512,415.712
50n_30p_seed4,0.3,4,421906000,14,DRA_ADVERTISE,421627,266,128,512,421.627
50n_30p_seed4,0.3,4,422446000,12,DRA_ADVERTISE,421467,256,128,512,421.467
50n_30p_seed4,0.3,4,423374000,24,DRA_ADVERTISE,422840,256,128,512,422.84
50n_30p_seed4,0.3,4,423891000,25,DRA_ADVERTISE,423435,273,128,512,423.435
50n_30p_seed4,0.3,4,424691000,25,DRA_ADVERTISE,424235,273,128,512,424.235
50n_30p_seed4,0.3,4,425533000,24,DRA_ADVERTISE,424999,256,128,512,424.999
50n_30p_seed4,0.3,4,425657000,20,DRA_ADVERTISE,424814,256,128,512,424.814
50n_30p_seed4,0.3,4,426379000,22,DRA_ADVERTISE,425540,256,128,512,425.54
50n_30p_seed4,0.3,4,427357000,43,DRA_ADVERTISE,426961,401,128,512,426.961
50n_30p_seed4,0.3,4,427612000,23,DRA_ADVERTISE,427352,272,128,512,427.352
50n_30p_seed4,0.3,4,428269000,33,DRA_ADVERTISE,427978,281,128,512,427.978
50n_30p_seed4,0.3,4,428442000,40,DRA_ADVERTISE,427959,263,128,512,427.959
50n_30p_seed4,0.3,4,428701000,26,DRA_ADVERTISE,428564,273,128,512,428.564
50n_30p_seed4,0.3,4,430341000,3,DRA_ADVERTISE,429418,267,128,512,429.418
50n_30p_seed4,0.3,4,430376000,40,DRA_ADVERTISE,429893,263,128,512,429.893
50n_30p_seed4,0.3,4,431507000,44,DRA_ADVERTISE,431351,407,128,512,431.351
50n_30p_seed4,0.3,4,431803000,17,DRA_ADVERTISE,431035,274,128,512,431.035
50n_30p_seed4,0.3,4,432781000,23,DRA_ADVERTISE,432521,272,128,512,432.521
50n_30p_seed4,0.3,4,433611000,5,DRA_ADVERTISE,432918,272,128,512,432.918
50n_30p_seed4,0.3,4,433671016,24,DRA_ADVERTISE,433137,266,128,512,433.137
50n_30p_seed4,0.3,4,433964000,20,DRA_ADVERTISE,433121,256,128,512,433.121
50n_30p_seed4,0.3,4,438471000,12,DRA_ADVERTISE,437492,256,128,512,437.492
50n_30p_seed4,0.3,4,438584000,24,DRA_ADVERTISE,438050,264,128,512,438.05
50n_30p_seed4,0.3,4,439972000,22,DRA_ADVERTISE,439133,256,128,512,439.133
50n_30p_seed4,0.3,4,440951000,23,DRA_ADVERTISE,440691,270,128,512,440.691
50n_30p_seed4,0.3,4,441734000,33,DRA_ADVERTISE,441443,281,128,512,441.443
50n_30p_seed4,0.3,4,444137000,3,DRA_ADVERTISE,443214,267,128,512,443.214
50n_30p_seed4,0.3,4,444171000,25,DRA_ADVERTISE,443715,273,128,512,443.715
50n_30p_seed4,0.3,4,444789000,17,DRA_ADVERTISE,444021,274,128,512,444.021
50n_30p_seed4,0.3,4,445581000,14,DRA_ADVERTISE,445302,265,128,512,445.302
50n_30p_seed4,0.3,4,445585000,44,DRA_ADVERTISE,445429,405,128,512,445.429
50n_30p_seed4,0.3,4,445690000,20,DRA_ADVERTISE,444847,256,128,512,444.847
50n_30p_seed4,0.3,4,445863000,12,DRA_ADVERTISE,444884,256,128,512,444.884
50n_30p_seed4,0.3,4,446756000,40,DRA_ADVERTISE,446273,262,128,512,446.273
50n_30p_seed4,0.3,4,447500000,5,DRA_ADVERTISE,446807,272,128,512,446.807
50n_30p_seed4,0.3,4,447506000,43,DRA_ADVERTISE,447110,399,128,512,447.11
50n_30p_seed4,0.3,4,449898016,43,DRA_ADVERTISE,449502,399,128,512,449.502
50n_30p_seed4,0.3,4,450461000,26,DRA_ADVERTISE,450324,271,128,512,450.324
50n_30p_seed4,0.3,4,452332000,44,DRA_ADVERTISE,452176,405,128,512,452.176
50n_30p_seed4,0.3,4,456893000,20,DRA_ADVERTISE,456050,256,128,512,456.05
50n_30p_seed4,0.3,4,456961000,12,DRA_ADVERTISE,455982,256,128,512,455.982
50n_30p_seed4,0.3,4,457239000,33,DRA_ADVERTISE,456948,278,128,512,456.948
50n_30p_seed4,0.3,4,457358000,23,DRA_ADVERTISE,457098,270,128,512,457.098
50n_30p_seed4,0.3,4,457639000,24,DRA_ADVERTISE,457105,260,128,512,457.105
50n_30p_seed4,0.3,4,457703000,43,DRA_ADVERTISE,457307,393,128,512,457.307
50n_30p_seed4,0.3,4,459812000,25,DRA_ADVERTISE,459356,271,128,512,459.356
50n_30p_seed4,0.3,4,460011000,14,DRA_ADVERTISE,459732,264,128,512,459.732
50n_30p_seed4,0.3,4,460860000,40,DRA_ADVERTISE,460377,262,128,512,460.377
50n_30p_seed4,0.3,4,461188000,3,DRA_ADVERTISE,460265,265,128,512,460.265
50n_30p_seed4,0.3,4,461603000,22,DRA_ADVERTISE,460764,256,128,512,460.764
50n_30p_seed4,0.3,4,462472000,33,DRA_ADVERTISE,462181,278,128,512,462.181
50n_30p_seed4,0.3,4,463145000,5,DRA_ADVERTISE,462452,270,128,512,462.452
50n_30p_seed4,0.3,4,464472000,26,DRA_ADVERTISE,464335,271,128,512,464.335
50n_30p_seed4,0.3,4,465606000,17,DRA_ADVERTISE,464838,274,128,512,464.838
50n_30p_seed4,0.3,4,466164000,44,DRA_ADVERTISE,466008,398,128,512,466.008
50n_30p_seed4,0.3,4,467153000,24,DRA_ADVERTISE,466619,258,128,512,466.619
50n_30p_seed4,0.3,4,468996000,26,DRA_ADVERTISE,468859,269,128,512,468.859
50n_30p_seed4,0.3,4,469556000,3,DRA_ADVERTISE,468633,265,128,512,468.633
50n_30p_seed4,0.3,4,471753016,43,DRA_ADVERTISE,471357,391,128,512,471.357
50n_30p_seed4,0.3,4,471807000,23,DRA_ADVERTISE,471547,268,128,512,471.547
50n_30p_seed4,0.3,4,472111000,14,DRA_ADVERTISE,471832,264,128,512,471.832
50n_30p_seed4,0.3,4,472207000,22,DRA_ADVERTISE,471368,256,128,512,471.368
50n_30p_seed4,0.3,4,473012000,43,DRA_ADVERTISE,472616,391,128,512,472.616
50n_30p_seed4,0.3,4,474782000,12,DRA_ADVERTISE,473803,256,128,512,473.803
50n_30p_seed4,0.3,4,475755000,33,DRA_ADVERTISE,475464,275,128,512,475.464
50n_30p_seed4,0.3,4,477373000,25,DRA_ADVERTISE,476917,269,128,512,476.917
50n_30p_seed4,0.3,4,477942000,3,DRA_ADVERTISE,477019,265,128,512,477.019
50n_30p_seed4,0.3,4,477982000,40,DRA_ADVERTISE,477499,261,128,512,477.499
50n_30p_seed4,0.3,4,478334000,20,DRA_ADVERTISE,477491,262,128,512,477.491
50n_30p_seed4,0.3,4,478952000,5,DRA_ADVERTISE,478259,270,128,512,478.259
50n_30p_seed4,0.3,4,479035000,5,DRA_ADVERTISE,478342,270,128,512,478.342
50n_30p_seed4,0.3,4,479061000,17,DRA_ADVERTISE,478293,272,128,512,478.293
50n_30p_seed4,0.3,4,479690000,26,DRA_ADVERTISE,479553,269,128,512,479.553
50n_30p_seed4,0.3,4,480105000,44,DRA_ADVERTISE,479949,396,128,512,479.949
50n_30p_seed4,0.3,4,484574000,17,DRA_ADVERTISE,483806,272,128,512,483.806
50n_30p_seed4,0.3,4,487008000,43,DRA_ADVERTISE,486612,391,128,512,486.612
50n_30p_seed4,0.3,4,487279000,33,DRA_ADVERTISE,486988,275,128,512,486.988
50n_30p_seed4,0.3,4,487879000,20,DRA_ADVERTISE,487036,260,128,512,487.036
50n_30p_seed4,0.3,4,489006000,24,DRA_ADVERTISE,488472,256,128,512,488.472
50n_30p_seed4,0.3,4,489321000,14,DRA_ADVERTISE,489042,264,128,512,489.042
50n_30p_seed4,0.3,4,489362000,24,DRA_ADVERTISE,488828,256,128,512,488.828
50n_30p_seed4,0.3,4,490017000,23,DRA_ADVERTISE,489757,268,128,512,489.757
50n_30p_seed4,0.3,4,490426000,3,DRA_ADVERTISE,489503,265,128,512,489.503
50n_30p_seed4,0.3,4,490683000,43,DRA_ADVERTISE,490287,388,128,512,490.287
50n_30p_seed4,0.3,4,491515000,25,DRA_ADVERTISE,491059,269,128,512,491.059
50n_30p_seed4,0.3,4,493437000,44,DRA_ADVERTISE,493281,392,128,512,493.281
50n_30p_seed4,0.3,4,493778000,22,DRA_ADVERTISE,492939,256,128,512,492.939
50n_30p_seed4,0.3,4,494720000,12,DRA_ADVERTISE,493741,256,128,512,493.741
50n_30p_seed4,0.3,4,494874000,22,DRA_ADVERTISE,494035,256,128,512,494.035
50n_30p_seed4,0.3,4,495683000,40,DRA_ADVERTISE,495200,261,128,512,495.2
50n_30p_seed4,0.3,4,497521000,5,DRA_ADVERTISE,496828,268,128,512,496.828
50n_30p_seed4,0.3,4,498103000,17,DRA_ADVERTISE,497335,270,128,512,497.335
50n_30p_seed4,0.3,4,498345000,26,DRA_ADVERTISE,498208,267,128,512,498.208
50n_30p_seed4,0.3,4,500347016,43,DRA_ADVERTISE,499951,388,128,512,499.951
50n_30p_seed4,0.3,4,503458000,23,DRA_ADVERTISE,503198,266,128,512,503.198
50n_30p_seed4,0.3,4,503799000,25,DRA_ADVERTISE,503343,267,128,512,503.343
50n_30p_seed4,0.3,4,504944000,14,DRA_ADVERTISE,504665,263,128,512,504.665
50n_30p_seed4,0.3,4,505166000,20,DRA_ADVERTISE,504323,256,128,512,504.323
50n_30p_seed4,0.3,4,506679000,24,DRA_ADVERTISE,506145,256,128,512,506.145
50n_30p_seed4,0.3,4,507997000,20,DRA_ADVERTISE,507154,256,128,512,507.154
50n_30p_seed4,0.3,4,508242000,43,DRA_ADVERTISE,507846,386,128,512,507.846
50n_30p_seed4,0.3,4,510459000,17,DRA_ADVERTISE,509691,270,128,512,509.691
50n_30p_seed4,0.3,4,510499000,25,DRA_ADVERTISE,510043,267,128,512,510.043
50n_30p_seed4,0.3,4,510691000,22,DRA_ADVERTISE,509852,256,128,512,509.852
50n_30p_seed4,0.3,4,510764000,12,DRA_ADVERTISE,509785,256,128,512,509.785
50n_30p_seed4,0.3,4,510806000,44,DRA_ADVERTISE,510650,390,128,512,510.65
50n_30p_seed4,0.3,4,511601000,33,DRA_ADVERTISE,511310,273,128,512,511.31
50n_30p_seed4,0.3,4,512020000,40,DRA_ADVERTISE,511537,260,128,512,511.537
50n_30p_seed4,0.3,4,513592000,3,DRA_ADVERTISE,512669,264,128,512,512.669
50n_30p_seed4,0.3,4,514816000,5,DRA_ADVERTISE,514123,268,128,512,514.123
50n_30p_seed4,0.3,4,515398000,14,DRA_ADVERTISE,515119,263,128,512,515.119
50n_30p_seed4,0.3,4,518070000,26,DRA_ADVERTISE,517933,267,128,512,517.933
50n_30p_seed4,0.3,4,518536000,24,DRA_ADVERTISE,518002,256,128,512,518.002
50n_30p_seed4,0.3,4,520738000,12,DRA_ADVERTISE,519759,256,128,512,519.759
50n_30p_seed4,0.3,4,521415000,20,DRA_ADVERTISE,520572,256,128,512,520.572
50n_30p_seed4,0.3,4,521906000,23,DRA_ADVERTISE,521646,266,128,512,521.646
50n_30p_seed4,0.3,4,522681000,22,DRA_ADVERTISE,521842,256,128,512,521.842
50n_30p_seed4,0.3,4,523882000,25,DRA_ADVERTISE,523426,267,128,512,523.426
50n_30p_seed4,0.3,4,524622000,33,DRA_ADVERTISE,524331,271,128,512,524.331
50n_30p_seed4,0.3,4,524663000,12,DRA_ADVERTISE,523684,256,128,512,523.684
50n_30p_seed4,0.3,4,525370000,43,DRA_ADVERTISE,524974,385,128,512,524.974
50n_30p_seed4,0.3,4,526010000,14,DRA_ADVERTISE,525731,262,128,512,525.731
50n_30p_seed4,0.3,4,526369000,40,DRA_ADVERTISE,525886,260,128,512,525.886
50n_30p_seed4,0.3,4,526521000,3,DRA_ADVERTISE,525598,263,128,512,525.598
50n_30p_seed4,0.3,4,526814000,17,DRA_ADVERTISE,526046,268,128,512,526.046
50n_30p_seed4,0.3,4,527374000,5,DRA_ADVERTISE,526681,266,128,512,526.681
50n_30p_seed4,0.3,4,528077000,33,DRA_ADVERTISE,527786,271,128,512,527.786
50n_30p_seed4,0.3,4,529391000,44,DRA_ADVERTISE,529235,388,128,512,529.235
50n_30p_seed4,0.3,4,534941000,40,DRA_ADVERTISE,534458,260,128,512,534.458
50n_30p_seed4,0.3,4,535003000,26,DRA_ADVERTISE,534866,265,128,512,534.866
50n_30p_seed4,0.3,4,535562016,43,DRA_ADVERTISE,535166,384,128,512,535.166
50n_30p_seed4,0.3,4,535728000,5,DRA_ADVERTISE,535035,266,128,512,535.035
50n_30p_seed4,0.3,4,536483000,14,DRA_ADVERTISE,536204,262,128,512,536.204
50n_30p_seed4,0.3,4,538761000,3,DRA_ADVERTISE,537838,263,128,512,537.838
50n_30p_seed4,0.3,4,539513000,24,DRA_ADVERTISE,538979,256,128,512,538.979
50n_30p_seed4,0.3,4,539661000,40,DRA_ADVERTISE,539178,260,128,512,539.178
50n_30p_seed4,0.3,4,540200000,22,DRA_ADVERTISE,539361,256,128,512,539.361
50n_30p_seed4,0.3,4,540261000,25,DRA_ADVERTISE,539805,265,128,512,539.805
50n_30p_seed4,0.3,4,540323000,23,DRA_ADVERTISE,540063,265,128,512,540.063
50n_30p_seed4,0.3,4,540345000,33,DRA_ADVERTISE,540054,271,128,512,540.054
50n_30p_seed4,0.3,4,540566000,43,DRA_ADVERTISE,540170,384,128,512,540.17
50n_30p_seed4,0.3,4,543080016,20,DRA_ADVERTISE,542237,268,128,512,542.237
50n_30p_seed4,0.3,4,543207000,23,DRA_ADVERTISE,542947,265,128,512,542.947
50n_30p_seed4,0.3,4,543455000,12,DRA_ADVERTISE,542476,256,128,512,542.476
50n_30p_seed4,0.3,4,543813000,20,DRA_ADVERTISE,542970,266,128,512,542.97
50n_30p_seed4,0.3,4,543839016,24,DRA_ADVERTISE,543305,268,128,512,543.305
50n_30p_seed4,0.3,4,544435000,24,DRA_ADVERTISE,543901,266,128,512,543.901
50n_30p_seed4,0.3,4,544981000,26,DRA_ADVERTISE,544844,265,128,512,544.844
50n_30p_seed4,0.3,4,545220000,17,DRA_ADVERTISE,544452,266,128,512,544.452
50n_30p_seed4,0.3,4,546847000,5,DRA_ADVERTISE,546154,266,128,512,546.154
50n_30p_seed4,0.3,4,547823000,24,DRA_ADVERTISE,547289,264,128,512,547.289
50n_30p_seed4,0.3,4,547986000,44,DRA_ADVERTISE,547830,387,128,512,547.83
50n_30p_seed4,0.3,4,550883984,24,DRA_ADVERTISE,550349,264,128,512,550.349
50n_30p_seed4,0.3,4,551180000,44,DRA_ADVERTISE,551024,387,128,512,551.024
50n_30p_seed4,0.3,4,552857000,14,DRA_ADVERTISE,552578,261,128,512,552.578
50n_30p_seed4,0.3,4,553758000,22,DRA_ADVERTISE,552919,256,128,512,552.919
50n_30p_seed4,0.3,4,554279000,23,DRA_ADVERTISE,554019,264,128,512,554.019
50n_30p_seed4,0.3,4,554474000,33,DRA_ADVERTISE,554183,269,128,512,554.183
50n_30p_seed4,0.3,4,557559016,43,DRA_ADVERTISE,557163,384,128,512,557.163
50n_30p_seed4,0.3,4,557735000,20,DRA_ADVERTISE,556892,264,128,512,556.892
50n_30p_seed4,0.3,4,558765000,40,DRA_ADVERTISE,558282,259,128,512,558.282
50n_30p_seed4,0.3,4,559128000,43,DRA_ADVERTISE,558732,384,128,512,558.732
50n_30p_seed4,0.3,4,560232000,12,DRA_ADVERTISE,559253,256,128,512,559.253
50n_30p_seed4,0.3,4,560425000,26,DRA_ADVERTISE,560288,264,128,512,560.288
50n_30p_seed4,0.3,4,561229000,3,DRA_ADVERTISE,560306,262,128,512,560.306
50n_30p_seed4,0.3,4,561579000,25,DRA_ADVERTISE,561123,276,128,512,561.123
50n_30p_seed4,0.3,4,562009000,5,DRA_ADVERTISE,561316,266,128,512,561.316
50n_30p_seed4,0.3,4,562381000,44,DRA_ADVERTISE,562225,386,128,512,562.225
50n_30p_seed4,0.3,4,564470000,43,DRA_ADVERTISE,564074,384,128,512,564.074
50n_30p_seed4,0.3,4,564523000,17,DRA_ADVERTISE,563755,266,128,512,563.755
50n_30p_seed4,0.3,4,564607016,24,DRA_ADVERTISE,564073,261,128,512,564.073
50n_30p_seed4,0.3,4,564918000,26,DRA_ADVERTISE,564781,264,128,512,564.781
50n_30p_seed4,0.3,4,567324000,3,DRA_ADVERTISE,566401,262,128,512,566.401
50n_30p_seed4,0.3,4,567519000,24,DRA_ADVERTISE,566985,259,128,512,566.985
50n_30p_seed4,0.3,4,569091000,23,DRA_ADVERTISE,568831,264,128,512,568.831
50n_30p_seed4,0.3,4,570704000,33,DRA_ADVERTISE,570413,269,128,512,570.413
50n_30p_seed4,0.3,4,571864000,43,DRA_ADVERTISE,571468,384,128,512,571.468
50n_30p_seed4,0.3,4,572197000,12,DRA_ADVERTISE,571218,256,128,512,571.218
50n_30p_seed4,0.3,4,572871000,40,DRA_ADVERTISE,572388,258,128,512,572.388
50n_30p_seed4,0.3,4,572941000,22,DRA_ADVERTISE,572102,256,128,512,572.102
50n_30p_seed4,0.3,4,573222000,20,DRA_ADVERTISE,572379,257,128,512,572.379
50n_30p_seed4,0.3,4,573683000,17,DRA_ADVERTISE,572915,266,128,512,572.915
50n_30p_seed4,0.3,4,575607000,14,DRA_ADVERTISE,575328,260,128,512,575.328
50n_30p_seed4,0.3,4,575938000,44,DRA_ADVERTISE,575782,386,128,512,575.782
50n_30p_seed4,0.3,4,577002000,25,DRA_ADVERTISE,576546,276,128,512,576.546
50n_30p_seed4,0.3,4,577609016,43,DRA_ADVERTISE,577213,384,128,512,577.213
50n_30p_seed4,0.3,4,578660000,3,DRA_ADVERTISE,577737,262,128,512,577.737
50n_30p_seed4,0.3,4,579813000,5,DRA_ADVERTISE,579120,265,128,512,579.12
50n_30p_seed4,0.3,4,580722000,17,DRA_ADVERTISE,579954,265,128,512,579.954
50n_30p_seed4,0.3,4,584135000,26,DRA_ADVERTISE,583998,263,128,512,583.998
50n_30p_seed4,0.3,4,585146000,24,DRA_ADVERTISE,584612,256,128,512,584.612
50n_30p_seed4,0.3,4,585751000,22,DRA_ADVERTISE,584912,256,128,512,584.912
50n_30p_seed4,0.3,4,587013000,5,DRA_ADVERTISE,586320,265,128,512,586.32
50n_30p_seed4,0.3,4,588135000,12,DRA_ADVERTISE,587156,256,128,512,587.156
50n_30p_seed4,0.3,4,588732000,20,DRA_ADVERTISE,587889,256,128,512,587.889
50n_30p_seed4,0.3,4,589958000,43,DRA_ADVERTISE,589562,384,128,512,589.562
50n_30p_seed4,0.3,4,590172000,23,DRA_ADVERTISE,589912,263,128,512,589.912
50n_30p_seed4,0.3,4,590649000,40,DRA_ADVERTISE,590166,258,128,512,590.166
50n_30p_seed4,0.3,4,590722000,25,DRA_ADVERTISE,590266,274,128,512,590.266
50n_30p_seed4,0.3,4,591334000,24,DRA_ADVERTISE,590800,256,128,512,590.8
50n_30p_seed4,0.3,4,591947000,33,DRA_ADVERTISE,591656,267,128,512,591.656
50n_30p_seed4,0.3,4,592344000,33,DRA_ADVERTISE,592053,267,128,512,592.053
50n_30p_seed4,0.3,4,593260000,25,DRA_ADVERTISE,592804,274,128,512,592.804
50n_30p_seed4,0.3,4,593609000,14,DRA_ADVERTISE,593330,260,128,512,593.33
50n_30p_seed4,0.3,4,593833000,3,DRA_ADVERTISE,592910,261,128,512,592.91
50n_30p_seed4,0.3,4,594134000,44,DRA_ADVERTISE,593978,386,128,512,593.978
50n_30p_seed4,0.3,4,594206000,17,DRA_ADVERTISE,593438,265,128,512,593.438
50n_30p_seed4,0.3,4,594820000,5,DRA_ADVERTISE,594127,265,128,512,594.127
50n_30p_seed4,0.3,4,596518000,22,DRA_ADVERTISE,595679,256,128,512,595.679
50n_30p_seed4,0.3,4,599119000,26,DRA_ADVERTISE,598982,263,128,512,598.982
50n_30p_seed5,0.3,5,8055000,46,DRA_ADVERTISE,7307,302,128,512,7.307
50n_30p_seed5,0.3,5,8644000,46,DRA_ADVERTISE,7896,302,128,512,7.896
50n_30p_seed5,0.3,5,9590000,46,DRA_ADVERTISE,8842,302,128,512,8.842
50n_30p_seed5,0.3,5,10767000,46,DRA_ADVERTISE,10019,302,128,512,10.019
50n_30p_seed5,0.3,5,11766000,32,DRA_ADVERTISE,11753,300,128,512,11.753
50n_30p_seed5,0.3,5,12245000,32,DRA_ADVERTISE,12232,300,128,512,12.232
50n_30p_seed5,0.3,5,12275000,14,DRA_ADVERTISE,11789,302,128,512,11.789
50n_30p_seed5,0.3,5,12709000,30,DRA_ADVERTISE,12661,356,128,512,12.661
50n_30p_seed5,0.3,5,12784000,14,DRA_ADVERTISE,12298,302,128,512,12.298
50n_30p_seed5,0.3,5,13140000,30,DRA_ADVERTISE,13092,356,128,512,13.092
50n_30p_seed5,0.3,5,13270000,32,DRA_ADVERTISE,13257,300,128,512,13.257
50n_30p_seed5,0.3,5,13511000,14,DRA_ADVERTISE,13025,302,128,512,13.025
50n_30p_seed5,0.3,5,13701000,13,DRA_ADVERTISE,13201,315,128,512,13.201
50n_30p_seed5,0.3,5,14137000,30,DRA_ADVERTISE,14089,356,128,512,14.089
50n_30p_seed5,0.3,5,14153000,13,DRA_ADVERTISE,13653,315,128,512,13.653
50n_30p_seed5,0.3,5,14838000,32,DRA_ADVERTISE,14825,300,128,512,14.825
50n_30p_seed5,0.3,5,15010000,46,DRA_ADVERTISE,14262,302,128,512,14.262
50n_30p_seed5,0.3,5,15082000,13,DRA_ADVERTISE,14582,315,128,512,14.582
50n_30p_seed5,0.3,5,15326000,14,DRA_ADVERTISE,14840,302,128,512,14.84
50n_30p_seed5,0.3,5,15704000,14,DRA_ADVERTISE,15218,302,128,512,15.218
50n_30p_seed5,0.3,5,15706000,13,DRA_ADVERTISE,15206,315,128,512,15.206
50n_30p_seed5,0.3,5,16103000,13,DRA_ADVERTISE,15603,315,128,512,15.603
50n_30p_seed5,0.3,5,16153000,14,DRA_ADVERTISE,15667,302,128,512,15.667
50n_30p_seed5,0.3,5,16326000,30,DRA_ADVERTISE,16278,356,128,512,16.278
50n_30p_seed5,0.3,5,16395000,22,DRA_ADVERTISE,16344,343,128,512,16.344
50n_30p_seed5,0.3,5,16712000,22,DRA_ADVERTISE,16661,343,128,512,16.661
50n_30p_seed5,0.3,5,16938000,13,DRA_ADVERTISE,16438,315,128,512,16.438
50n_30p_seed5,0.3,5,17272000,14,DRA_ADVERTISE,16786,302,128,512,16.786
50n_30p_seed5,0.3,5,17929000,22,DRA_ADVERTISE,17878,343,128,512,17.878
50n_30p_seed5,0.3,5,18062000,44,DRA_ADVERTISE,17327,426,128,512,17.327
50n_30p_seed5,0.3,5,18498000,24,DRA_ADVERTISE,18007,299,128,512,18.007
50n_30p_seed5,0.3,5,18570000,44,DRA_ADVERTISE,17835,426,128,512,17.835
50n_30p_seed5,0.3,5,18681000,13,DRA_ADVERTISE,18181,315,128,512,18.181
50n_30p_seed5,0.3,5,18947000,24,DRA_ADVERTISE,18456,299,128,512,18.456
50n_30p_seed5,0.3,5,19002000,22,DRA_ADVERTISE,18951,343,128,512,18.951
50n_30p_seed5,0.3,5,19084000,32,DRA_ADVERTISE,19071,295,128,512,19.071
50n_30p_seed5,0.3,5,19125000,14,DRA_ADVERTISE,18639,302,128,512,18.639
50n_30p_seed5,0.3,5,19305000,44,DRA_ADVERTISE,18570,426,128,512,18.57
50n_30p_seed5,0.3,5,19342000,30,DRA_ADVERTISE,19294,356,128,512,19.294
50n_30p_seed5,0.3,5,20130000,24,DRA_ADVERTISE,19639,299,128,512,19.639
50n_30p_seed5,0.3,5,20327000,13,DRA_ADVERTISE,19827,315,128,512,19.827
50n_30p_seed5,0.3,5,20390000,14,DRA_ADVERTISE,19904,302,128,512,19.904
50n_30p_seed5,0.3,5,20410000,22,DRA_ADVERTISE,20359,343,128,512,20.359
50n_30p_seed5,0.3,5,20691000,22,DRA_ADVERTISE,20640,343,128,512,20.64
50n_30p_seed5,0.3,5,20707000,13,DRA_ADVERTISE,20207,315,128,512,20.207
50n_30p_seed5,0.3,5,20807000,46,DRA_ADVERTISE,20059,288,128,512,20.059
50n_30p_seed5,0.3,5,20876000,13,DRA_ADVERTISE,20376,315,128,512,20.376
50n_30p_seed5,0.3,5,20914000,14,DRA_ADVERTISE,20428,302,128,512,20.428
50n_30p_seed5,0.3,5,20981000,44,DRA_ADVERTISE,20246,426,128,512,20.246
50n_30p_seed5,0.3,5,21437000,14,DRA_ADVERTISE,20951,302,128,512,20.951
50n_30p_seed5,0.3,5,21468000,13,DRA_ADVERTISE,20968,315,128,512,20.968
50n_30p_seed5,0.3,5,21537000,22,DRA_ADVERTISE,21486,343,128,512,21.486
50n_30p_seed5,0.3,5,22007000,12,DRA_ADVERTISE,21862,329,128,512,21.862
50n_30p_seed5,0.3,5,22021000,24,DRA_ADVERTISE,21530,294,128,512,21.53
50n_30p_seed5,0.3,5,22286000,42,DRA_ADVERTISE,21509,495,128,512,21.509
50n_30p_seed5,0.3,5,22293000,14,DRA_ADVERTISE,21807,297,128,512,21.807
50n_30p_seed5,0.3,5,22390000,12,DRA_ADVERTISE,22245,329,128,512,22.245
50n_30p_seed5,0.3,5,22500000,13,DRA_ADVERTISE,22000,315,128,512,22.0
50n_30p_seed5,0.3,5,22761000,42,DRA_ADVERTISE,21984,495,128,512,21.984
50n_30p_seed5,0.3,5,23375000,42,DRA_ADVERTISE,22598,495,128,512,22.598
50n_30p_seed5,0.3,5,23423000,12,DRA_ADVERTISE,23278,329,128,512,23.278
50n_30p_seed5,0.3,5,23813000,22,DRA_ADVERTISE,23762,343,128,512,23.762
50n_30p_seed5,0.3,5,24000000,13,DRA_ADVERTISE,23500,315,128,512,23.5
50n_30p_seed5,0.3,5,24367000,44,DRA_ADVERTISE,23632,426,128,512,23.632
50n_30p_seed5,0.3,5,24467000,14,DRA_ADVERTISE,23981,292,128,512,23.981
50n_30p_seed5,0.3,5,24504000,11,DRA_ADVERTISE,24179,328,128,512,24.179
50n_30p_seed5,0.3,5,24589000,12,DRA_ADVERTISE,24444,329,128,512,24.444
50n_30p_seed5,0.3,5,25036000,11,DRA_ADVERTISE,24711,328,128,512,24.711
50n_30p_seed5,0.3,5,25097000,32,DRA_ADVERTISE,25084,291,128,512,25.084
50n_30p_seed5,0.3,5,25329000,42,DRA_ADVERTISE,24552,483,128,512,24.552
50n_30p_seed5,0.3,5,25769000,24,DRA_ADVERTISE,25278,294,128,512,25.278
50n_30p_seed5,0.3,5,26110000,43,DRA_ADVERTISE,25309,479,128,512,25.309
50n_30p_seed5,0.3,5,26134000,11,DRA_ADVERTISE,25809,328,128,512,25.809
50n_30p_seed5,0.3,5,26522000,43,DRA_ADVERTISE,25721,479,128,512,25.721
50n_30p_seed5,0.3,5,27061000,14,DRA_ADVERTISE,26575,288,128,512,26.575
50n_30p_seed5,0.3,5,27402000,43,DRA_ADVERTISE,26601,479,128,512,26.601
50n_30p_seed5,0.3,5,27862000,22,DRA_ADVERTISE,27811,334,128,512,27.811
50n_30p_seed5,0.3,5,28046000,11,DRA_ADVERTISE,27721,328,128,512,27.721
50n_30p_seed5,0.3,5,28173008,22,DRA_ADVERTISE,28122,334,128,512,28.122
50n_30p_seed5,0.3,5,28214000,13,DRA_ADVERTISE,27714,303,128,512,27.714
50n_30p_seed5,0.3,5,28365000,30,DRA_ADVERTISE,28317,346,128,512,28.317
50n_30p_seed5,0.3,5,28546000,5,DRA_ADVERTISE,27632,299,128,512,27.632
50n_30p_seed5,0.3,5,28993000,3,DRA_ADVERTISE,28460,320,128,512,28.46
50n_30p_seed5,0.3,5,28999000,5,DRA_ADVERTISE,28085,299,128,512,28.085
50n_30p_seed5,0.3,5,29218000,43,DRA_ADVERTISE,28417,479,128,512,28.417
50n_30p_seed5,0.3,5,29225000,42,DRA_ADVERTISE,28448,483,128,512,28.448
50n_30p_seed5,0.3,5,29386000,12,DRA_ADVERTISE,29241,329,128,512,29.241
50n_30p_seed5,0.3,5,29485000,3,DRA_ADVERTISE,28952,320,128,512,28.952
50n_30p_seed5,0.3,5,29606000,9,DRA_ADVERTISE,29249,310,128,512,29.249
50n_30p_seed5,0.3,5,29948000,5,DRA_ADVERTISE,29034,299,128,512,29.034
50n_30p_seed5,0.3,5,30022000,9,DRA_ADVERTISE,29665,310,128,512,29.665
50n_30p_seed5,0.3,5,30230920,22,DRA_ADVERTISE,30179,326,128,512,30.179
50n_30p_seed5,0.3,5,30396008,30,DRA_ADVERTISE,30348,346,128,512,30.348
50n_30p_seed5,0.3,5,30564000,3,DRA_ADVERTISE,30031,320,128,512,30.031
50n_30p_seed5,0.3,5,30718000,9,DRA_ADVERTISE,30361,310,128,512,30.361
50n_30p_seed5,0.3,5,30742000,44,DRA_ADVERTISE,30007,426,128,512,30.007
50n_30p_seed5,0.3,5,31181008,44,DRA_ADVERTISE,30446,421,128,512,30.446
50n_30p_seed5,0.3,5,31822000,11,DRA_ADVERTISE,31497,328,128,512,31.497
50n_30p_seed5,0.3,5,31943000,5,DRA_ADVERTISE,31029,294,128,512,31.029
50n_30p_seed5,0.3,5,32267000,9,DRA_ADVERTISE,31910,310,128,512,31.91
50n_30p_seed5,0.3,5,32575000,3,DRA_ADVERTISE,32042,313,128,512,32.042
50n_30p_seed5,0.3,5,32986008,12,DRA_ADVERTISE,32841,329,128,512,32.841
50n_30p_seed5,0.3,5,33247952,44,DRA_ADVERTISE,32512,404,128,512,32.512
50n_30p_seed5,0.3,5,33363000,24,DRA_ADVERTISE,32872,290,128,512,32.872
50n_30p_seed5,0.3,5,33391000,43,DRA_ADVERTISE,32590,455,128,512,32.59
50n_30p_seed5,0.3,5,33839000,46,DRA_ADVERTISE,33091,283,128,512,33.091
50n_30p_seed5,0.3,5,34743000,22,DRA_ADVERTISE,34692,319,128,512,34.692
50n_30p_seed5,0.3,5,35640000,13,DRA_ADVERTISE,35140,289,128,512,35.14
50n_30p_seed5,0.3,5,35648000,9,DRA_ADVERTISE,35291,310,128,512,35.291
50n_30p_seed5,0.3,5,35678000,12,DRA_ADVERTISE,35533,321,128,512,35.533
50n_30p_seed5,0.3,5,35814000,3,DRA_ADVERTISE,35281,313,128,512,35.281
50n_30p_seed5,0.3,5,36034000,5,DRA_ADVERTISE,35120,294,128,512,35.12
50n_30p_seed5,0.3,5,36715000,14,DRA_ADVERTISE,36229,273,128,512,36.229
50n_30p_seed5,0.3,5,37149000,42,DRA_ADVERTISE,36372,464,128,512,36.372
50n_30p_seed5,0.3,5,39061000,30,DRA_ADVERTISE,39013,337,128,512,39.013
50n_30p_seed5,0.3,5,39076000,43,DRA_ADVERTISE,38275,455,128,512,38.275
50n_30p_seed5,0.3,5,39156000,11,DRA_ADVERTISE,38831,320,128,512,38.831
50n_30p_seed5,0.3,5,40116000,32,DRA_ADVERTISE,40103,272,128,512,40.103
50n_30p_seed5,0.3,5,40544000,5,DRA_ADVERTISE,39630,294,128,512,39.63
50n_30p_seed5,0.3,5,43688000,3,DRA_ADVERTISE,43155,313,128,512,43.155
50n_30p_seed5,0.3,5,44392000,9,DRA_ADVERTISE,44035,304,128,512,44.035
50n_30p_seed5,0.3,5,46389000,24,DRA_ADVERTISE,45898,283,128,512,45.898
50n_30p_seed5,0.3,5,47558000,22,DRA_ADVERTISE,47507,312,128,512,47.507
50n_30p_seed5,0.3,5,48625000,46,DRA_ADVERTISE,47877,280,128,512,47.877
50n_30p_seed5,0.3,5,49337000,12,DRA_ADVERTISE,49192,314,128,512,49.192
50n_30p_seed5,0.3,5,49692952,12,DRA_ADVERTISE,49547,314,128,512,49.547
50n_30p_seed5,0.3,5,50056000,44,DRA_ADVERTISE,49321,402,128,512,49.321
50n_30p_seed5,0.3,5,52147000,14,DRA_ADVERTISE,51661,269,128,512,51.661
50n_30p_seed5,0.3,5,52893000,13,DRA_ADVERTISE,52393,282,128,512,52.393
50n_30p_seed5,0.3,5,52968000,42,DRA_ADVERTISE,52191,454,128,512,52.191
50n_30p_seed5,0.3,5,53317000,11,DRA_ADVERTISE,52992,320,128,512,52.992
50n_30p_seed5,0.3,5,53490000,5,DRA_ADVERTISE,52576,294,128,512,52.576
50n_30p_seed5,0.3,5,55892000,43,DRA_ADVERTISE,55091,441,128,512,55.091
50n_30p_seed5,0.3,5,57436000,13,DRA_ADVERTISE,56936,282,128,512,56.936
50n_30p_seed5,0.3,5,58087000,32,DRA_ADVERTISE,58074,268,128,512,58.074
50n_30p_seed5,0.3,5,58650000,9,DRA_ADVERTISE,58293,304,128,512,58.293
50n_30p_seed5,0.3,5,59549000,3,DRA_ADVERTISE,59016,313,128,512,59.016
50n_30p_seed5,0.3,5,59893952,44,DRA_ADVERTISE,59158,387,128,512,59.158
50n_30p_seed5,0.3,5,60635000,30,DRA_ADVERTISE,60587,328,128,512,60.587
50n_30p_seed5,0.3,5,62890000,32,DRA_ADVERTISE,62877,268,128,512,62.877
50n_30p_seed5,0.3,5,63422000,24,DRA_ADVERTISE,62931,283,128,512,62.931
50n_30p_seed5,0.3,5,64107000,22,DRA_ADVERTISE,64056,312,128,512,64.056
50n_30p_seed5,0.3,5,64310920,22,DRA_ADVERTISE,64259,312,128,512,64.259
50n_30p_seed5,0.3,5,64625000,44,DRA_ADVERTISE,63890,373,128,512,63.89
50n_30p_seed5,0.3,5,64890000,42,DRA_ADVERTISE,64113,442,128,512,64.113
50n_30p_seed5,0.3,5,65048000,14,DRA_ADVERTISE,64562,264,128,512,64.562
50n_30p_seed5,0.3,5,65112000,12,DRA_ADVERTISE,64967,308,128,512,64.967
50n_30p_seed5,0.3,5,65617000,24,DRA_ADVERTISE,65126,280,128,512,65.126
50n_30p_seed5,0.3,5,68458952,30,DRA_ADVERTISE,68410,328,128,512,68.41
50n_30p_seed5,0.3,5,68872000,11,DRA_ADVERTISE,68547,320,128,512,68.547
50n_30p_seed5,0.3,5,69172000,13,DRA_ADVERTISE,68672,276,128,512,68.672
50n_30p_seed5,0.3,5,69661000,30,DRA_ADVERTISE,69613,320,128,512,69.613
50n_30p_seed5,0.3,5,70001000,11,DRA_ADVERTISE,69676,320,128,512,69.676
50n_30p_seed5,0.3,5,70450000,46,DRA_ADVERTISE,69702,270,128,512,69.702
50n_30p_seed5,0.3,5,70631000,32,DRA_ADVERTISE,70618,266,128,512,70.618
50n_30p_seed5,0.3,5,71761000,5,DRA_ADVERTISE,70847,290,128,512,70.847
50n_30p_seed5,0.3,5,73505000,43,DRA_ADVERTISE,72704,434,128,512,72.704
50n_30p_seed5,0.3,5,75049000,9,DRA_ADVERTISE,74692,299,128,512,74.692
50n_30p_seed5,0.3,5,75256000,3,DRA_ADVERTISE,74723,307,128,512,74.723
50n_30p_seed5,0.3,5,75275000,46,DRA_ADVERTISE,74527,270,128,512,74.527
50n_30p_seed5,0.3,5,76147000,24,DRA_ADVERTISE,75656,277,128,512,75.656
50n_30p_seed5,0.3,5,81560952,44,DRA_ADVERTISE,80825,373,128,512,80.825
50n_30p_seed5,0.3,5,82281000,44,DRA_ADVERTISE,81546,374,128,512,81.546
50n_30p_seed5,0.3,5,82443000,13,DRA_ADVERTISE,81943,272,128,512,81.943
50n_30p_seed5,0.3,5,82508000,14,DRA_ADVERTISE,82022,260,128,512,82.022
50n_30p_seed5,0.3,5,82695000,22,DRA_ADVERTISE,82644,301,128,512,82.644
50n_30p_seed5,0.3,5,83779000,43,DRA_ADVERTISE,82978,431,128,512,82.978
50n_30p_seed5,0.3,5,84345000,42,DRA_ADVERTISE,83568,438,128,512,83.568
50n_30p_seed5,0.3,5,85504000,11,DRA_ADVERTISE,85179,313,128,512,85.179
50n_30p_seed5,0.3,5,85800000,32,DRA_ADVERTISE,85787,263,128,512,85.787
50n_30p_seed5,0.3,5,86623000,12,DRA_ADVERTISE,86478,302,128,512,86.478
50n_30p_seed5,0.3,5,87701000,3,DRA_ADVERTISE,87168,307,128,512,87.168
50n_30p_seed5,0.3,5,88191000,30,DRA_ADVERTISE,88143,320,128,512,88.143
50n_30p_seed5,0.3,5,88196920,22,DRA_ADVERTISE,88145,301,128,512,88.145
50n_30p_seed5,0.3,5,88688000,46,DRA_ADVERTISE,87940,263,128,512,87.94
50n_30p_seed5,0.3,5,89429000,5,DRA_ADVERTISE,88515,286,128,512,88.515
50n_30p_seed5,0.3,5,89494952,12,DRA_ADVERTISE,89349,297,128,512,89.349
50n_30p_seed5,0.3,5,91220000,9,DRA_ADVERTISE,90863,299,128,512,90.863
50n_30p_seed5,0.3,5,92294000,44,DRA_ADVERTISE,91559,362,128,512,91.559
50n_30p_seed5,0.3,5,96176000,13,DRA_ADVERTISE,95676,266,128,512,95.676
50n_30p_seed5,0.3,5,97324000,42,DRA_ADVERTISE,96547,434,128,512,96.547
50n_30p_seed5,0.3,5,97411000,22,DRA_ADVERTISE,97360,296,128,512,97.36
50n_30p_seed5,0.3,5,97570000,24,DRA_ADVERTISE,97079,274,128,512,97.079
50n_30p_seed5,0.3,5,98302000,14,DRA_ADVERTISE,97816,257,128,512,97.816
50n_30p_seed5,0.3,5,99292000,46,DRA_ADVERTISE,98544,263,128,512,98.544
50n_30p_seed5,0.3,5,99809952,30,DRA_ADVERTISE,99761,313,128,512,99.761
50n_30p_seed5,0.3,5,100972000,44,DRA_ADVERTISE,100237,362,128,512,100.237
50n_30p_seed5,0.3,5,101069000,22,DRA_ADVERTISE,101018,296,128,512,101.018
50n_30p_seed5,0.3,5,102567000,43,DRA_ADVERTISE,101766,427,128,512,101.766
50n_30p_seed5,0.3,5,102711000,12,DRA_ADVERTISE,102566,292,128,512,102.566
50n_30p_seed5,0.3,5,103993000,5,DRA_ADVERTISE,103079,286,128,512,103.079
50n_30p_seed5,0.3,5,104251000,14,DRA_ADVERTISE,103765,256,128,512,103.765
50n_30p_seed5,0.3,5,105997000,11,DRA_ADVERTISE,105672,307,128,512,105.672
50n_30p_seed5,0.3,5,106170000,3,DRA_ADVERTISE,105637,301,128,512,105.637
50n_30p_seed5,0.3,5,107051000,32,DRA_ADVERTISE,107038,259,128,512,107.038
50n_30p_seed5,0.3,5,107545000,9,DRA_ADVERTISE,107188,294,128,512,107.188
50n_30p_seed5,0.3,5,107556000,13,DRA_ADVERTISE,107056,265,128,512,107.056
50n_30p_seed5,0.3,5,107568000,30,DRA_ADVERTISE,107520,307,128,512,107.52
50n_30p_seed5,0.3,5,108573984,44,DRA_ADVERTISE,107838,362,128,512,107.838
50n_30p_seed5,0.3,5,109016000,5,DRA_ADVERTISE,108102,286,128,512,108.102
50n_30p_seed5,0.3,5,109431000,24,DRA_ADVERTISE,108940,272,128,512,108.94
50n_30p_seed5,0.3,5,109868000,30,DRA_ADVERTISE,109820,307,128,512,109.82
50n_30p_seed5,0.3,5,110833000,22,DRA_ADVERTISE,110782,292,128,512,110.782
50n_30p_seed5,0.3,5,113031000,44,DRA_ADVERTISE,112296,351,128,512,112.296
50n_30p_seed5,0.3,5,114359000,11,DRA_ADVERTISE,114034,307,128,512,114.034
50n_30p_seed5,0.3,5,114959000,42,DRA_ADVERTISE,114182,424,128,512,114.182
50n_30p_seed5,0.3,5,114975000,12,DRA_ADVERTISE,114830,292,128,512,114.83
50n_30p_seed5,0.3,5,115751000,43,DRA_ADVERTISE,114950,417,128,512,114.95
50n_30p_seed5,0.3,5,115963000,3,DRA_ADVERTISE,115430,296,128,512,115.43
50n_30p_seed5,0.3,5,117135000,13,DRA_ADVERTISE,116635,264,128,512,116.635
50n_30p_seed5,0.3,5,117262000,42,DRA_ADVERTISE,116485,424,128,512,116.485
50n_30p_seed5,0.3,5,117588000,14,DRA_ADVERTISE,117102,256,128,512,117.102
50n_30p_seed5,0.3,5,118358000,46,DRA_ADVERTISE,117610,258,128,512,117.61
50n_30p_seed5,0.3,5,118901000,9,DRA_ADVERTISE,118544,294,128,512,118.544
50n_30p_seed5,0.3,5,120330000,12,DRA_ADVERTISE,120185,288,128,512,120.185
50n_30p_seed5,0.3,5,121148952,22,DRA_ADVERTISE,121097,292,128,512,121.097
50n_30p_seed5,0.3,5,121799000,5,DRA_ADVERTISE,120885,283,128,512,120.885
50n_30p_seed5,0.3,5,122292000,30,DRA_ADVERTISE,122244,301,128,512,122.244
50n_30p_seed5,0.3,5,123096000,32,DRA_ADVERTISE,123083,256,128,512,123.083
50n_30p_seed5,0.3,5,123216000,43,DRA_ADVERTISE,122415,417,128,512,122.415
50n_30p_seed5,0.3,5,123808000,3,DRA_ADVERTISE,123275,296,128,512,123.275
50n_30p_seed5,0.3,5,124083000,11,DRA_ADVERTISE,123758,307,128,512,123.758
50n_30p_seed5,0.3,5,126079000,9,DRA_ADVERTISE,125722,294,128,512,125.722
50n_30p_seed5,0.3,5,128756000,13,DRA_ADVERTISE,128256,262,128,512,128.256
50n_30p_seed5,0.3,5,128966000,44,DRA_ADVERTISE,128231,341,128,512,128.231
50n_30p_seed5,0.3,5,130404000,14,DRA_ADVERTISE,129918,256,128,512,129.918
50n_30p_seed5,0.3,5,131019000,42,DRA_ADVERTISE,130242,417,128,512,130.242
50n_30p_seed5,0.3,5,131976000,32,DRA_ADVERTISE,131963,256,128,512,131.963
50n_30p_seed5,0.3,5,132142000,24,DRA_ADVERTISE,131651,268,128,512,131.651
50n_30p_seed5,0.3,5,132602000,46,DRA_ADVERTISE,131854,256,128,512,131.854
50n_30p_seed5,0.3,5,132995000,43,DRA_ADVERTISE,132194,414,128,512,132.194
50n_30p_seed5,0.3,5,134050000,22,DRA_ADVERTISE,133999,288,128,512,133.999
50n_30p_seed5,0.3,5,135407000,32,DRA_ADVERTISE,135394,256,128,512,135.394
50n_30p_seed5,0.3,5,135980000,12,DRA_ADVERTISE,135835,284,128,512,135.835
50n_30p_seed5,0.3,5,135996000,11,DRA_ADVERTISE,135671,301,128,512,135.671
50n_30p_seed5,0.3,5,136855984,30,DRA_ADVERTISE,136807,301,128,512,136.807
50n_30p_seed5,0.3,5,140391984,44,DRA_ADVERTISE,139656,341,128,512,139.656
50n_30p_seed5,0.3,5,140608000,24,DRA_ADVERTISE,140117,268,128,512,140.117
50n_30p_seed5,0.3,5,140651000,9,DRA_ADVERTISE,140294,290,128,512,140.294
50n_30p_seed5,0.3,5,141059000,30,DRA_ADVERTISE,141011,292,128,512,141.011
50n_30p_seed5,0.3,5,141064000,3,DRA_ADVERTISE,140531,296,128,512,140.531
50n_30p_seed5,0.3,5,141940000,5,DRA_ADVERTISE,141026,283,128,512,141.026
50n_30p_seed5,0.3,5,142035000,46,DRA_ADVERTISE,141287,256,128,512,141.287
50n_30p_seed5,0.3,5,143539000,44,DRA_ADVERTISE,142804,324,128,512,142.804
50n_30p_seed5,0.3,5,148631000,14,DRA_ADVERTISE,148145,256,128,512,148.145
50n_30p_seed5,0.3,5,148922000,24,DRA_ADVERTISE,148431,268,128,512,148.431
50n_30p_seed5,0.3,5,149505000,13,DRA_ADVERTISE,149005,260,128,512,149.005
50n_30p_seed5,0.3,5,149535000,42,DRA_ADVERTISE,148758,414,128,512,148.758
50n_30p_seed5,0.3,5,150835000,22,DRA_ADVERTISE,150784,284,128,512,150.784
50n_30p_seed5,0.3,5,151374000,32,DRA_ADVERTISE,151361,256,128,512,151.361
50n_30p_seed5,0.3,5,151888000,12,DRA_ADVERTISE,151743,284,128,512,151.743
50n_30p_seed5,0.3,5,152999000,30,DRA_ADVERTISE,152951,292,128,512,152.951
50n_30p_seed5,0.3,5,153029000,11,DRA_ADVERTISE,152704,301,128,512,152.704
50n_30p_seed5,0.3,5,153496000,5,DRA_ADVERTISE,152582,283,128,512,152.582
50n_30p_seed5,0.3,5,153523000,46,DRA_ADVERTISE,152775,256,128,512,152.775
50n_30p_seed5,0.3,5,154629000,3,DRA_ADVERTISE,154096,292,128,512,154.096
50n_30p_seed5,0.3,5,155186952,22,DRA_ADVERTISE,155135,284,128,512,155.135
50n_30p_seed5,0.3,5,155889000,43,DRA_ADVERTISE,155088,408,128,512,155.088
50n_30p_seed5,0.3,5,158738000,9,DRA_ADVERTISE,158381,290,128,512,158.381
50n_30p_seed5,0.3,5,159105000,44,DRA_ADVERTISE,158370,324,128,512,158.37
50n_30p_seed5,0.3,5,161203000,22,DRA_ADVERTISE,161152,281,128,512,161.152
50n_30p_seed5,0.3,5,161713000,14,DRA_ADVERTISE,161227,256,128,512,161.227
50n_30p_seed5,0.3,5,163544000,24,DRA_ADVERTISE,163053,266,128,512,163.053
50n_30p_seed5,0.3,5,164603000,11,DRA_ADVERTISE,164278,296,128,512,164.278
50n_30p_seed5,0.3,5,164607000,13,DRA_ADVERTISE,164107,258,128,512,164.107
50n_30p_seed5,0.3,5,165519000,12,DRA_ADVERTISE,165374,281,128,512,165.374
50n_30p_seed5,0.3,5,165557000,43,DRA_ADVERTISE,164756,408,128,512,164.756
50n_30p_seed5,0.3,5,165664000,42,DRA_ADVERTISE,164887,411,128,512,164.887
50n_30p_seed5,0.3,5,165947000,9,DRA_ADVERTISE,165590,286,128,512,165.59
50n_30p_seed5,0.3,5,166340000,46,DRA_ADVERTISE,165592,256,128,512,165.592
50n_30p_seed5,0.3,5,167396984,44,DRA_ADVERTISE,166661,317,128,512,166.661
50n_30p_seed5,0.3,5,167628000,5,DRA_ADVERTISE,166714,280,128,512,166.714
50n_30p_seed5,0.3,5,168518000,30,DRA_ADVERTISE,168470,292,128,512,168.47
50n_30p_seed5,0.3,5,171391000,30,DRA_ADVERTISE,171343,284,128,512,171.343
50n_30p_seed5,0.3,5,171465000,32,DRA_ADVERTISE,171452,266,128,512,171.452
50n_30p_seed5,0.3,5,172488000,3,DRA_ADVERTISE,171955,292,128,512,171.955
50n_30p_seed5,0.3,5,172664000,30,DRA_ADVERTISE,172616,284,128,512,172.616
50n_30p_seed5,0.3,5,172796000,9,DRA_ADVERTISE,172439,286,128,512,172.439
50n_30p_seed5,0.3,5,175559000,44,DRA_ADVERTISE,174824,310,128,512,174.824
50n_30p_seed5,0.3,5,177197000,14,DRA_ADVERTISE,176711,256,128,512,176.711
50n_30p_seed5,0.3,5,178983000,42,DRA_ADVERTISE,178206,411,128,512,178.206
50n_30p_seed5,0.3,5,179236000,24,DRA_ADVERTISE,178745,265,128,512,178.745
50n_30p_seed5,0.3,5,180301000,12,DRA_ADVERTISE,180156,278,128,512,180.156
50n_30p_seed5,0.3,5,180513000,11,DRA_ADVERTISE,180188,296,128,512,180.188
50n_30p_seed5,0.3,5,181572000,22,DRA_ADVERTISE,181521,281,128,512,181.521
50n_30p_seed5,0.3,5,181768000,46,DRA_ADVERTISE,181020,256,128,512,181.02
50n_30p_seed5,0.3,5,182046000,13,DRA_ADVERTISE,181546,256,128,512,181.546
50n_30p_seed5,0.3,5,185145000,43,DRA_ADVERTISE,184344,408,128,512,184.344
50n_30p_seed5,0.3,5,186627000,44,DRA_ADVERTISE,185892,310,128,512,185.892
50n_30p_seed5,0.3,5,186883000,9,DRA_ADVERTISE,186526,286,128,512,186.526
50n_30p_seed5,0.3,5,186909000,30,DRA_ADVERTISE,186861,284,128,512,186.861
50n_30p_seed5,0.3,5,186916000,32,DRA_ADVERTISE,186903,264,128,512,186.903
50n_30p_seed5,0.3,5,187727000,3,DRA_ADVERTISE,187194,288,128,512,187.194
50n_30p_seed5,0.3,5,189812000,5,DRA_ADVERTISE,188898,277,128,512,188.898
50n_30p_seed5,0.3,5,192756000,44,DRA_ADVERTISE,192021,304,128,512,192.021
50n_30p_seed5,0.3,5,192938000,5,DRA_ADVERTISE,192024,277,128,512,192.024
50n_30p_seed5,0.3,5,193244000,14,DRA_ADVERTISE,192758,256,128,512,192.758
50n_30p_seed5,0.3,5,193580000,14,DRA_ADVERTISE,193094,256,128,512,193.094
50n_30p_seed5,0.3,5,193721000,24,DRA_ADVERTISE,193230,263,128,512,193.23
50n_30p_seed5,0.3,5,193760000,3,DRA_ADVERTISE,193227,288,128,512,193.227
50n_30p_seed5,0.3,5,194024000,13,DRA_ADVERTISE,193524,256,128,512,193.524
50n_30p_seed5,0.3,5,194316000,24,DRA_ADVERTISE,193825,263,128,512,193.825
50n_30p_seed5,0.3,5,196014000,12,DRA_ADVERTISE,195869,273,128,512,195.869
50n_30p_seed5,0.3,5,197825000,42,DRA_ADVERTISE,197048,411,128,512,197.048
50n_30p_seed5,0.3,5,197948000,22,DRA_ADVERTISE,197897,275,128,512,197.897
50n_30p_seed5,0.3,5,198727000,11,DRA_ADVERTISE,198402,292,128,512,198.402
50n_30p_seed5,0.3,5,199255000,22,DRA_ADVERTISE,199204,275,128,512,199.204
50n_30p_seed5,0.3,5,199462000,46,DRA_ADVERTISE,198714,256,128,512,198.714
50n_30p_seed5,0.3,5,200395984,44,DRA_ADVERTISE,199660,304,128,512,199.66
50n_30p_seed5,0.3,5,202866000,43,DRA_ADVERTISE,202065,405,128,512,202.065
50n_30p_seed5,0.3,5,202883000,42,DRA_ADVERTISE,202106,408,128,512,202.106
50n_30p_seed5,0.3,5,203030000,5,DRA_ADVERTISE,202116,277,128,512,202.116
50n_30p_seed5,0.3,5,203327000,30,DRA_ADVERTISE,203279,284,128,512,203.279
50n_30p_seed5,0.3,5,206573000,32,DRA_ADVERTISE,206560,261,128,512,206.56
50n_30p_seed5,0.3,5,206927000,32,DRA_ADVERTISE,206914,261,128,512,206.914
50n_30p_seed5,0.3,5,207289000,9,DRA_ADVERTISE,206932,283,128,512,206.932
50n_30p_seed5,0.3,5,207590000,3,DRA_ADVERTISE,207057,288,128,512,207.057
50n_30p_seed5,0.3,5,208621000,43,DRA_ADVERTISE,207820,402,128,512,207.82
50n_30p_seed5,0.3,5,210377000,11,DRA_ADVERTISE,210052,292,128,512,210.052
50n_30p_seed5,0.3,5,210975000,14,DRA_ADVERTISE,210489,256,128,512,210.489
50n_30p_seed5,0.3,5,211222000,13,DRA_ADVERTISE,210722,256,128,512,210.722
50n_30p_seed5,0.3,5,212024000,24,DRA_ADVERTISE,211533,262,128,512,211.533
50n_30p_seed5,0.3,5,212999000,42,DRA_ADVERTISE,212222,408,128,512,212.222
50n_30p_seed5,0.3,5,213760000,44,DRA_ADVERTISE,213025,299,128,512,213.025
50n_30p_seed5,0.3,5,214154000,22,DRA_ADVERTISE,214103,275,128,512,214.103
50n_30p_seed5,0.3,5,214182000,12,DRA_ADVERTISE,214037,271,128,512,214.037
50n_30p_seed5,0.3,5,216553000,13,DRA_ADVERTISE,216053,256,128,512,216.053
50n_30p_seed5,0.3,5,217102000,43,DRA_ADVERTISE,216301,402,128,512,216.301
50n_30p_seed5,0.3,5,217394000,46,DRA_ADVERTISE,216646,256,128,512,216.646
50n_30p_seed5,0.3,5,219508000,11,DRA_ADVERTISE,219183,288,128,512,219.183
50n_30p_seed5,0.3,5,219646000,30,DRA_ADVERTISE,219598,278,128,512,219.598
50n_30p_seed5,0.3,5,221111000,32,DRA_ADVERTISE,221098,257,128,512,221.098
50n_30p_seed5,0.3,5,221201000,9,DRA_ADVERTISE,220844,283,128,512,220.844
50n_30p_seed5,0.3,5,221751000,3,DRA_ADVERTISE,221218,284,128,512,221.218
50n_30p_seed5,0.3,5,221779000,12,DRA_ADVERTISE,221634,269,128,512,221.634
50n_30p_seed5,0.3,5,222662000,5,DRA_ADVERTISE,221748,274,128,512,221.748
50n_30p_seed5,0.3,5,226565000,46,DRA_ADVERTISE,225817,256,128,512,225.817
50n_30p_seed5,0.3,5,227154000,24,DRA_ADVERTISE,226663,261,128,512,226.663
50n_30p_seed5,0.3,5,228341000,44,DRA_ADVERTISE,227606,294,128,512,227.606
50n_30p_seed5,0.3,5,229815000,14,DRA_ADVERTISE,229329,256,128,512,229.329
50n_30p_seed5,0.3,5,229981000,12,DRA_ADVERTISE,229836,269,128,512,229.836
50n_30p_seed5,0.3,5,230248000,22,DRA_ADVERTISE,230197,271,128,512,230.197
50n_30p_seed5,0.3,5,230441984,44,DRA_ADVERTISE,229706,294,128,512,229.706
50n_30p_seed5,0.3,5,230857000,11,DRA_ADVERTISE,230532,288,128,512,230.532
50n_30p_seed5,0.3,5,231138000,13,DRA_ADVERTISE,230638,256,128,512,230.638
50n_30p_seed5,0.3,5,231306000,46,DRA_ADVERTISE,230558,256,128,512,230.558
50n_30p_seed5,0.3,5,232815000,32,DRA_ADVERTISE,232802,256,128,512,232.802
50n_30p_seed5,0.3,5,233635000,42,DRA_ADVERTISE,232858,405,128,512,232.858
50n_30p_seed5,0.3,5,234777000,9,DRA_ADVERTISE,234420,280,128,512,234.42
50n_30p_seed5,0.3,5,237107000,43,DRA_ADVERTISE,236306,402,128,512,236.306
50n_30p_seed5,0.3,5,238609000,3,DRA_ADVERTISE,238076,284,128,512,238.076
50n_30p_seed5,0.3,5,239532000,44,DRA_ADVERTISE,238797,290,128,512,238.797
50n_30p_seed5,0.3,5,240887000,5,DRA_ADVERTISE,239973,274,128,512,239.973
50n_30p_seed5,0.3,5,241021000,30,DRA_ADVERTISE,240973,278,128,512,240.973
50n_30p_seed5,0.3,5,241240000,30,DRA_ADVERTISE,241192,278,128,512,241.192
50n_30p_seed5,0.3,5,243204000,24,DRA_ADVERTISE,242713,260,128,512,242.713
50n_30p_seed5,0.3,5,244696000,14,DRA_ADVERTISE,244210,256,128,512,244.21
50n_30p_seed5,0.3,5,244817000,13,DRA_ADVERTISE,244317,256,128,512,244.317
50n_30p_seed5,0.3,5,246660000,22,DRA_ADVERTISE,246609,271,128,512,246.609
50n_30p_seed5,0.3,5,248503000,12,DRA_ADVERTISE,248358,267,128,512,248.358
50n_30p_seed5,0.3,5,248609000,11,DRA_ADVERTISE,248284,284,128,512,248.284
50n_30p_seed5,0.3,5,248818000,46,DRA_ADVERTISE,248070,256,128,512,248.07
50n_30p_seed5,0.3,5,248996000,3,DRA_ADVERTISE,248463,284,128,512,248.463
50n_30p_seed5,0.3,5,249131000,42,DRA_ADVERTISE,248354,415,128,512,248.354
50n_30p_seed5,0.3,5,249401000,43,DRA_ADVERTISE,248600,400,128,512,248.6
50n_30p_seed5,0.3,5,249841000,44,DRA_ADVERTISE,249106,286,128,512,249.106
50n_30p_seed5,0.3,5,250129000,42,DRA_ADVERTISE,249352,415,128,512,249.352
50n_30p_seed5,0.3,5,250657000,30,DRA_ADVERTISE,250609,273,128,512,250.609
50n_30p_seed5,0.3,5,251501000,3,DRA_ADVERTISE,250968,284,128,512,250.968
50n_30p_seed5,0.3,5,254227000,5,DRA_ADVERTISE,253313,272,128,512,253.313
50n_30p_seed5,0.3,5,254614000,32,DRA_ADVERTISE,254601,256,128,512,254.601
50n_30p_seed5,0.3,5,254831000,9,DRA_ADVERTISE,254474,280,128,512,254.474
50n_30p_seed5,0.3,5,256905000,11,DRA_ADVERTISE,256580,284,128,512,256.58
50n_30p_seed5,0.3,5,258228984,44,DRA_ADVERTISE,257493,286,128,512,257.493
50n_30p_seed5,0.3,5,258707000,14,DRA_ADVERTISE,258221,256,128,512,258.221
50n_30p_seed5,0.3,5,258918000,44,DRA_ADVERTISE,258183,283,128,512,258.183
50n_30p_seed5,0.3,5,259634000,13,DRA_ADVERTISE,259134,256,128,512,259.134
50n_30p_seed5,0.3,5,260493000,13,DRA_ADVERTISE,259993,256,128,512,259.993
50n_30p_seed5,0.3,5,261094000,12,DRA_ADVERTISE,260949,265,128,512,260.949
50n_30p_seed5,0.3,5,261908000,22,DRA_ADVERTISE,261857,267,128,512,261.857
50n_30p_seed5,0.3,5,262136000,24,DRA_ADVERTISE,261645,258,128,512,261.645
50n_30p_seed5,0.3,5,262426000,24,DRA_ADVERTISE,261935,258,128,512,261.935
50n_30p_seed5,0.3,5,266540000,11,DRA_ADVERTISE,266215,284,128,512,266.215
50n_30p_seed5,0.3,5,267336000,5,DRA_ADVERTISE,266422,272,128,512,266.422
50n_30p_seed5,0.3,5,267569000,42,DRA_ADVERTISE,266792,415,128,512,266.792
50n_30p_seed5,0.3,5,268067000,32,DRA_ADVERTISE,268054,256,128,512,268.054
50n_30p_seed5,0.3,5,268449000,46,DRA_ADVERTISE,267701,256,128,512,267.701
50n_30p_seed5,0.3,5,268661000,9,DRA_ADVERTISE,268304,277,128,512,268.304
50n_30p_seed5,0.3,5,270632000,22,DRA_ADVERTISE,270581,267,128,512,270.581
50n_30p_seed5,0.3,5,271170000,43,DRA_ADVERTISE,270369,400,128,512,270.369
50n_30p_seed5,0.3,5,271292000,9,DRA_ADVERTISE,270935,277,128,512,270.935
50n_30p_seed5,0.3,5,273627000,3,DRA_ADVERTISE,273094,281,128,512,273.094
50n_30p_seed5,0.3,5,273760000,30,DRA_ADVERTISE,273712,269,128,512,273.712
50n_30p_seed5,0.3,5,274896000,24,DRA_ADVERTISE,274405,258,128,512,274.405
50n_30p_seed5,0.3,5,275354000,44,DRA_ADVERTISE,274619,283,128,512,274.619
50n_30p_seed5,0.3,5,275487000,13,DRA_ADVERTISE,274987,256,128,512,274.987
50n_30p_seed5,0.3,5,275712000,14,DRA_ADVERTISE,275226,256,128,512,275.226
50n_30p_seed5,0.3,5,280622000,42,DRA_ADVERTISE,279845,415,128,512,279.845
50n_30p_seed5,0.3,5,281353000,14,DRA_ADVERTISE,280867,256,128,512,280.867
50n_30p_seed5,0.3,5,281745000,22,DRA_ADVERTISE,281694,265,128,512,281.694
50n_30p_seed5,0.3,5,282721000,30,DRA_ADVERTISE,282673,269,128,512,282.673
50n_30p_seed5,0.3,5,282946000,12,DRA_ADVERTISE,282801,263,128,512,282.801
50n_30p_seed5,0.3,5,283475952,13,DRA_ADVERTISE,282975,294,128,512,282.975
50n_30p_seed5,0.3,5,284513000,11,DRA_ADVERTISE,284188,281,128,512,284.188
50n_30p_seed5,0.3,5,284538000,3,DRA_ADVERTISE,284005,278,128,512,284.005
50n_30p_seed5,0.3,5,285572000,46,DRA_ADVERTISE,284824,268,128,512,284.824
50n_30p_seed5,0.3,5,285808952,13,DRA_ADVERTISE,285308,290,128,512,285.308
50n_30p_seed5,0.3,5,286430000,5,DRA_ADVERTISE,285516,272,128,512,285.516
50n_30p_seed5,0.3,5,286837000,43,DRA_ADVERTISE,286036,398,128,512,286.036
50n_30p_seed5,0.3,5,288288000,32,DRA_ADVERTISE,288275,256,128,512,288.275
50n_30p_seed5,0.3,5,288759000,24,DRA_ADVERTISE,288268,257,128,512,288.268
50n_30p_seed5,0.3,5,290227000,9,DRA_ADVERTISE,289870,274,128,512,289.87
50n_30p_seed5,0.3,5,290663000,5,DRA_ADVERTISE,289749,270,128,512,289.749
50n_30p_seed5,0.3,5,292105000,44,DRA_ADVERTISE,291370,277,128,512,291.37
50n_30p_seed5,0.3,5,292840000,42,DRA_ADVERTISE,292063,430,128,512,292.063
50n_30p_seed5,0.3,5,293877000,12,DRA_ADVERTISE,293732,263,128,512,293.732
50n_30p_seed5,0.3,5,293907000,14,DRA_ADVERTISE,293421,256,128,512,293.421
50n_30p_seed5,0.3,5,295778000,42,DRA_ADVERTISE,295001,430,128,512,295.001
50n_30p_seed5,0.3,5,298392000,22,DRA_ADVERTISE,298341,264,128,512,298.341
50n_30p_seed5,0.3,5,298421000,32,DRA_ADVERTISE,298408,256,128,512,298.408
50n_30p_seed5,0.3,5,298841000,13,DRA_ADVERTISE,298341,286,128,512,298.341
50n_30p_seed5,0.3,5,299983000,43,DRA_ADVERTISE,299182,417,128,512,299.182
50n_30p_seed5,0.3,5,301233000,46,DRA_ADVERTISE,300485,265,128,512,300.485
50n_30p_seed5,0.3,5,301668000,3,DRA_ADVERTISE,301135,278,128,512,301.135
50n_30p_seed5,0.3,5,301970000,11,DRA_ADVERTISE,301645,281,128,512,301.645
50n_30p_seed5,0.3,5,302788000,12,DRA_ADVERTISE,302643,262,128,512,302.643
50n_30p_seed5,0.3,5,304035000,9,DRA_ADVERTISE,303678,272,128,512,303.678
50n_30p_seed5,0.3,5,304214952,13,DRA_ADVERTISE,303714,283,128,512,303.714
50n_30p_seed5,0.3,5,304451000,3,DRA_ADVERTISE,303918,275,128,512,303.918
50n_30p_seed5,0.3,5,304471000,5,DRA_ADVERTISE,303557,270,128,512,303.557
50n_30p_seed5,0.3,5,305023000,44,DRA_ADVERTISE,304288,277,128,512,304.288
50n_30p_seed5,0.3,5,305365000,43,DRA_ADVERTISE,304564,415,128,512,304.564
50n_30p_seed5,0.3,5,305594000,30,DRA_ADVERTISE,305546,267,128,512,305.546
50n_30p_seed5,0.3,5,308386000,13,DRA_ADVERTISE,307886,280,128,512,307.886
50n_30p_seed5,0.3,5,308415000,14,DRA_ADVERTISE,307929,256,128,512,307.929
50n_30p_seed5,0.3,5,308672000,24,DRA_ADVERTISE,308181,256,128,512,308.181
50n_30p_seed5,0.3,5,310584000,12,DRA_ADVERTISE,310439,262,128,512,310.439
50n_30p_seed5,0.3,5,311235000,13,DRA_ADVERTISE,310735,280,128,512,310.735
50n_30p_seed5,0.3,5,311408000,44,DRA_ADVERTISE,310673,285,128,512,310.673
50n_30p_seed5,0.3,5,311604000,42,DRA_ADVERTISE,310827,424,128,512,310.827
50n_30p_seed5,0.3,5,312198000,32,DRA_ADVERTISE,312185,256,128,512,312.185
50n_30p_seed5,0.3,5,312298000,46,DRA_ADVERTISE,311550,261,128,512,311.55
50n_30p_seed5,0.3,5,312488000,11,DRA_ADVERTISE,312163,281,128,512,312.163
50n_30p_seed5,0.3,5,312985000,43,DRA_ADVERTISE,312184,409,128,512,312.184
50n_30p_seed5,0.3,5,313655000,30,DRA_ADVERTISE,313607,278,128,512,313.607
50n_30p_seed5,0.3,5,313932000,22,DRA_ADVERTISE,313881,263,128,512,313.881
50n_30p_seed5,0.3,5,315117000,24,DRA_ADVERTISE,314626,256,128,512,314.626
50n_30p_seed5,0.3,5,316363000,9,DRA_ADVERTISE,316006,272,128,512,316.006
50n_30p_seed5,0.3,5,317010000,5,DRA_ADVERTISE,316096,270,128,512,316.096
50n_30p_seed5,0.3,5,319308000,30,DRA_ADVERTISE,319260,278,128,512,319.26
50n_30p_seed5,0.3,5,319504000,32,DRA_ADVERTISE,319491,256,128,512,319.491
50n_30p_seed5,0.3,5,321146000,3,DRA_ADVERTISE,320613,275,128,512,320.613
50n_30p_seed5,0.3,5,323908952,13,DRA_ADVERTISE,323408,277,128,512,323.408
50n_30p_seed5,0.3,5,324720000,46,DRA_ADVERTISE,323972,260,128,512,323.972
50n_30p_seed5,0.3,5,325483000,22,DRA_ADVERTISE,325432,262,128,512,325.432
50n_30p_seed5,0.3,5,326011000,12,DRA_ADVERTISE,325866,261,128,512,325.866
50n_30p_seed5,0.3,5,327489000,24,DRA_ADVERTISE,326998,256,128,512,326.998
50n_30p_seed5,0.3,5,327870000,14,DRA_ADVERTISE,327384,256,128,512,327.384
50n_30p_seed5,0.3,5,328352000,44,DRA_ADVERTISE,327617,285,128,512,327.617
50n_30p_seed5,0.3,5,328529000,13,DRA_ADVERTISE,328029,274,128,512,328.029
50n_30p_seed5,0.3,5,332196000,42,DRA_ADVERTISE,331419,416,128,512,331.419
50n_30p_seed5,0.3,5,332532000,32,DRA_ADVERTISE,332519,256,128,512,332.519
50n_30p_seed5,0.3,5,332629000,3,DRA_ADVERTISE,332096,275,128,512,332.096
50n_30p_seed5,0.3,5,333156000,11,DRA_ADVERTISE,332831,278,128,512,332.831
50n_30p_seed5,0.3,5,334118000,5,DRA_ADVERTISE,333204,268,128,512,333.204
50n_30p_seed5,0.3,5,334943000,46,DRA_ADVERTISE,334195,259,128,512,334.195
50n_30p_seed5,0.3,5,335470000,30,DRA_ADVERTISE,335422,278,128,512,335.422
50n_30p_seed5,0.3,5,336923000,43,DRA_ADVERTISE,336122,404,128,512,336.122
50n_30p_seed5,0.3,5,337141000,9,DRA_ADVERTISE,336784,270,128,512,336.784
50n_30p_seed5,0.3,5,337399000,44,DRA_ADVERTISE,336664,285,128,512,336.664
50n_30p_seed5,0.3,5,340819000,30,DRA_ADVERTISE,340771,275,128,512,340.771
50n_30p_seed5,0.3,5,342712000,42,DRA_ADVERTISE,341935,410,128,512,341.935
50n_30p_seed5,0.3,5,343578000,24,DRA_ADVERTISE,343087,256,128,512,343.087
50n_30p_seed5,0.3,5,344259000,11,DRA_ADVERTISE,343934,278,128,512,343.934
50n_30p_seed5,0.3,5,345103016,44,DRA_ADVERTISE,344368,285,128,512,344.368
50n_30p_seed5,0.3,5,345176000,13,DRA_ADVERTISE,344676,270,128,512,344.676
50n_30p_seed5,0.3,5,345792000,14,DRA_ADVERTISE,345306,256,128,512,345.306
50n_30p_seed5,0.3,5,345900000,22,DRA_ADVERTISE,345849,261,128,512,345.849
50n_30p_seed5,0.3,5,347139000,9,DRA_ADVERTISE,346782,270,128,512,346.782
50n_30p_seed5,0.3,5,348058000,12,DRA_ADVERTISE,347913,259,128,512,347.913
50n_30p_seed5,0.3,5,348601000,11,DRA_ADVERTISE,348276,278,128,512,348.276
50n_30p_seed5,0.3,5,348705000,32,DRA_ADVERTISE,348692,256,128,512,348.692
50n_30p_seed5,0.3,5,348984000,46,DRA_ADVERTISE,348236,256,128,512,348.236
50n_30p_seed5,0.3,5,349152000,3,DRA_ADVERTISE,348619,273,128,512,348.619
50n_30p_seed5,0.3,5,351786000,43,DRA_ADVERTISE,350985,399,128,512,350.985
50n_30p_seed5,0.3,5,353936000,5,DRA_ADVERTISE,353022,266,128,512,353.022
50n_30p_seed5,0.3,5,355192000,30,DRA_ADVERTISE,355144,273,128,512,355.144
50n_30p_seed5,0.3,5,355746000,5,DRA_ADVERTISE,354832,266,128,512,354.832
50n_30p_seed5,0.3,5,356362000,13,DRA_ADVERTISE,355862,268,128,512,355.862
50n_30p_seed5,0.3,5,356666000,44,DRA_ADVERTISE,355931,279,128,512,355.931
50n_30p_seed5,0.3,5,356762000,9,DRA_ADVERTISE,356405,270,128,512,356.405
50n_30p_seed5,0.3,5,359183000,3,DRA_ADVERTISE,358650,273,128,512,358.65
50n_30p_seed5,0.3,5,360055000,14,DRA_ADVERTISE,359569,256,128,512,359.569
50n_30p_seed5,0.3,5,360477000,46,DRA_ADVERTISE,359729,256,128,512,359.729
50n_30p_seed5,0.3,5,360748000,42,DRA_ADVERTISE,359971,406,128,512,359.971
50n_30p_seed5,0.3,5,360822000,24,DRA_ADVERTISE,360331,256,128,512,360.331
50n_30p_seed5,0.3,5,362228000,42,DRA_ADVERTISE,361451,406,128,512,361.451
50n_30p_seed5,0.3,5,362759000,12,DRA_ADVERTISE,362614,258,128,512,362.614
50n_30p_seed5,0.3,5,362897000,22,DRA_ADVERTISE,362846,259,128,512,362.846
50n_30p_seed5,0.3,5,363756000,11,DRA_ADVERTISE,363431,275,128,512,363.431
50n_30p_seed5,0.3,5,363858000,22,DRA_ADVERTISE,363807,259,128,512,363.807
50n_30p_seed5,0.3,5,364595984,30,DRA_ADVERTISE,364547,273,128,512,364.547
50n_30p_seed5,0.3,5,364935000,43,DRA_ADVERTISE,364134,395,128,512,364.134
50n_30p_seed5,0.3,5,365003000,12,DRA_ADVERTISE,364858,258,128,512,364.858
50n_30p_seed5,0.3,5,367037000,24,DRA_ADVERTISE,366546,256,128,512,366.546
50n_30p_seed5,0.3,5,369535000,32,DRA_ADVERTISE,369522,256,128,512,369.522
50n_30p_seed5,0.3,5,370092000,30,DRA_ADVERTISE,370044,271,128,512,370.044
50n_30p_seed5,0.3,5,370367000,5,DRA_ADVERTISE,369453,266,128,512,369.453
50n_30p_seed5,0.3,5,370973000,3,DRA_ADVERTISE,370440,273,128,512,370.44
50n_30p_seed5,0.3,5,371159000,44,DRA_ADVERTISE,370424,279,128,512,370.424
50n_30p_seed5,0.3,5,372836000,9,DRA_ADVERTISE,372479,268,128,512,372.479
50n_30p_seed5,0.3,5,373515000,13,DRA_ADVERTISE,373015,265,128,512,373.015
50n_30p_seed5,0.3,5,375009000,12,DRA_ADVERTISE,374864,256,128,512,374.864
50n_30p_seed5,0.3,5,375117000,44,DRA_ADVERTISE,374382,279,128,512,374.382
50n_30p_seed5,0.3,5,375442000,14,DRA_ADVERTISE,374956,256,128,512,374.956
50n_30p_seed5,0.3,5,375698000,24,DRA_ADVERTISE,375207,256,128,512,375.207
50n_30p_seed5,0.3,5,376076000,42,DRA_ADVERTISE,375299,402,128,512,375.299
50n_30p_seed5,0.3,5,378205000,22,DRA_ADVERTISE,378154,259,128,512,378.154
50n_30p_seed5,0.3,5,378313000,43,DRA_ADVERTISE,377512,393,128,512,377.512
50n_30p_seed5,0.3,5,381606000,5,DRA_ADVERTISE,380692,265,128,512,380.692
50n_30p_seed5,0.3,5,382727000,11,DRA_ADVERTISE,382402,275,128,512,382.402
50n_30p_seed5,0.3,5,383404000,30,DRA_ADVERTISE,383356,269,128,512,383.356
50n_30p_seed5,0.3,5,384299000,14,DRA_ADVERTISE,383813,256,128,512,383.813
50n_30p_seed5,0.3,5,384380000,3,DRA_ADVERTISE,383847,271,128,512,383.847
50n_30p_seed5,0.3,5,384396000,46,DRA_ADVERTISE,383648,256,128,512,383.648
50n_30p_seed5,0.3,5,384511000,30,DRA_ADVERTISE,384463,269,128,512,384.463
50n_30p_seed5,0.3,5,385428000,32,DRA_ADVERTISE,385415,256,128,512,385.415
50n_30p_seed5,0.3,5,385675000,43,DRA_ADVERTISE,384874,393,128,512,384.874
50n_30p_seed5,0.3,5,386648000,46,DRA_ADVERTISE,385900,256,128,512,385.9
50n_30p_seed5,0.3,5,387363000,9,DRA_ADVERTISE,387006,268,128,512,387.006
50n_30p_seed5,0.3,5,391367000,12,DRA_ADVERTISE,391222,256,128,512,391.222
50n_30p_seed5,0.3,5,391920000,22,DRA_ADVERTISE,391869,257,128,512,391.869
50n_30p_seed5,0.3,5,392613000,44,DRA_ADVERTISE,391878,274,128,512,391.878
50n_30p_seed5,0.3,5,393188000,14,DRA_ADVERTISE,392702,256,128,512,392.702
50n_30p_seed5,0.3,5,393542000,46,DRA_ADVERTISE,392794,256,128,512,392.794
50n_30p_seed5,0.3,5,394951000,24,DRA_ADVERTISE,394460,256,128,512,394.46
50n_30p_seed5,0.3,5,395254000,11,DRA_ADVERTISE,394929,273,128,512,394.929
50n_30p_seed5,0.3,5,397007000,42,DRA_ADVERTISE,396230,402,128,512,396.23
50n_30p_seed5,0.3,5,397195000,13,DRA_ADVERTISE,396695,261,128,512,396.695
50n_30p_seed5,0.3,5,397859000,3,DRA_ADVERTISE,397326,271,128,512,397.326
50n_30p_seed5,0.3,5,398330000,30,DRA_ADVERTISE,398282,269,128,512,398.282
50n_30p_seed5,0.3,5,399374000,5,DRA_ADVERTISE,398460,265,128,512,398.46
50n_30p_seed5,0.3,5,399573000,43,DRA_ADVERTISE,398772,393,128,512,398.772
50n_30p_seed5,0.3,5,399834016,30,DRA_ADVERTISE,399786,269,128,512,399.786
50n_30p_seed5,0.3,5,401927000,5,DRA_ADVERTISE,401013,265,128,512,401.013
50n_30p_seed5,0.3,5,402734000,44,DRA_ADVERTISE,401999,274,128,512,401.999
50n_30p_seed5,0.3,5,402849000,9,DRA_ADVERTISE,402492,266,128,512,402.492
50n_30p_seed5,0.3,5,403086000,9,DRA_ADVERTISE,402729,266,128,512,402.729
50n_30p_seed5,0.3,5,403676000,13,DRA_ADVERTISE,403176,261,128,512,403.176
50n_30p_seed5,0.3,5,404012000,32,DRA_ADVERTISE,403999,256,128,512,403.999
50n_30p_seed5,0.3,5,405361000,22,DRA_ADVERTISE,405310,257,128,512,405.31
50n_30p_seed5,0.3,5,407884000,24,DRA_ADVERTISE,407393,256,128,512,407.393
50n_30p_seed5,0.3,5,408076000,12,DRA_ADVERTISE,407931,256,128,512,407.931
50n_30p_seed5,0.3,5,411371000,14,DRA_ADVERTISE,410885,256,128,512,410.885
50n_30p_seed5,0.3,5,412778000,46,DRA_ADVERTISE,412030,256,128,512,412.03
50n_30p_seed5,0.3,5,413603000,42,DRA_ADVERTISE,412826,400,128,512,412.826
50n_30p_seed5,0.3,5,413624000,13,DRA_ADVERTISE,413124,260,128,512,413.124
50n_30p_seed5,0.3,5,413867000,32,DRA_ADVERTISE,413854,256,128,512,413.854
50n_30p_seed5,0.3,5,414009000,11,DRA_ADVERTISE,413684,273,128,512,413.684
50n_30p_seed5,0.3,5,414503000,9,DRA_ADVERTISE,414146,266,128,512,414.146
50n_30p_seed5,0.3,5,414524000,11,DRA_ADVERTISE,414199,273,128,512,414.199
50n_30p_seed5,0.3,5,414705000,30,DRA_ADVERTISE,414657,265,128,512,414.657
50n_30p_seed5,0.3,5,414994000,43,DRA_ADVERTISE,414193,392,128,512,414.193
50n_30p_seed5,0.3,5,415845000,3,DRA_ADVERTISE,415312,269,128,512,415.312
50n_30p_seed5,0.3,5,416583000,32,DRA_ADVERTISE,416570,256,128,512,416.57
50n_30p_seed5,0.3,5,418328000,22,DRA_ADVERTISE,418277,269,128,512,418.277
50n_30p_seed5,0.3,5,418594984,22,DRA_ADVERTISE,418543,269,128,512,418.543
50n_30p_seed5,0.3,5,418947000,3,DRA_ADVERTISE,418414,269,128,512,418.414
50n_30p_seed5,0.3,5,420342000,5,DRA_ADVERTISE,419428,264,128,512,419.428
50n_30p_seed5,0.3,5,420833000,24,DRA_ADVERTISE,420342,256,128,512,420.342
50n_30p_seed5,0.3,5,422684000,13,DRA_ADVERTISE,422184,258,128,512,422.184
50n_30p_seed5,0.3,5,423033000,12,DRA_ADVERTISE,422888,256,128,512,422.888
50n_30p_seed5,0.3,5,423809000,22,DRA_ADVERTISE,423758,267,128,512,423.758
50n_30p_seed5,0.3,5,423888000,44,DRA_ADVERTISE,423153,270,128,512,423.153
50n_30p_seed5,0.3,5,425752000,46,DRA_ADVERTISE,425004,256,128,512,425.004
50n_30p_seed5,0.3,5,426606000,11,DRA_ADVERTISE,426281,271,128,512,426.281
50n_30p_seed5,0.3,5,427101000,14,DRA_ADVERTISE,426615,256,128,512,426.615
50n_30p_seed5,0.3,5,429235000,42,DRA_ADVERTISE,428458,400,128,512,428.458
50n_30p_seed5,0.3,5,430369000,3,DRA_ADVERTISE,429836,269,128,512,429.836
50n_30p_seed5,0.3,5,432916000,43,DRA_ADVERTISE,432115,391,128,512,432.115
50n_30p_seed5,0.3,5,433890000,5,DRA_ADVERTISE,432976,264,128,512,432.976
50n_30p_seed5,0.3,5,433953000,30,DRA_ADVERTISE,433905,265,128,512,433.905
50n_30p_seed5,0.3,5,436519000,32,DRA_ADVERTISE,436506,256,128,512,436.506
50n_30p_seed5,0.3,5,436983000,9,DRA_ADVERTISE,436626,265,128,512,436.626
50n_30p_seed5,0.3,5,438651000,13,DRA_ADVERTISE,438151,257,128,512,438.151
50n_30p_seed5,0.3,5,439797000,22,DRA_ADVERTISE,439746,265,128,512,439.746
50n_30p_seed5,0.3,5,440025000,44,DRA_ADVERTISE,439290,268,128,512,439.29
50n_30p_seed5,0.3,5,440263000,46,DRA_ADVERTISE,439515,256,128,512,439.515
50n_30p_seed5,0.3,5,440864000,24,DRA_ADVERTISE,440373,256,128,512,440.373
50n_30p_seed5,0.3,5,440996000,12,DRA_ADVERTISE,440851,256,128,512,440.851
50n_30p_seed5,0.3,5,442557000,12,DRA_ADVERTISE,442412,256,128,512,442.412
50n_30p_seed5,0.3,5,442962000,14,DRA_ADVERTISE,442476,256,128,512,442.476
50n_30p_seed5,0.3,5,443574000,43,DRA_ADVERTISE,442773,391,128,512,442.773
50n_30p_seed5,0.3,5,444712000,42,DRA_ADVERTISE,443935,398,128,512,443.935
50n_30p_seed5,0.3,5,446666000,32,DRA_ADVERTISE,446653,256,128,512,446.653
50n_30p_seed5,0.3,5,446818000,11,DRA_ADVERTISE,446493,269,128,512,446.493
50n_30p_seed5,0.3,5,447981000,46,DRA_ADVERTISE,447233,256,128,512,447.233
50n_30p_seed5,0.3,5,448729000,24,DRA_ADVERTISE,448238,256,128,512,448.238
50n_30p_seed5,0.3,5,449398000,9,DRA_ADVERTISE,449041,265,128,512,449.041
50n_30p_seed5,0.3,5,449698000,44,DRA_ADVERTISE,448963,266,128,512,448.963
50n_30p_seed5,0.3,5,450010984,22,DRA_ADVERTISE,449959,265,128,512,449.959
50n_30p_seed5,0.3,5,451508000,5,DRA_ADVERTISE,450594,263,128,512,450.594
50n_30p_seed5,0.3,5,451733000,43,DRA_ADVERTISE,450932,390,128,512,450.932
50n_30p_seed5,0.3,5,452056000,30,DRA_ADVERTISE,452008,263,128,512,452.008
50n_30p_seed5,0.3,5,452314000,3,DRA_ADVERTISE,451781,267,128,512,451.781
50n_30p_seed5,0.3,5,456514000,24,DRA_ADVERTISE,456023,256,128,512,456.023
50n_30p_seed5,0.3,5,458374000,22,DRA_ADVERTISE,458323,264,128,512,458.323
50n_30p_seed5,0.3,5,458717000,44,DRA_ADVERTISE,457982,266,128,512,457.982
50n_30p_seed5,0.3,5,458915000,42,DRA_ADVERTISE,458138,396,128,512,458.138
50n_30p_seed5,0.3,5,459823000,11,DRA_ADVERTISE,459498,269,128,512,459.498
50n_30p_seed5,0.3,5,459977000,42,DRA_ADVERTISE,459200,396,128,512,459.2
50n_30p_seed5,0.3,5,460291000,14,DRA_ADVERTISE,459805,256,128,512,459.805
50n_30p_seed5,0.3,5,460379000,13,DRA_ADVERTISE,459879,256,128,512,459.879
50n_30p_seed5,0.3,5,461002000,12,DRA_ADVERTISE,460857,256,128,512,460.857
50n_30p_seed5,0.3,5,461624000,14,DRA_ADVERTISE,461138,256,128,512,461.138
50n_30p_seed5,0.3,5,463011000,30,DRA_ADVERTISE,462963,262,128,512,462.963
50n_30p_seed5,0.3,5,463483000,43,DRA_ADVERTISE,462682,390,128,512,462.682
50n_30p_seed5,0.3,5,463899000,11,DRA_ADVERTISE,463574,267,128,512,463.574
50n_30p_seed5,0.3,5,464565000,3,DRA_ADVERTISE,464032,267,128,512,464.032
50n_30p_seed5,0.3,5,464936016,32,DRA_ADVERTISE,464923,266,128,512,464.923
50n_30p_seed5,0.3,5,465013000,5,DRA_ADVERTISE,464099,263,128,512,464.099
50n_30p_seed5,0.3,5,466148000,46,DRA_ADVERTISE,465400,256,128,512,465.4
50n_30p_seed5,0.3,5,467129000,32,DRA_ADVERTISE,467116,265,128,512,467.116
50n_30p_seed5,0.3,5,469034000,9,DRA_ADVERTISE,468677,264,128,512,468.677
50n_30p_seed5,0.3,5,469159000,5,DRA_ADVERTISE,468245,263,128,512,468.245
50n_30p_seed5,0.3,5,471113000,44,DRA_ADVERTISE,470378,265,128,512,470.378
50n_30p_seed5,0.3,5,471683000,14,DRA_ADVERTISE,471197,256,128,512,471.197
50n_30p_seed5,0.3,5,472200000,30,DRA_ADVERTISE,472152,261,128,512,472.152
50n_30p_seed5,0.3,5,473330000,32,DRA_ADVERTISE,473317,265,128,512,473.317
50n_30p_seed5,0.3,5,473743000,13,DRA_ADVERTISE,473243,256,128,512,473.243
50n_30p_seed5,0.3,5,474220000,13,DRA_ADVERTISE,473720,256,128,512,473.72
50n_30p_seed5,0.3,5,474570000,22,DRA_ADVERTISE,474519,263,128,512,474.519
50n_30p_seed5,0.3,5,474601000,24,DRA_ADVERTISE,474110,256,128,512,474.11
50n_30p_seed5,0.3,5,476963000,12,DRA_ADVERTISE,476818,256,128,512,476.818
50n_30p_seed5,0.3,5,477985000,42,DRA_ADVERTISE,477208,396,128,512,477.208
50n_30p_seed5,0.3,5,478047000,43,DRA_ADVERTISE,477246,390,128,512,477.246
50n_30p_seed5,0.3,5,478239000,3,DRA_ADVERTISE,477706,265,128,512,477.706
50n_30p_seed5,0.3,5,478519000,32,DRA_ADVERTISE,478506,262,128,512,478.506
50n_30p_seed5,0.3,5,478796000,9,DRA_ADVERTISE,478439,264,128,512,478.439
50n_30p_seed5,0.3,5,479618000,5,DRA_ADVERTISE,478704,262,128,512,478.704
50n_30p_seed5,0.3,5,480419000,46,DRA_ADVERTISE,479671,256,128,512,479.671
50n_30p_seed5,0.3,5,481458000,11,DRA_ADVERTISE,481133,267,128,512,481.133
50n_30p_seed5,0.3,5,484334000,30,DRA_ADVERTISE,484286,260,128,512,484.286
50n_30p_seed5,0.3,5,485361000,9,DRA_ADVERTISE,485004,263,128,512,485.004
50n_30p_seed5,0.3,5,485561000,3,DRA_ADVERTISE,485028,265,128,512,485.028
50n_30p_seed5,0.3,5,489848016,14,DRA_ADVERTISE,489362,268,128,512,489.362
50n_30p_seed5,0.3,5,490217000,44,DRA_ADVERTISE,489482,264,128,512,489.482
50n_30p_seed5,0.3,5,490229000,22,DRA_ADVERTISE,490178,262,128,512,490.178
50n_30p_seed5,0.3,5,490859000,24,DRA_ADVERTISE,490368,256,128,512,490.368
50n_30p_seed5,0.3,5,491462000,12,DRA_ADVERTISE,491317,256,128,512,491.317
50n_30p_seed5,0.3,5,491963000,42,DRA_ADVERTISE,491186,394,128,512,491.186
50n_30p_seed5,0.3,5,492359000,46,DRA_ADVERTISE,491611,256,128,512,491.611
50n_30p_seed5,0.3,5,493431000,43,DRA_ADVERTISE,492630,389,128,512,492.63
50n_30p_seed5,0.3,5,493623000,14,DRA_ADVERTISE,493137,266,128,512,493.137
50n_30p_seed5,0.3,5,494154000,13,DRA_ADVERTISE,493654,256,128,512,493.654
50n_30p_seed5,0.3,5,496131304,14,DRA_ADVERTISE,495645,265,128,512,495.645
50n_30p_seed5,0.3,5,496183000,11,DRA_ADVERTISE,495858,265,128,512,495.858
50n_30p_seed5,0.3,5,497054000,3,DRA_ADVERTISE,496521,264,128,512,496.521
50n_30p_seed5,0.3,5,497759000,44,DRA_ADVERTISE,497024,264,128,512,497.024
50n_30p_seed5,0.3,5,498067000,5,DRA_ADVERTISE,497153,262,128,512,497.153
50n_30p_seed5,0.3,5,498146000,9,DRA_ADVERTISE,497789,263,128,512,497.789
50n_30p_seed5,0.3,5,501467000,30,DRA_ADVERTISE,501419,260,128,512,501.419
50n_30p_seed5,0.3,5,501990000,44,DRA_ADVERTISE,501255,262,128,512,501.255
50n_30p_seed5,0.3,5,502521000,32,DRA_ADVERTISE,502508,257,128,512,502.508
50n_30p_seed5,0.3,5,503897000,14,DRA_ADVERTISE,503411,264,128,512,503.411
50n_30p_seed5,0.3,5,505066000,13,DRA_ADVERTISE,504566,256,128,512,504.566
50n_30p_seed5,0.3,5,505653000,12,DRA_ADVERTISE,505508,256,128,512,505.508
50n_30p_seed5,0.3,5,505980000,42,DRA_ADVERTISE,505203,394,128,512,505.203
50n_30p_seed5,0.3,5,506221000,22,DRA_ADVERTISE,506170,260,128,512,506.17
50n_30p_seed5,0.3,5,506891016,13,DRA_ADVERTISE,506391,268,128,512,506.391
50n_30p_seed5,0.3,5,508662000,11,DRA_ADVERTISE,508337,264,128,512,508.337
50n_30p_seed5,0.3,5,508697000,11,DRA_ADVERTISE,508372,264,128,512,508.372
50n_30p_seed5,0.3,5,509266000,22,DRA_ADVERTISE,509215,260,128,512,509.215
50n_30p_seed5,0.3,5,509272000,24,DRA_ADVERTISE,508781,256,128,512,508.781
50n_30p_seed5,0.3,5,509903000,46,DRA_ADVERTISE,509155,256,128,512,509.155
50n_30p_seed5,0.3,5,513523000,43,DRA_ADVERTISE,512722,388,128,512,512.722
50n_30p_seed5,0.3,5,513628000,3,DRA_ADVERTISE,513095,264,128,512,513.095
50n_30p_seed5,0.3,5,513849000,5,DRA_ADVERTISE,512935,261,128,512,512.935
50n_30p_seed5,0.3,5,514502984,13,DRA_ADVERTISE,514002,266,128,512,514.002
50n_30p_seed5,0.3,5,514875000,30,DRA_ADVERTISE,514827,259,128,512,514.827
50n_30p_seed5,0.3,5,516926000,32,DRA_ADVERTISE,516913,257,128,512,516.913
50n_30p_seed5,0.3,5,517834000,9,DRA_ADVERTISE,517477,263,128,512,517.477
50n_30p_seed5,0.3,5,521701000,43,DRA_ADVERTISE,520900,388,128,512,520.9
50n_30p_seed5,0.3,5,521856000,22,DRA_ADVERTISE,521805,259,128,512,521.805
50n_30p_seed5,0.3,5,522142000,24,DRA_ADVERTISE,521651,256,128,512,521.651
50n_30p_seed5,0.3,5,522450016,14,DRA_ADVERTISE,521964,261,128,512,521.964
50n_30p_seed5,0.3,5,524762000,13,DRA_ADVERTISE,524262,265,128,512,524.262
50n_30p_seed5,0.3,5,525458000,44,DRA_ADVERTISE,524723,260,128,512,524.723
50n_30p_seed5,0.3,5,525988000,14,DRA_ADVERTISE,525502,260,128,512,525.502
50n_30p_seed5,0.3,5,527403000,32,DRA_ADVERTISE,527390,256,128,512,527.39
50n_30p_seed5,0.3,5,527614000,12,DRA_ADVERTISE,527469,256,128,512,527.469
50n_30p_seed5,0.3,5,527751000,43,DRA_ADVERTISE,526950,388,128,512,526.95
50n_30p_seed5,0.3,5,529284000,46,DRA_ADVERTISE,528536,256,128,512,528.536
50n_30p_seed5,0.3,5,529401000,9,DRA_ADVERTISE,529044,262,128,512,529.044
50n_30p_seed5,0.3,5,529421000,5,DRA_ADVERTISE,528507,260,128,512,528.507
50n_30p_seed5,0.3,5,529512000,42,DRA_ADVERTISE,528735,393,128,512,528.735
50n_30p_seed5,0.3,5,530629000,3,DRA_ADVERTISE,530096,263,128,512,530.096
50n_30p_seed5,0.3,5,531133000,11,DRA_ADVERTISE,530808,264,128,512,530.808
50n_30p_seed5,0.3,5,531652000,14,DRA_ADVERTISE,531166,259,128,512,531.166
50n_30p_seed5,0.3,5,531744304,14,DRA_ADVERTISE,531258,259,128,512,531.258
50n_30p_seed5,0.3,5,532061000,30,DRA_ADVERTISE,532013,257,128,512,532.013
50n_30p_seed5,0.3,5,532281000,30,DRA_ADVERTISE,532233,257,128,512,532.233
50n_30p_seed5,0.3,5,532637984,13,DRA_ADVERTISE,532137,265,128,512,532.137
50n_30p_seed5,0.3,5,532671000,12,DRA_ADVERTISE,532526,256,128,512,532.526
50n_30p_seed5,0.3,5,533931000,5,DRA_ADVERTISE,533017,260,128,512,533.017
50n_30p_seed5,0.3,5,535434000,32,DRA_ADVERTISE,535421,256,128,512,535.421
50n_30p_seed5,0.3,5,537434000,46,DRA_ADVERTISE,536686,256,128,512,536.686
50n_30p_seed5,0.3,5,537856984,13,DRA_ADVERTISE,537356,264,128,512,537.356
50n_30p_seed5,0.3,5,538530000,9,DRA_ADVERTISE,538173,262,128,512,538.173
50n_30p_seed5,0.3,5,539188000,14,DRA_ADVERTISE,538702,256,128,512,538.702
50n_30p_seed5,0.3,5,539657000,12,DRA_ADVERTISE,539512,256,128,512,539.512
50n_30p_seed5,0.3,5,539946000,42,DRA_ADVERTISE,539169,393,128,512,539.169
50n_30p_seed5,0.3,5,540505000,46,DRA_ADVERTISE,539757,256,128,512,539.757
50n_30p_seed5,0.3,5,540505000,44,DRA_ADVERTISE,539770,260,128,512,539.77
50n_30p_seed5,0.3,5,540915000,13,DRA_ADVERTISE,540415,263,128,512,540.415
50n_30p_seed5,0.3,5,541134000,11,DRA_ADVERTISE,540809,264,128,512,540.809
50n_30p_seed5,0.3,5,542232000,24,DRA_ADVERTISE,541741,256,128,512,541.741
50n_30p_seed5,0.3,5,542951000,22,DRA_ADVERTISE,542900,258,128,512,542.9
50n_30p_seed5,0.3,5,544258000,13,DRA_ADVERTISE,543758,262,128,512,543.758
50n_30p_seed5,0.3,5,547371000,30,DRA_ADVERTISE,547323,256,128,512,547.323
50n_30p_seed5,0.3,5,547868000,9,DRA_ADVERTISE,547511,262,128,512,547.511
50n_30p_seed5,0.3,5,548081000,3,DRA_ADVERTISE,547548,262,128,512,547.548
50n_30p_seed5,0.3,5,548266000,43,DRA_ADVERTISE,547465,387,128,512,547.465
50n_30p_seed5,0.3,5,548635000,32,DRA_ADVERTISE,548622,256,128,512,548.622
50n_30p_seed5,0.3,5,548668000,24,DRA_ADVERTISE,548177,256,128,512,548.177
50n_30p_seed5,0.3,5,551342000,5,DRA_ADVERTISE,550428,260,128,512,550.428
50n_30p_seed5,0.3,5,551359000,44,DRA_ADVERTISE,550624,259,128,512,550.624
50n_30p_seed5,0.3,5,554607000,13,DRA_ADVERTISE,554107,261,128,512,554.107
50n_30p_seed5,0.3,5,554663000,42,DRA_ADVERTISE,553886,392,128,512,553.886
50n_30p_seed5,0.3,5,556713000,12,DRA_ADVERTISE,556568,256,128,512,556.568
50n_30p_seed5,0.3,5,557669000,24,DRA_ADVERTISE,557178,256,128,512,557.178
50n_30p_seed5,0.3,5,558110000,22,DRA_ADVERTISE,558059,257,128,512,558.059
50n_30p_seed5,0.3,5,560232000,14,DRA_ADVERTISE,559746,256,128,512,559.746
50n_30p_seed5,0.3,5,561006000,43,DRA_ADVERTISE,560205,386,128,512,560.205
50n_30p_seed5,0.3,5,561397000,11,DRA_ADVERTISE,561072,263,128,512,561.072
50n_30p_seed5,0.3,5,562945000,3,DRA_ADVERTISE,562412,262,128,512,562.412
50n_30p_seed5,0.3,5,563432000,46,DRA_ADVERTISE,562684,256,128,512,562.684
50n_30p_seed5,0.3,5,563535000,42,DRA_ADVERTISE,562758,391,128,512,562.758
50n_30p_seed5,0.3,5,567178000,5,DRA_ADVERTISE,566264,259,128,512,566.264
50n_30p_seed5,0.3,5,567581000,32,DRA_ADVERTISE,567568,256,128,512,567.568
50n_30p_seed5,0.3,5,567795000,9,DRA_ADVERTISE,567438,261,128,512,567.438
50n_30p_seed5,0.3,5,568151000,30,DRA_ADVERTISE,568103,256,128,512,568.103
50n_30p_seed5,0.3,5,569459000,22,DRA_ADVERTISE,569408,256,128,512,569.408
50n_30p_seed5,0.3,5,570413000,44,DRA_ADVERTISE,569678,258,128,512,569.678
50n_30p_seed5,0.3,5,570607000,44,DRA_ADVERTISE,569872,258,128,512,569.872
50n_30p_seed5,0.3,5,570880000,42,DRA_ADVERTISE,570103,391,128,512,570.103
50n_30p_seed5,0.3,5,573006000,24,DRA_ADVERTISE,572515,256,128,512,572.515
50n_30p_seed5,0.3,5,573766000,3,DRA_ADVERTISE,573233,261,128,512,573.233
50n_30p_seed5,0.3,5,574114000,12,DRA_ADVERTISE,573969,256,128,512,573.969
50n_30p_seed5,0.3,5,575124000,13,DRA_ADVERTISE,574624,258,128,512,574.624
50n_30p_seed5,0.3,5,575270000,11,DRA_ADVERTISE,574945,262,128,512,574.945
50n_30p_seed5,0.3,5,575682000,14,DRA_ADVERTISE,575196,256,128,512,575.196
50n_30p_seed5,0.3,5,575838000,46,DRA_ADVERTISE,575090,256,128,512,575.09
50n_30p_seed5,0.3,5,578235000,32,DRA_ADVERTISE,578222,256,128,512,578.222
50n_30p_seed5,0.3,5,578417000,30,DRA_ADVERTISE,578369,256,128,512,578.369
50n_30p_seed5,0.3,5,578927000,3,DRA_ADVERTISE,578394,261,128,512,578.394
50n_30p_seed5,0.3,5,578986000,9,DRA_ADVERTISE,578629,261,128,512,578.629
50n_30p_seed5,0.3,5,580670000,5,DRA_ADVERTISE,579756,259,128,512,579.756
50n_30p_seed5,0.3,5,580896000,32,DRA_ADVERTISE,580883,256,128,512,580.883
50n_30p_seed5,0.3,5,582167000,43,DRA_ADVERTISE,581366,386,128,512,581.366
50n_30p_seed5,0.3,5,585339000,24,DRA_ADVERTISE,584848,256,128,512,584.848
50n_30p_seed5,0.3,5,586329000,14,DRA_ADVERTISE,585843,256,128,512,585.843
50n_30p_seed5,0.3,5,586703000,44,DRA_ADVERTISE,585968,257,128,512,585.968
50n_30p_seed5,0.3,5,589440000,12,DRA_ADVERTISE,589295,256,128,512,589.295
50n_30p_seed5,0.3,5,589757000,42,DRA_ADVERTISE,588980,391,128,512,588.98
50n_30p_seed5,0.3,5,590748000,22,DRA_ADVERTISE,590697,256,128,512,590.697
50n_30p_seed5,0.3,5,591660000,13,DRA_ADVERTISE,591160,256,128,512,591.16
50n_30p_seed5,0.3,5,591680000,46,DRA_ADVERTISE,590932,256,128,512,590.932
50n_30p_seed5,0.3,5,592288000,9,DRA_ADVERTISE,591931,260,128,512,591.931
50n_30p_seed5,0.3,5,592324000,12,DRA_ADVERTISE,592179,256,128,512,592.179
50n_30p_seed5,0.3,5,592908000,13,DRA_ADVERTISE,592408,256,128,512,592.408
50n_30p_seed5,0.3,5,594610000,9,DRA_ADVERTISE,594253,260,128,512,594.253
50n_30p_seed5,0.3,5,595403000,11,DRA_ADVERTISE,595078,262,128,512,595.078
50n_30p_seed5,0.3,5,595491000,30,DRA_ADVERTISE,595443,256,128,512,595.443
50n_30p_seed5,0.3,5,595662000,5,DRA_ADVERTISE,594748,259,128,512,594.748
50n_30p_seed5,0.3,5,595769000,43,DRA_ADVERTISE,594968,386,128,512,594.968
50n_30p_seed5,0.3,5,595998000,3,DRA_ADVERTISE,595465,260,128,512,595.465
50n_30p_seed5,0.3,5,598875000,24,DRA_ADVERTISE,598384,256,128,512,598.384
